customer_id,frequency,monetary,avg_order_value,recency_days,avg_discount,n_categories,total_quantity,first_order,recent_orders,early_orders,engagement_trend,tenure_days_at_cutoff,segment,acquisition_channel,churned
4.0,1,74.8,74.8,52,0.005,1,2,2025-05-13,1.0,0.0,1.0,52,Consumer,Paid Search,1
6.0,4,1700.19,425.0475,42,0.03925,4,5,2023-12-16,1.0,3.0,-2.0,566,Consumer,Paid Search,0
7.0,2,69.96000000000001,34.980000000000004,99,0.042,2,4,2024-12-28,0.0,2.0,-2.0,188,Consumer,Paid Search,0
8.0,3,274.48,91.49333333333334,23,0.03333333333333333,3,4,2025-03-04,2.0,1.0,1.0,122,Consumer,Social,1
10.0,2,242.66000000000003,121.33000000000001,170,0.055,2,2,2024-12-26,0.0,2.0,-2.0,190,Consumer,Email,0
11.0,5,2291.14,458.22799999999995,73,0.09480000000000001,5,16,2024-08-10,1.0,4.0,-3.0,328,Small Business,Organic,0
13.0,1,73.0,73.0,253,0.04,1,1,2024-10-24,0.0,1.0,-1.0,253,Consumer,Social,0
14.0,3,417.47,139.15666666666667,123,0.064,3,5,2023-12-22,0.0,3.0,-3.0,560,Consumer,Paid Search,0
15.0,1,1337.1,1337.1,46,0.012,1,2,2025-05-19,1.0,0.0,1.0,46,Consumer,Paid Search,0
16.0,5,3248.06,649.612,8,0.0682,5,16,2024-12-20,2.0,3.0,-1.0,196,Small Business,Social,0
17.0,7,952.57,136.08142857142857,35,0.06685714285714286,7,10,2024-04-23,2.0,5.0,-3.0,437,Consumer,Organic,0
18.0,4,682.97,170.7425,32,0.11825,4,4,2024-09-01,1.0,3.0,-2.0,306,Consumer,Paid Search,1
19.0,4,2002.2099999999998,500.55249999999995,31,0.09575,4,6,2025-02-07,3.0,1.0,2.0,147,Consumer,Paid Search,1
20.0,6,2946.5099999999998,491.085,38,0.09233333333333332,6,21,2024-07-14,1.0,5.0,-4.0,355,Small Business,Organic,1
21.0,3,625.01,208.33666666666667,12,0.026,3,4,2024-09-28,2.0,1.0,1.0,279,Consumer,Paid Search,0
23.0,13,9494.86,730.3738461538462,144,0.11076923076923076,12,95,2024-05-28,0.0,13.0,-13.0,402,Enterprise,Social,0
26.0,4,980.6899999999999,245.17249999999999,53,0.11649999999999999,4,13,2024-11-14,1.0,3.0,-2.0,232,Small Business,Organic,0
27.0,1,65.89,65.89,116,0.102,1,1,2025-03-10,0.0,1.0,-1.0,116,Consumer,Email,0
28.0,3,298.42,99.47333333333334,6,0.03133333333333333,3,5,2025-02-26,2.0,1.0,1.0,128,Consumer,Social,0
32.0,2,58.87,29.435,68,0.042499999999999996,2,2,2025-02-20,1.0,1.0,0.0,134,Consumer,Organic,0
33.0,1,45.17,45.17,67,0.009,1,1,2025-04-28,1.0,0.0,1.0,67,Consumer,Paid Search,0
34.0,5,5197.54,1039.508,45,0.0404,5,15,2024-08-28,2.0,3.0,-1.0,310,Small Business,Social,0
36.0,7,1469.97,209.99571428571429,31,0.032,7,10,2024-04-12,1.0,6.0,-5.0,448,Consumer,Email,0
39.0,4,1525.01,381.2525,44,0.04725,4,5,2024-12-07,2.0,2.0,0.0,209,Consumer,Paid Search,0
40.0,2,5526.72,2763.36,46,0.183,2,17,2025-03-26,1.0,1.0,0.0,100,Enterprise,Social,0
41.0,15,7218.96,481.264,41,0.1286,13,54,2023-12-10,1.0,14.0,-13.0,572,Small Business,Social,0
43.0,12,6511.78,542.6483333333333,11,0.10883333333333334,12,43,2023-10-12,2.0,10.0,-8.0,631,Small Business,Email,0
45.0,9,2110.55,234.5055555555556,34,0.09544444444444444,9,27,2024-03-19,1.0,8.0,-7.0,472,Small Business,Social,0
48.0,3,655.5600000000001,218.52,26,0.03466666666666667,3,4,2025-02-01,2.0,1.0,1.0,153,Consumer,Organic,1
52.0,13,9945.12,765.0092307692308,3,0.13876923076923078,12,99,2024-04-30,3.0,10.0,-7.0,430,Enterprise,Email,0
53.0,2,690.52,345.26,24,0.1195,2,2,2024-12-14,1.0,1.0,0.0,202,Consumer,Paid Search,0
54.0,6,573.7,95.61666666666667,112,0.03816666666666667,5,7,2023-12-11,0.0,6.0,-6.0,571,Consumer,Social,0
55.0,4,509.65,127.4125,44,0.0425,4,7,2025-01-19,1.0,3.0,-2.0,166,Consumer,Social,1
56.0,2,375.78,187.89,238,0.034,2,4,2024-09-06,0.0,2.0,-2.0,301,Consumer,Email,1
57.0,1,7.24,7.24,43,0.108,1,1,2025-05-22,1.0,0.0,1.0,43,Consumer,Organic,0
58.0,3,567.6099999999999,189.2033333333333,94,0.034999999999999996,3,5,2025-01-11,0.0,3.0,-3.0,174,Consumer,Social,0
59.0,1,213.92,213.92,5,0.0,1,2,2025-06-29,1.0,0.0,1.0,5,Consumer,Social,0
60.0,2,378.35,189.175,43,0.023,2,3,2025-03-21,1.0,1.0,0.0,105,Consumer,Paid Search,0
63.0,4,981.78,245.445,32,0.0535,4,6,2024-12-23,2.0,2.0,0.0,193,Consumer,Paid Search,0
64.0,6,2773.96,462.32666666666665,29,0.12183333333333334,6,21,2025-01-11,3.0,3.0,0.0,174,Small Business,Paid Search,0
66.0,2,386.27,193.135,147,0.07200000000000001,2,2,2024-08-22,0.0,2.0,-2.0,316,Consumer,Organic,0
67.0,3,425.26,141.75333333333333,9,0.07833333333333334,3,5,2024-06-14,1.0,2.0,-1.0,385,Consumer,Paid Search,0
68.0,10,2158.46,215.846,14,0.07980000000000001,9,17,2023-10-19,1.0,9.0,-8.0,624,Consumer,Organic,0
70.0,2,353.25,176.625,154,0.03,2,3,2024-11-19,0.0,2.0,-2.0,227,Consumer,Social,0
73.0,7,1642.1399999999999,234.59142857142857,51,0.12142857142857143,6,25,2024-08-01,2.0,5.0,-3.0,337,Small Business,Paid Search,0
76.0,2,273.83,136.915,166,0.0265,2,2,2024-05-06,0.0,2.0,-2.0,424,Consumer,Paid Search,0
77.0,5,836.29,167.25799999999998,90,0.0314,5,6,2024-09-01,0.0,5.0,-5.0,306,Consumer,Direct,0
78.0,6,4985.35,830.8916666666668,132,0.08166666666666667,6,21,2024-07-11,0.0,6.0,-6.0,358,Small Business,Social,0
79.0,7,1270.97,181.56714285714287,45,0.052,6,12,2024-03-09,2.0,5.0,-3.0,482,Consumer,Paid Search,0
80.0,5,2208.05,441.61,12,0.08,5,8,2024-02-29,2.0,3.0,-1.0,491,Consumer,Organic,0
82.0,4,1269.9299999999998,317.48249999999996,54,0.13649999999999998,4,15,2024-11-13,1.0,3.0,-2.0,233,Small Business,Social,0
83.0,5,2330.98,466.196,50,0.0632,4,9,2024-07-30,2.0,3.0,-1.0,339,Consumer,Direct,1
85.0,2,129.53,64.765,26,0.10500000000000001,2,3,2025-03-31,1.0,1.0,0.0,95,Consumer,Paid Search,1
88.0,2,165.18,82.59,1,0.11599999999999999,2,5,2024-12-30,1.0,1.0,0.0,186,Small Business,Organic,0
89.0,6,5146.5,857.75,59,0.10233333333333333,6,24,2024-09-04,1.0,5.0,-4.0,303,Small Business,Organic,0
93.0,5,338.36,67.672,98,0.0432,5,6,2023-12-19,0.0,5.0,-5.0,563,Consumer,Email,0
95.0,1,68.28,68.28,147,0.118,1,2,2025-02-07,0.0,1.0,-1.0,147,Consumer,Paid Search,0
96.0,3,391.33,130.44333333333333,103,0.10333333333333333,3,5,2024-02-12,0.0,3.0,-3.0,508,Consumer,Paid Search,1
97.0,2,423.34999999999997,211.67499999999998,138,0.0245,2,3,2025-01-26,0.0,2.0,-2.0,159,Consumer,Paid Search,0
99.0,5,783.67,156.73399999999998,219,0.062,5,9,2023-08-17,0.0,5.0,-5.0,687,Consumer,Social,0
100.0,6,2049.55,341.5916666666667,54,0.048499999999999995,6,9,2024-09-14,1.0,5.0,-4.0,293,Consumer,Affiliate,0
102.0,4,544.95,136.2375,83,0.049,4,5,2024-06-08,1.0,3.0,-2.0,391,Consumer,Social,0
104.0,3,448.69,149.56333333333333,8,0.09100000000000001,3,3,2025-03-02,2.0,1.0,1.0,124,Consumer,Social,0
105.0,3,469.69,156.56333333333333,280,0.022333333333333334,3,5,2024-07-13,0.0,3.0,-3.0,356,Consumer,Email,0
108.0,3,483.76,161.25333333333333,127,0.04066666666666666,3,3,2024-03-21,0.0,3.0,-3.0,470,Consumer,Paid Search,0
111.0,3,1349.83,449.9433333333333,193,0.004666666666666667,3,5,2024-06-21,0.0,3.0,-3.0,378,Consumer,Social,1
113.0,1,86.95,86.95,537,0.0,1,1,2024-01-14,0.0,1.0,-1.0,537,Consumer,Paid Search,0
117.0,9,1333.33,148.14777777777778,22,0.04833333333333333,9,10,2023-10-16,3.0,6.0,-3.0,627,Consumer,Direct,0
119.0,9,5847.0599999999995,649.6733333333333,38,0.10211111111111111,9,33,2023-07-24,1.0,8.0,-7.0,711,Small Business,Paid Search,0
120.0,6,752.54,125.42333333333333,62,0.06766666666666667,6,9,2024-04-10,1.0,5.0,-4.0,450,Consumer,Social,1
121.0,2,381.87,190.935,324,0.043,2,2,2024-01-10,0.0,2.0,-2.0,541,Consumer,Paid Search,0
123.0,8,1514.94,189.3675,109,0.04,8,13,2024-03-11,0.0,8.0,-8.0,480,Consumer,Email,0
126.0,16,6469.41,404.338125,70,0.0945,16,61,2023-07-20,2.0,14.0,-12.0,715,Small Business,Paid Search,0
127.0,9,2280.79,253.42111111111112,33,0.109,9,30,2023-03-25,2.0,7.0,-5.0,832,Small Business,Organic,0
128.0,6,1397.23,232.87166666666667,17,0.04816666666666667,6,9,2024-01-29,1.0,5.0,-4.0,522,Consumer,Social,0
129.0,1,133.38,133.38,101,0.075,1,1,2025-03-25,0.0,1.0,-1.0,101,Consumer,Organic,1
131.0,5,1257.81,251.56199999999998,114,0.0606,4,21,2024-09-02,0.0,5.0,-5.0,305,Small Business,Direct,0
133.0,8,1439.99,179.99875,17,0.0765,7,33,2023-10-03,3.0,5.0,-2.0,640,Small Business,Social,0
139.0,6,1099.15,183.1916666666667,107,0.051666666666666666,6,9,2023-12-06,0.0,6.0,-6.0,576,Consumer,Affiliate,0
140.0,3,406.32,135.44,270,0.044000000000000004,3,6,2024-06-28,0.0,3.0,-3.0,371,Consumer,Organic,0
141.0,11,13393.89,1217.6263636363635,0,0.11890909090909091,11,81,2023-11-21,4.0,7.0,-3.0,591,Enterprise,Paid Search,0
142.0,2,183.57,91.785,85,0.0445,2,2,2025-03-10,1.0,1.0,0.0,116,Consumer,Affiliate,0
144.0,4,3624.0200000000004,906.0050000000001,19,0.11950000000000001,4,26,2025-02-11,2.0,2.0,0.0,143,Enterprise,Paid Search,0
146.0,3,1208.3200000000002,402.77333333333337,3,0.06233333333333333,3,5,2024-05-10,2.0,1.0,1.0,420,Consumer,Paid Search,0
148.0,5,3310.79,662.158,5,0.11379999999999998,5,16,2024-09-02,1.0,4.0,-3.0,305,Small Business,Organic,1
149.0,11,6126.25,556.9318181818181,86,0.11790909090909091,11,35,2024-04-26,1.0,10.0,-9.0,434,Small Business,Affiliate,0
152.0,3,946.21,315.40333333333336,40,0.12,3,11,2025-03-18,2.0,1.0,1.0,108,Small Business,Paid Search,0
153.0,7,1213.67,173.3814285714286,113,0.052714285714285714,7,9,2023-09-22,0.0,7.0,-7.0,651,Consumer,Social,0
154.0,2,519.19,259.595,8,0.1055,2,3,2025-03-12,1.0,1.0,0.0,114,Consumer,Social,0
155.0,9,2628.5,292.05555555555554,227,0.044888888888888895,9,11,2023-07-15,0.0,9.0,-9.0,720,Consumer,Paid Search,0
158.0,2,142.19,71.095,324,0.055,2,3,2024-02-29,0.0,2.0,-2.0,491,Consumer,Affiliate,1
159.0,14,23012.2,1643.7285714285715,9,0.1432142857142857,13,104,2023-10-07,1.0,13.0,-12.0,636,Enterprise,Affiliate,0
160.0,2,671.54,335.77,282,0.0915,2,4,2024-09-19,0.0,2.0,-2.0,288,Consumer,Direct,1
162.0,5,528.5,105.7,0,0.054000000000000006,5,8,2024-10-28,4.0,1.0,3.0,249,Consumer,Social,0
164.0,3,188.9,62.96666666666667,10,0.050333333333333334,3,4,2025-04-23,3.0,0.0,3.0,72,Consumer,Social,0
165.0,2,970.38,485.19,22,0.0855,2,4,2025-03-23,1.0,1.0,0.0,103,Small Business,Paid Search,0
166.0,5,2425.52,485.104,78,0.1072,5,15,2024-12-13,1.0,4.0,-3.0,203,Small Business,Social,0
168.0,2,220.74,110.37,78,0.0145,2,4,2024-07-29,1.0,1.0,0.0,340,Consumer,Social,0
169.0,1,83.66,83.66,115,0.072,1,2,2025-03-11,0.0,1.0,-1.0,115,Consumer,Email,0
173.0,5,2072.99,414.59799999999996,158,0.0514,5,8,2024-07-07,0.0,5.0,-5.0,362,Consumer,Affiliate,0
174.0,1,155.2,155.2,57,0.03,1,1,2025-05-08,1.0,0.0,1.0,57,Consumer,Social,1
175.0,5,3191.83,638.366,53,0.0346,5,8,2024-08-19,2.0,3.0,-1.0,319,Consumer,Social,0
176.0,1,467.67,467.67,216,0.055,1,3,2024-11-30,0.0,1.0,-1.0,216,Small Business,Email,0
177.0,9,917.76,101.97333333333333,127,0.07411111111111111,9,12,2024-03-24,0.0,9.0,-9.0,467,Consumer,Affiliate,0
178.0,3,372.6,124.2,125,0.09433333333333332,3,4,2024-01-31,0.0,3.0,-3.0,520,Consumer,Social,0
179.0,9,2504.94,278.32666666666665,8,0.10744444444444444,9,27,2024-05-30,2.0,7.0,-5.0,400,Small Business,Organic,0
180.0,7,1793.0,256.14285714285717,90,0.03785714285714286,7,11,2024-06-03,0.0,7.0,-7.0,396,Consumer,Paid Search,0
181.0,2,76.42,38.21,21,0.0055,2,3,2025-05-10,2.0,0.0,2.0,55,Consumer,Direct,0
182.0,2,388.85,194.425,106,0.0655,2,2,2025-01-26,0.0,2.0,-2.0,159,Consumer,Organic,0
183.0,3,2578.07,859.3566666666667,78,0.08666666666666667,3,11,2025-03-16,1.0,2.0,-1.0,110,Small Business,Organic,0
184.0,2,361.28,180.64,1,0.076,2,4,2025-05-02,2.0,0.0,2.0,63,Consumer,Paid Search,0
185.0,5,362.27,72.454,23,0.0426,5,5,2024-09-05,2.0,3.0,-1.0,302,Consumer,Organic,0
186.0,5,1137.0500000000002,227.41000000000003,75,0.0654,5,7,2024-09-06,1.0,4.0,-3.0,301,Consumer,Social,0
187.0,1,19.85,19.85,36,0.178,1,1,2025-05-29,1.0,0.0,1.0,36,Consumer,Social,0
188.0,8,1994.0700000000002,249.25875000000002,53,0.058374999999999996,8,12,2024-06-28,1.0,7.0,-6.0,371,Consumer,Organic,0
189.0,7,928.65,132.6642857142857,178,0.061142857142857145,7,9,2023-08-04,0.0,7.0,-7.0,700,Consumer,Email,0
190.0,1,1376.66,1376.66,75,0.0,1,2,2025-04-20,1.0,0.0,1.0,75,Consumer,Social,1
191.0,4,819.5600000000001,204.89000000000001,107,0.0945,4,6,2024-12-26,0.0,4.0,-4.0,190,Consumer,Affiliate,0
192.0,9,5620.51,624.5011111111112,37,0.13466666666666666,8,67,2024-05-08,3.0,6.0,-3.0,422,Enterprise,Paid Search,0
193.0,1,62.2,62.2,197,0.059,1,2,2024-12-19,0.0,1.0,-1.0,197,Consumer,Organic,0
198.0,6,4610.39,768.3983333333334,179,0.09966666666666667,6,35,2024-07-18,0.0,6.0,-6.0,351,Enterprise,Affiliate,0
200.0,4,211.10000000000002,52.775000000000006,50,0.067,4,6,2024-11-11,1.0,3.0,-2.0,235,Consumer,Organic,1
201.0,2,1826.34,913.17,178,0.023,2,4,2024-11-12,0.0,2.0,-2.0,234,Consumer,Paid Search,1
203.0,3,1317.48,439.16,34,0.01,3,5,2024-08-12,1.0,2.0,-1.0,326,Consumer,Affiliate,0
204.0,2,573.33,286.665,86,0.138,2,3,2025-04-03,1.0,1.0,0.0,92,Consumer,Organic,0
208.0,3,820.41,273.46999999999997,234,0.054,3,4,2024-10-15,0.0,3.0,-3.0,262,Consumer,Paid Search,0
209.0,2,386.41,193.205,147,0.054000000000000006,2,3,2024-12-18,0.0,2.0,-2.0,198,Consumer,Organic,0
211.0,3,1431.44,477.1466666666667,149,0.067,3,5,2024-11-11,0.0,3.0,-3.0,235,Consumer,Email,1
213.0,3,5113.27,1704.4233333333334,35,0.041,3,13,2025-02-12,1.0,2.0,-1.0,142,Small Business,Social,0
214.0,6,465.79,77.63166666666667,453,0.04833333333333333,6,7,2023-12-23,0.0,6.0,-6.0,559,Consumer,Direct,0
215.0,3,730.06,243.35333333333332,166,0.024000000000000004,3,3,2024-03-25,0.0,3.0,-3.0,466,Consumer,Organic,1
217.0,8,2827.77,353.47125,30,0.094125,8,24,2023-08-12,1.0,7.0,-6.0,692,Small Business,Direct,0
218.0,9,2991.1099999999997,332.3455555555555,9,0.1282222222222222,9,26,2024-05-22,2.0,7.0,-5.0,408,Small Business,Paid Search,0
219.0,2,99.36,49.68,193,0.123,2,4,2024-12-09,0.0,2.0,-2.0,207,Consumer,Social,0
220.0,5,2394.52,478.904,65,0.077,5,9,2024-03-11,1.0,4.0,-3.0,480,Consumer,Email,0
221.0,8,2360.63,295.07875,64,0.080625,8,27,2024-05-28,2.0,6.0,-4.0,402,Small Business,Organic,0
223.0,10,3666.2999999999997,366.63,73,0.0553,9,12,2023-05-14,1.0,9.0,-8.0,782,Consumer,Organic,0
226.0,8,5145.74,643.2175,87,0.08637500000000001,7,30,2024-07-19,1.0,7.0,-6.0,350,Small Business,Paid Search,0
227.0,3,250.02,83.34,200,0.12666666666666668,3,5,2024-07-12,0.0,3.0,-3.0,357,Consumer,Direct,0
228.0,4,3882.27,970.5675,26,0.13825,4,17,2025-01-15,2.0,2.0,0.0,170,Enterprise,Paid Search,0
229.0,7,1295.73,185.1042857142857,35,0.048999999999999995,7,11,2024-02-07,1.0,6.0,-5.0,513,Consumer,Organic,0
230.0,3,295.97,98.65666666666668,78,0.050666666666666665,3,4,2024-09-22,1.0,2.0,-1.0,285,Consumer,Social,0
234.0,6,749.65,124.94166666666666,64,0.04033333333333333,6,8,2024-09-13,2.0,4.0,-2.0,294,Consumer,Paid Search,0
237.0,9,8598.62,955.4022222222223,34,0.16444444444444445,9,69,2024-08-08,2.0,7.0,-5.0,330,Enterprise,Paid Search,0
238.0,2,181.39999999999998,90.69999999999999,18,0.07400000000000001,2,4,2025-05-10,2.0,0.0,2.0,55,Consumer,Affiliate,0
239.0,13,6979.55,536.8884615384616,77,0.08292307692307693,12,42,2023-04-20,1.0,12.0,-11.0,806,Small Business,Social,0
240.0,4,787.8599999999999,196.96499999999997,13,0.0595,4,8,2024-06-24,3.0,1.0,2.0,375,Consumer,Paid Search,0
241.0,1,14.19,14.19,61,0.011,1,1,2025-05-04,1.0,0.0,1.0,61,Consumer,Social,1
242.0,3,354.39,118.13,28,0.059666666666666666,3,3,2024-01-11,2.0,1.0,1.0,540,Consumer,Email,0
243.0,5,769.09,153.818,20,0.0602,5,7,2024-02-16,1.0,4.0,-3.0,504,Consumer,Organic,0
246.0,2,112.38999999999999,56.19499999999999,10,0.0765,2,2,2025-01-16,1.0,1.0,0.0,169,Consumer,Organic,0
249.0,1,3.27,3.27,24,0.088,1,1,2025-06-10,1.0,0.0,1.0,24,Consumer,Email,0
250.0,4,482.99999999999994,120.74999999999999,5,0.051250000000000004,4,6,2024-12-08,3.0,1.0,2.0,208,Consumer,Organic,1
251.0,2,172.15,86.075,8,0.10149999999999999,2,3,2025-05-17,2.0,0.0,2.0,48,Consumer,Paid Search,1
252.0,7,1920.45,274.35,67,0.064,7,11,2023-11-28,1.0,6.0,-5.0,584,Consumer,Email,0
254.0,3,222.14999999999998,74.05,171,0.08933333333333333,3,3,2024-09-09,0.0,3.0,-3.0,298,Consumer,Organic,0
255.0,3,231.0,77.0,169,0.053,3,4,2024-11-22,0.0,3.0,-3.0,224,Consumer,Organic,0
256.0,8,1805.83,225.72875,46,0.025125,8,11,2024-02-12,1.0,7.0,-6.0,508,Consumer,Social,1
257.0,6,7987.4400000000005,1331.24,52,0.13316666666666668,6,22,2024-04-04,1.0,5.0,-4.0,456,Small Business,Paid Search,0
259.0,9,3022.7799999999997,335.8644444444444,148,0.11499999999999999,9,30,2024-01-02,0.0,9.0,-9.0,549,Small Business,Affiliate,0
260.0,1,26.9,26.9,215,0.072,1,1,2024-12-01,0.0,1.0,-1.0,215,Consumer,Affiliate,1
261.0,2,729.04,364.52,137,0.0105,2,3,2024-12-03,0.0,2.0,-2.0,213,Consumer,Organic,1
262.0,1,18.9,18.9,169,0.16,1,2,2025-01-16,0.0,1.0,-1.0,169,Consumer,Paid Search,0
263.0,3,628.73,209.57666666666668,41,0.076,3,4,2025-02-19,2.0,1.0,1.0,135,Consumer,Social,0
264.0,1,77.1,77.1,159,0.0,1,1,2025-01-26,0.0,1.0,-1.0,159,Consumer,Email,0
265.0,5,679.5600000000001,135.912,183,0.0708,5,8,2023-11-02,0.0,5.0,-5.0,610,Consumer,Social,0
266.0,9,1458.87,162.09666666666666,132,0.030333333333333337,8,14,2024-03-31,0.0,9.0,-9.0,460,Consumer,Email,1
268.0,4,1189.82,297.455,62,0.0405,4,8,2025-01-04,1.0,3.0,-2.0,181,Consumer,Paid Search,1
272.0,10,3451.1800000000003,345.11800000000005,65,0.0901,10,37,2023-11-11,1.0,9.0,-8.0,601,Small Business,Paid Search,0
273.0,5,4156.33,831.266,121,0.0588,5,18,2024-08-11,0.0,5.0,-5.0,327,Small Business,Email,0
274.0,1,48.3,48.3,132,0.0,1,2,2025-02-22,0.0,1.0,-1.0,132,Consumer,Social,0
275.0,7,2615.33,373.61857142857144,22,0.09242857142857143,7,23,2024-07-09,3.0,4.0,-1.0,360,Small Business,Email,1
277.0,4,1020.51,255.1275,65,0.0245,4,7,2025-01-18,1.0,3.0,-2.0,167,Consumer,Social,0
280.0,5,4185.33,837.066,1,0.10900000000000001,5,17,2025-01-17,3.0,2.0,1.0,168,Small Business,Social,0
282.0,2,305.66,152.83,4,0.0295,2,3,2025-01-25,1.0,1.0,0.0,160,Consumer,Paid Search,1
286.0,2,282.25,141.125,60,0.018500000000000003,2,3,2025-04-11,2.0,0.0,2.0,84,Consumer,Email,0
287.0,9,1294.75,143.86111111111111,7,0.082,9,12,2024-02-05,1.0,8.0,-7.0,515,Consumer,Paid Search,0
288.0,4,733.8100000000001,183.45250000000001,3,0.063,4,5,2024-12-11,2.0,2.0,0.0,205,Consumer,Direct,0
290.0,1,349.61,349.61,67,0.054,1,1,2025-04-28,1.0,0.0,1.0,67,Consumer,Paid Search,0
291.0,3,1007.74,335.91333333333336,219,0.024999999999999998,3,5,2024-03-29,0.0,3.0,-3.0,462,Consumer,Paid Search,1
292.0,1,64.68,64.68,111,0.093,1,1,2025-03-15,0.0,1.0,-1.0,111,Consumer,Paid Search,0
293.0,5,902.64,180.528,1,0.049,5,10,2024-06-13,2.0,3.0,-1.0,386,Consumer,Paid Search,0
294.0,12,11781.0,981.75,25,0.08683333333333333,11,43,2023-08-27,1.0,11.0,-10.0,677,Small Business,Paid Search,0
296.0,2,401.08,200.54,222,0.0055,2,3,2024-09-09,0.0,2.0,-2.0,298,Consumer,Social,0
297.0,3,918.4100000000001,306.1366666666667,105,0.15833333333333333,3,4,2024-07-01,0.0,3.0,-3.0,368,Consumer,Social,0
299.0,13,2152.88,165.60615384615386,208,0.07507692307692307,13,19,2023-03-27,0.0,13.0,-13.0,830,Consumer,Paid Search,0
300.0,6,1728.8600000000001,288.1433333333334,23,0.0255,6,9,2024-04-28,2.0,4.0,-2.0,432,Consumer,Paid Search,1
304.0,1,128.9,128.9,121,0.041,1,5,2025-03-05,0.0,1.0,-1.0,121,Small Business,Social,0
305.0,3,546.24,182.08,12,0.06033333333333333,3,3,2025-04-24,3.0,0.0,3.0,71,Consumer,Direct,0
312.0,6,1594.68,265.78000000000003,66,0.03216666666666667,6,9,2023-12-10,2.0,4.0,-2.0,572,Consumer,Organic,0
314.0,1,531.98,531.98,292,0.0,1,2,2024-09-15,0.0,1.0,-1.0,292,Consumer,Direct,0
315.0,1,413.88,413.88,200,0.045,1,1,2024-12-16,0.0,1.0,-1.0,200,Consumer,Organic,0
319.0,6,560.46,93.41000000000001,120,0.06333333333333334,6,9,2024-06-26,0.0,6.0,-6.0,373,Consumer,Organic,0
322.0,2,74.31,37.155,101,0.026000000000000002,2,2,2024-06-28,0.0,2.0,-2.0,371,Consumer,Organic,0
323.0,6,2322.81,387.135,29,0.13683333333333333,6,20,2023-11-26,2.0,4.0,-2.0,586,Small Business,Social,0
324.0,5,963.6899999999999,192.738,24,0.055799999999999995,5,9,2023-08-17,1.0,4.0,-3.0,687,Consumer,Email,1
326.0,2,227.87,113.935,57,0.142,2,3,2025-03-12,1.0,1.0,0.0,114,Consumer,Email,1
328.0,2,503.6,251.8,120,0.0,2,4,2024-12-04,0.0,2.0,-2.0,212,Consumer,Organic,0
330.0,2,269.9,134.95,18,0.0315,2,3,2024-12-09,1.0,1.0,0.0,207,Consumer,Social,1
332.0,7,460.28,65.75428571428571,69,0.06628571428571428,7,8,2024-01-06,1.0,6.0,-5.0,545,Consumer,Paid Search,0
333.0,1,66.1,66.1,27,0.0,1,2,2025-06-07,1.0,0.0,1.0,27,Consumer,Paid Search,0
337.0,3,390.02,130.00666666666666,51,0.077,3,3,2023-11-06,2.0,1.0,1.0,606,Consumer,Organic,0
338.0,4,1580.4299999999998,395.10749999999996,115,0.09775,4,7,2024-07-15,0.0,4.0,-4.0,354,Consumer,Paid Search,0
339.0,5,1389.49,277.898,254,0.0396,5,9,2023-10-27,0.0,5.0,-5.0,616,Consumer,Affiliate,0
340.0,6,2017.36,336.22666666666663,41,0.054333333333333324,6,9,2023-11-05,1.0,5.0,-4.0,607,Consumer,Email,0
347.0,11,13718.529999999999,1247.1390909090908,60,0.1469090909090909,11,75,2023-07-29,1.0,10.0,-9.0,706,Enterprise,Organic,0
348.0,5,1143.78,228.756,105,0.11159999999999999,5,16,2024-06-20,0.0,5.0,-5.0,379,Small Business,Paid Search,0
349.0,1,258.52,258.52,62,0.035,1,1,2025-05-03,1.0,0.0,1.0,62,Consumer,Organic,0
351.0,17,13877.4,816.3176470588235,48,0.1567058823529412,17,119,2023-03-15,1.0,16.0,-15.0,842,Enterprise,Social,0
352.0,2,1453.08,726.54,4,0.0345,2,4,2025-02-27,1.0,1.0,0.0,127,Consumer,Affiliate,0
354.0,4,1996.16,499.04,261,0.04275,3,7,2023-06-12,0.0,4.0,-4.0,753,Consumer,Paid Search,0
355.0,2,155.32999999999998,77.66499999999999,178,0.039,2,3,2024-08-13,0.0,2.0,-2.0,325,Consumer,Organic,1
358.0,5,1893.6399999999999,378.72799999999995,1,0.034999999999999996,5,6,2024-09-17,2.0,3.0,-1.0,290,Consumer,Paid Search,1
360.0,4,1082.92,270.73,61,0.10049999999999999,4,17,2024-09-26,1.0,3.0,-2.0,281,Small Business,Organic,0
362.0,2,713.75,356.875,350,0.077,2,3,2024-06-05,0.0,2.0,-2.0,394,Consumer,Paid Search,0
363.0,2,60.74,30.37,18,0.0465,2,3,2024-12-18,1.0,1.0,0.0,198,Consumer,Social,0
364.0,6,965.5100000000001,160.91833333333335,222,0.08383333333333333,6,6,2024-08-02,0.0,6.0,-6.0,336,Consumer,Social,0
365.0,6,2116.58,352.7633333333333,93,0.05433333333333334,6,8,2024-08-31,0.0,6.0,-6.0,307,Consumer,Organic,0
367.0,8,3876.5800000000004,484.57250000000005,5,0.096625,8,25,2024-02-10,1.0,7.0,-6.0,510,Small Business,Social,0
368.0,3,105.25,35.083333333333336,212,0.11066666666666665,3,4,2023-10-04,0.0,3.0,-3.0,639,Consumer,Organic,0
369.0,2,450.68,225.34,27,0.0295,2,3,2025-01-24,1.0,1.0,0.0,161,Consumer,Social,0
373.0,3,912.3800000000001,304.1266666666667,69,0.066,3,4,2024-10-16,1.0,2.0,-1.0,261,Consumer,Organic,0
374.0,4,797.9300000000001,199.48250000000002,32,0.029500000000000002,4,6,2024-10-12,1.0,3.0,-2.0,265,Consumer,Organic,0
375.0,6,1535.1399999999999,255.85666666666665,166,0.1855,6,23,2024-01-03,0.0,6.0,-6.0,548,Small Business,Direct,0
376.0,1,731.0,731.0,200,0.115,1,2,2024-12-16,0.0,1.0,-1.0,200,Consumer,Organic,1
379.0,2,428.84000000000003,214.42000000000002,54,0.06,2,4,2024-12-16,1.0,1.0,0.0,200,Consumer,Direct,1
380.0,6,618.01,103.00166666666667,44,0.050666666666666665,6,8,2024-10-30,1.0,5.0,-4.0,247,Consumer,Paid Search,0
382.0,9,5446.52,605.1688888888889,23,0.11155555555555556,9,66,2024-11-18,3.0,6.0,-3.0,228,Enterprise,Paid Search,0
383.0,5,1114.4299999999998,222.88599999999997,28,0.0112,5,7,2024-01-14,1.0,4.0,-3.0,537,Consumer,Email,0
384.0,4,352.90999999999997,88.22749999999999,6,0.04975,4,5,2024-07-29,1.0,3.0,-2.0,340,Consumer,Organic,0
385.0,4,540.55,135.1375,101,0.08025,4,6,2024-01-25,0.0,4.0,-4.0,526,Consumer,Direct,1
386.0,5,774.07,154.81400000000002,2,0.0504,5,6,2024-07-20,2.0,3.0,-1.0,349,Consumer,Organic,1
387.0,15,9684.5,645.6333333333333,51,0.08473333333333333,15,57,2023-05-20,1.0,14.0,-13.0,776,Small Business,Paid Search,0
388.0,2,429.87,214.935,131,0.114,2,3,2024-12-17,0.0,2.0,-2.0,199,Consumer,Social,0
390.0,1,68.3,68.3,208,0.06,1,2,2024-12-08,0.0,1.0,-1.0,208,Consumer,Paid Search,0
391.0,3,343.82000000000005,114.60666666666668,90,0.06566666666666666,3,3,2024-08-26,0.0,3.0,-3.0,312,Consumer,Paid Search,0
394.0,5,1563.7599999999998,312.75199999999995,22,0.1216,5,19,2024-12-06,2.0,3.0,-1.0,210,Small Business,Paid Search,0
395.0,2,646.83,323.415,22,0.020999999999999998,2,3,2025-01-14,1.0,1.0,0.0,171,Consumer,Paid Search,0
397.0,8,4070.52,508.815,18,0.05275,8,13,2024-10-14,6.0,2.0,4.0,263,Consumer,Organic,1
398.0,3,1363.6799999999998,454.55999999999995,10,0.078,3,3,2024-08-19,1.0,2.0,-1.0,319,Consumer,Social,0
400.0,2,290.17,145.085,63,0.024,2,2,2024-12-01,1.0,1.0,0.0,215,Consumer,Email,1
402.0,3,1056.4099999999999,352.1366666666666,32,0.16266666666666665,3,12,2025-02-10,2.0,1.0,1.0,144,Small Business,Organic,1
404.0,2,230.99,115.495,210,0.08950000000000001,2,2,2024-08-30,0.0,2.0,-2.0,308,Consumer,Social,0
405.0,8,1923.0700000000002,240.38375000000002,72,0.049499999999999995,8,12,2024-06-19,2.0,6.0,-4.0,380,Consumer,Organic,0
406.0,4,512.28,128.07,2,0.07125000000000001,4,7,2024-06-08,2.0,2.0,0.0,391,Consumer,Organic,0
407.0,4,1150.94,287.735,180,0.07725,4,8,2024-08-09,0.0,4.0,-4.0,329,Consumer,Direct,0
409.0,1,805.24,805.24,45,0.012,1,2,2025-05-20,1.0,0.0,1.0,45,Consumer,Paid Search,0
410.0,2,756.4300000000001,378.21500000000003,32,0.1445,2,7,2025-04-07,2.0,0.0,2.0,88,Small Business,Social,0
413.0,3,677.78,225.92666666666665,17,0.036333333333333336,3,6,2024-11-05,2.0,1.0,1.0,241,Small Business,Affiliate,0
414.0,1,113.23,113.23,106,0.106,1,1,2025-03-20,0.0,1.0,-1.0,106,Consumer,Email,1
420.0,5,979.31,195.862,28,0.023399999999999997,5,7,2024-02-02,1.0,4.0,-3.0,518,Consumer,Affiliate,1
421.0,2,320.78999999999996,160.39499999999998,75,0.0945,2,3,2025-02-14,1.0,1.0,0.0,140,Consumer,Social,0
422.0,7,5336.7300000000005,762.3900000000001,82,0.06914285714285714,7,25,2024-09-21,1.0,6.0,-5.0,286,Small Business,Paid Search,0
426.0,1,146.64,146.64,106,0.049,1,2,2025-03-20,0.0,1.0,-1.0,106,Consumer,Email,0
427.0,5,1586.28,317.256,51,0.0806,5,8,2023-12-12,1.0,4.0,-3.0,570,Consumer,Affiliate,0
429.0,9,3414.81,379.42333333333335,23,0.05144444444444444,8,16,2023-12-15,2.0,7.0,-5.0,567,Consumer,Paid Search,0
430.0,8,1153.44,144.18,41,0.06525,8,12,2023-12-30,1.0,7.0,-6.0,552,Consumer,Organic,0
431.0,2,46.99,23.495,12,0.049,2,3,2024-04-13,1.0,1.0,0.0,447,Consumer,Organic,0
432.0,4,1026.27,256.5675,591,0.039,4,6,2023-11-01,0.0,4.0,-4.0,611,Consumer,Paid Search,1
433.0,2,1414.8700000000001,707.4350000000001,41,0.0065,2,3,2025-02-18,1.0,1.0,0.0,136,Consumer,Social,1
434.0,1,111.09,111.09,210,0.167,1,1,2024-12-06,0.0,1.0,-1.0,210,Consumer,Organic,1
435.0,6,1846.74,307.79,37,0.06133333333333333,6,10,2024-09-01,1.0,5.0,-4.0,306,Consumer,Affiliate,1
436.0,7,760.09,108.58428571428571,22,0.047714285714285716,7,10,2023-12-31,2.0,5.0,-3.0,551,Consumer,Paid Search,0
437.0,2,270.72,135.36,420,0.066,2,3,2024-03-03,0.0,2.0,-2.0,488,Consumer,Affiliate,1
438.0,4,2167.21,541.8025,9,0.05575,4,5,2024-10-10,3.0,1.0,2.0,267,Consumer,Direct,0
439.0,3,89.43,29.810000000000002,68,0.09400000000000001,3,4,2023-10-08,1.0,2.0,-1.0,635,Consumer,Direct,0
441.0,1,16.21,16.21,452,0.0,1,1,2024-04-08,0.0,1.0,-1.0,452,Consumer,Paid Search,1
442.0,4,451.6,112.9,28,0.01425,4,6,2024-09-05,3.0,1.0,2.0,302,Consumer,Organic,0
443.0,2,309.48,154.74,106,0.056,2,2,2024-10-08,0.0,2.0,-2.0,269,Consumer,Social,0
444.0,2,261.56,130.78,166,0.015,2,3,2024-09-22,0.0,2.0,-2.0,285,Consumer,Paid Search,0
445.0,7,1423.49,203.3557142857143,11,0.07085714285714285,7,10,2023-10-21,1.0,6.0,-5.0,622,Consumer,Email,0
446.0,7,2203.39,314.77,22,0.06485714285714286,6,12,2024-01-25,1.0,6.0,-5.0,526,Consumer,Paid Search,0
448.0,4,709.85,177.4625,327,0.0525,4,6,2023-09-12,0.0,4.0,-4.0,661,Consumer,Direct,0
449.0,2,1089.62,544.81,196,0.052500000000000005,2,4,2024-11-06,0.0,2.0,-2.0,240,Consumer,Social,0
450.0,3,109.05000000000001,36.35,17,0.03866666666666667,3,5,2024-10-23,1.0,2.0,-1.0,254,Consumer,Affiliate,1
451.0,1,32.97,32.97,285,0.071,1,1,2024-09-22,0.0,1.0,-1.0,285,Consumer,Social,0
452.0,8,4591.75,573.96875,29,0.116125,8,23,2024-10-31,4.0,4.0,0.0,246,Small Business,Social,0
455.0,4,776.0,194.0,80,0.09725,4,8,2024-09-06,1.0,3.0,-2.0,301,Consumer,Social,0
456.0,4,1017.38,254.345,41,0.0855,3,7,2024-07-12,1.0,3.0,-2.0,357,Consumer,Affiliate,0
457.0,3,339.93,113.31,304,0.03166666666666667,3,4,2024-07-15,0.0,3.0,-3.0,354,Consumer,Affiliate,0
458.0,1,41.88,41.88,145,0.011,1,1,2025-02-09,0.0,1.0,-1.0,145,Consumer,Paid Search,0
460.0,3,340.79,113.59666666666668,192,0.056999999999999995,3,5,2024-05-18,0.0,3.0,-3.0,412,Consumer,Organic,1
461.0,2,119.24000000000001,59.620000000000005,70,0.0265,2,2,2024-08-25,1.0,1.0,0.0,313,Consumer,Social,0
463.0,5,633.1600000000001,126.63200000000002,145,0.0776,5,7,2023-12-16,0.0,5.0,-5.0,566,Consumer,Paid Search,1
464.0,7,1701.82,243.11714285714285,16,0.09471428571428572,6,26,2024-09-30,4.0,3.0,1.0,277,Small Business,Paid Search,0
466.0,6,1257.16,209.52666666666667,69,0.107,6,17,2024-05-02,1.0,5.0,-4.0,428,Small Business,Paid Search,0
467.0,4,409.37,102.3425,259,0.085,4,7,2024-02-13,0.0,4.0,-4.0,507,Consumer,Email,0
468.0,5,501.17,100.23400000000001,57,0.0988,5,7,2024-01-02,1.0,4.0,-3.0,549,Consumer,Social,0
470.0,6,823.33,137.22166666666666,60,0.04566666666666667,6,10,2023-05-20,1.0,5.0,-4.0,776,Consumer,Social,0
471.0,3,326.38,108.79333333333334,123,0.10133333333333333,3,10,2024-05-09,0.0,3.0,-3.0,421,Small Business,Paid Search,0
472.0,7,2172.61,310.3728571428572,66,0.10585714285714286,7,27,2023-06-16,1.0,6.0,-5.0,749,Small Business,Affiliate,0
473.0,6,794.54,132.42333333333332,238,0.056833333333333326,6,9,2023-12-23,0.0,6.0,-6.0,559,Consumer,Organic,0
474.0,3,291.18,97.06,25,0.06599999999999999,3,4,2025-02-20,2.0,1.0,1.0,134,Consumer,Affiliate,0
475.0,5,864.87,172.974,196,0.0984,5,9,2024-06-21,0.0,5.0,-5.0,378,Consumer,Social,0
476.0,4,1725.3099999999997,431.32749999999993,33,0.1155,4,11,2024-12-11,1.0,3.0,-2.0,205,Small Business,Social,0
479.0,6,893.18,148.86333333333332,569,0.017499999999999998,6,8,2023-06-18,0.0,6.0,-6.0,747,Consumer,Organic,0
481.0,2,149.06,74.53,104,0.023,2,4,2025-02-24,0.0,2.0,-2.0,130,Consumer,Paid Search,0
482.0,9,4760.52,528.9466666666667,54,0.09222222222222222,8,33,2024-03-24,1.0,8.0,-7.0,467,Small Business,Paid Search,0
485.0,5,474.34,94.868,55,0.0658,5,9,2024-07-25,1.0,4.0,-3.0,344,Consumer,Organic,0
487.0,4,384.93,96.2325,54,0.03975,4,6,2024-09-23,1.0,3.0,-2.0,284,Consumer,Paid Search,1
488.0,1,1388.98,1388.98,40,0.073,1,2,2025-05-25,1.0,0.0,1.0,40,Small Business,Paid Search,0
490.0,2,301.22,150.61,26,0.047,2,6,2025-02-06,1.0,1.0,0.0,148,Small Business,Paid Search,0
492.0,3,1157.65,385.8833333333334,45,0.06933333333333334,3,10,2024-07-02,1.0,2.0,-1.0,367,Small Business,Paid Search,0
494.0,1,305.07,305.07,22,0.127,1,1,2025-06-12,1.0,0.0,1.0,22,Consumer,Affiliate,0
495.0,6,3359.79,559.965,117,0.11016666666666668,6,46,2024-03-28,0.0,6.0,-6.0,463,Enterprise,Social,0
496.0,4,390.77,97.6925,54,0.0575,4,4,2024-11-06,1.0,3.0,-2.0,240,Consumer,Direct,0
497.0,2,151.48,75.74,135,0.0,2,3,2024-11-06,0.0,2.0,-2.0,240,Consumer,Organic,0
498.0,3,697.59,232.53,383,0.017,3,5,2023-10-13,0.0,3.0,-3.0,630,Consumer,Direct,0
499.0,4,2037.26,509.315,11,0.08575,4,8,2024-05-14,1.0,3.0,-2.0,416,Consumer,Paid Search,0
500.0,4,554.03,138.5075,99,0.0955,4,6,2024-08-13,0.0,4.0,-4.0,325,Consumer,Direct,1
501.0,10,2298.72,229.87199999999999,54,0.0953,9,30,2023-05-08,1.0,9.0,-8.0,788,Small Business,Paid Search,0
502.0,14,10150.47,725.0335714285713,70,0.15992857142857142,14,102,2024-01-09,1.0,13.0,-12.0,542,Enterprise,Social,0
506.0,5,916.78,183.356,30,0.11179999999999998,5,13,2024-09-22,1.0,4.0,-3.0,285,Small Business,Paid Search,0
508.0,1,303.66,303.66,183,0.096,1,1,2025-01-02,0.0,1.0,-1.0,183,Consumer,Social,0
509.0,4,507.51,126.8775,16,0.052750000000000005,4,5,2023-12-04,1.0,3.0,-2.0,578,Consumer,Social,1
510.0,16,7181.1900000000005,448.82437500000003,23,0.0955,16,60,2023-12-18,3.0,13.0,-10.0,564,Small Business,Organic,1
512.0,11,8823.83,802.1663636363636,25,0.1,11,42,2024-03-29,4.0,7.0,-3.0,462,Small Business,Paid Search,0
513.0,6,11861.91,1976.985,57,0.11583333333333334,6,48,2024-12-30,1.0,5.0,-4.0,186,Enterprise,Affiliate,0
515.0,4,244.17000000000002,61.042500000000004,65,0.10475000000000001,4,9,2024-06-13,2.0,2.0,0.0,386,Small Business,Email,0
516.0,4,1994.1299999999999,498.53249999999997,284,0.07575,4,5,2023-10-14,0.0,4.0,-4.0,629,Consumer,Email,0
518.0,1,395.54,395.54,142,0.187,1,2,2025-02-12,0.0,1.0,-1.0,142,Consumer,Paid Search,1
519.0,16,26559.63,1659.976875,12,0.133625,16,112,2023-12-29,4.0,12.0,-8.0,553,Enterprise,Organic,0
522.0,3,459.97,153.32333333333335,76,0.07433333333333333,3,4,2024-11-02,1.0,2.0,-1.0,244,Consumer,Paid Search,0
523.0,2,474.59999999999997,237.29999999999998,36,0.0935,2,3,2025-05-21,2.0,0.0,2.0,44,Consumer,Organic,1
524.0,4,1767.0700000000002,441.76750000000004,232,0.11925000000000001,4,15,2024-08-25,0.0,4.0,-4.0,313,Small Business,Email,0
525.0,7,3686.92,526.7028571428572,42,0.1142857142857143,7,26,2023-08-09,1.0,6.0,-5.0,695,Small Business,Paid Search,0
526.0,4,5007.85,1251.9625,76,0.18775000000000003,4,29,2024-12-27,1.0,3.0,-2.0,189,Enterprise,Organic,0
527.0,11,5149.44,468.13090909090903,12,0.08945454545454545,10,41,2024-05-30,1.0,10.0,-9.0,400,Small Business,Affiliate,1
530.0,13,7693.82,591.8323076923077,3,0.08746153846153847,13,47,2023-06-10,3.0,10.0,-7.0,755,Small Business,Organic,0
531.0,4,454.92,113.73,1,0.07200000000000001,4,8,2024-12-08,3.0,1.0,2.0,208,Consumer,Organic,0
532.0,5,2397.35,479.46999999999997,187,0.0706,5,17,2024-05-31,0.0,5.0,-5.0,399,Small Business,Social,0
534.0,6,2195.37,365.895,45,0.10283333333333333,6,27,2024-04-21,2.0,4.0,-2.0,439,Small Business,Social,0
535.0,2,56.64,28.32,22,0.14100000000000001,2,3,2025-05-22,2.0,0.0,2.0,43,Consumer,Affiliate,0
536.0,1,10.44,10.44,16,0.072,1,1,2025-06-18,1.0,0.0,1.0,16,Consumer,Email,0
537.0,1,324.02,324.02,287,0.078,1,2,2024-09-20,0.0,1.0,-1.0,287,Consumer,Email,0
540.0,2,922.56,461.28,7,0.07300000000000001,2,3,2025-02-12,1.0,1.0,0.0,142,Consumer,Email,1
543.0,4,597.26,149.315,22,0.11049999999999999,4,10,2024-09-29,2.0,2.0,0.0,278,Small Business,Paid Search,0
544.0,7,1919.82,274.26,1,0.1362857142857143,7,48,2024-11-19,1.0,6.0,-5.0,227,Enterprise,Social,0
545.0,15,7069.57,471.30466666666666,54,0.09833333333333334,13,48,2023-05-24,1.0,14.0,-13.0,772,Small Business,Organic,0
547.0,6,5562.749999999999,927.1249999999999,132,0.09150000000000001,6,19,2024-11-22,0.0,6.0,-6.0,224,Small Business,Social,0
548.0,4,1822.89,455.7225,156,0.0615,4,6,2024-10-01,0.0,4.0,-4.0,276,Consumer,Paid Search,0
549.0,7,13775.3,1967.8999999999999,51,0.15985714285714286,7,48,2024-04-22,1.0,6.0,-5.0,438,Enterprise,Social,0
551.0,4,1001.92,250.48,28,0.02375,4,6,2024-08-15,1.0,3.0,-2.0,323,Consumer,Affiliate,1
553.0,5,1620.3400000000001,324.06800000000004,118,0.095,5,17,2024-01-27,0.0,5.0,-5.0,524,Small Business,Direct,0
555.0,8,4187.45,523.43125,104,0.086125,8,34,2024-02-25,0.0,8.0,-8.0,495,Small Business,Paid Search,0
556.0,5,2251.84,450.36800000000005,104,0.0822,5,8,2024-02-29,0.0,5.0,-5.0,491,Consumer,Social,0
559.0,6,1134.96,189.16,16,0.0575,6,9,2024-05-04,1.0,5.0,-4.0,426,Consumer,Email,1
560.0,5,1517.25,303.45,8,0.11240000000000001,5,20,2024-09-21,1.0,4.0,-3.0,286,Small Business,Social,0
563.0,3,603.65,201.21666666666667,24,0.07633333333333334,3,4,2024-08-11,2.0,1.0,1.0,327,Consumer,Paid Search,0
564.0,2,887.03,443.515,54,0.077,2,3,2025-03-31,1.0,1.0,0.0,95,Consumer,Email,0
569.0,8,1485.38,185.6725,11,0.0605,8,11,2023-11-24,3.0,5.0,-2.0,588,Consumer,Email,0
573.0,4,1685.6200000000001,421.40500000000003,227,0.0405,3,7,2024-04-10,0.0,4.0,-4.0,450,Consumer,Paid Search,0
574.0,4,378.12,94.53,88,0.052250000000000005,4,6,2024-07-27,1.0,3.0,-2.0,342,Consumer,Paid Search,0
576.0,6,2179.99,363.33166666666665,493,0.0545,6,8,2023-07-09,0.0,6.0,-6.0,726,Consumer,Paid Search,0
578.0,2,104.11,52.055,70,0.0765,2,2,2025-01-06,1.0,1.0,0.0,179,Consumer,Organic,0
581.0,6,2005.05,334.175,16,0.06316666666666666,6,24,2024-12-13,2.0,4.0,-2.0,203,Small Business,Paid Search,0
582.0,2,1438.7,719.35,234,0.044,2,4,2024-06-20,0.0,2.0,-2.0,379,Consumer,Paid Search,0
583.0,1,17.37,17.37,164,0.109,1,1,2025-01-21,0.0,1.0,-1.0,164,Consumer,Social,0
584.0,2,423.48,211.74,93,0.0375,2,4,2025-02-27,0.0,2.0,-2.0,127,Consumer,Social,1
585.0,2,1740.6,870.3,192,0.108,2,4,2024-12-20,0.0,2.0,-2.0,196,Consumer,Social,0
588.0,3,1572.76,524.2533333333333,18,0.11499999999999999,3,6,2024-12-04,1.0,2.0,-1.0,212,Consumer,Organic,1
590.0,6,3277.99,546.3316666666666,7,0.04716666666666666,5,11,2025-03-23,5.0,1.0,4.0,103,Consumer,Organic,0
591.0,2,497.19,248.595,105,0.111,2,6,2024-11-08,0.0,2.0,-2.0,238,Small Business,Organic,0
592.0,5,799.22,159.844,105,0.053000000000000005,5,8,2024-02-10,0.0,5.0,-5.0,510,Consumer,Paid Search,0
593.0,7,5784.29,826.3271428571428,22,0.12142857142857143,7,28,2024-01-23,1.0,6.0,-5.0,528,Small Business,Organic,0
595.0,2,3450.65,1725.325,278,0.1815,2,10,2024-08-17,0.0,2.0,-2.0,321,Small Business,Paid Search,0
597.0,7,443.45,63.35,176,0.021857142857142856,7,8,2024-04-05,0.0,7.0,-7.0,455,Consumer,Email,0
598.0,7,1018.63,145.51857142857142,56,0.04085714285714286,7,13,2024-02-12,1.0,6.0,-5.0,508,Consumer,Paid Search,0
601.0,6,1077.95,179.65833333333333,68,0.0735,6,8,2024-11-11,1.0,5.0,-4.0,235,Consumer,Email,0
602.0,4,278.9,69.725,84,0.023,4,4,2024-04-30,1.0,3.0,-2.0,430,Consumer,Affiliate,0
603.0,4,2626.6699999999996,656.6674999999999,64,0.09849999999999999,4,14,2024-05-01,1.0,3.0,-2.0,429,Small Business,Direct,0
604.0,1,49.52,49.52,174,0.079,1,2,2025-01-11,0.0,1.0,-1.0,174,Consumer,Organic,0
605.0,4,766.69,191.6725,29,0.028249999999999997,4,7,2025-02-24,2.0,2.0,0.0,130,Consumer,Organic,1
606.0,5,803.96,160.792,32,0.1276,5,12,2024-11-02,3.0,2.0,1.0,244,Small Business,Paid Search,1
607.0,9,5335.66,592.8511111111111,24,0.09477777777777778,9,40,2023-07-23,2.0,7.0,-5.0,712,Small Business,Paid Search,0
608.0,5,2635.9700000000003,527.1940000000001,54,0.0514,5,14,2024-10-03,3.0,2.0,1.0,274,Small Business,Affiliate,0
611.0,4,2216.43,554.1075,163,0.08499999999999999,4,6,2024-11-14,0.0,4.0,-4.0,232,Consumer,Paid Search,0
612.0,3,793.7,264.56666666666666,176,0.112,3,6,2023-11-30,0.0,3.0,-3.0,582,Consumer,Paid Search,0
613.0,6,985.83,164.305,46,0.043666666666666666,6,7,2024-06-11,2.0,4.0,-2.0,388,Consumer,Paid Search,0
614.0,7,3007.9,429.7,194,0.058,6,11,2024-05-28,0.0,7.0,-7.0,402,Consumer,Social,0
621.0,6,1104.21,184.035,82,0.03883333333333333,6,10,2023-10-23,1.0,5.0,-4.0,620,Consumer,Social,0
623.0,5,10053.91,2010.782,48,0.1348,5,34,2024-06-28,1.0,4.0,-3.0,371,Enterprise,Paid Search,0
624.0,1,515.0,515.0,149,0.188,1,5,2025-02-05,0.0,1.0,-1.0,149,Small Business,Social,0
625.0,5,666.07,133.214,58,0.047,5,7,2024-07-30,1.0,4.0,-3.0,339,Consumer,Direct,0
627.0,5,3961.4700000000003,792.2940000000001,2,0.09319999999999999,5,33,2024-12-24,2.0,3.0,-1.0,192,Enterprise,Affiliate,0
629.0,2,56.730000000000004,28.365000000000002,299,0.0315,2,2,2024-08-17,0.0,2.0,-2.0,321,Consumer,Paid Search,0
630.0,4,503.21,125.8025,94,0.12025,4,6,2024-06-27,0.0,4.0,-4.0,372,Consumer,Paid Search,0
631.0,7,3388.96,484.13714285714286,6,0.09185714285714286,7,19,2024-02-11,3.0,4.0,-1.0,509,Small Business,Direct,0
633.0,3,155.46,51.82,24,0.06,3,4,2025-02-21,1.0,2.0,-1.0,133,Consumer,Email,0
635.0,6,499.67,83.27833333333334,26,0.057166666666666664,6,8,2024-07-17,1.0,5.0,-4.0,352,Consumer,Affiliate,1
636.0,3,474.54,158.18,10,0.050333333333333334,3,5,2024-12-27,1.0,2.0,-1.0,189,Consumer,Organic,1
637.0,3,702.1,234.03333333333333,151,0.04733333333333334,3,6,2024-08-19,0.0,3.0,-3.0,319,Consumer,Organic,0
640.0,3,270.36,90.12,23,0.059,3,6,2024-06-14,2.0,1.0,1.0,385,Consumer,Organic,1
642.0,1,37.08,37.08,112,0.049,1,2,2025-03-14,0.0,1.0,-1.0,112,Consumer,Affiliate,0
644.0,8,1643.56,205.445,12,0.062,8,10,2023-12-17,1.0,7.0,-6.0,565,Consumer,Direct,0
645.0,3,651.0899999999999,217.02999999999997,54,0.08366666666666667,3,5,2024-10-14,1.0,2.0,-1.0,263,Consumer,Social,1
647.0,6,1284.78,214.13,155,0.06,6,10,2024-02-03,0.0,6.0,-6.0,517,Consumer,Social,0
648.0,3,805.62,268.54,1,0.057999999999999996,3,6,2025-03-14,1.0,2.0,-1.0,112,Consumer,Organic,0
649.0,1,1101.44,1101.44,20,0.064,1,2,2025-06-14,1.0,0.0,1.0,20,Consumer,Social,0
650.0,5,627.93,125.58599999999998,28,0.11800000000000002,5,9,2024-04-20,2.0,3.0,-1.0,440,Consumer,Affiliate,1
654.0,2,1733.0,866.5,51,0.147,2,4,2025-02-09,1.0,1.0,0.0,145,Consumer,Email,0
655.0,7,4567.610000000001,652.5157142857144,4,0.11800000000000001,7,21,2024-11-01,3.0,4.0,-1.0,245,Small Business,Affiliate,1
656.0,7,3089.06,441.2942857142857,18,0.09371428571428571,6,26,2024-05-31,2.0,5.0,-3.0,399,Small Business,Social,0
657.0,4,2375.91,593.9775,0,0.057,4,15,2024-05-31,1.0,3.0,-2.0,399,Small Business,Direct,1
658.0,9,5733.04,637.0044444444444,17,0.10144444444444445,9,35,2024-01-29,2.0,7.0,-5.0,522,Small Business,Paid Search,0
662.0,3,658.74,219.58,26,0.037,3,6,2024-12-30,2.0,1.0,1.0,186,Consumer,Paid Search,0
663.0,1,255.82,255.82,45,0.069,1,1,2025-05-20,1.0,0.0,1.0,45,Consumer,Organic,0
666.0,3,99.47999999999999,33.16,32,0.09100000000000001,3,5,2025-01-03,2.0,1.0,1.0,182,Consumer,Paid Search,0
667.0,3,443.95,147.98333333333332,115,0.07200000000000001,3,4,2024-02-24,0.0,3.0,-3.0,496,Consumer,Email,0
668.0,6,817.14,136.19,187,0.06533333333333334,6,8,2023-12-17,0.0,6.0,-6.0,565,Consumer,Paid Search,0
670.0,1,34.05,34.05,94,0.045,1,1,2025-04-01,0.0,1.0,-1.0,94,Consumer,Direct,0
672.0,4,296.59000000000003,74.14750000000001,18,0.0965,4,7,2024-07-13,2.0,2.0,0.0,356,Consumer,Organic,0
673.0,1,62.72,62.72,40,0.025,1,2,2025-05-25,1.0,0.0,1.0,40,Consumer,Social,0
674.0,5,850.26,170.052,70,0.099,5,7,2024-03-04,1.0,4.0,-3.0,487,Consumer,Paid Search,0
675.0,9,2568.29,285.36555555555555,79,0.10777777777777778,9,26,2024-04-14,1.0,8.0,-7.0,446,Small Business,Social,0
676.0,7,835.6999999999999,119.38571428571427,3,0.047285714285714285,7,10,2023-10-21,2.0,5.0,-3.0,622,Consumer,Paid Search,0
677.0,6,6013.97,1002.3283333333334,81,0.11183333333333334,6,23,2024-08-15,1.0,5.0,-4.0,323,Small Business,Paid Search,0
679.0,5,1757.12,351.424,6,0.0496,5,7,2024-11-03,1.0,4.0,-3.0,243,Consumer,Organic,0
680.0,1,10.88,10.88,17,0.045,1,1,2025-06-17,1.0,0.0,1.0,17,Consumer,Paid Search,0
681.0,3,88.87,29.623333333333335,91,0.08,3,4,2024-10-21,0.0,3.0,-3.0,256,Consumer,Paid Search,0
682.0,2,149.61,74.805,81,0.0245,2,3,2024-09-07,1.0,1.0,0.0,300,Consumer,Affiliate,0
683.0,3,848.8599999999999,282.9533333333333,62,0.024333333333333335,3,5,2024-11-12,1.0,2.0,-1.0,234,Consumer,Paid Search,0
684.0,5,803.82,160.764,191,0.036199999999999996,5,7,2024-04-15,0.0,5.0,-5.0,445,Consumer,Organic,1
688.0,1,1440.76,1440.76,191,0.072,1,2,2024-12-25,0.0,1.0,-1.0,191,Consumer,Paid Search,1
689.0,8,1794.28,224.285,11,0.081125,8,12,2024-02-02,2.0,6.0,-4.0,518,Consumer,Email,0
691.0,2,102.28,51.14,225,0.064,2,4,2024-10-15,0.0,2.0,-2.0,262,Consumer,Paid Search,0
692.0,3,348.49,116.16333333333334,170,0.019,3,5,2024-02-01,0.0,3.0,-3.0,519,Consumer,Social,0
693.0,4,668.85,167.2125,60,0.081,4,6,2024-08-27,1.0,3.0,-2.0,311,Consumer,Social,1
695.0,1,140.18,140.18,100,0.037,1,2,2025-03-26,0.0,1.0,-1.0,100,Consumer,Organic,1
698.0,4,351.2,87.8,42,0.041499999999999995,4,5,2024-04-13,2.0,2.0,0.0,447,Consumer,Email,1
700.0,1,77.92,77.92,109,0.041,1,2,2025-03-17,0.0,1.0,-1.0,109,Consumer,Affiliate,0
701.0,2,380.1,190.05,25,0.0505,2,2,2025-02-10,1.0,1.0,0.0,144,Consumer,Social,0
702.0,6,1483.8799999999999,247.3133333333333,84,0.057166666666666664,6,7,2023-09-24,1.0,5.0,-4.0,649,Consumer,Social,0
704.0,5,4667.549999999999,933.5099999999999,19,0.11000000000000001,5,15,2024-08-09,1.0,4.0,-3.0,329,Small Business,Organic,0
705.0,12,5006.63,417.2191666666667,3,0.1105,12,47,2023-10-08,1.0,11.0,-10.0,635,Small Business,Paid Search,0
706.0,1,140.43,140.43,13,0.075,1,1,2025-06-21,1.0,0.0,1.0,13,Consumer,Direct,1
707.0,9,3871.84,430.20444444444445,104,0.11633333333333333,9,27,2023-12-03,0.0,9.0,-9.0,579,Small Business,Direct,0
708.0,2,308.48,154.24,8,0.06949999999999999,2,2,2024-10-31,1.0,1.0,0.0,246,Consumer,Paid Search,0
709.0,2,26.39,13.195,41,0.069,2,2,2025-03-12,1.0,1.0,0.0,114,Consumer,Organic,0
710.0,6,1124.68,187.4466666666667,42,0.12816666666666668,6,23,2024-08-26,2.0,4.0,-2.0,312,Small Business,Email,0
712.0,6,2040.9,340.15000000000003,28,0.12,6,23,2024-06-15,1.0,5.0,-4.0,384,Small Business,Organic,0
714.0,3,790.3299999999999,263.4433333333333,17,0.09033333333333333,3,5,2024-12-27,1.0,2.0,-1.0,189,Consumer,Organic,0
716.0,3,1160.27,386.75666666666666,72,0.036,3,5,2024-12-29,1.0,2.0,-1.0,187,Consumer,Organic,1
717.0,1,79.3,79.3,203,0.088,1,1,2024-12-13,0.0,1.0,-1.0,203,Consumer,Organic,0
719.0,1,284.64,284.64,263,0.084,1,2,2024-10-14,0.0,1.0,-1.0,263,Consumer,Paid Search,0
720.0,2,248.83,124.415,18,0.1215,2,3,2024-05-22,1.0,1.0,0.0,408,Consumer,Social,0
723.0,4,1026.82,256.705,282,0.005,4,7,2023-09-27,0.0,4.0,-4.0,646,Consumer,Paid Search,0
724.0,3,367.85,122.61666666666667,54,0.10566666666666667,3,4,2024-09-25,1.0,2.0,-1.0,282,Consumer,Paid Search,0
728.0,2,222.75,111.375,34,0.1005,2,3,2024-11-14,1.0,1.0,0.0,232,Consumer,Social,0
730.0,8,14105.11,1763.13875,14,0.103375,8,57,2024-07-30,4.0,4.0,0.0,339,Enterprise,Social,0
732.0,2,230.19,115.095,202,0.0645,2,3,2024-11-03,0.0,2.0,-2.0,243,Consumer,Paid Search,0
734.0,4,2612.59,653.1475,1,0.054,4,7,2024-10-10,1.0,3.0,-2.0,267,Consumer,Affiliate,0
735.0,3,1106.6399999999999,368.87999999999994,0,0.106,3,9,2024-11-21,2.0,1.0,1.0,225,Small Business,Organic,0
737.0,5,906.6500000000001,181.33,26,0.10400000000000001,5,18,2024-10-17,1.0,4.0,-3.0,260,Small Business,Organic,0
739.0,3,883.22,294.4066666666667,262,0.043333333333333335,3,5,2024-09-25,0.0,3.0,-3.0,282,Consumer,Direct,1
741.0,5,1399.5500000000002,279.91,52,0.057999999999999996,3,8,2024-10-22,1.0,4.0,-3.0,255,Consumer,Paid Search,0
742.0,4,1695.44,423.86,51,0.033,3,6,2024-08-13,1.0,3.0,-2.0,325,Consumer,Paid Search,0
743.0,2,1385.15,692.575,101,0.0285,2,3,2025-01-18,0.0,2.0,-2.0,167,Consumer,Organic,0
744.0,5,750.02,150.004,55,0.027800000000000002,5,9,2024-02-21,1.0,4.0,-3.0,499,Consumer,Email,1
745.0,11,1244.75,113.1590909090909,25,0.08827272727272727,11,15,2023-10-15,3.0,8.0,-5.0,628,Consumer,Organic,0
749.0,14,3819.46,272.81857142857143,1,0.10235714285714285,14,52,2023-06-27,3.0,11.0,-8.0,738,Small Business,Paid Search,0
750.0,3,618.4599999999999,206.1533333333333,203,0.04133333333333333,3,5,2024-10-17,0.0,3.0,-3.0,260,Consumer,Affiliate,0
751.0,6,611.78,101.96333333333332,103,0.033,6,8,2024-05-15,0.0,6.0,-6.0,415,Consumer,Organic,0
754.0,3,1201.71,400.57,266,0.15366666666666665,3,7,2024-04-05,0.0,3.0,-3.0,455,Small Business,Organic,0
756.0,2,614.95,307.475,264,0.0,2,3,2024-01-22,0.0,2.0,-2.0,529,Consumer,Paid Search,0
757.0,10,5901.7300000000005,590.173,45,0.1008,9,41,2024-08-17,3.0,7.0,-4.0,321,Small Business,Organic,0
758.0,5,595.72,119.144,52,0.0656,5,9,2024-05-14,1.0,4.0,-3.0,416,Consumer,Organic,0
759.0,3,1442.58,480.85999999999996,210,0.06733333333333334,3,5,2024-07-14,0.0,3.0,-3.0,355,Consumer,Paid Search,0
762.0,10,1835.47,183.547,21,0.12940000000000002,10,34,2024-03-17,2.0,8.0,-6.0,474,Small Business,Social,0
763.0,2,247.82,123.91,86,0.07400000000000001,2,4,2024-11-08,1.0,1.0,0.0,238,Consumer,Social,0
766.0,2,199.92000000000002,99.96000000000001,16,0.016,2,3,2025-03-18,1.0,1.0,0.0,108,Consumer,Email,0
767.0,3,728.3,242.76666666666665,286,0.08866666666666667,3,6,2024-05-27,0.0,3.0,-3.0,403,Consumer,Social,1
768.0,1,140.28,140.28,60,0.106,1,1,2025-05-05,1.0,0.0,1.0,60,Consumer,Direct,0
769.0,6,1020.85,170.14166666666668,6,0.046000000000000006,6,8,2024-09-27,2.0,4.0,-2.0,280,Consumer,Social,0
771.0,1,797.65,797.65,291,0.067,1,5,2024-09-16,0.0,1.0,-1.0,291,Small Business,Organic,0
773.0,6,612.28,102.04666666666667,17,0.07616666666666666,6,8,2023-09-06,1.0,5.0,-4.0,667,Consumer,Affiliate,0
774.0,2,1179.6399999999999,589.8199999999999,133,0.0015,2,4,2024-08-27,0.0,2.0,-2.0,311,Consumer,Social,0
776.0,2,27.98,13.99,27,0.0815,2,2,2025-01-26,1.0,1.0,0.0,159,Consumer,Direct,0
777.0,2,664.0,332.0,34,0.049,2,2,2025-02-23,1.0,1.0,0.0,131,Consumer,Direct,0
780.0,2,252.01,126.005,233,0.099,2,3,2024-10-08,0.0,2.0,-2.0,269,Consumer,Paid Search,0
781.0,5,1030.79,206.158,46,0.053200000000000004,5,8,2024-11-07,2.0,3.0,-1.0,239,Consumer,Social,0
782.0,4,676.73,169.1825,44,0.12575,4,15,2024-11-26,2.0,2.0,0.0,220,Small Business,Email,0
784.0,2,377.99,188.995,159,0.047,2,3,2024-08-12,0.0,2.0,-2.0,326,Consumer,Social,0
785.0,6,5489.57,914.9283333333333,43,0.08316666666666667,6,25,2024-04-24,1.0,5.0,-4.0,436,Small Business,Organic,0
793.0,3,1478.28,492.76,101,0.029333333333333333,3,5,2025-01-06,0.0,3.0,-3.0,179,Consumer,Paid Search,1
794.0,3,269.81,89.93666666666667,8,0.033,3,4,2024-11-19,2.0,1.0,1.0,227,Consumer,Social,0
795.0,4,2268.0299999999997,567.0074999999999,17,0.05025,4,7,2024-09-06,2.0,2.0,0.0,301,Consumer,Affiliate,0
797.0,3,319.22,106.40666666666668,4,0.026,3,4,2024-06-05,1.0,2.0,-1.0,394,Consumer,Paid Search,0
798.0,8,4520.139999999999,565.0174999999999,66,0.107375,8,29,2024-10-03,2.0,6.0,-4.0,274,Small Business,Organic,1
799.0,5,2455.27,491.054,21,0.1508,5,17,2025-02-20,2.0,3.0,-1.0,134,Small Business,Paid Search,1
800.0,2,1655.15,827.575,203,0.10650000000000001,2,10,2024-08-13,0.0,2.0,-2.0,325,Small Business,Social,0
801.0,5,986.8199999999999,197.36399999999998,44,0.0992,5,8,2024-08-05,1.0,4.0,-3.0,333,Consumer,Social,0
804.0,4,469.99,117.4975,10,0.0475,4,5,2024-02-15,1.0,3.0,-2.0,505,Consumer,Paid Search,0
805.0,17,21868.21,1286.365294117647,2,0.1363529411764706,16,111,2023-03-26,2.0,15.0,-13.0,831,Enterprise,Paid Search,1
806.0,3,977.0,325.6666666666667,23,0.014666666666666666,3,5,2025-04-11,3.0,0.0,3.0,84,Consumer,Social,0
809.0,9,3757.13,417.4588888888889,38,0.1443333333333333,9,59,2023-12-10,1.0,8.0,-7.0,572,Enterprise,Paid Search,0
811.0,9,12381.79,1375.7544444444445,44,0.11833333333333333,9,38,2023-12-05,3.0,6.0,-3.0,577,Small Business,Organic,1
812.0,2,963.26,481.63,136,0.065,2,4,2024-11-15,0.0,2.0,-2.0,231,Consumer,Social,1
814.0,3,679.86,226.62,393,0.076,3,4,2024-02-16,0.0,3.0,-3.0,504,Consumer,Paid Search,0
815.0,13,7026.82,540.5246153846153,23,0.1136153846153846,13,40,2024-04-13,4.0,9.0,-5.0,447,Small Business,Paid Search,0
816.0,4,1439.37,359.8425,81,0.052,4,4,2024-09-08,1.0,3.0,-2.0,299,Consumer,Social,0
817.0,3,2016.8899999999999,672.2966666666666,46,0.10466666666666667,3,10,2025-01-19,1.0,2.0,-1.0,166,Small Business,Organic,0
820.0,6,750.96,125.16000000000001,18,0.12666666666666668,6,7,2023-10-23,1.0,5.0,-4.0,620,Consumer,Paid Search,0
821.0,2,151.41,75.705,252,0.0445,2,2,2024-10-15,0.0,2.0,-2.0,262,Consumer,Organic,0
823.0,3,402.82,134.27333333333334,5,0.07066666666666667,3,3,2025-03-16,1.0,2.0,-1.0,110,Consumer,Organic,1
826.0,16,13330.18,833.13625,11,0.1486875,15,94,2023-12-07,4.0,12.0,-8.0,575,Enterprise,Paid Search,0
828.0,4,1747.59,436.8975,132,0.01875,4,6,2024-03-01,0.0,4.0,-4.0,490,Consumer,Paid Search,0
829.0,1,369.57,369.57,307,0.0,1,1,2024-08-31,0.0,1.0,-1.0,307,Consumer,Paid Search,0
830.0,1,140.32,140.32,99,0.09,1,2,2025-03-27,0.0,1.0,-1.0,99,Consumer,Affiliate,0
831.0,4,130.05,32.5125,71,0.0615,4,5,2024-11-30,2.0,2.0,0.0,216,Consumer,Paid Search,0
836.0,1,67.44,67.44,117,0.054,1,2,2025-03-09,0.0,1.0,-1.0,117,Consumer,Affiliate,0
837.0,1,251.56,251.56,337,0.0,1,1,2024-08-01,0.0,1.0,-1.0,337,Consumer,Email,0
841.0,3,353.87,117.95666666666666,208,0.04933333333333333,3,5,2024-11-02,0.0,3.0,-3.0,244,Consumer,Affiliate,0
842.0,11,12194.68,1108.6072727272729,36,0.1398181818181818,11,84,2024-08-22,2.0,9.0,-7.0,316,Enterprise,Affiliate,0
843.0,4,150.5,37.625,12,0.108,4,4,2023-08-09,1.0,3.0,-2.0,695,Consumer,Paid Search,0
845.0,1,324.99,324.99,33,0.07,1,1,2025-06-01,1.0,0.0,1.0,33,Consumer,Organic,1
849.0,2,169.53,84.765,98,0.063,2,2,2025-01-29,0.0,2.0,-2.0,156,Consumer,Organic,0
850.0,8,2324.0899999999997,290.51124999999996,5,0.052000000000000005,8,13,2024-09-28,3.0,5.0,-2.0,279,Consumer,Affiliate,0
853.0,1,306.88,306.88,227,0.041,1,2,2024-11-19,0.0,1.0,-1.0,227,Consumer,Social,0
855.0,4,605.82,151.455,53,0.0805,4,6,2024-05-10,2.0,2.0,0.0,420,Consumer,Social,1
857.0,2,384.13,192.065,85,0.0945,2,3,2024-02-06,1.0,1.0,0.0,514,Consumer,Paid Search,0
858.0,4,1593.5900000000001,398.39750000000004,149,0.063,4,4,2024-06-20,0.0,4.0,-4.0,379,Consumer,Organic,1
860.0,6,1701.84,283.64,106,0.0705,6,10,2023-11-08,0.0,6.0,-6.0,604,Consumer,Affiliate,0
861.0,6,1294.1,215.6833333333333,97,0.07966666666666668,6,8,2023-12-19,0.0,6.0,-6.0,563,Consumer,Organic,0
862.0,5,636.86,127.372,16,0.10540000000000001,5,7,2023-09-05,1.0,4.0,-3.0,668,Consumer,Email,0
863.0,5,729.95,145.99,77,0.05639999999999999,5,9,2024-11-12,1.0,4.0,-3.0,234,Consumer,Paid Search,0
865.0,6,1647.8600000000001,274.6433333333334,85,0.074,6,9,2023-08-31,1.0,5.0,-4.0,673,Consumer,Social,0
868.0,5,1965.94,393.188,82,0.03,4,10,2024-04-23,1.0,4.0,-3.0,437,Consumer,Paid Search,1
869.0,6,1560.5,260.0833333333333,25,0.05516666666666667,6,10,2024-03-21,2.0,4.0,-2.0,470,Consumer,Organic,0
872.0,1,658.76,658.76,166,0.0,1,2,2025-01-19,0.0,1.0,-1.0,166,Consumer,Social,0
874.0,9,2091.9,232.43333333333334,4,0.04655555555555555,9,14,2023-12-01,2.0,7.0,-5.0,581,Consumer,Social,0
875.0,1,1169.7,1169.7,273,0.006,1,2,2024-10-04,0.0,1.0,-1.0,273,Consumer,Email,1
877.0,3,180.65,60.21666666666667,234,0.033,3,3,2024-05-16,0.0,3.0,-3.0,414,Consumer,Paid Search,0
879.0,4,1901.4999999999998,475.37499999999994,31,0.09924999999999999,4,10,2024-11-23,3.0,1.0,2.0,223,Small Business,Affiliate,0
881.0,2,106.83000000000001,53.415000000000006,93,0.0725,2,3,2024-11-01,0.0,2.0,-2.0,245,Consumer,Organic,1
882.0,4,647.3,161.825,62,0.05475,4,12,2024-07-14,1.0,3.0,-2.0,355,Small Business,Paid Search,0
883.0,11,8457.210000000001,768.8372727272728,127,0.12745454545454546,11,79,2024-03-26,0.0,11.0,-11.0,465,Enterprise,Email,0
884.0,2,300.17,150.085,163,0.08449999999999999,2,2,2024-12-23,0.0,2.0,-2.0,193,Consumer,Paid Search,1
886.0,3,749.21,249.73666666666668,48,0.10099999999999999,3,5,2024-09-20,1.0,2.0,-1.0,287,Consumer,Organic,0
887.0,13,6641.15,510.8576923076923,43,0.12515384615384614,13,43,2023-09-30,1.0,12.0,-11.0,643,Small Business,Paid Search,0
888.0,9,2560.5099999999998,284.5011111111111,67,0.11800000000000001,9,33,2024-02-29,2.0,7.0,-5.0,491,Small Business,Social,0
889.0,12,5645.92,470.49333333333334,94,0.13025,12,35,2024-05-25,0.0,12.0,-12.0,405,Small Business,Affiliate,0
891.0,1,778.08,778.08,60,0.058,1,2,2025-05-05,1.0,0.0,1.0,60,Consumer,Direct,0
893.0,4,763.66,190.915,0,0.06,4,8,2024-01-22,1.0,3.0,-2.0,529,Consumer,Organic,0
895.0,5,499.23,99.846,58,0.0834,5,8,2024-09-27,2.0,3.0,-1.0,280,Consumer,Direct,0
896.0,3,262.94,87.64666666666666,47,0.057666666666666665,3,5,2024-10-15,1.0,2.0,-1.0,262,Consumer,Social,0
900.0,4,1823.9399999999998,455.98499999999996,78,0.099,4,12,2024-08-13,1.0,3.0,-2.0,325,Small Business,Social,0
901.0,1,363.6,363.6,98,0.013,1,2,2025-03-28,0.0,1.0,-1.0,98,Consumer,Paid Search,0
903.0,6,784.52,130.75333333333333,74,0.028499999999999998,6,10,2024-10-02,2.0,4.0,-2.0,275,Consumer,Email,0
905.0,1,377.78,377.78,221,0.131,1,2,2024-11-25,0.0,1.0,-1.0,221,Small Business,Email,0
906.0,6,899.32,149.88666666666668,89,0.044000000000000004,6,8,2024-12-07,1.0,5.0,-4.0,209,Consumer,Social,0
909.0,5,587.84,117.56800000000001,279,0.0536,5,5,2023-08-02,0.0,5.0,-5.0,702,Consumer,Social,0
910.0,7,2488.21,355.4585714285714,11,0.041428571428571426,7,10,2023-11-18,1.0,6.0,-5.0,594,Consumer,Email,1
911.0,1,110.36,110.36,91,0.13,1,1,2025-04-04,0.0,1.0,-1.0,91,Consumer,Paid Search,0
912.0,3,731.75,243.91666666666666,14,0.035666666666666666,3,5,2024-11-14,1.0,2.0,-1.0,232,Consumer,Email,0
913.0,2,79.0,39.5,202,0.0475,2,2,2024-11-12,0.0,2.0,-2.0,234,Consumer,Social,0
914.0,6,674.74,112.45666666666666,101,0.07683333333333334,6,8,2024-10-18,0.0,6.0,-6.0,259,Consumer,Direct,0
917.0,2,438.91999999999996,219.45999999999998,26,0.113,2,8,2025-03-10,1.0,1.0,0.0,116,Small Business,Direct,0
918.0,2,627.2,313.6,203,0.0535,2,3,2024-08-27,0.0,2.0,-2.0,311,Consumer,Social,1
919.0,3,223.78,74.59333333333333,89,0.020666666666666667,3,5,2024-06-12,1.0,2.0,-1.0,387,Consumer,Social,0
920.0,1,49.88,49.88,88,0.131,1,4,2025-04-07,1.0,0.0,1.0,88,Small Business,Affiliate,0
921.0,4,2592.8500000000004,648.2125000000001,122,0.08025,4,6,2024-08-12,0.0,4.0,-4.0,326,Consumer,Affiliate,1
922.0,1,145.56,145.56,122,0.0,1,2,2025-03-04,0.0,1.0,-1.0,122,Consumer,Organic,0
924.0,10,4938.46,493.846,146,0.0822,9,40,2023-11-04,0.0,10.0,-10.0,608,Small Business,Social,0
925.0,8,2649.56,331.195,12,0.064,8,12,2023-09-26,1.0,7.0,-6.0,647,Consumer,Paid Search,0
926.0,4,2291.99,572.9975,73,0.0715,4,13,2024-07-04,2.0,2.0,0.0,365,Small Business,Paid Search,0
929.0,5,437.59000000000003,87.518,57,0.033600000000000005,5,8,2024-01-16,2.0,3.0,-1.0,535,Consumer,Social,1
931.0,2,1126.1200000000001,563.0600000000001,72,0.083,2,4,2024-09-29,1.0,1.0,0.0,278,Consumer,Paid Search,0
932.0,3,1211.5100000000002,403.83666666666676,22,0.08233333333333333,3,4,2024-10-04,2.0,1.0,1.0,273,Consumer,Social,0
934.0,8,4375.15,546.89375,123,0.12587500000000001,8,32,2023-09-14,0.0,8.0,-8.0,659,Small Business,Paid Search,0
935.0,9,5660.39,628.9322222222222,39,0.08533333333333333,9,33,2024-05-17,1.0,8.0,-7.0,413,Small Business,Organic,0
936.0,2,924.51,462.255,56,0.0035,2,6,2025-02-27,1.0,1.0,0.0,127,Small Business,Email,0
937.0,6,2043.42,340.57,1,0.04833333333333334,6,9,2024-05-05,3.0,3.0,0.0,425,Consumer,Organic,0
939.0,4,1809.14,452.285,60,0.028499999999999998,4,6,2024-03-14,1.0,3.0,-2.0,477,Consumer,Direct,0
940.0,3,181.53,60.51,179,0.04633333333333333,3,4,2024-01-11,0.0,3.0,-3.0,540,Consumer,Paid Search,0
941.0,7,1520.16,217.1657142857143,55,0.08,6,12,2024-03-05,2.0,5.0,-3.0,486,Consumer,Organic,1
942.0,1,69.84,69.84,308,0.071,1,2,2024-08-30,0.0,1.0,-1.0,308,Consumer,Paid Search,0
943.0,4,754.95,188.7375,76,0.042,4,6,2024-05-18,2.0,2.0,0.0,412,Consumer,Social,1
946.0,3,161.82999999999998,53.94333333333333,2,0.04,3,5,2024-06-17,1.0,2.0,-1.0,382,Consumer,Affiliate,0
947.0,3,125.93,41.97666666666667,15,0.07266666666666667,3,5,2024-07-26,1.0,2.0,-1.0,343,Consumer,Organic,0
948.0,7,2245.42,320.7742857142857,11,0.05557142857142856,7,10,2023-08-22,1.0,6.0,-5.0,682,Consumer,Email,0
949.0,2,303.88,151.94,40,0.0345,2,3,2025-05-05,2.0,0.0,2.0,60,Consumer,Organic,0
950.0,9,13788.77,1532.0855555555556,74,0.1517777777777778,9,63,2024-08-08,1.0,8.0,-7.0,330,Enterprise,Paid Search,0
951.0,1,78.93,78.93,173,0.027,1,1,2025-01-12,0.0,1.0,-1.0,173,Consumer,Paid Search,0
952.0,4,421.13,105.2825,80,0.04675,4,6,2024-06-08,1.0,3.0,-2.0,391,Consumer,Social,0
955.0,6,1213.88,202.31333333333336,37,0.067,6,9,2024-06-04,2.0,4.0,-2.0,395,Consumer,Social,0
956.0,5,411.62,82.324,263,0.047799999999999995,5,5,2024-01-18,0.0,5.0,-5.0,533,Consumer,Paid Search,0
957.0,5,1287.6399999999999,257.52799999999996,200,0.06620000000000001,5,6,2024-04-15,0.0,5.0,-5.0,445,Consumer,Organic,0
959.0,12,2327.09,193.92416666666668,11,0.12583333333333332,12,41,2023-11-29,5.0,7.0,-2.0,583,Small Business,Paid Search,0
963.0,2,131.81,65.905,152,0.0195,2,2,2024-12-03,0.0,2.0,-2.0,213,Consumer,Direct,0
965.0,5,740.1,148.02,143,0.059399999999999994,4,7,2023-07-25,0.0,5.0,-5.0,710,Consumer,Social,1
966.0,2,305.99,152.995,81,0.0075,2,3,2025-01-03,1.0,1.0,0.0,182,Consumer,Organic,0
967.0,5,480.7,96.14,35,0.10739999999999998,5,7,2024-07-04,2.0,3.0,-1.0,365,Consumer,Organic,0
969.0,2,126.56,63.28,4,0.056999999999999995,2,3,2025-05-26,2.0,0.0,2.0,39,Consumer,Paid Search,1
971.0,4,329.95000000000005,82.48750000000001,235,0.01925,4,6,2024-03-29,0.0,4.0,-4.0,462,Consumer,Direct,0
973.0,4,1472.81,368.2025,93,0.02275,4,6,2024-11-17,0.0,4.0,-4.0,229,Consumer,Organic,1
974.0,2,267.48,133.74,43,0.0605,2,2,2025-01-31,1.0,1.0,0.0,154,Consumer,Paid Search,1
976.0,3,363.34000000000003,121.11333333333334,7,0.06766666666666667,3,5,2025-01-16,1.0,2.0,-1.0,169,Consumer,Paid Search,0
977.0,5,798.59,159.71800000000002,34,0.11579999999999999,5,31,2024-09-07,3.0,2.0,1.0,300,Enterprise,Email,0
979.0,5,1956.79,391.358,173,0.029000000000000005,5,8,2024-05-01,0.0,5.0,-5.0,429,Consumer,Paid Search,0
980.0,2,782.64,391.32,346,0.089,2,3,2024-06-03,0.0,2.0,-2.0,396,Consumer,Paid Search,1
981.0,2,256.74,128.37,137,0.031,2,2,2024-09-16,0.0,2.0,-2.0,291,Consumer,Paid Search,0
982.0,3,526.64,175.54666666666665,107,0.08,3,10,2023-11-09,0.0,3.0,-3.0,603,Small Business,Social,0
984.0,3,802.1600000000001,267.3866666666667,0,0.09400000000000001,3,5,2025-01-09,2.0,1.0,1.0,176,Consumer,Organic,0
985.0,9,6264.9400000000005,696.1044444444445,33,0.10022222222222223,9,28,2024-09-03,2.0,7.0,-5.0,304,Small Business,Social,0
986.0,5,336.92,67.384,81,0.0792,4,7,2024-08-20,1.0,4.0,-3.0,318,Consumer,Social,0
987.0,1,325.56,325.56,2,0.0,1,2,2025-07-02,1.0,0.0,1.0,2,Consumer,Email,1
988.0,2,141.66,70.83,20,0.0305,2,4,2025-01-02,1.0,1.0,0.0,183,Consumer,Paid Search,1
991.0,3,1888.84,629.6133333333333,13,0.027999999999999997,3,5,2024-08-22,1.0,2.0,-1.0,316,Consumer,Organic,0
992.0,7,506.4,72.34285714285714,35,0.04357142857142857,7,11,2024-11-06,4.0,3.0,1.0,240,Consumer,Social,0
993.0,5,1469.28,293.856,4,0.0534,5,8,2024-11-03,1.0,4.0,-3.0,243,Consumer,Paid Search,0
994.0,1,194.2,194.2,126,0.092,1,5,2025-02-28,0.0,1.0,-1.0,126,Small Business,Paid Search,0
995.0,1,239.52,239.52,48,0.102,1,2,2025-05-17,1.0,0.0,1.0,48,Consumer,Paid Search,0
997.0,3,2745.88,915.2933333333334,11,0.04633333333333333,3,5,2024-12-18,2.0,1.0,1.0,198,Consumer,Organic,0
998.0,1,1358.08,1358.08,214,0.033,1,2,2024-12-02,0.0,1.0,-1.0,214,Consumer,Paid Search,0
999.0,2,981.25,490.625,283,0.0375,2,3,2024-08-01,0.0,2.0,-2.0,337,Consumer,Paid Search,1
1000.0,1,415.16,415.16,264,0.045,1,2,2024-10-13,0.0,1.0,-1.0,264,Consumer,Paid Search,0
1001.0,12,2472.7,206.0583333333333,177,0.021583333333333333,10,18,2023-11-20,0.0,12.0,-12.0,592,Consumer,Paid Search,0
1002.0,10,3669.13,366.913,6,0.08099999999999999,10,37,2024-06-19,3.0,7.0,-4.0,380,Small Business,Organic,0
1004.0,2,81.53999999999999,40.769999999999996,116,0.1095,2,3,2025-02-25,0.0,2.0,-2.0,129,Consumer,Affiliate,1
1005.0,4,1091.31,272.8275,194,0.04625,4,4,2024-07-02,0.0,4.0,-4.0,367,Consumer,Organic,0
1006.0,1,18.45,18.45,1,0.142,1,1,2025-07-03,1.0,0.0,1.0,1,Consumer,Affiliate,0
1008.0,5,937.8599999999999,187.57199999999997,42,0.0588,5,5,2024-07-14,1.0,4.0,-3.0,355,Consumer,Direct,0
1011.0,1,146.71,146.71,67,0.065,1,1,2025-04-28,1.0,0.0,1.0,67,Consumer,Paid Search,1
1013.0,3,444.21,148.07,118,0.034333333333333334,3,4,2024-10-06,0.0,3.0,-3.0,271,Consumer,Organic,0
1015.0,1,75.29,75.29,294,0.071,1,1,2024-09-13,0.0,1.0,-1.0,294,Consumer,Paid Search,0
1017.0,3,472.58,157.52666666666667,25,0.06066666666666667,3,5,2024-12-04,1.0,2.0,-1.0,212,Consumer,Email,0
1018.0,5,729.7800000000001,145.95600000000002,248,0.06659999999999999,5,6,2023-03-28,0.0,5.0,-5.0,829,Consumer,Organic,0
1019.0,7,2667.63,381.09000000000003,37,0.044,7,9,2023-07-18,1.0,6.0,-5.0,717,Consumer,Social,0
1021.0,4,208.34,52.085,29,0.11925,3,12,2025-02-17,2.0,2.0,0.0,137,Small Business,Social,0
1022.0,7,1881.5900000000001,268.79857142857145,63,0.03942857142857143,5,8,2023-05-31,1.0,6.0,-5.0,765,Consumer,Paid Search,0
1025.0,1,30.78,30.78,50,0.066,1,2,2025-05-15,1.0,0.0,1.0,50,Consumer,Paid Search,0
1026.0,3,850.0600000000001,283.35333333333335,9,0.06033333333333333,3,10,2025-05-04,3.0,0.0,3.0,61,Small Business,Social,0
1027.0,9,2562.98,284.77555555555557,110,0.059111111111111114,7,16,2023-07-26,0.0,9.0,-9.0,709,Consumer,Organic,0
1029.0,2,639.7199999999999,319.85999999999996,250,0.14500000000000002,2,3,2024-06-29,0.0,2.0,-2.0,370,Consumer,Direct,0
1031.0,5,1396.95,279.39,38,0.14679999999999999,5,22,2025-02-07,3.0,2.0,1.0,147,Small Business,Affiliate,0
1032.0,2,2523.8399999999997,1261.9199999999998,117,0.1065,2,6,2025-03-04,0.0,2.0,-2.0,122,Small Business,Paid Search,0
1033.0,4,3968.11,992.0275,44,0.10725,4,13,2024-05-12,1.0,3.0,-2.0,418,Small Business,Paid Search,0
1034.0,6,687.78,114.63,42,0.07833333333333332,5,8,2024-07-08,1.0,5.0,-4.0,361,Consumer,Direct,0
1036.0,5,4886.7,977.3399999999999,37,0.1604,5,17,2024-10-14,2.0,3.0,-1.0,263,Small Business,Organic,0
1037.0,6,2602.74,433.78999999999996,40,0.11466666666666665,6,23,2024-12-04,2.0,4.0,-2.0,212,Small Business,Email,0
1041.0,4,1167.48,291.87,58,0.02225,3,4,2024-08-14,2.0,2.0,0.0,324,Consumer,Email,0
1042.0,2,359.47,179.735,145,0.023,2,2,2025-01-23,0.0,2.0,-2.0,162,Consumer,Direct,0
1044.0,1,327.3,327.3,141,0.006,1,2,2025-02-13,0.0,1.0,-1.0,141,Consumer,Email,0
1045.0,6,850.57,141.76166666666668,15,0.06633333333333334,6,9,2024-03-09,1.0,5.0,-4.0,482,Consumer,Organic,0
1047.0,1,275.74,275.74,33,0.153,1,2,2025-06-01,1.0,0.0,1.0,33,Consumer,Social,0
1048.0,2,79.72,39.86,2,0.0255,2,4,2025-06-08,2.0,0.0,2.0,26,Consumer,Affiliate,0
1050.0,1,29.18,29.18,148,0.078,1,2,2025-02-06,0.0,1.0,-1.0,148,Consumer,Social,0
1051.0,4,409.91,102.4775,117,0.0485,4,6,2024-09-25,0.0,4.0,-4.0,282,Consumer,Email,0
1052.0,4,2557.38,639.345,27,0.1175,4,17,2024-09-08,1.0,3.0,-2.0,299,Small Business,Paid Search,0
1053.0,3,440.41999999999996,146.80666666666664,6,0.08366666666666667,3,14,2024-11-02,2.0,1.0,1.0,244,Small Business,Email,0
1054.0,6,2134.5,355.75,121,0.0635,6,8,2024-07-06,0.0,6.0,-6.0,363,Consumer,Email,0
1057.0,5,1142.86,228.57199999999997,86,0.07680000000000001,4,8,2024-06-15,1.0,4.0,-3.0,384,Consumer,Organic,0
1058.0,4,2121.5,530.375,44,0.11124999999999999,4,13,2024-10-27,1.0,3.0,-2.0,250,Small Business,Paid Search,0
1060.0,3,858.86,286.2866666666667,5,0.056,3,4,2023-11-30,1.0,2.0,-1.0,582,Consumer,Paid Search,0
1061.0,1,77.1,77.1,22,0.0,1,1,2025-06-12,1.0,0.0,1.0,22,Consumer,Paid Search,0
1062.0,7,1485.96,212.28,30,0.06814285714285714,7,9,2024-11-17,3.0,4.0,-1.0,229,Consumer,Paid Search,0
1064.0,4,1118.32,279.58,103,0.02425,4,7,2024-05-13,0.0,4.0,-4.0,417,Consumer,Organic,1
1066.0,3,2761.2200000000003,920.4066666666668,163,0.11,3,10,2024-07-31,0.0,3.0,-3.0,338,Small Business,Direct,0
1067.0,1,26.86,26.86,124,0.064,1,2,2025-03-02,0.0,1.0,-1.0,124,Consumer,Organic,1
1068.0,6,1095.69,182.615,101,0.045000000000000005,6,10,2023-07-04,0.0,6.0,-6.0,731,Consumer,Paid Search,1
1069.0,3,772.84,257.61333333333334,181,0.14233333333333334,3,11,2024-09-23,0.0,3.0,-3.0,284,Small Business,Paid Search,0
1070.0,3,1375.6399999999999,458.5466666666666,55,0.15033333333333332,3,12,2024-11-16,2.0,1.0,1.0,230,Small Business,Affiliate,0
1071.0,1,429.3,429.3,433,0.193,1,2,2024-04-27,0.0,1.0,-1.0,433,Consumer,Paid Search,0
1072.0,3,456.8,152.26666666666668,137,0.04733333333333334,3,6,2024-08-28,0.0,3.0,-3.0,310,Consumer,Affiliate,0
1073.0,6,494.16999999999996,82.36166666666666,10,0.075,6,10,2024-05-12,2.0,4.0,-2.0,418,Consumer,Affiliate,1
1074.0,4,1105.2600000000002,276.31500000000005,158,0.0145,4,7,2024-12-10,0.0,4.0,-4.0,206,Consumer,Organic,0
1075.0,7,2245.33,320.76142857142855,73,0.04828571428571428,7,11,2023-12-08,1.0,6.0,-5.0,574,Consumer,Organic,0
1077.0,3,606.73,202.24333333333334,11,0.13933333333333334,3,5,2024-09-28,2.0,1.0,1.0,279,Consumer,Email,0
1080.0,12,5229.93,435.82750000000004,25,0.13091666666666665,12,39,2023-09-27,1.0,11.0,-10.0,646,Small Business,Social,0
1083.0,1,284.4,284.4,41,0.138,1,2,2025-05-24,1.0,0.0,1.0,41,Consumer,Organic,0
1084.0,2,354.33,177.165,295,0.061,2,3,2024-09-08,0.0,2.0,-2.0,299,Consumer,Email,1
1085.0,2,721.8,360.9,120,0.039,2,2,2024-09-15,0.0,2.0,-2.0,292,Consumer,Paid Search,0
1086.0,10,3314.51,331.451,1,0.10500000000000001,9,39,2023-08-09,3.0,7.0,-4.0,695,Small Business,Affiliate,0
1087.0,9,2062.52,229.1688888888889,17,0.051888888888888894,9,13,2024-12-06,2.0,7.0,-5.0,210,Consumer,Social,0
1090.0,7,2934.96,419.28000000000003,93,0.01742857142857143,6,12,2024-01-15,0.0,7.0,-7.0,536,Consumer,Affiliate,0
1092.0,7,2647.85,378.2642857142857,160,0.09114285714285715,7,27,2024-09-26,0.0,7.0,-7.0,281,Small Business,Social,1
1094.0,5,926.15,185.23,9,0.09519999999999999,5,9,2024-07-29,2.0,3.0,-1.0,340,Consumer,Social,0
1097.0,3,361.37,120.45666666666666,271,0.052,3,4,2024-03-21,0.0,3.0,-3.0,470,Consumer,Social,1
1098.0,4,559.59,139.8975,256,0.1105,4,4,2023-09-28,0.0,4.0,-4.0,645,Consumer,Social,0
1100.0,6,778.73,129.78833333333333,67,0.02033333333333333,6,10,2024-06-05,2.0,4.0,-2.0,394,Consumer,Organic,1
1101.0,3,491.62,163.87333333333333,117,0.042666666666666665,3,4,2024-11-07,0.0,3.0,-3.0,239,Consumer,Social,0
1103.0,3,1275.84,425.28,31,0.06666666666666667,3,13,2025-04-15,3.0,0.0,3.0,80,Small Business,Affiliate,0
1104.0,2,237.14999999999998,118.57499999999999,172,0.047,2,3,2024-08-12,0.0,2.0,-2.0,326,Consumer,Social,1
1105.0,6,2226.96,371.16,60,0.12733333333333333,6,22,2024-09-13,1.0,5.0,-4.0,294,Small Business,Organic,0
1106.0,6,935.69,155.94833333333335,125,0.058666666666666666,6,10,2023-09-06,0.0,6.0,-6.0,667,Consumer,Direct,0
1108.0,6,1632.02,272.00333333333333,36,0.04700000000000001,6,10,2024-06-09,2.0,4.0,-2.0,390,Consumer,Social,0
1109.0,4,1425.47,356.3675,305,0.10025,4,11,2024-04-26,0.0,4.0,-4.0,434,Small Business,Organic,0
1112.0,5,578.81,115.76199999999999,49,0.066,5,7,2023-12-01,1.0,4.0,-3.0,581,Consumer,Paid Search,0
1119.0,4,1075.67,268.9175,144,0.00325,4,6,2024-04-26,0.0,4.0,-4.0,434,Consumer,Paid Search,0
1121.0,4,1903.11,475.7775,29,0.16949999999999998,4,23,2024-12-23,2.0,2.0,0.0,193,Enterprise,Social,0
1126.0,4,3274.39,818.5975,56,0.09525,4,18,2024-10-25,1.0,3.0,-2.0,252,Small Business,Email,0
1127.0,3,554.9200000000001,184.97333333333336,76,0.10233333333333333,3,10,2024-09-16,1.0,2.0,-1.0,291,Small Business,Affiliate,0
1128.0,3,348.51,116.17,21,0.050333333333333334,3,4,2024-11-05,1.0,2.0,-1.0,241,Consumer,Direct,0
1129.0,7,4562.78,651.8257142857143,16,0.09057142857142857,7,23,2024-09-08,2.0,5.0,-3.0,299,Small Business,Social,0
1130.0,1,372.93,372.93,287,0.097,1,1,2024-09-20,0.0,1.0,-1.0,287,Consumer,Paid Search,0
1131.0,14,8355.81,596.8435714285714,14,0.09564285714285714,13,52,2023-10-14,2.0,12.0,-10.0,629,Small Business,Email,0
1132.0,2,534.42,267.21,392,0.046,2,4,2023-10-26,0.0,2.0,-2.0,617,Consumer,Organic,0
1134.0,2,1604.03,802.015,62,0.08,2,7,2025-01-30,1.0,1.0,0.0,155,Small Business,Direct,0
1136.0,1,257.28,257.28,2,0.014,1,2,2025-07-02,1.0,0.0,1.0,2,Consumer,Affiliate,0
1137.0,22,14949.9,679.540909090909,33,0.111,20,167,2023-08-08,4.0,18.0,-14.0,696,Enterprise,Organic,0
1138.0,7,1103.58,157.6542857142857,171,0.05228571428571428,6,11,2024-05-26,0.0,7.0,-7.0,404,Consumer,Paid Search,0
1139.0,4,1259.76,314.94,48,0.06625,4,7,2024-02-29,1.0,3.0,-2.0,491,Consumer,Affiliate,1
1141.0,4,1428.72,357.18,52,0.04275,4,5,2024-09-30,1.0,3.0,-2.0,277,Consumer,Organic,1
1142.0,2,284.99,142.495,50,0.135,2,3,2025-01-03,1.0,1.0,0.0,182,Consumer,Organic,0
1145.0,3,1506.6,502.2,102,0.042666666666666665,3,4,2024-07-22,0.0,3.0,-3.0,347,Consumer,Paid Search,1
1146.0,9,8260.85,917.8722222222223,14,0.156,9,76,2023-08-30,2.0,7.0,-5.0,674,Enterprise,Paid Search,0
1147.0,6,427.9,71.31666666666666,6,0.05216666666666667,6,9,2024-05-06,1.0,5.0,-4.0,424,Consumer,Social,0
1148.0,8,1002.81,125.35125,175,0.054125,7,14,2023-11-03,0.0,8.0,-8.0,609,Consumer,Organic,1
1149.0,6,2432.16,405.35999999999996,44,0.04733333333333334,6,9,2024-03-14,2.0,4.0,-2.0,477,Consumer,Paid Search,0
1150.0,2,53.51,26.755,20,0.0385,2,3,2025-03-28,1.0,1.0,0.0,98,Consumer,Organic,1
1152.0,1,190.3,190.3,195,0.221,1,2,2024-12-21,0.0,1.0,-1.0,195,Consumer,Paid Search,0
1153.0,1,256.52,256.52,163,0.071,1,1,2025-01-22,0.0,1.0,-1.0,163,Consumer,Direct,0
1154.0,5,1136.9,227.38000000000002,97,0.0796,5,7,2024-02-17,0.0,5.0,-5.0,503,Consumer,Direct,0
1156.0,2,875.12,437.56,93,0.08449999999999999,2,4,2025-03-10,0.0,2.0,-2.0,116,Consumer,Paid Search,0
1159.0,6,805.24,134.20666666666668,24,0.05583333333333334,6,7,2024-10-21,3.0,3.0,0.0,256,Consumer,Organic,0
1160.0,10,4016.01,401.601,21,0.0968,10,37,2023-12-11,1.0,9.0,-8.0,571,Small Business,Affiliate,0
1161.0,18,11185.71,621.4283333333333,51,0.12577777777777777,17,127,2024-04-10,1.0,17.0,-16.0,450,Enterprise,Social,0
1162.0,5,4675.04,935.008,14,0.0902,5,17,2024-12-19,2.0,3.0,-1.0,197,Small Business,Direct,0
1164.0,5,686.52,137.304,67,0.0528,5,8,2024-08-24,2.0,3.0,-1.0,314,Consumer,Social,0
1166.0,2,71.31,35.655,89,0.0095,2,3,2024-11-27,1.0,1.0,0.0,219,Consumer,Email,0
1167.0,3,255.48999999999998,85.16333333333333,64,0.07533333333333335,3,4,2024-11-20,1.0,2.0,-1.0,226,Consumer,Social,0
1171.0,2,192.09,96.045,237,0.038,2,3,2024-11-03,0.0,2.0,-2.0,243,Consumer,Paid Search,1
1172.0,12,9821.08,818.4233333333333,47,0.137,11,91,2024-03-19,3.0,9.0,-6.0,472,Enterprise,Direct,0
1174.0,11,6682.36,607.4872727272727,20,0.08309090909090909,11,38,2024-04-09,2.0,9.0,-7.0,451,Small Business,Social,0
1176.0,16,10749.15,671.821875,27,0.157125,16,104,2024-02-11,3.0,13.0,-10.0,509,Enterprise,Email,0
1177.0,5,1161.96,232.392,22,0.06920000000000001,5,7,2023-11-25,1.0,4.0,-3.0,587,Consumer,Social,0
1178.0,3,836.4300000000001,278.81,20,0.07166666666666667,3,9,2025-03-19,2.0,1.0,1.0,107,Small Business,Paid Search,1
1179.0,3,1563.3400000000001,521.1133333333333,5,0.10266666666666667,3,5,2024-12-28,2.0,1.0,1.0,188,Consumer,Paid Search,0
1181.0,1,327.85,327.85,102,0.024,1,1,2025-03-24,0.0,1.0,-1.0,102,Consumer,Organic,0
1183.0,1,310.62,310.62,69,0.036,1,3,2025-04-26,1.0,0.0,1.0,69,Small Business,Paid Search,0
1184.0,3,1095.68,365.2266666666667,117,0.09633333333333334,3,5,2024-10-21,0.0,3.0,-3.0,256,Consumer,Social,0
1185.0,3,1133.3200000000002,377.77333333333337,57,0.09966666666666667,3,9,2024-12-06,1.0,2.0,-1.0,210,Small Business,Email,0
1186.0,9,2683.43,298.1588888888889,195,0.044111111111111115,9,13,2023-09-28,0.0,9.0,-9.0,645,Consumer,Paid Search,0
1187.0,7,6874.76,982.1085714285715,13,0.15757142857142856,7,54,2024-12-08,2.0,5.0,-3.0,208,Enterprise,Direct,0
1188.0,3,195.01999999999998,65.00666666666666,144,0.043666666666666666,3,4,2024-03-17,0.0,3.0,-3.0,474,Consumer,Affiliate,0
1189.0,4,489.74,122.435,27,0.06025,4,15,2025-01-03,1.0,3.0,-2.0,182,Small Business,Social,1
1190.0,6,3092.02,515.3366666666667,55,0.09050000000000001,6,21,2024-04-07,2.0,4.0,-2.0,453,Small Business,Affiliate,0
1192.0,1,207.7,207.7,55,0.117,1,2,2025-05-10,1.0,0.0,1.0,55,Consumer,Organic,1
1194.0,9,6774.24,752.6933333333333,3,0.1411111111111111,9,68,2024-11-05,3.0,6.0,-3.0,241,Enterprise,Affiliate,0
1195.0,8,1292.98,161.6225,15,0.03925,8,12,2023-11-19,2.0,6.0,-4.0,593,Consumer,Social,0
1199.0,1,170.21,170.21,155,0.103,1,1,2025-01-30,0.0,1.0,-1.0,155,Consumer,Direct,0
1200.0,2,114.9,57.45,39,0.0225,2,2,2025-01-06,1.0,1.0,0.0,179,Consumer,Social,1
1202.0,4,374.87,93.7175,1,0.11075,4,12,2025-03-11,2.0,2.0,0.0,115,Small Business,Affiliate,0
1203.0,4,1533.08,383.27,26,0.045,4,7,2024-08-13,1.0,3.0,-2.0,325,Consumer,Paid Search,0
1208.0,2,836.07,418.035,76,0.0245,2,2,2025-03-13,1.0,1.0,0.0,113,Consumer,Direct,0
1210.0,2,185.64,92.82,238,0.1275,2,8,2024-10-31,0.0,2.0,-2.0,246,Small Business,Social,0
1212.0,4,986.43,246.6075,1,0.042249999999999996,4,7,2024-12-25,2.0,2.0,0.0,191,Consumer,Organic,0
1213.0,4,1418.67,354.6675,129,0.11024999999999999,4,11,2024-11-10,0.0,4.0,-4.0,236,Small Business,Paid Search,0
1215.0,3,1329.72,443.24,104,0.06833333333333334,3,3,2023-12-31,0.0,3.0,-3.0,551,Consumer,Social,0
1216.0,9,3273.96,363.7733333333333,23,0.0661111111111111,9,15,2024-05-28,1.0,8.0,-7.0,402,Consumer,Social,1
1220.0,3,401.15,133.71666666666667,30,0.03666666666666667,3,5,2024-07-06,1.0,2.0,-1.0,363,Consumer,Paid Search,0
1221.0,3,1921.95,640.65,106,0.04933333333333333,3,5,2024-11-16,0.0,3.0,-3.0,230,Consumer,Paid Search,1
1223.0,3,516.16,172.0533333333333,71,0.06566666666666666,3,5,2024-04-30,1.0,2.0,-1.0,430,Consumer,Direct,0
1224.0,3,373.71000000000004,124.57000000000001,75,0.076,3,4,2025-01-13,1.0,2.0,-1.0,172,Consumer,Social,0
1225.0,2,230.39999999999998,115.19999999999999,16,0.03,2,4,2024-09-12,1.0,1.0,0.0,295,Consumer,Paid Search,0
1226.0,3,1930.9800000000002,643.6600000000001,102,0.09833333333333333,3,4,2024-11-19,0.0,3.0,-3.0,227,Consumer,Direct,0
1230.0,7,1626.96,232.42285714285714,92,0.0642857142857143,7,11,2024-05-12,0.0,7.0,-7.0,418,Consumer,Email,0
1231.0,3,741.78,247.26,149,0.027,3,5,2024-07-28,0.0,3.0,-3.0,341,Consumer,Paid Search,0
1232.0,6,1635.9499999999998,272.6583333333333,84,0.09500000000000001,6,19,2024-10-02,1.0,5.0,-4.0,275,Small Business,Organic,0
1233.0,4,1068.74,267.185,15,0.06275,4,8,2024-03-21,1.0,3.0,-2.0,470,Consumer,Organic,0
1234.0,12,12728.880000000001,1060.74,8,0.148,12,76,2024-05-07,3.0,9.0,-6.0,423,Enterprise,Organic,0
1235.0,2,413.65999999999997,206.82999999999998,113,0.0715,2,4,2024-09-15,0.0,2.0,-2.0,292,Consumer,Paid Search,0
1236.0,4,297.4,74.35,47,0.0745,4,6,2024-08-24,1.0,3.0,-2.0,314,Consumer,Email,0
1237.0,1,55.9,55.9,58,0.0,1,1,2025-05-07,1.0,0.0,1.0,58,Consumer,Organic,1
1239.0,7,3115.52,445.07428571428574,143,0.05771428571428572,7,11,2024-03-21,0.0,7.0,-7.0,470,Consumer,Direct,0
1240.0,3,981.37,327.12333333333333,6,0.06233333333333333,3,4,2024-10-22,1.0,2.0,-1.0,255,Consumer,Affiliate,0
1244.0,3,133.86,44.620000000000005,83,0.08900000000000001,3,3,2024-10-10,1.0,2.0,-1.0,267,Consumer,Organic,1
1246.0,5,846.2,169.24,33,0.0348,5,6,2024-04-09,1.0,4.0,-3.0,451,Consumer,Organic,0
1247.0,8,2365.17,295.64625,23,0.057624999999999996,8,14,2024-08-04,1.0,7.0,-6.0,334,Consumer,Email,0
1248.0,5,3421.8500000000004,684.3700000000001,19,0.1462,5,31,2024-04-07,1.0,4.0,-3.0,453,Enterprise,Organic,0
1249.0,3,370.82,123.60666666666667,24,0.07733333333333334,3,5,2024-12-12,1.0,2.0,-1.0,204,Consumer,Paid Search,1
1250.0,2,139.1,69.55,287,0.055999999999999994,2,4,2024-08-23,0.0,2.0,-2.0,315,Consumer,Affiliate,0
1251.0,3,105.03,35.01,63,0.05033333333333334,3,4,2024-05-05,2.0,1.0,1.0,425,Consumer,Organic,0
1253.0,2,285.17,142.585,82,0.062,2,3,2024-10-04,1.0,1.0,0.0,273,Consumer,Organic,0
1254.0,6,850.5400000000001,141.7566666666667,33,0.03666666666666667,6,8,2025-01-14,2.0,4.0,-2.0,171,Consumer,Paid Search,1
1255.0,2,639.51,319.755,207,0.1315,2,5,2023-12-04,0.0,2.0,-2.0,578,Small Business,Email,0
1256.0,2,477.65999999999997,238.82999999999998,144,0.050499999999999996,2,3,2024-09-07,0.0,2.0,-2.0,300,Consumer,Paid Search,0
1257.0,7,2551.7799999999997,364.53999999999996,132,0.06314285714285714,6,26,2024-07-10,0.0,7.0,-7.0,359,Small Business,Organic,1
1258.0,3,3100.9399999999996,1033.6466666666665,33,0.07933333333333333,3,10,2024-08-12,2.0,1.0,1.0,326,Small Business,Paid Search,0
1259.0,1,1291.08,1291.08,269,0.046,1,2,2024-10-08,0.0,1.0,-1.0,269,Consumer,Paid Search,0
1262.0,1,41.12,41.12,232,0.029,1,1,2024-11-14,0.0,1.0,-1.0,232,Consumer,Affiliate,0
1263.0,1,338.14,338.14,166,0.109,1,2,2025-01-19,0.0,1.0,-1.0,166,Consumer,Email,1
1266.0,2,394.66,197.33,66,0.024,2,4,2025-04-25,2.0,0.0,2.0,70,Small Business,Email,0
1270.0,8,8051.42,1006.4275,13,0.11674999999999999,8,59,2024-09-24,3.0,5.0,-2.0,283,Enterprise,Organic,0
1271.0,6,529.36,88.22666666666667,0,0.08133333333333333,6,8,2023-10-06,1.0,5.0,-4.0,637,Consumer,Direct,0
1272.0,4,1718.73,429.6825,86,0.0565,4,6,2024-03-18,1.0,3.0,-2.0,473,Consumer,Paid Search,0
1273.0,6,1577.72,262.9533333333333,67,0.08533333333333333,6,7,2024-11-18,1.0,5.0,-4.0,228,Consumer,Direct,0
1274.0,4,2685.49,671.3725,116,0.10825,4,29,2024-11-08,0.0,4.0,-4.0,238,Enterprise,Affiliate,0
1275.0,3,523.4300000000001,174.4766666666667,189,0.06533333333333334,3,3,2024-10-12,0.0,3.0,-3.0,265,Consumer,Direct,0
1277.0,4,1579.8700000000001,394.96750000000003,10,0.0835,3,7,2025-03-13,2.0,2.0,0.0,113,Consumer,Affiliate,0
1279.0,4,1198.77,299.6925,225,0.05975,4,7,2024-02-13,0.0,4.0,-4.0,507,Consumer,Affiliate,0
1280.0,11,9519.68,865.4254545454546,75,0.06845454545454545,10,41,2024-03-21,1.0,10.0,-9.0,470,Small Business,Paid Search,0
1286.0,5,1295.82,259.164,2,0.05739999999999999,5,5,2025-03-10,3.0,2.0,1.0,116,Consumer,Social,0
1289.0,1,45.58,45.58,52,0.0,1,1,2025-05-13,1.0,0.0,1.0,52,Consumer,Paid Search,1
1291.0,10,5297.88,529.788,69,0.1386,9,65,2024-07-21,3.0,7.0,-4.0,348,Enterprise,Paid Search,0
1292.0,2,195.11,97.555,141,0.0655,2,3,2025-01-16,0.0,2.0,-2.0,169,Consumer,Paid Search,0
1293.0,4,564.36,141.09,171,0.04725,4,6,2024-05-24,0.0,4.0,-4.0,406,Consumer,Social,1
1294.0,9,2262.4700000000003,251.38555555555558,135,0.081,8,12,2024-02-04,0.0,9.0,-9.0,516,Consumer,Social,1
1295.0,8,3733.0699999999997,466.63374999999996,34,0.123,8,29,2024-04-03,1.0,7.0,-6.0,457,Small Business,Paid Search,0
1296.0,4,740.5999999999999,185.14999999999998,128,0.009,4,8,2023-12-10,0.0,4.0,-4.0,572,Consumer,Direct,1
1298.0,2,1044.58,522.29,326,0.10400000000000001,2,8,2024-08-09,0.0,2.0,-2.0,329,Small Business,Paid Search,0
1301.0,4,921.69,230.4225,29,0.07050000000000001,4,6,2024-07-29,1.0,3.0,-2.0,340,Consumer,Social,1
1302.0,1,365.1,365.1,42,0.099,1,5,2025-05-23,1.0,0.0,1.0,42,Small Business,Paid Search,0
1304.0,6,4821.3,803.5500000000001,93,0.16233333333333333,6,48,2024-06-02,0.0,6.0,-6.0,397,Enterprise,Social,0
1306.0,4,946.52,236.63,200,0.01475,4,6,2024-01-29,0.0,4.0,-4.0,522,Consumer,Direct,1
1309.0,2,110.41,55.205,86,0.072,2,2,2024-12-20,1.0,1.0,0.0,196,Consumer,Paid Search,0
1310.0,3,816.9200000000001,272.3066666666667,146,0.08600000000000001,3,4,2024-06-07,0.0,3.0,-3.0,392,Consumer,Organic,0
1312.0,8,1163.13,145.39125,53,0.0325,8,11,2024-07-13,1.0,7.0,-6.0,356,Consumer,Direct,0
1313.0,3,1125.46,375.15333333333336,11,0.06233333333333333,3,5,2024-11-13,1.0,2.0,-1.0,233,Consumer,Paid Search,0
1314.0,3,228.07,76.02333333333333,26,0.034,3,5,2024-11-21,1.0,2.0,-1.0,225,Consumer,Paid Search,0
1315.0,3,254.88,84.96,158,0.062,3,6,2024-06-30,0.0,3.0,-3.0,369,Consumer,Paid Search,0
1318.0,2,282.28999999999996,141.14499999999998,74,0.07300000000000001,2,3,2025-03-09,1.0,1.0,0.0,117,Consumer,Social,0
1320.0,3,1147.72,382.5733333333333,275,0.02766666666666667,3,6,2024-08-14,0.0,3.0,-3.0,324,Consumer,Paid Search,0
1321.0,9,1907.99,211.9988888888889,82,0.060333333333333336,9,15,2023-03-24,2.0,7.0,-5.0,833,Consumer,Affiliate,0
1322.0,1,1331.68,1331.68,196,0.016,1,2,2024-12-20,0.0,1.0,-1.0,196,Consumer,Social,1
1324.0,4,420.86,105.215,68,0.068,4,6,2023-12-22,1.0,3.0,-2.0,560,Consumer,Organic,0
1326.0,3,878.79,292.93,68,0.08566666666666667,3,5,2025-01-24,1.0,2.0,-1.0,161,Consumer,Organic,0
1328.0,7,893.73,127.67571428571429,128,0.102,6,10,2023-11-10,0.0,7.0,-7.0,602,Consumer,Paid Search,1
1329.0,3,1881.74,627.2466666666667,51,0.06333333333333334,3,6,2024-12-11,2.0,1.0,1.0,205,Consumer,Paid Search,0
1331.0,10,9550.77,955.077,73,0.1407,10,59,2024-07-14,1.0,9.0,-8.0,355,Enterprise,Organic,0
1332.0,4,1576.78,394.195,177,0.035750000000000004,4,6,2024-03-17,0.0,4.0,-4.0,474,Consumer,Direct,0
1333.0,2,411.12,205.56,25,0.046,2,2,2024-02-29,1.0,1.0,0.0,491,Consumer,Social,0
1334.0,4,3918.11,979.5275,96,0.12375,4,17,2024-09-04,0.0,4.0,-4.0,303,Small Business,Email,0
1335.0,5,831.59,166.318,20,0.0826,5,12,2024-10-01,1.0,4.0,-3.0,276,Small Business,Email,0
1340.0,6,3406.18,567.6966666666666,77,0.04066666666666667,6,11,2024-10-29,1.0,5.0,-4.0,248,Consumer,Email,1
1343.0,2,96.35,48.175,137,0.0395,2,3,2024-05-11,0.0,2.0,-2.0,419,Consumer,Social,1
1346.0,6,870.4300000000001,145.0716666666667,53,0.09283333333333334,6,11,2024-09-05,1.0,5.0,-4.0,302,Consumer,Social,0
1347.0,6,3265.9300000000003,544.3216666666667,86,0.14633333333333334,6,24,2024-12-10,1.0,5.0,-4.0,206,Small Business,Paid Search,0
1348.0,2,234.25,117.125,260,0.0885,2,3,2024-06-02,0.0,2.0,-2.0,397,Consumer,Paid Search,1
1349.0,5,1282.49,256.498,24,0.057999999999999996,5,7,2024-02-20,2.0,3.0,-1.0,500,Consumer,Paid Search,0
1350.0,1,32.56,32.56,165,0.012,1,2,2025-01-20,0.0,1.0,-1.0,165,Consumer,Organic,0
1351.0,3,286.40999999999997,95.46999999999998,156,0.12333333333333334,3,4,2024-11-08,0.0,3.0,-3.0,238,Consumer,Affiliate,0
1355.0,4,1039.08,259.77,52,0.07225,4,6,2024-07-21,2.0,2.0,0.0,348,Consumer,Social,0
1356.0,9,2836.95,315.21666666666664,6,0.12177777777777779,9,29,2024-07-07,3.0,6.0,-3.0,362,Small Business,Paid Search,0
1357.0,6,1357.96,226.32666666666668,54,0.09283333333333334,6,10,2024-05-11,1.0,5.0,-4.0,419,Consumer,Organic,0
1358.0,5,1692.5500000000002,338.51000000000005,100,0.048,5,9,2024-06-30,0.0,5.0,-5.0,369,Consumer,Affiliate,0
1360.0,1,68.16,68.16,152,0.0,1,1,2025-02-02,0.0,1.0,-1.0,152,Consumer,Organic,0
1361.0,3,275.03999999999996,91.67999999999999,333,0.06333333333333334,3,5,2024-03-23,0.0,3.0,-3.0,468,Consumer,Organic,0
1363.0,1,39.0,39.0,64,0.0,1,2,2025-05-01,1.0,0.0,1.0,64,Consumer,Social,0
1364.0,5,668.3,133.66,121,0.041999999999999996,5,6,2023-07-27,0.0,5.0,-5.0,708,Consumer,Paid Search,0
1365.0,2,221.36,110.68,15,0.1265,2,2,2024-06-04,1.0,1.0,0.0,395,Consumer,Social,1
1366.0,2,2735.7200000000003,1367.8600000000001,136,0.043,2,8,2025-01-06,0.0,2.0,-2.0,179,Small Business,Affiliate,1
1368.0,2,194.5,97.25,314,0.0035,2,2,2024-07-30,0.0,2.0,-2.0,339,Consumer,Social,1
1372.0,5,4079.87,815.9739999999999,153,0.12940000000000002,5,17,2024-05-03,0.0,5.0,-5.0,427,Small Business,Social,0
1373.0,16,2894.48,180.905,37,0.0701875,15,54,2023-11-21,3.0,13.0,-10.0,591,Small Business,Email,1
1375.0,6,1707.6,284.59999999999997,48,0.12583333333333332,6,24,2024-10-08,3.0,3.0,0.0,269,Small Business,Paid Search,0
1378.0,5,893.36,178.672,71,0.0818,5,8,2023-11-26,1.0,4.0,-3.0,586,Consumer,Paid Search,0
1382.0,1,286.53,286.53,234,0.076,1,1,2024-11-12,0.0,1.0,-1.0,234,Consumer,Organic,0
1384.0,1,99.89,99.89,162,0.07,1,1,2025-01-23,0.0,1.0,-1.0,162,Consumer,Paid Search,0
1388.0,2,122.35,61.175,121,0.040999999999999995,2,3,2024-08-27,0.0,2.0,-2.0,311,Consumer,Paid Search,0
1389.0,7,1784.29,254.89857142857142,13,0.08414285714285714,7,8,2023-11-30,1.0,6.0,-5.0,582,Consumer,Social,0
1390.0,1,159.06,159.06,393,0.0,1,1,2024-06-06,0.0,1.0,-1.0,393,Consumer,Paid Search,0
1391.0,5,8509.08,1701.816,29,0.11699999999999999,5,39,2024-12-29,2.0,3.0,-1.0,187,Enterprise,Social,0
1392.0,4,2142.44,535.61,29,0.09999999999999999,4,12,2024-10-24,2.0,2.0,0.0,253,Small Business,Social,0
1393.0,4,404.13,101.0325,80,0.05425,4,6,2025-02-05,1.0,3.0,-2.0,149,Consumer,Paid Search,0
1394.0,3,350.25,116.75,14,0.10766666666666667,3,9,2025-01-24,2.0,1.0,1.0,161,Small Business,Social,0
1397.0,6,969.98,161.66333333333333,50,0.03966666666666666,6,9,2024-09-30,1.0,5.0,-4.0,277,Consumer,Organic,0
1400.0,4,1359.35,339.8375,21,0.09625,4,5,2025-01-12,2.0,2.0,0.0,173,Consumer,Paid Search,0
1401.0,4,1388.73,347.1825,113,0.04025,4,6,2024-04-24,0.0,4.0,-4.0,436,Consumer,Organic,0
1407.0,2,328.79,164.395,123,0.053,2,3,2024-09-30,0.0,2.0,-2.0,277,Consumer,Organic,0
1409.0,3,885.62,295.20666666666665,0,0.036000000000000004,3,4,2025-03-08,2.0,1.0,1.0,118,Consumer,Social,0
1411.0,4,753.72,188.43,136,0.06924999999999999,4,8,2023-12-06,0.0,4.0,-4.0,576,Consumer,Organic,0
1412.0,4,616.14,154.035,45,0.0775,4,6,2025-02-10,3.0,1.0,2.0,144,Consumer,Email,1
1414.0,3,1064.54,354.84666666666664,20,0.068,3,4,2024-06-05,1.0,2.0,-1.0,394,Consumer,Affiliate,0
1416.0,1,283.84,283.84,1,0.155,1,1,2025-07-03,1.0,0.0,1.0,1,Consumer,Paid Search,0
1419.0,3,1113.0,371.0,51,0.07866666666666666,3,5,2024-05-27,1.0,2.0,-1.0,403,Consumer,Paid Search,0
1421.0,4,910.62,227.655,206,0.0435,4,8,2024-06-24,0.0,4.0,-4.0,375,Consumer,Affiliate,0
1425.0,5,553.39,110.678,182,0.083,5,6,2023-07-14,0.0,5.0,-5.0,721,Consumer,Social,1
1426.0,5,1441.3400000000001,288.26800000000003,86,0.039,5,8,2024-05-05,1.0,4.0,-3.0,425,Consumer,Email,0
1429.0,2,130.0,65.0,7,0.0795,2,4,2025-02-02,1.0,1.0,0.0,152,Consumer,Paid Search,0
1430.0,9,1335.01,148.33444444444444,301,0.04111111111111111,9,15,2023-08-21,0.0,9.0,-9.0,683,Consumer,Organic,0
1431.0,5,1114.14,222.82800000000003,34,0.0368,5,8,2024-08-01,2.0,3.0,-1.0,337,Consumer,Organic,1
1433.0,5,586.26,117.252,92,0.0162,5,9,2023-08-19,0.0,5.0,-5.0,685,Consumer,Paid Search,0
1434.0,4,1585.44,396.36,69,0.08174999999999999,4,6,2024-10-27,1.0,3.0,-2.0,250,Consumer,Email,0
1436.0,11,2323.27,211.20636363636365,8,0.1040909090909091,11,39,2023-08-24,2.0,9.0,-7.0,680,Small Business,Paid Search,0
1438.0,3,287.26,95.75333333333333,16,0.09633333333333334,3,5,2024-06-15,1.0,2.0,-1.0,384,Consumer,Direct,0
1442.0,3,2120.88,706.96,153,0.07466666666666667,3,6,2024-04-01,0.0,3.0,-3.0,459,Consumer,Direct,0
1443.0,7,4332.61,618.9442857142857,11,0.1752857142857143,7,53,2024-11-09,2.0,5.0,-3.0,237,Enterprise,Social,0
1445.0,4,627.39,156.8475,19,0.11800000000000001,4,4,2024-09-02,1.0,3.0,-2.0,305,Consumer,Social,0
1446.0,10,12208.34,1220.834,9,0.14179999999999998,9,78,2024-06-10,4.0,6.0,-2.0,389,Enterprise,Email,0
1447.0,6,1099.82,183.3033333333333,21,0.04466666666666667,6,10,2023-11-20,1.0,5.0,-4.0,592,Consumer,Paid Search,0
1450.0,2,807.08,403.54,11,0.156,2,4,2025-06-19,2.0,0.0,2.0,15,Small Business,Organic,0
1452.0,2,151.74,75.87,188,0.0005,2,2,2024-11-07,0.0,2.0,-2.0,239,Consumer,Social,0
1453.0,1,156.02,156.02,147,0.074,1,1,2025-02-07,0.0,1.0,-1.0,147,Consumer,Paid Search,1
1454.0,2,57.67,28.835,14,0.1005,2,2,2024-10-31,1.0,1.0,0.0,246,Consumer,Email,0
1455.0,4,1735.21,433.8025,37,0.16175,3,11,2025-02-16,2.0,2.0,0.0,138,Small Business,Paid Search,0
1456.0,2,438.36,219.18,291,0.11599999999999999,2,3,2024-08-13,0.0,2.0,-2.0,325,Consumer,Email,1
1459.0,3,285.0,95.0,88,0.085,3,4,2024-12-03,1.0,2.0,-1.0,213,Consumer,Social,0
1460.0,4,1059.35,264.8375,12,0.07625,4,17,2024-12-04,2.0,2.0,0.0,212,Small Business,Organic,0
1461.0,1,655.62,655.62,440,0.113,1,2,2024-04-20,0.0,1.0,-1.0,440,Consumer,Paid Search,1
1465.0,3,1037.53,345.8433333333333,48,0.09899999999999999,3,4,2024-11-24,1.0,2.0,-1.0,222,Consumer,Email,0
1466.0,3,1619.73,539.91,192,0.055,3,5,2024-01-25,0.0,3.0,-3.0,526,Consumer,Organic,0
1467.0,5,2492.0499999999997,498.40999999999997,165,0.0596,5,8,2024-03-18,0.0,5.0,-5.0,473,Consumer,Organic,0
1468.0,14,6793.96,485.28285714285715,33,0.12050000000000001,14,48,2023-10-17,4.0,10.0,-6.0,626,Small Business,Affiliate,1
1469.0,8,3511.0600000000004,438.88250000000005,56,0.08025,8,33,2023-12-06,1.0,7.0,-6.0,576,Small Business,Social,0
1470.0,1,64.66,64.66,604,0.093,1,2,2023-11-08,0.0,1.0,-1.0,604,Consumer,Affiliate,0
1472.0,4,2006.73,501.6825,133,0.042,4,6,2024-06-15,0.0,4.0,-4.0,384,Consumer,Social,0
1473.0,4,2132.24,533.06,185,0.03375,4,6,2024-04-18,0.0,4.0,-4.0,442,Consumer,Email,1
1475.0,2,724.38,362.19,43,0.020499999999999997,2,4,2025-01-16,1.0,1.0,0.0,169,Consumer,Paid Search,1
1477.0,1,517.46,517.46,138,0.063,1,2,2025-02-16,0.0,1.0,-1.0,138,Consumer,Social,1
1479.0,3,321.21000000000004,107.07000000000001,43,0.028333333333333332,3,5,2025-03-15,2.0,1.0,1.0,111,Consumer,Paid Search,0
1480.0,3,3201.0699999999997,1067.0233333333333,101,0.12066666666666666,3,13,2024-12-01,0.0,3.0,-3.0,215,Small Business,Paid Search,0
1482.0,1,3.29,3.29,247,0.083,1,1,2024-10-30,0.0,1.0,-1.0,247,Consumer,Paid Search,1
1483.0,3,376.45000000000005,125.48333333333335,157,0.09366666666666668,3,11,2024-09-05,0.0,3.0,-3.0,302,Small Business,Paid Search,0
1484.0,3,2651.61,883.87,7,0.11666666666666665,3,14,2024-10-03,1.0,2.0,-1.0,274,Small Business,Paid Search,0
1485.0,9,7178.41,797.6011111111111,33,0.10755555555555556,9,30,2024-02-18,1.0,8.0,-7.0,502,Small Business,Affiliate,0
1487.0,3,111.48,37.160000000000004,192,0.08766666666666667,3,3,2024-09-24,0.0,3.0,-3.0,283,Consumer,Paid Search,0
1488.0,8,1722.34,215.2925,30,0.05375,8,12,2024-01-09,1.0,7.0,-6.0,542,Consumer,Paid Search,0
1489.0,8,4767.839999999999,595.9799999999999,176,0.106875,8,27,2024-04-13,0.0,8.0,-8.0,447,Small Business,Paid Search,0
1491.0,3,451.82,150.60666666666665,74,0.09033333333333333,3,6,2024-12-14,1.0,2.0,-1.0,202,Consumer,Social,0
1494.0,5,1097.5,219.5,101,0.1018,5,7,2024-02-07,0.0,5.0,-5.0,513,Consumer,Social,0
1496.0,5,1179.52,235.904,26,0.0254,5,7,2024-07-17,1.0,4.0,-3.0,352,Consumer,Organic,0
1497.0,3,572.69,190.89666666666668,77,0.031,3,5,2024-07-26,1.0,2.0,-1.0,343,Consumer,Direct,0
1500.0,10,5487.33,548.733,33,0.0739,9,33,2024-05-19,2.0,8.0,-6.0,411,Small Business,Paid Search,0
1501.0,1,81.61,81.61,2,0.0,1,1,2025-07-02,1.0,0.0,1.0,2,Consumer,Organic,0
1502.0,2,116.67,58.335,80,0.007,2,2,2025-04-03,1.0,1.0,0.0,92,Consumer,Paid Search,0
1503.0,3,1234.28,411.4266666666667,24,0.03333333333333333,2,5,2025-02-06,2.0,1.0,1.0,148,Consumer,Organic,0
1504.0,1,63.54,63.54,13,0.066,1,2,2025-06-21,1.0,0.0,1.0,13,Consumer,Paid Search,1
1506.0,3,115.74,38.58,44,0.06333333333333334,3,3,2024-12-25,1.0,2.0,-1.0,191,Consumer,Organic,0
1507.0,5,2759.31,551.862,57,0.0988,5,15,2024-06-27,2.0,3.0,-1.0,372,Small Business,Organic,0
1511.0,17,19978.3,1175.1941176470589,3,0.11311764705882353,16,133,2023-11-05,2.0,15.0,-13.0,607,Enterprise,Paid Search,0
1512.0,5,2079.88,415.976,9,0.09,5,20,2024-09-26,2.0,3.0,-1.0,281,Small Business,Organic,0
1513.0,2,172.84,86.42,120,0.058,2,2,2024-12-11,0.0,2.0,-2.0,205,Consumer,Paid Search,0
1514.0,17,21982.46,1293.085882352941,10,0.13435294117647056,17,134,2023-10-21,3.0,14.0,-11.0,622,Enterprise,Social,0
1515.0,4,267.73,66.9325,33,0.06125,4,5,2024-09-28,1.0,3.0,-2.0,279,Consumer,Social,1
1516.0,1,2344.65,2344.65,148,0.081,1,5,2025-02-06,0.0,1.0,-1.0,148,Small Business,Direct,0
1518.0,4,1998.98,499.745,167,0.10525000000000001,4,12,2024-04-17,0.0,4.0,-4.0,443,Small Business,Paid Search,0
1520.0,4,290.95000000000005,72.73750000000001,68,0.048,4,6,2024-12-01,1.0,3.0,-2.0,215,Consumer,Paid Search,0
1522.0,3,115.16,38.38666666666666,87,0.06633333333333334,3,4,2025-01-13,1.0,2.0,-1.0,172,Consumer,Social,0
1523.0,2,722.32,361.16,26,0.08199999999999999,2,6,2025-03-29,1.0,1.0,0.0,97,Small Business,Email,0
1524.0,1,49.68,49.68,51,0.076,1,2,2025-05-14,1.0,0.0,1.0,51,Consumer,Direct,0
1526.0,2,353.02000000000004,176.51000000000002,42,0.058499999999999996,2,3,2025-04-11,2.0,0.0,2.0,84,Consumer,Paid Search,1
1527.0,4,353.74,88.435,159,0.07825,4,4,2024-12-04,0.0,4.0,-4.0,212,Consumer,Paid Search,0
1530.0,9,2478.32,275.36888888888893,23,0.046000000000000006,8,12,2023-09-13,1.0,8.0,-7.0,660,Consumer,Organic,0
1531.0,1,792.17,792.17,192,0.094,1,1,2024-12-24,0.0,1.0,-1.0,192,Consumer,Direct,0
1532.0,3,87.13,29.043333333333333,27,0.03,3,3,2024-11-28,1.0,2.0,-1.0,218,Consumer,Paid Search,1
1535.0,4,815.94,203.985,4,0.068,4,5,2024-10-06,1.0,3.0,-2.0,271,Consumer,Organic,1
1537.0,4,1230.22,307.555,83,0.021500000000000002,4,6,2024-10-05,1.0,3.0,-2.0,272,Consumer,Organic,0
1538.0,1,31.78,31.78,252,0.06,1,2,2024-10-25,0.0,1.0,-1.0,252,Consumer,Social,0
1539.0,2,224.98,112.49,189,0.013,2,4,2024-04-24,0.0,2.0,-2.0,436,Consumer,Email,0
1540.0,3,1203.67,401.22333333333336,96,0.07166666666666667,3,5,2023-10-19,0.0,3.0,-3.0,624,Consumer,Email,0
1541.0,6,1568.0900000000001,261.34833333333336,32,0.052833333333333336,6,9,2023-12-19,1.0,5.0,-4.0,563,Consumer,Direct,0
1542.0,5,1372.3999999999999,274.47999999999996,22,0.1092,5,22,2024-09-14,3.0,2.0,1.0,293,Small Business,Social,0
1545.0,8,6134.030000000001,766.7537500000001,159,0.103125,8,25,2023-10-21,0.0,8.0,-8.0,622,Small Business,Paid Search,0
1547.0,5,638.3,127.66,30,0.0254,5,8,2024-01-01,2.0,3.0,-1.0,550,Consumer,Direct,1
1549.0,6,1167.74,194.62333333333333,89,0.013999999999999999,6,9,2024-03-05,1.0,5.0,-4.0,486,Consumer,Direct,1
1551.0,3,340.48,113.49333333333334,0,0.08600000000000001,2,4,2024-08-01,1.0,2.0,-1.0,337,Consumer,Affiliate,0
1552.0,1,1469.72,1469.72,102,0.157,1,4,2025-03-24,0.0,1.0,-1.0,102,Small Business,Organic,0
1553.0,4,1438.08,359.52,49,0.08625000000000001,4,15,2024-08-17,1.0,3.0,-2.0,321,Small Business,Organic,0
1555.0,3,1311.9,437.3,97,0.09033333333333333,3,6,2024-08-15,0.0,3.0,-3.0,323,Consumer,Organic,1
1557.0,1,42.46,42.46,94,0.121,1,2,2025-04-01,0.0,1.0,-1.0,94,Consumer,Social,0
1561.0,6,989.7900000000001,164.965,183,0.028666666666666663,6,10,2024-03-31,0.0,6.0,-6.0,460,Consumer,Organic,0
1562.0,1,42.77,42.77,100,0.0,1,1,2025-03-26,0.0,1.0,-1.0,100,Consumer,Email,0
1563.0,4,457.63,114.4075,81,0.0775,4,4,2024-05-10,1.0,3.0,-2.0,420,Consumer,Affiliate,1
1564.0,9,18985.17,2109.463333333333,131,0.12644444444444444,9,61,2024-04-29,0.0,9.0,-9.0,431,Enterprise,Paid Search,0
1568.0,2,454.90999999999997,227.45499999999998,43,0.025,2,3,2024-10-28,1.0,1.0,0.0,249,Consumer,Direct,0
1569.0,1,73.37,73.37,0,0.0,1,1,2025-07-04,1.0,0.0,1.0,0,Consumer,Affiliate,0
1572.0,3,502.84,167.61333333333332,335,0.09733333333333333,3,5,2024-04-04,0.0,3.0,-3.0,456,Consumer,Paid Search,1
1573.0,2,47.769999999999996,23.884999999999998,118,0.067,2,2,2025-01-28,0.0,2.0,-2.0,157,Consumer,Direct,0
1575.0,3,412.83000000000004,137.61,121,0.07966666666666666,3,4,2025-01-16,0.0,3.0,-3.0,169,Consumer,Social,0
1576.0,1,41.96,41.96,278,0.0,1,1,2024-09-29,0.0,1.0,-1.0,278,Consumer,Organic,0
1581.0,7,3465.9900000000002,495.1414285714286,11,0.13185714285714287,7,48,2024-04-20,2.0,5.0,-3.0,440,Enterprise,Direct,0
1582.0,12,6457.34,538.1116666666667,42,0.166,11,94,2024-07-12,1.0,11.0,-10.0,357,Enterprise,Organic,0
1583.0,5,2014.9099999999999,402.98199999999997,73,0.13199999999999998,5,20,2025-03-29,3.0,2.0,1.0,97,Small Business,Paid Search,0
1584.0,2,316.99,158.495,178,0.044,2,3,2025-01-02,0.0,2.0,-2.0,183,Consumer,Organic,0
1585.0,4,719.23,179.8075,5,0.038,4,4,2024-11-21,2.0,2.0,0.0,225,Consumer,Paid Search,1
1587.0,4,492.1,123.025,123,0.057749999999999996,4,6,2024-09-25,0.0,4.0,-4.0,282,Consumer,Paid Search,0
1589.0,6,4894.59,815.765,60,0.1035,5,43,2024-07-19,1.0,5.0,-4.0,350,Enterprise,Social,0
1590.0,6,2887.45,481.2416666666666,0,0.1285,6,23,2024-06-16,3.0,3.0,0.0,383,Small Business,Paid Search,0
1591.0,4,1389.1000000000001,347.27500000000003,99,0.052250000000000005,4,6,2023-11-27,0.0,4.0,-4.0,585,Consumer,Social,0
1592.0,5,1493.33,298.666,61,0.073,5,8,2024-03-12,1.0,4.0,-3.0,479,Consumer,Organic,0
1594.0,9,6559.53,728.8366666666666,21,0.08600000000000001,8,30,2024-09-05,4.0,5.0,-1.0,302,Small Business,Paid Search,0
1595.0,2,383.13,191.565,102,0.014,2,3,2024-05-24,0.0,2.0,-2.0,406,Consumer,Organic,0
1597.0,2,517.0,258.5,61,0.1325,2,3,2024-12-01,1.0,1.0,0.0,215,Consumer,Affiliate,0
1598.0,3,336.59000000000003,112.19666666666667,597,0.09299999999999999,3,3,2023-08-19,0.0,3.0,-3.0,685,Consumer,Social,0
1599.0,7,2608.2,372.59999999999997,1,0.06985714285714285,6,9,2024-06-16,2.0,5.0,-3.0,383,Consumer,Organic,1
1600.0,5,2759.8199999999997,551.9639999999999,17,0.0746,5,9,2024-09-16,1.0,4.0,-3.0,291,Consumer,Affiliate,0
1602.0,3,775.74,258.58,14,0.03766666666666666,3,6,2024-11-07,1.0,2.0,-1.0,239,Consumer,Social,0
1603.0,9,3136.6600000000003,348.51777777777784,110,0.11266666666666666,9,28,2023-08-25,0.0,9.0,-9.0,679,Small Business,Paid Search,0
1604.0,5,654.8299999999999,130.96599999999998,47,0.055799999999999995,5,8,2023-10-09,1.0,4.0,-3.0,634,Consumer,Paid Search,0
1608.0,4,2172.6099999999997,543.1524999999999,253,0.10725,4,7,2024-03-30,0.0,4.0,-4.0,461,Consumer,Paid Search,0
1609.0,2,737.9000000000001,368.95000000000005,64,0.0725,2,4,2024-12-15,1.0,1.0,0.0,201,Consumer,Organic,0
1610.0,2,318.48,159.24,134,0.0145,2,3,2024-09-27,0.0,2.0,-2.0,280,Consumer,Direct,0
1611.0,2,216.76,108.38,42,0.06,2,4,2024-11-19,1.0,1.0,0.0,227,Consumer,Organic,1
1612.0,12,5660.13,471.6775,51,0.10425000000000001,11,39,2023-11-01,2.0,10.0,-8.0,611,Small Business,Paid Search,0
1615.0,9,4682.91,520.3233333333333,36,0.043111111111111114,8,14,2023-09-29,1.0,8.0,-7.0,644,Consumer,Paid Search,0
1616.0,4,430.78,107.695,130,0.07425000000000001,4,6,2024-01-29,0.0,4.0,-4.0,522,Consumer,Social,0
1618.0,1,360.38,360.38,185,0.067,1,2,2024-12-31,0.0,1.0,-1.0,185,Consumer,Email,0
1619.0,10,4168.92,416.892,53,0.1076,10,34,2024-01-08,2.0,8.0,-6.0,543,Small Business,Paid Search,0
1620.0,7,1517.03,216.71857142857144,3,0.08057142857142859,7,11,2024-05-25,1.0,6.0,-5.0,405,Consumer,Email,1
1623.0,2,74.44,37.22,153,0.076,2,2,2024-12-15,0.0,2.0,-2.0,201,Consumer,Paid Search,1
1625.0,2,427.14,213.57,86,0.0045,2,3,2024-11-02,1.0,1.0,0.0,244,Consumer,Paid Search,1
1626.0,1,73.26,73.26,224,0.063,1,2,2024-11-22,0.0,1.0,-1.0,224,Consumer,Affiliate,1
1627.0,6,4964.55,827.4250000000001,47,0.09933333333333333,6,36,2025-01-27,3.0,3.0,0.0,158,Enterprise,Affiliate,0
1628.0,1,114.54,114.54,45,0.066,1,2,2025-05-20,1.0,0.0,1.0,45,Consumer,Organic,0
1629.0,1,29.5,29.5,413,0.073,1,1,2024-05-17,0.0,1.0,-1.0,413,Consumer,Paid Search,1
1630.0,1,27.41,27.41,96,0.231,1,1,2025-03-30,0.0,1.0,-1.0,96,Consumer,Organic,1
1631.0,2,205.17000000000002,102.58500000000001,176,0.058499999999999996,2,3,2025-01-06,0.0,2.0,-2.0,179,Consumer,Organic,0
1633.0,6,670.74,111.79,126,0.033999999999999996,6,8,2023-07-11,0.0,6.0,-6.0,724,Consumer,Organic,1
1634.0,5,6335.07,1267.014,116,0.1238,4,36,2024-10-02,0.0,5.0,-5.0,275,Enterprise,Direct,0
1636.0,2,260.51,130.255,35,0.059000000000000004,2,2,2025-05-14,2.0,0.0,2.0,51,Consumer,Social,0
1640.0,6,2625.9300000000003,437.65500000000003,42,0.048999999999999995,6,11,2024-05-19,1.0,5.0,-4.0,411,Consumer,Direct,0
1641.0,3,179.12,59.70666666666667,69,0.04566666666666667,3,3,2025-01-15,2.0,1.0,1.0,170,Consumer,Social,0
1642.0,2,591.51,295.755,114,0.0975,2,7,2025-02-06,0.0,2.0,-2.0,148,Small Business,Paid Search,0
1643.0,6,5029.89,838.315,83,0.1535,6,52,2024-05-12,1.0,5.0,-4.0,418,Enterprise,Social,0
1644.0,10,6918.45,691.845,15,0.1254,10,32,2023-10-10,1.0,9.0,-8.0,633,Small Business,Social,0
1645.0,4,540.21,135.0525,124,0.06425,4,4,2024-04-12,0.0,4.0,-4.0,448,Consumer,Direct,0
1646.0,5,1565.37,313.07399999999996,6,0.0856,5,18,2024-10-19,2.0,3.0,-1.0,258,Small Business,Organic,0
1647.0,3,334.66999999999996,111.55666666666666,60,0.06866666666666667,3,4,2024-12-09,1.0,2.0,-1.0,207,Consumer,Paid Search,0
1648.0,3,912.26,304.08666666666664,0,0.055333333333333325,3,4,2025-05-13,3.0,0.0,3.0,52,Consumer,Social,0
1651.0,2,906.02,453.01,259,0.006,2,3,2024-08-19,0.0,2.0,-2.0,319,Consumer,Organic,1
1653.0,4,972.15,243.0375,366,0.07,4,5,2023-05-15,0.0,4.0,-4.0,781,Consumer,Social,1
1656.0,6,1568.77,261.46166666666664,6,0.04716666666666667,5,9,2024-01-29,1.0,5.0,-4.0,522,Consumer,Organic,1
1661.0,3,489.22,163.07333333333335,53,0.07733333333333332,3,6,2025-01-05,2.0,1.0,1.0,180,Consumer,Paid Search,0
1662.0,4,453.31000000000006,113.32750000000001,157,0.049,4,6,2023-11-08,0.0,4.0,-4.0,604,Consumer,Paid Search,0
1665.0,5,7269.969999999999,1453.994,14,0.1886,5,35,2025-01-13,2.0,3.0,-1.0,172,Enterprise,Organic,0
1666.0,2,194.41,97.205,12,0.0455,2,2,2025-05-10,2.0,0.0,2.0,55,Consumer,Paid Search,1
1667.0,1,509.64,509.64,78,0.042,1,2,2025-04-17,1.0,0.0,1.0,78,Consumer,Direct,1
1668.0,3,126.36999999999999,42.12333333333333,76,0.07266666666666667,3,4,2024-04-02,1.0,2.0,-1.0,458,Consumer,Direct,0
1670.0,5,650.18,130.036,24,0.07039999999999999,5,10,2023-11-08,1.0,4.0,-3.0,604,Consumer,Organic,1
1674.0,4,326.89,81.7225,5,0.06025,4,5,2025-02-16,3.0,1.0,2.0,138,Consumer,Paid Search,0
1675.0,6,3841.8999999999996,640.3166666666666,27,0.10233333333333333,5,16,2024-09-05,3.0,3.0,0.0,302,Small Business,Affiliate,1
1678.0,2,166.3,83.15,149,0.036,2,3,2024-11-18,0.0,2.0,-2.0,228,Consumer,Email,0
1679.0,2,631.07,315.535,306,0.054,2,3,2024-02-01,0.0,2.0,-2.0,519,Consumer,Paid Search,0
1680.0,2,2129.91,1064.955,118,0.08399999999999999,2,8,2024-09-27,0.0,2.0,-2.0,280,Small Business,Social,0
1681.0,3,241.00999999999996,80.33666666666666,178,0.04133333333333333,3,5,2024-12-03,0.0,3.0,-3.0,213,Consumer,Organic,1
1684.0,8,2285.7999999999997,285.72499999999997,30,0.05475,8,13,2024-08-03,3.0,5.0,-2.0,335,Consumer,Social,0
1686.0,9,5906.37,656.2633333333333,48,0.10155555555555557,8,35,2024-07-30,1.0,8.0,-7.0,339,Small Business,Social,0
1688.0,6,3406.6499999999996,567.775,150,0.08883333333333333,6,16,2024-06-20,0.0,6.0,-6.0,379,Small Business,Social,1
1689.0,1,104.18,104.18,64,0.026,1,1,2025-05-01,1.0,0.0,1.0,64,Consumer,Organic,0
1691.0,3,638.9300000000001,212.9766666666667,78,0.04633333333333334,3,5,2024-12-08,1.0,2.0,-1.0,208,Consumer,Email,0
1694.0,1,170.93,170.93,454,0.072,1,1,2024-04-06,0.0,1.0,-1.0,454,Consumer,Social,0
1695.0,16,7662.99,478.936875,8,0.09075,15,53,2023-12-01,2.0,14.0,-12.0,581,Small Business,Social,0
1697.0,4,334.34,83.585,151,0.0585,4,6,2024-10-03,0.0,4.0,-4.0,274,Consumer,Organic,0
1698.0,6,342.73,57.12166666666667,37,0.042333333333333334,6,7,2024-04-25,2.0,4.0,-2.0,435,Consumer,Paid Search,1
1699.0,3,375.21000000000004,125.07000000000001,120,0.01,3,4,2024-12-29,0.0,3.0,-3.0,187,Consumer,Affiliate,0
1701.0,7,3738.06,534.0085714285714,89,0.14214285714285715,6,54,2025-01-10,1.0,6.0,-5.0,175,Enterprise,Social,0
1702.0,10,9147.31,914.731,64,0.1177,9,69,2024-09-05,1.0,9.0,-8.0,302,Enterprise,Affiliate,0
1704.0,1,54.19,54.19,188,0.135,1,1,2024-12-28,0.0,1.0,-1.0,188,Consumer,Paid Search,0
1706.0,3,369.4,123.13333333333333,192,0.019666666666666666,3,6,2024-09-17,0.0,3.0,-3.0,290,Consumer,Direct,0
1709.0,6,626.36,104.39333333333333,141,0.07483333333333334,6,10,2024-01-29,0.0,6.0,-6.0,522,Consumer,Organic,1
1711.0,10,8255.07,825.507,40,0.1599,10,78,2024-10-30,2.0,8.0,-6.0,247,Enterprise,Organic,1
1712.0,4,271.3,67.825,110,0.05625,4,5,2024-01-07,0.0,4.0,-4.0,544,Consumer,Organic,0
1713.0,2,338.57,169.285,287,0.0475,2,2,2024-02-06,0.0,2.0,-2.0,514,Consumer,Email,0
1715.0,6,1245.48,207.58,57,0.04133333333333333,5,8,2023-10-07,1.0,5.0,-4.0,636,Consumer,Social,0
1716.0,1,122.15,122.15,394,0.0,1,1,2024-06-05,0.0,1.0,-1.0,394,Consumer,Affiliate,0
1717.0,6,339.9,56.65,1,0.03866666666666666,5,8,2024-11-02,4.0,2.0,2.0,244,Consumer,Social,1
1718.0,1,45.79,45.79,224,0.192,1,1,2024-11-22,0.0,1.0,-1.0,224,Consumer,Social,0
1719.0,4,591.4100000000001,147.85250000000002,122,0.029750000000000002,4,5,2024-10-27,0.0,4.0,-4.0,250,Consumer,Paid Search,0
1720.0,4,3199.7599999999998,799.9399999999999,28,0.0765,4,15,2025-02-06,2.0,2.0,0.0,148,Small Business,Paid Search,1
1721.0,2,184.73999999999998,92.36999999999999,249,0.07050000000000001,2,2,2024-06-01,0.0,2.0,-2.0,398,Consumer,Social,1
1722.0,3,1616.9,538.9666666666667,18,0.07266666666666667,3,5,2024-12-16,1.0,2.0,-1.0,200,Consumer,Social,0
1723.0,6,5618.099999999999,936.3499999999999,22,0.12016666666666666,6,40,2025-01-21,5.0,1.0,4.0,164,Enterprise,Organic,0
1724.0,7,2869.73,409.9614285714286,34,0.11657142857142856,7,49,2024-07-22,2.0,5.0,-3.0,347,Enterprise,Organic,0
1726.0,8,4888.5599999999995,611.0699999999999,123,0.108,7,25,2023-11-19,0.0,8.0,-8.0,593,Small Business,Affiliate,0
1727.0,14,18526.13,1323.295,46,0.12428571428571429,13,108,2023-09-12,1.0,13.0,-12.0,661,Enterprise,Paid Search,0
1728.0,11,2550.2,231.83636363636361,3,0.08727272727272727,11,36,2024-05-23,5.0,6.0,-1.0,407,Small Business,Paid Search,0
1729.0,3,718.4,239.46666666666667,73,0.11933333333333333,3,6,2025-02-18,1.0,2.0,-1.0,136,Consumer,Affiliate,0
1730.0,5,1134.73,226.946,118,0.0324,4,9,2024-12-30,0.0,5.0,-5.0,186,Consumer,Social,0
1732.0,6,1102.87,183.81166666666664,42,0.06033333333333333,6,11,2024-08-07,1.0,5.0,-4.0,331,Consumer,Paid Search,0
1733.0,2,80.14,40.07,106,0.10200000000000001,2,2,2024-11-07,0.0,2.0,-2.0,239,Consumer,Organic,0
1734.0,1,866.76,866.76,53,0.0,1,2,2025-05-12,1.0,0.0,1.0,53,Consumer,Paid Search,0
1735.0,9,992.63,110.29222222222222,27,0.03244444444444444,9,12,2023-07-24,2.0,7.0,-5.0,711,Consumer,Paid Search,0
1736.0,1,242.36,242.36,19,0.025,1,2,2025-06-15,1.0,0.0,1.0,19,Consumer,Social,1
1737.0,2,35.66,17.83,58,0.0555,1,4,2024-09-10,1.0,1.0,0.0,297,Consumer,Email,0
1738.0,3,361.27,120.42333333333333,21,0.023999999999999997,3,4,2024-09-03,1.0,2.0,-1.0,304,Consumer,Paid Search,1
1739.0,4,479.51,119.8775,402,0.08025,4,6,2023-11-24,0.0,4.0,-4.0,588,Consumer,Email,0
1742.0,7,1011.4399999999999,144.49142857142857,123,0.06471428571428571,6,8,2023-09-28,0.0,7.0,-7.0,645,Consumer,Social,1
1743.0,3,1737.65,579.2166666666667,75,0.10999999999999999,3,5,2025-01-26,1.0,2.0,-1.0,159,Consumer,Paid Search,0
1745.0,1,174.43,174.43,182,0.053,1,1,2025-01-03,0.0,1.0,-1.0,182,Consumer,Affiliate,0
1747.0,2,654.93,327.465,63,0.031,2,7,2025-04-25,2.0,0.0,2.0,70,Small Business,Direct,1
1750.0,4,1399.48,349.87,363,0.0655,4,7,2024-01-06,0.0,4.0,-4.0,545,Consumer,Organic,0
1751.0,2,178.53,89.265,48,0.0785,2,2,2025-05-11,2.0,0.0,2.0,54,Consumer,Affiliate,0
1753.0,2,550.38,275.19,401,0.0875,2,4,2023-12-18,0.0,2.0,-2.0,564,Consumer,Paid Search,1
1754.0,3,1734.54,578.18,129,0.05633333333333334,3,6,2024-07-27,0.0,3.0,-3.0,342,Consumer,Organic,0
1756.0,6,943.8899999999999,157.31499999999997,2,0.04533333333333333,6,9,2023-05-25,2.0,4.0,-2.0,771,Consumer,Organic,0
1759.0,5,574.76,114.952,31,0.005,5,8,2024-07-30,1.0,4.0,-3.0,339,Consumer,Affiliate,1
1760.0,3,2068.59,689.5300000000001,148,0.012666666666666666,3,5,2025-01-03,0.0,3.0,-3.0,182,Consumer,Paid Search,0
1762.0,1,394.34,394.34,48,0.118,1,2,2025-05-17,1.0,0.0,1.0,48,Consumer,Direct,0
1763.0,5,882.14,176.428,13,0.076,5,7,2024-03-16,1.0,4.0,-3.0,475,Consumer,Organic,0
1764.0,4,1073.6100000000001,268.40250000000003,163,0.044,4,4,2023-10-19,0.0,4.0,-4.0,624,Consumer,Direct,0
1766.0,5,2477.18,495.436,6,0.06760000000000001,5,9,2024-04-22,3.0,2.0,1.0,438,Consumer,Paid Search,1
1767.0,1,774.08,774.08,90,0.112,1,2,2025-04-05,0.0,1.0,-1.0,90,Consumer,Paid Search,0
1768.0,5,259.44,51.888,390,0.0374,5,8,2024-01-04,0.0,5.0,-5.0,547,Consumer,Paid Search,0
1769.0,2,684.54,342.27,156,0.049499999999999995,2,4,2024-12-28,0.0,2.0,-2.0,188,Consumer,Social,1
1771.0,5,2017.04,403.408,22,0.1406,5,18,2024-10-13,1.0,4.0,-3.0,264,Small Business,Social,1
1773.0,3,389.06000000000006,129.6866666666667,15,0.06566666666666666,3,5,2024-07-23,1.0,2.0,-1.0,346,Consumer,Social,0
1776.0,1,87.76,87.76,1,0.087,1,4,2025-07-03,1.0,0.0,1.0,1,Small Business,Direct,0
1777.0,10,11541.83,1154.183,2,0.13779999999999998,7,72,2024-05-21,2.0,8.0,-6.0,409,Enterprise,Social,0
1779.0,1,35.65,35.65,109,0.0,1,1,2025-03-17,0.0,1.0,-1.0,109,Consumer,Paid Search,0
1780.0,1,21.42,21.42,29,0.113,1,1,2025-06-05,1.0,0.0,1.0,29,Consumer,Direct,1
1782.0,3,282.23,94.07666666666667,81,0.06633333333333334,3,5,2024-02-04,1.0,2.0,-1.0,516,Consumer,Organic,0
1783.0,3,196.81000000000003,65.60333333333334,71,0.05399999999999999,3,5,2024-09-12,1.0,2.0,-1.0,295,Consumer,Paid Search,0
1784.0,12,4329.12,360.76,39,0.09508333333333334,12,38,2023-07-12,1.0,11.0,-10.0,723,Small Business,Paid Search,0
1785.0,2,866.35,433.175,6,0.0255,2,3,2025-05-27,2.0,0.0,2.0,38,Consumer,Organic,0
1786.0,4,1751.25,437.8125,30,0.10975,4,15,2024-02-22,1.0,3.0,-2.0,498,Small Business,Organic,0
1788.0,7,4256.2,608.0285714285714,6,0.07857142857142858,6,27,2024-02-24,4.0,3.0,1.0,496,Small Business,Paid Search,0
1790.0,1,8.86,8.86,162,0.061,1,1,2025-01-23,0.0,1.0,-1.0,162,Consumer,Organic,0
1791.0,3,983.0500000000001,327.68333333333334,6,0.102,3,5,2024-07-25,2.0,1.0,1.0,344,Consumer,Direct,1
1792.0,3,913.55,304.51666666666665,204,0.063,3,3,2024-07-25,0.0,3.0,-3.0,344,Consumer,Paid Search,1
1794.0,1,20.12,20.12,241,0.167,1,1,2024-11-05,0.0,1.0,-1.0,241,Consumer,Social,0
1795.0,8,2790.4900000000002,348.81125000000003,3,0.0995,7,29,2024-07-05,3.0,5.0,-2.0,364,Small Business,Email,0
1797.0,6,4897.3099999999995,816.2183333333332,18,0.14483333333333334,6,44,2024-12-13,4.0,2.0,2.0,203,Enterprise,Social,0
1798.0,4,765.51,191.3775,11,0.07975,4,6,2024-07-21,1.0,3.0,-2.0,348,Consumer,Paid Search,1
1800.0,3,343.99,114.66333333333334,30,0.081,3,4,2024-08-15,1.0,2.0,-1.0,323,Consumer,Paid Search,0
1801.0,8,2316.26,289.5325,170,0.047375,8,11,2023-07-24,0.0,8.0,-8.0,711,Consumer,Affiliate,0
1802.0,4,592.88,148.22,104,0.09,4,7,2024-10-24,0.0,4.0,-4.0,253,Consumer,Paid Search,0
1803.0,5,1332.4299999999998,266.486,14,0.0448,5,7,2024-04-05,3.0,2.0,1.0,455,Consumer,Paid Search,1
1804.0,6,1209.02,201.50333333333333,41,0.0625,6,9,2024-04-14,1.0,5.0,-4.0,446,Consumer,Social,0
1806.0,3,191.06,63.68666666666667,212,0.02366666666666667,3,6,2024-03-21,0.0,3.0,-3.0,470,Consumer,Direct,0
1809.0,1,767.0,767.0,170,0.127,1,5,2025-01-15,0.0,1.0,-1.0,170,Small Business,Organic,0
1813.0,4,551.5,137.875,76,0.064,4,6,2024-06-28,1.0,3.0,-2.0,371,Consumer,Organic,0
1814.0,4,878.16,219.54,313,0.028249999999999997,4,7,2024-03-28,0.0,4.0,-4.0,463,Consumer,Paid Search,1
1815.0,2,168.68,84.34,155,0.1195,2,4,2024-12-19,0.0,2.0,-2.0,197,Consumer,Affiliate,1
1816.0,3,1462.33,487.4433333333333,32,0.072,3,9,2025-04-18,3.0,0.0,3.0,77,Small Business,Social,1
1817.0,3,219.0,73.0,114,0.015666666666666666,3,5,2024-03-02,0.0,3.0,-3.0,489,Consumer,Social,1
1818.0,2,235.3,117.65,3,0.0855,2,3,2025-03-29,1.0,1.0,0.0,97,Consumer,Social,0
1819.0,6,1819.35,303.22499999999997,216,0.058499999999999996,6,7,2023-12-07,0.0,6.0,-6.0,575,Consumer,Organic,0
1821.0,1,111.8,111.8,398,0.0,1,2,2024-06-01,0.0,1.0,-1.0,398,Consumer,Social,0
1822.0,12,15258.82,1271.5683333333334,11,0.13925,11,86,2023-09-16,2.0,10.0,-8.0,657,Enterprise,Paid Search,0
1823.0,2,1394.75,697.375,63,0.11449999999999999,2,10,2024-12-08,1.0,1.0,0.0,208,Small Business,Social,0
1824.0,7,3199.6499999999996,457.0928571428571,147,0.12414285714285714,6,21,2024-05-19,0.0,7.0,-7.0,411,Small Business,Paid Search,0
1825.0,4,1339.0200000000002,334.75500000000005,150,0.067,4,6,2024-08-24,0.0,4.0,-4.0,314,Consumer,Affiliate,1
1826.0,7,1122.26,160.32285714285715,46,0.08871428571428572,7,10,2023-12-26,1.0,6.0,-5.0,556,Consumer,Social,0
1827.0,4,2188.5299999999997,547.1324999999999,331,0.12125,4,14,2024-06-29,0.0,4.0,-4.0,370,Small Business,Direct,0
1828.0,8,8804.86,1100.6075,61,0.170125,8,59,2024-02-08,2.0,6.0,-4.0,512,Enterprise,Organic,0
1829.0,2,431.57,215.785,118,0.095,2,7,2024-07-27,0.0,2.0,-2.0,342,Small Business,Email,0
1830.0,8,6668.969999999999,833.6212499999999,52,0.16075,8,57,2024-08-30,4.0,4.0,0.0,308,Enterprise,Direct,0
1831.0,1,434.72,434.72,24,0.0,1,2,2025-06-10,1.0,0.0,1.0,24,Consumer,Paid Search,0
1832.0,3,394.84000000000003,131.61333333333334,45,0.04066666666666666,3,5,2024-09-05,1.0,2.0,-1.0,302,Consumer,Organic,0
1833.0,6,532.5799999999999,88.76333333333332,11,0.1075,6,9,2023-10-16,1.0,5.0,-4.0,627,Consumer,Paid Search,0
1834.0,4,561.31,140.3275,108,0.024,4,7,2023-10-15,0.0,4.0,-4.0,628,Consumer,Paid Search,0
1835.0,4,702.45,175.6125,39,0.062,4,5,2024-11-11,1.0,3.0,-2.0,235,Consumer,Social,1
1839.0,1,149.34,149.34,137,0.124,1,2,2025-02-17,0.0,1.0,-1.0,137,Consumer,Email,0
1840.0,2,1007.99,503.995,49,0.0335,2,2,2024-12-06,1.0,1.0,0.0,210,Consumer,Paid Search,0
1841.0,2,476.65999999999997,238.32999999999998,104,0.041,2,3,2025-02-20,0.0,2.0,-2.0,134,Consumer,Paid Search,0
1846.0,1,177.74,177.74,180,0.035,1,1,2025-01-05,0.0,1.0,-1.0,180,Consumer,Paid Search,1
1849.0,5,1851.26,370.252,14,0.10979999999999998,5,19,2024-06-04,1.0,4.0,-3.0,395,Small Business,Paid Search,1
1851.0,7,6182.32,883.1885714285714,66,0.11171428571428572,7,26,2023-12-02,1.0,6.0,-5.0,580,Small Business,Organic,0
1854.0,4,4073.07,1018.2675,97,0.07325,4,16,2023-11-12,0.0,4.0,-4.0,600,Small Business,Direct,0
1856.0,3,320.46000000000004,106.82000000000001,245,0.04533333333333334,3,4,2023-09-07,0.0,3.0,-3.0,666,Consumer,Social,0
1859.0,3,1713.23,571.0766666666667,96,0.039,3,4,2025-01-04,0.0,3.0,-3.0,181,Consumer,Email,1
1861.0,3,317.85999999999996,105.95333333333332,154,0.071,3,5,2023-12-04,0.0,3.0,-3.0,578,Consumer,Paid Search,0
1863.0,6,7707.34,1284.5566666666666,30,0.09949999999999999,6,52,2024-10-10,2.0,4.0,-2.0,267,Enterprise,Social,0
1864.0,4,1507.67,376.9175,68,0.0645,4,6,2023-10-11,1.0,3.0,-2.0,632,Consumer,Affiliate,1
1865.0,4,1964.55,491.1375,131,0.10975,4,16,2024-10-16,0.0,4.0,-4.0,261,Small Business,Social,0
1866.0,3,171.5,57.166666666666664,46,0.10033333333333333,3,4,2024-09-13,1.0,2.0,-1.0,294,Consumer,Paid Search,0
1867.0,4,491.62,122.905,204,0.03075,4,6,2024-08-31,0.0,4.0,-4.0,307,Consumer,Social,0
1868.0,5,2031.76,406.352,47,0.0372,5,9,2024-09-11,2.0,3.0,-1.0,296,Consumer,Email,1
1870.0,1,528.52,528.52,71,0.043,1,2,2025-04-24,1.0,0.0,1.0,71,Consumer,Email,0
1872.0,3,1411.3899999999999,470.4633333333333,37,0.05366666666666667,3,5,2024-12-26,2.0,1.0,1.0,190,Consumer,Paid Search,1
1873.0,1,160.61,160.61,130,0.128,1,1,2025-02-24,0.0,1.0,-1.0,130,Consumer,Organic,0
1874.0,3,624.81,208.26999999999998,5,0.05933333333333333,3,4,2025-01-01,1.0,2.0,-1.0,184,Consumer,Social,0
1875.0,3,612.52,204.17333333333332,158,0.04566666666666667,3,3,2024-11-19,0.0,3.0,-3.0,227,Consumer,Organic,0
1876.0,2,331.47999999999996,165.73999999999998,166,0.052500000000000005,2,4,2024-12-09,0.0,2.0,-2.0,207,Consumer,Direct,1
1877.0,1,216.7,216.7,108,0.113,1,2,2025-03-18,0.0,1.0,-1.0,108,Consumer,Organic,0
1878.0,2,564.6700000000001,282.33500000000004,182,0.034,2,3,2024-07-16,0.0,2.0,-2.0,353,Consumer,Social,1
1879.0,4,473.74,118.435,78,0.07999999999999999,4,7,2024-07-16,1.0,3.0,-2.0,353,Consumer,Organic,0
1880.0,3,992.4000000000001,330.8,19,0.08033333333333333,3,8,2024-12-06,2.0,1.0,1.0,210,Small Business,Affiliate,0
1881.0,5,6076.6900000000005,1215.3380000000002,40,0.1462,5,39,2024-11-07,1.0,4.0,-3.0,239,Enterprise,Organic,0
1888.0,2,419.3,209.65,288,0.051500000000000004,2,4,2024-04-01,0.0,2.0,-2.0,459,Consumer,Affiliate,0
1889.0,1,503.12,503.12,141,0.0,1,2,2025-02-13,0.0,1.0,-1.0,141,Consumer,Paid Search,0
1890.0,9,6210.3,690.0333333333333,10,0.09366666666666666,9,31,2024-08-02,3.0,6.0,-3.0,336,Small Business,Affiliate,0
1893.0,3,111.48,37.160000000000004,145,0.08700000000000001,3,4,2024-06-20,0.0,3.0,-3.0,379,Consumer,Organic,0
1895.0,12,9250.41,770.8675,65,0.12841666666666665,12,45,2023-12-07,1.0,11.0,-10.0,575,Small Business,Social,1
1896.0,5,4236.27,847.2540000000001,54,0.0884,5,17,2024-12-28,1.0,4.0,-3.0,188,Small Business,Organic,0
1898.0,5,977.0,195.4,41,0.10740000000000001,5,7,2023-11-23,2.0,3.0,-1.0,589,Consumer,Organic,0
1899.0,2,516.44,258.22,4,0.0945,2,9,2025-06-17,2.0,0.0,2.0,17,Small Business,Social,0
1901.0,5,1344.94,268.988,93,0.0522,5,8,2023-10-30,0.0,5.0,-5.0,613,Consumer,Social,0
1902.0,2,1863.02,931.51,183,0.0275,2,4,2024-11-04,0.0,2.0,-2.0,242,Consumer,Paid Search,0
1903.0,3,646.56,215.51999999999998,224,0.012333333333333333,3,6,2024-08-18,0.0,3.0,-3.0,320,Consumer,Social,0
1905.0,4,3777.1899999999996,944.2974999999999,42,0.12475,4,17,2024-06-21,2.0,2.0,0.0,378,Small Business,Paid Search,0
1908.0,4,1615.24,403.81,104,0.02525,4,6,2024-02-03,0.0,4.0,-4.0,517,Consumer,Affiliate,1
1909.0,4,529.81,132.4525,0,0.022500000000000003,4,7,2024-11-24,3.0,1.0,2.0,222,Consumer,Organic,0
1910.0,1,31.64,31.64,148,0.0,1,2,2025-02-06,0.0,1.0,-1.0,148,Consumer,Email,0
1912.0,4,934.89,233.7225,19,0.053250000000000006,4,5,2024-11-17,3.0,1.0,2.0,229,Consumer,Organic,0
1913.0,3,1434.31,478.1033333333333,14,0.06233333333333333,3,4,2024-05-05,1.0,2.0,-1.0,425,Consumer,Paid Search,1
1914.0,4,667.28,166.82,192,0.088,4,8,2024-04-28,0.0,4.0,-4.0,432,Consumer,Organic,0
1916.0,3,923.8399999999999,307.94666666666666,42,0.085,3,10,2025-04-06,3.0,0.0,3.0,89,Small Business,Organic,0
1918.0,1,124.88,124.88,102,0.124,1,2,2025-03-24,0.0,1.0,-1.0,102,Consumer,Affiliate,0
1920.0,3,413.24,137.74666666666667,252,0.08633333333333333,3,4,2024-01-01,0.0,3.0,-3.0,550,Consumer,Social,0
1921.0,14,5317.05,379.7892857142857,97,0.09178571428571428,13,45,2023-12-06,0.0,14.0,-14.0,576,Small Business,Direct,0
1924.0,5,2435.5,487.1,70,0.0764,5,7,2024-07-19,1.0,4.0,-3.0,350,Consumer,Direct,1
1925.0,6,3918.45,653.0749999999999,111,0.0665,6,19,2024-09-05,0.0,6.0,-6.0,302,Small Business,Paid Search,1
1926.0,1,333.99,333.99,295,0.121,1,3,2024-09-12,0.0,1.0,-1.0,295,Small Business,Email,0
1927.0,4,456.22,114.055,67,0.044,3,6,2024-10-25,1.0,3.0,-2.0,252,Consumer,Social,1
1928.0,11,10998.869999999999,999.8972727272726,25,0.13045454545454546,11,77,2024-04-10,1.0,10.0,-9.0,450,Enterprise,Affiliate,0
1930.0,3,899.92,299.9733333333333,45,0.09233333333333334,3,4,2024-09-30,2.0,1.0,1.0,277,Consumer,Affiliate,0
1933.0,7,1688.23,241.1757142857143,291,0.024714285714285713,7,11,2023-07-12,0.0,7.0,-7.0,723,Consumer,Paid Search,0
1935.0,5,359.44,71.888,111,0.0588,5,7,2024-08-20,0.0,5.0,-5.0,318,Consumer,Paid Search,1
1937.0,6,590.58,98.43,97,0.08083333333333333,6,9,2023-10-31,0.0,6.0,-6.0,612,Consumer,Organic,0
1941.0,6,7045.33,1174.2216666666666,29,0.07166666666666667,6,19,2024-06-22,2.0,4.0,-2.0,377,Small Business,Social,0
1942.0,8,4659.84,582.48,4,0.128125,8,51,2024-06-25,1.0,7.0,-6.0,374,Enterprise,Direct,0
1943.0,1,331.0,331.0,229,0.112,1,2,2024-11-17,0.0,1.0,-1.0,229,Consumer,Affiliate,0
1944.0,6,1942.65,323.77500000000003,49,0.06766666666666667,6,10,2024-11-12,1.0,5.0,-4.0,234,Consumer,Social,0
1945.0,3,504.46999999999997,168.15666666666667,163,0.041,3,4,2024-08-22,0.0,3.0,-3.0,316,Consumer,Email,0
1946.0,5,2450.04,490.008,26,0.0756,5,8,2023-08-25,2.0,3.0,-1.0,679,Consumer,Paid Search,0
1947.0,4,233.98,58.495,97,0.06174999999999999,4,5,2024-11-02,0.0,4.0,-4.0,244,Consumer,Paid Search,0
1948.0,4,445.99,111.4975,263,0.06025,4,6,2024-05-04,0.0,4.0,-4.0,426,Consumer,Organic,0
1949.0,3,395.87,131.95666666666668,35,0.042333333333333334,3,4,2024-09-17,1.0,2.0,-1.0,290,Consumer,Email,0
1950.0,18,16943.62,941.3122222222222,20,0.12638888888888888,18,123,2024-03-02,3.0,15.0,-12.0,489,Enterprise,Paid Search,0
1951.0,1,160.78,160.78,297,0.0,1,1,2024-09-10,0.0,1.0,-1.0,297,Consumer,Paid Search,1
1952.0,2,107.52000000000001,53.760000000000005,88,0.0395,2,4,2025-02-18,1.0,1.0,0.0,136,Consumer,Social,0
1953.0,4,7145.120000000001,1786.2800000000002,18,0.07125,4,19,2024-07-27,1.0,3.0,-2.0,342,Small Business,Paid Search,0
1954.0,5,1267.9199999999998,253.58399999999997,202,0.1042,5,16,2024-06-24,0.0,5.0,-5.0,375,Small Business,Social,0
1955.0,1,10.32,10.32,145,0.094,1,1,2025-02-09,0.0,1.0,-1.0,145,Consumer,Social,0
1957.0,3,868.27,289.42333333333335,37,0.030333333333333334,3,3,2024-10-16,2.0,1.0,1.0,261,Consumer,Social,0
1958.0,2,118.2,59.1,59,0.0705,2,4,2025-05-01,2.0,0.0,2.0,64,Consumer,Paid Search,0
1960.0,4,518.0,129.5,9,0.0895,4,6,2024-11-15,3.0,1.0,2.0,231,Consumer,Paid Search,0
1963.0,2,835.4,417.7,392,0.0525,2,4,2024-03-18,0.0,2.0,-2.0,473,Consumer,Paid Search,1
1964.0,6,2332.9300000000003,388.8216666666667,52,0.102,6,22,2024-09-19,2.0,4.0,-2.0,288,Small Business,Direct,0
1967.0,4,1637.53,409.3825,29,0.13424999999999998,4,11,2024-11-18,1.0,3.0,-2.0,228,Small Business,Paid Search,1
1968.0,4,1317.6299999999999,329.40749999999997,16,0.04025,4,7,2023-11-16,1.0,3.0,-2.0,596,Consumer,Affiliate,0
1969.0,2,346.92,173.46,69,0.036000000000000004,2,2,2025-03-26,1.0,1.0,0.0,100,Consumer,Organic,0
1972.0,1,164.96,164.96,46,0.0,1,1,2025-05-19,1.0,0.0,1.0,46,Consumer,Email,0
1975.0,5,1525.81,305.162,34,0.1038,5,13,2025-02-14,4.0,1.0,3.0,140,Small Business,Email,0
1976.0,1,1462.5,1462.5,43,0.058,1,2,2025-05-22,1.0,0.0,1.0,43,Consumer,Organic,0
1980.0,3,1426.1000000000001,475.36666666666673,42,0.024666666666666667,3,5,2024-02-23,1.0,2.0,-1.0,497,Consumer,Paid Search,0
1981.0,7,1061.83,151.69,19,0.05,6,11,2024-11-26,3.0,4.0,-1.0,220,Consumer,Social,0
1982.0,4,932.65,233.1625,184,0.08025,4,15,2024-03-12,0.0,4.0,-4.0,479,Small Business,Paid Search,0
1986.0,12,7549.2699999999995,629.1058333333333,31,0.1035,11,47,2024-02-06,1.0,11.0,-10.0,514,Small Business,Social,0
1987.0,2,717.73,358.865,83,0.0285,2,3,2025-01-24,1.0,1.0,0.0,161,Consumer,Organic,0
1989.0,5,1601.1999999999998,320.23999999999995,76,0.0586,5,8,2024-04-29,1.0,4.0,-3.0,431,Consumer,Organic,1
1990.0,11,2915.93,265.08454545454543,99,0.08727272727272727,11,14,2023-12-12,0.0,11.0,-11.0,570,Consumer,Social,1
1993.0,3,414.14,138.04666666666665,18,0.009333333333333334,3,3,2024-08-21,2.0,1.0,1.0,317,Consumer,Email,0
1994.0,7,8520.689999999999,1217.2414285714283,23,0.11771428571428573,7,28,2024-05-13,3.0,4.0,-1.0,417,Small Business,Social,0
1997.0,1,7.64,7.64,193,0.059,1,1,2024-12-23,0.0,1.0,-1.0,193,Consumer,Social,0
1998.0,4,549.9300000000001,137.48250000000002,34,0.0775,4,6,2024-08-22,2.0,2.0,0.0,316,Consumer,Paid Search,1
1999.0,2,81.69,40.845,271,0.043000000000000003,2,3,2024-06-07,0.0,2.0,-2.0,392,Consumer,Paid Search,0
2000.0,9,3271.92,363.5466666666667,25,0.053000000000000005,9,14,2023-08-30,1.0,8.0,-7.0,674,Consumer,Paid Search,0
2002.0,4,651.08,162.77,188,0.0475,4,8,2023-11-13,0.0,4.0,-4.0,599,Consumer,Direct,0
2003.0,12,2532.98,211.08166666666668,111,0.044500000000000005,12,17,2023-03-14,0.0,12.0,-12.0,843,Consumer,Direct,0
2007.0,1,130.91,130.91,203,0.056,1,1,2024-12-13,0.0,1.0,-1.0,203,Consumer,Social,0
2008.0,2,1246.25,623.125,63,0.091,2,8,2025-03-10,1.0,1.0,0.0,116,Small Business,Direct,1
2009.0,2,268.93,134.465,110,0.13,2,2,2025-01-09,0.0,2.0,-2.0,176,Consumer,Organic,0
2010.0,2,362.4,181.2,122,0.041999999999999996,2,4,2025-02-17,0.0,2.0,-2.0,137,Consumer,Organic,0
2011.0,3,1223.94,407.98,66,0.09000000000000001,3,10,2025-04-19,3.0,0.0,3.0,76,Small Business,Paid Search,0
2012.0,5,1053.3700000000001,210.67400000000004,35,0.0688,5,8,2024-09-13,2.0,3.0,-1.0,294,Consumer,Paid Search,1
2013.0,2,160.64,80.32,59,0.10250000000000001,2,7,2025-01-03,1.0,1.0,0.0,182,Small Business,Affiliate,0
2016.0,11,5553.99,504.9081818181818,25,0.11154545454545456,9,39,2023-12-04,1.0,10.0,-9.0,578,Small Business,Paid Search,0
2017.0,2,179.1,89.55,62,0.081,2,2,2025-03-29,1.0,1.0,0.0,97,Consumer,Social,1
2018.0,3,1306.88,435.6266666666667,73,0.06933333333333333,3,5,2024-06-11,1.0,2.0,-1.0,388,Consumer,Social,0
2019.0,3,1783.6599999999999,594.5533333333333,111,0.033,3,6,2024-10-21,0.0,3.0,-3.0,256,Consumer,Direct,0
2020.0,5,978.49,195.698,282,0.0792,5,9,2024-05-11,0.0,5.0,-5.0,419,Consumer,Social,0
2021.0,6,1048.36,174.72666666666666,54,0.07083333333333335,6,7,2024-06-01,3.0,3.0,0.0,398,Consumer,Affiliate,1
2023.0,10,11814.539999999999,1181.454,13,0.1213,10,67,2024-11-21,2.0,8.0,-6.0,225,Enterprise,Social,0
2025.0,4,598.2,149.55,37,0.05475,4,6,2023-10-12,1.0,3.0,-2.0,631,Consumer,Paid Search,1
2026.0,6,1293.1100000000001,215.51833333333335,23,0.07866666666666666,6,8,2023-08-29,1.0,5.0,-4.0,675,Consumer,Affiliate,1
2027.0,3,411.58,137.19333333333333,187,0.043000000000000003,3,5,2024-11-01,0.0,3.0,-3.0,245,Consumer,Email,1
2028.0,1,200.56,200.56,37,0.055,1,2,2025-05-28,1.0,0.0,1.0,37,Consumer,Social,0
2029.0,1,843.36,843.36,105,0.027,1,2,2025-03-21,0.0,1.0,-1.0,105,Consumer,Affiliate,0
2031.0,2,185.54000000000002,92.77000000000001,95,0.03,2,3,2024-09-22,0.0,2.0,-2.0,285,Consumer,Paid Search,0
2032.0,1,146.37,146.37,439,0.167,1,1,2024-04-21,0.0,1.0,-1.0,439,Consumer,Organic,0
2033.0,2,100.94,50.47,38,0.0985,2,3,2025-02-06,1.0,1.0,0.0,148,Consumer,Email,0
2034.0,1,69.73,69.73,188,0.083,1,1,2024-12-28,0.0,1.0,-1.0,188,Consumer,Email,1
2035.0,3,788.96,262.9866666666667,79,0.051666666666666666,3,6,2024-12-08,1.0,2.0,-1.0,208,Consumer,Paid Search,0
2036.0,4,500.73,125.1825,34,0.053,4,6,2024-12-22,2.0,2.0,0.0,194,Consumer,Paid Search,0
2038.0,10,1878.05,187.805,38,0.0521,10,15,2024-05-10,2.0,8.0,-6.0,420,Consumer,Paid Search,1
2039.0,6,3774.5899999999997,629.0983333333332,7,0.1135,5,22,2024-09-18,2.0,4.0,-2.0,289,Small Business,Paid Search,0
2042.0,2,429.43,214.715,26,0.079,2,3,2025-04-02,1.0,1.0,0.0,93,Consumer,Paid Search,0
2043.0,4,1901.47,475.3675,7,0.0925,4,18,2025-03-18,1.0,3.0,-2.0,108,Small Business,Organic,0
2044.0,7,1663.55,237.65,26,0.055142857142857146,7,11,2024-04-20,1.0,6.0,-5.0,440,Consumer,Paid Search,0
2045.0,4,918.98,229.745,28,0.066,4,4,2024-08-25,1.0,3.0,-2.0,313,Consumer,Social,0
2046.0,8,2320.51,290.06375,22,0.07125000000000001,8,14,2023-12-16,2.0,6.0,-4.0,566,Consumer,Email,1
2048.0,5,6551.879999999999,1310.3759999999997,41,0.1044,5,39,2024-06-08,2.0,3.0,-1.0,391,Enterprise,Paid Search,0
2050.0,4,568.9699999999999,142.24249999999998,320,0.061,4,7,2023-09-29,0.0,4.0,-4.0,644,Consumer,Affiliate,0
2053.0,6,1981.6000000000001,330.2666666666667,67,0.09399999999999999,6,25,2024-02-10,1.0,5.0,-4.0,510,Small Business,Paid Search,1
2054.0,1,72.5,72.5,637,0.17,1,2,2023-10-06,0.0,1.0,-1.0,637,Consumer,Paid Search,1
2055.0,5,3004.04,600.808,117,0.0924,5,17,2024-01-24,0.0,5.0,-5.0,527,Small Business,Affiliate,0
2057.0,9,2748.15,305.35,8,0.09744444444444444,9,32,2024-04-03,2.0,7.0,-5.0,457,Small Business,Social,1
2058.0,3,1609.25,536.4166666666666,41,0.075,3,10,2025-01-31,1.0,2.0,-1.0,154,Small Business,Paid Search,0
2059.0,2,99.38,49.69,23,0.0785,2,3,2024-11-06,1.0,1.0,0.0,240,Consumer,Paid Search,0
2061.0,1,1224.36,1224.36,230,0.133,1,2,2024-11-16,0.0,1.0,-1.0,230,Consumer,Paid Search,1
2062.0,4,228.5,57.125,38,0.028,4,4,2024-12-07,1.0,3.0,-2.0,209,Consumer,Direct,0
2064.0,7,1248.19,178.31285714285715,11,0.06242857142857143,7,9,2023-12-22,2.0,5.0,-3.0,560,Consumer,Email,1
2066.0,7,2780.4500000000003,397.2071428571429,212,0.08085714285714286,7,24,2023-11-15,0.0,7.0,-7.0,597,Small Business,Social,0
2067.0,4,328.42,82.105,38,0.04025,4,6,2024-12-04,1.0,3.0,-2.0,212,Consumer,Affiliate,0
2071.0,4,987.45,246.8625,10,0.10175000000000001,4,13,2024-09-17,1.0,3.0,-2.0,290,Small Business,Paid Search,0
2072.0,3,897.46,299.15333333333336,92,0.01933333333333333,3,5,2024-08-16,0.0,3.0,-3.0,322,Consumer,Paid Search,0
2073.0,9,4970.09,552.2322222222223,33,0.09633333333333333,8,29,2024-08-16,3.0,6.0,-3.0,322,Small Business,Direct,0
2075.0,1,58.21,58.21,81,0.139,1,1,2025-04-14,1.0,0.0,1.0,81,Consumer,Organic,0
2076.0,8,2221.45,277.68125,3,0.07775,8,14,2024-08-10,4.0,4.0,0.0,328,Consumer,Paid Search,0
2077.0,3,470.93,156.97666666666666,50,0.104,3,5,2024-05-29,1.0,2.0,-1.0,401,Consumer,Paid Search,1
2078.0,3,199.64999999999998,66.55,189,0.11599999999999999,3,3,2024-09-09,0.0,3.0,-3.0,298,Consumer,Social,0
2079.0,1,114.52,114.52,144,0.086,1,2,2025-02-10,0.0,1.0,-1.0,144,Consumer,Organic,0
2080.0,5,617.88,123.576,85,0.1062,5,9,2024-04-25,1.0,4.0,-3.0,435,Consumer,Paid Search,0
2082.0,2,87.17,43.585,42,0.048,2,3,2025-02-14,1.0,1.0,0.0,140,Consumer,Email,0
2083.0,3,105.59,35.196666666666665,281,0.062,3,4,2024-05-03,0.0,3.0,-3.0,427,Consumer,Organic,0
2086.0,2,765.15,382.575,313,0.11000000000000001,2,3,2024-07-13,0.0,2.0,-2.0,356,Consumer,Email,0
2087.0,7,1968.72,281.2457142857143,1,0.06885714285714285,6,12,2024-05-29,1.0,6.0,-5.0,401,Consumer,Paid Search,1
2088.0,5,1241.28,248.256,11,0.0612,5,6,2023-04-16,2.0,3.0,-1.0,810,Consumer,Affiliate,1
2089.0,17,13678.82,804.6364705882353,17,0.13164705882352942,17,107,2023-10-03,5.0,12.0,-7.0,640,Enterprise,Social,0
2092.0,5,2239.03,447.80600000000004,291,0.0446,5,7,2023-07-26,0.0,5.0,-5.0,709,Consumer,Paid Search,0
2094.0,6,1410.22,235.03666666666666,56,0.021833333333333333,6,10,2023-12-15,2.0,4.0,-2.0,567,Consumer,Social,0
2095.0,3,470.64,156.88,31,0.009000000000000001,3,4,2024-12-17,1.0,2.0,-1.0,199,Consumer,Social,0
2097.0,9,3995.72,443.96888888888884,23,0.09866666666666667,9,32,2024-08-26,1.0,8.0,-7.0,312,Small Business,Paid Search,1
2098.0,3,2299.66,766.5533333333333,76,0.022000000000000002,3,5,2024-01-07,1.0,2.0,-1.0,544,Consumer,Organic,0
2099.0,2,575.76,287.88,35,0.1215,2,6,2025-03-01,1.0,1.0,0.0,125,Small Business,Direct,0
2101.0,5,750.1800000000001,150.036,26,0.059,5,6,2024-04-16,1.0,4.0,-3.0,444,Consumer,Paid Search,0
2102.0,4,2429.43,607.3575,104,0.10125,4,6,2024-09-24,0.0,4.0,-4.0,283,Consumer,Direct,1
2103.0,8,3631.6800000000003,453.96000000000004,14,0.076625,8,26,2023-11-19,2.0,6.0,-4.0,593,Small Business,Paid Search,0
2105.0,1,38.13,38.13,188,0.015,1,1,2024-12-28,0.0,1.0,-1.0,188,Consumer,Paid Search,0
2110.0,9,4558.97,506.55222222222227,101,0.16588888888888886,9,56,2024-04-03,0.0,9.0,-9.0,457,Enterprise,Affiliate,0
2111.0,3,1295.4499999999998,431.8166666666666,52,0.15733333333333335,3,10,2024-11-28,1.0,2.0,-1.0,218,Small Business,Organic,0
2112.0,4,762.3699999999999,190.59249999999997,24,0.077,4,5,2024-08-22,1.0,3.0,-2.0,316,Consumer,Organic,1
2113.0,6,409.55,68.25833333333334,92,0.041,5,9,2024-09-07,0.0,6.0,-6.0,300,Consumer,Organic,0
2117.0,6,2633.12,438.8533333333333,0,0.08833333333333333,6,24,2024-08-22,1.0,5.0,-4.0,316,Small Business,Social,0
2119.0,4,5202.179999999999,1300.5449999999998,189,0.22125,4,34,2024-11-16,0.0,4.0,-4.0,230,Enterprise,Paid Search,0
2120.0,6,443.61,73.935,44,0.0385,6,9,2023-11-28,1.0,5.0,-4.0,584,Consumer,Organic,0
2121.0,7,1839.5300000000002,262.79,52,0.062142857142857146,7,11,2024-06-13,1.0,6.0,-5.0,386,Consumer,Affiliate,0
2122.0,1,60.8,60.8,38,0.062,1,4,2025-05-27,1.0,0.0,1.0,38,Small Business,Affiliate,0
2123.0,22,31162.38,1416.4718181818182,9,0.12063636363636364,20,155,2023-09-12,5.0,17.0,-12.0,661,Enterprise,Paid Search,0
2125.0,2,185.07,92.535,116,0.0385,2,2,2024-11-10,0.0,2.0,-2.0,236,Consumer,Organic,0
2126.0,4,442.53999999999996,110.63499999999999,43,0.1005,4,6,2025-03-14,2.0,2.0,0.0,112,Consumer,Social,0
2128.0,2,308.73,154.365,271,0.079,2,3,2024-06-05,0.0,2.0,-2.0,394,Consumer,Paid Search,0
2131.0,9,930.4300000000001,103.38111111111112,28,0.044888888888888895,9,15,2023-09-15,1.0,8.0,-7.0,658,Consumer,Email,0
2137.0,2,186.26000000000002,93.13000000000001,26,0.0025,2,4,2024-12-28,1.0,1.0,0.0,188,Consumer,Organic,0
2141.0,1,749.18,749.18,210,0.0,1,1,2024-12-06,0.0,1.0,-1.0,210,Consumer,Affiliate,0
2143.0,3,316.36,105.45333333333333,8,0.057,3,4,2024-11-22,2.0,1.0,1.0,224,Consumer,Social,0
2146.0,9,9252.84,1028.0933333333332,181,0.12133333333333335,9,30,2024-01-27,0.0,9.0,-9.0,524,Small Business,Email,0
2147.0,4,1343.94,335.985,77,0.076,4,6,2024-09-24,1.0,3.0,-2.0,283,Consumer,Social,0
2148.0,3,2097.2799999999997,699.0933333333332,52,0.051,3,5,2025-02-06,1.0,2.0,-1.0,148,Consumer,Organic,1
2149.0,3,367.52,122.50666666666666,232,0.05533333333333334,3,5,2024-10-01,0.0,3.0,-3.0,276,Consumer,Paid Search,0
2150.0,1,733.22,733.22,123,0.008,1,2,2025-03-03,0.0,1.0,-1.0,123,Consumer,Social,0
2151.0,3,185.18,61.72666666666667,43,0.074,3,3,2023-10-31,1.0,2.0,-1.0,612,Consumer,Paid Search,0
2152.0,2,288.32,144.16,78,0.023,2,2,2025-04-16,2.0,0.0,2.0,79,Consumer,Paid Search,1
2153.0,2,875.71,437.855,0,0.0885,2,3,2025-06-01,2.0,0.0,2.0,33,Consumer,Affiliate,0
2154.0,1,73.16,73.16,105,0.055,1,2,2025-03-21,0.0,1.0,-1.0,105,Consumer,Social,1
2157.0,3,406.44000000000005,135.48000000000002,24,0.052,3,4,2025-02-14,2.0,1.0,1.0,140,Consumer,Paid Search,0
2159.0,1,162.87,162.87,70,0.087,1,3,2025-04-25,1.0,0.0,1.0,70,Small Business,Paid Search,0
2160.0,1,189.75,189.75,43,0.0,1,1,2025-05-22,1.0,0.0,1.0,43,Consumer,Organic,0
2161.0,2,1549.38,774.69,28,0.0825,2,4,2025-04-03,1.0,1.0,0.0,92,Consumer,Affiliate,0
2162.0,8,4735.42,591.9275,6,0.132875,8,29,2024-02-10,2.0,6.0,-4.0,510,Small Business,Email,0
2163.0,2,287.92,143.96,290,0.058,2,4,2024-05-30,0.0,2.0,-2.0,400,Consumer,Email,1
2167.0,1,111.8,111.8,191,0.0,1,2,2024-12-25,0.0,1.0,-1.0,191,Consumer,Organic,1
2169.0,6,6682.74,1113.79,6,0.0735,6,22,2024-05-19,3.0,3.0,0.0,411,Small Business,Paid Search,0
2172.0,2,117.44,58.72,120,0.031,2,4,2024-12-15,0.0,2.0,-2.0,201,Consumer,Paid Search,0
2173.0,3,608.89,202.96333333333334,14,0.046000000000000006,3,5,2025-05-24,3.0,0.0,3.0,41,Consumer,Direct,0
2174.0,4,1061.7,265.425,44,0.069,4,6,2024-06-30,1.0,3.0,-2.0,369,Consumer,Paid Search,0
2175.0,5,2829.39,565.8779999999999,92,0.056799999999999996,5,19,2024-09-22,0.0,5.0,-5.0,285,Small Business,Email,0
2178.0,5,4978.0,995.6,4,0.0518,5,15,2024-11-01,2.0,3.0,-1.0,245,Small Business,Affiliate,0
2179.0,4,3769.38,942.345,27,0.1365,4,16,2024-08-10,1.0,3.0,-2.0,328,Small Business,Affiliate,0
2180.0,16,12390.17,774.385625,62,0.0884375,14,62,2023-08-17,2.0,14.0,-12.0,687,Small Business,Email,0
2181.0,6,2533.18,422.19666666666666,52,0.05566666666666666,6,11,2024-03-02,1.0,5.0,-4.0,489,Consumer,Direct,0
2182.0,3,788.08,262.6933333333333,24,0.036,3,4,2025-02-18,2.0,1.0,1.0,136,Consumer,Organic,0
2183.0,1,34.02,34.02,64,0.095,1,1,2025-05-01,1.0,0.0,1.0,64,Consumer,Social,0
2185.0,1,68.86,68.86,18,0.034,1,1,2025-06-16,1.0,0.0,1.0,18,Consumer,Social,0
2186.0,8,2533.5,316.6875,22,0.088,8,31,2024-03-27,2.0,6.0,-4.0,464,Small Business,Social,0
2187.0,5,1791.67,358.334,185,0.0968,5,15,2024-02-21,0.0,5.0,-5.0,499,Small Business,Paid Search,0
2190.0,1,274.2,274.2,115,0.0,1,2,2025-03-11,0.0,1.0,-1.0,115,Consumer,Direct,0
2193.0,4,1045.8600000000001,261.46500000000003,202,0.03975,4,7,2023-11-20,0.0,4.0,-4.0,592,Consumer,Organic,0
2194.0,1,136.0,136.0,115,0.0,1,2,2025-03-11,0.0,1.0,-1.0,115,Consumer,Organic,0
2196.0,3,403.28,134.42666666666665,21,0.03,3,5,2024-10-11,1.0,2.0,-1.0,266,Consumer,Organic,0
2197.0,5,1763.09,352.618,62,0.074,5,13,2023-10-30,1.0,4.0,-3.0,613,Small Business,Social,0
2200.0,4,402.90999999999997,100.72749999999999,31,0.05025,4,5,2025-01-04,3.0,1.0,2.0,181,Consumer,Affiliate,0
2201.0,3,453.08000000000004,151.02666666666667,107,0.11366666666666665,3,12,2025-01-22,0.0,3.0,-3.0,163,Small Business,Affiliate,1
2202.0,2,80.95,40.475,96,0.055,2,2,2024-10-29,0.0,2.0,-2.0,248,Consumer,Email,0
2204.0,4,4182.86,1045.715,9,0.10975,4,14,2025-01-15,3.0,1.0,2.0,170,Small Business,Paid Search,0
2205.0,7,2332.69,333.24142857142857,461,0.10142857142857142,7,22,2023-07-07,0.0,7.0,-7.0,728,Small Business,Direct,0
2210.0,10,3522.29,352.229,47,0.123,9,29,2023-10-18,3.0,7.0,-4.0,625,Small Business,Email,0
2213.0,2,240.82,120.41,146,0.0385,2,3,2024-11-03,0.0,2.0,-2.0,243,Consumer,Affiliate,0
2214.0,3,502.96,167.65333333333334,31,0.043666666666666666,3,6,2025-01-23,1.0,2.0,-1.0,162,Consumer,Social,0
2215.0,4,686.3,171.575,203,0.04925,4,10,2024-09-17,0.0,4.0,-4.0,290,Small Business,Paid Search,0
2216.0,7,11358.94,1622.7057142857143,77,0.19714285714285712,7,65,2024-09-13,1.0,6.0,-5.0,294,Enterprise,Paid Search,0
2217.0,8,2320.5499999999997,290.06874999999997,31,0.028375,8,14,2024-03-14,4.0,4.0,0.0,477,Consumer,Organic,0
2218.0,21,20883.05,994.4309523809524,91,0.14985714285714286,19,146,2024-01-09,0.0,21.0,-21.0,542,Enterprise,Paid Search,0
2219.0,4,348.82,87.205,16,0.0905,4,7,2024-05-25,1.0,3.0,-2.0,405,Consumer,Affiliate,0
2221.0,7,2051.08,293.01142857142855,21,0.09257142857142857,7,22,2024-01-10,2.0,5.0,-3.0,541,Small Business,Paid Search,0
2222.0,9,10363.01,1151.4455555555555,60,0.17955555555555555,8,63,2024-05-30,1.0,8.0,-7.0,400,Enterprise,Direct,0
2223.0,2,190.54999999999998,95.27499999999999,90,0.0675,2,2,2025-03-13,0.0,2.0,-2.0,113,Consumer,Direct,0
2224.0,11,15430.93,1402.8118181818181,68,0.13318181818181818,10,84,2024-03-26,2.0,9.0,-7.0,465,Enterprise,Organic,0
2225.0,14,5001.26,357.23285714285714,101,0.08878571428571429,13,55,2024-02-17,0.0,14.0,-14.0,503,Small Business,Direct,1
2226.0,6,4087.48,681.2466666666667,49,0.111,6,23,2024-11-28,3.0,3.0,0.0,218,Small Business,Paid Search,0
2227.0,6,1799.8000000000002,299.9666666666667,7,0.10083333333333333,6,18,2024-11-05,3.0,3.0,0.0,241,Small Business,Social,0
2230.0,9,2620.0299999999997,291.1144444444444,50,0.07633333333333334,8,14,2024-08-30,1.0,8.0,-7.0,308,Consumer,Email,0
2234.0,1,325.24,325.24,67,0.011,1,1,2025-04-28,1.0,0.0,1.0,67,Consumer,Direct,0
2235.0,2,771.69,385.845,58,0.0495,2,3,2025-04-23,2.0,0.0,2.0,72,Consumer,Organic,0
2238.0,8,1683.6200000000001,210.45250000000001,23,0.053250000000000006,8,15,2023-10-16,1.0,7.0,-6.0,627,Consumer,Social,0
2240.0,3,128.81,42.93666666666667,25,0.10633333333333334,3,3,2024-12-02,2.0,1.0,1.0,214,Consumer,Social,1
2242.0,5,816.86,163.372,8,0.066,5,7,2024-09-02,2.0,3.0,-1.0,305,Consumer,Social,0
2243.0,6,1223.72,203.95333333333335,210,0.04733333333333334,6,8,2024-01-11,0.0,6.0,-6.0,540,Consumer,Social,1
2244.0,2,1341.48,670.74,102,0.1505,2,12,2025-02-19,0.0,2.0,-2.0,135,Enterprise,Paid Search,0
2245.0,3,2815.7999999999997,938.5999999999999,107,0.11433333333333333,3,11,2024-11-20,0.0,3.0,-3.0,226,Small Business,Paid Search,0
2246.0,2,1787.5800000000002,893.7900000000001,91,0.0075,2,4,2025-02-22,0.0,2.0,-2.0,132,Consumer,Social,1
2247.0,2,70.03,35.015,96,0.0305,2,3,2024-12-07,0.0,2.0,-2.0,209,Consumer,Affiliate,0
2248.0,4,888.5600000000001,222.14000000000001,257,0.010499999999999999,4,6,2024-06-09,0.0,4.0,-4.0,390,Consumer,Email,0
2249.0,3,295.85,98.61666666666667,37,0.02466666666666667,3,4,2024-12-18,2.0,1.0,1.0,198,Consumer,Paid Search,0
2250.0,5,1312.4,262.48,29,0.0794,5,22,2024-08-20,3.0,2.0,1.0,318,Small Business,Social,0
2252.0,10,8401.25,840.125,54,0.1467,9,78,2024-02-12,3.0,7.0,-4.0,508,Enterprise,Social,0
2253.0,2,357.33,178.665,18,0.0485,2,3,2025-04-18,2.0,0.0,2.0,77,Consumer,Organic,0
2254.0,5,2373.4100000000003,474.6820000000001,15,0.1254,5,19,2024-12-18,2.0,3.0,-1.0,198,Small Business,Direct,0
2256.0,5,2687.69,537.538,85,0.0448,5,7,2025-01-10,1.0,4.0,-3.0,175,Consumer,Social,0
2257.0,3,215.26,71.75333333333333,49,0.06966666666666667,3,5,2025-02-19,2.0,1.0,1.0,135,Consumer,Social,1
2259.0,7,1733.56,247.65142857142857,79,0.05042857142857143,6,10,2024-09-10,1.0,6.0,-5.0,297,Consumer,Paid Search,0
2261.0,6,1715.7,285.95,424,0.10566666666666667,6,11,2023-10-21,0.0,6.0,-6.0,622,Consumer,Paid Search,0
2262.0,4,454.06999999999994,113.51749999999998,112,0.057749999999999996,4,5,2024-05-14,0.0,4.0,-4.0,416,Consumer,Email,0
2264.0,3,299.64,99.88,75,0.08566666666666667,3,5,2023-12-19,1.0,2.0,-1.0,563,Consumer,Social,0
2265.0,1,16.16,16.16,113,0.044,1,1,2025-03-13,0.0,1.0,-1.0,113,Consumer,Direct,1
2268.0,2,150.33,75.165,169,0.0555,2,3,2025-01-11,0.0,2.0,-2.0,174,Consumer,Direct,1
2269.0,3,1490.06,496.68666666666667,49,0.07366666666666667,3,13,2024-12-27,1.0,2.0,-1.0,189,Small Business,Affiliate,0
2270.0,4,2324.42,581.105,12,0.0645,4,7,2024-08-19,1.0,3.0,-2.0,319,Consumer,Paid Search,0
2271.0,10,2071.34,207.13400000000001,183,0.0581,10,14,2023-10-01,0.0,10.0,-10.0,642,Consumer,Organic,1
2272.0,5,539.37,107.874,211,0.06420000000000001,5,9,2023-11-22,0.0,5.0,-5.0,590,Consumer,Organic,0
2275.0,5,2479.4700000000003,495.89400000000006,144,0.0206,5,8,2023-07-17,0.0,5.0,-5.0,718,Consumer,Social,0
2279.0,6,1526.93,254.48833333333334,63,0.043000000000000003,6,7,2024-11-21,3.0,3.0,0.0,225,Consumer,Social,0
2283.0,2,1018.9300000000001,509.46500000000003,108,0.0715,2,2,2024-04-08,0.0,2.0,-2.0,452,Consumer,Paid Search,1
2285.0,9,4351.56,483.5066666666667,43,0.11788888888888888,9,37,2023-07-01,1.0,8.0,-7.0,734,Small Business,Paid Search,0
2287.0,11,3853.47,350.31545454545454,70,0.1342727272727273,11,74,2023-09-16,1.0,10.0,-9.0,657,Enterprise,Paid Search,0
2288.0,2,270.71999999999997,135.35999999999999,99,0.108,2,5,2024-06-10,0.0,2.0,-2.0,389,Small Business,Paid Search,0
2289.0,7,724.39,103.48428571428572,46,0.057,7,10,2023-09-19,1.0,6.0,-5.0,654,Consumer,Organic,0
2290.0,1,226.76,226.76,162,0.036,1,2,2025-01-23,0.0,1.0,-1.0,162,Consumer,Paid Search,1
2291.0,1,26.26,26.26,281,0.023,1,1,2024-09-26,0.0,1.0,-1.0,281,Consumer,Paid Search,0
2292.0,4,601.13,150.2825,152,0.0625,4,6,2024-03-18,0.0,4.0,-4.0,473,Consumer,Organic,1
2293.0,3,648.39,216.13,34,0.052,3,5,2024-10-09,1.0,2.0,-1.0,268,Consumer,Paid Search,0
2294.0,2,589.3199999999999,294.65999999999997,233,0.067,2,3,2024-11-08,0.0,2.0,-2.0,238,Consumer,Paid Search,0
2298.0,8,4523.18,565.3975,32,0.09075,8,33,2023-12-05,3.0,5.0,-2.0,577,Small Business,Direct,0
2299.0,11,11359.81,1032.71,29,0.13727272727272727,10,78,2024-07-30,4.0,7.0,-3.0,339,Enterprise,Social,0
2301.0,4,594.21,148.5525,43,0.06075,4,5,2024-03-31,1.0,3.0,-2.0,460,Consumer,Affiliate,0
2302.0,2,439.47,219.735,203,0.0725,2,3,2024-09-14,0.0,2.0,-2.0,293,Consumer,Social,0
2305.0,1,218.63,218.63,320,0.022,1,1,2024-08-18,0.0,1.0,-1.0,320,Consumer,Organic,1
2307.0,3,862.69,287.56333333333333,2,0.145,3,9,2024-12-31,2.0,1.0,1.0,185,Small Business,Paid Search,0
2309.0,21,18706.93,890.8061904761905,84,0.15276190476190477,17,150,2023-06-23,1.0,20.0,-19.0,742,Enterprise,Social,0
2310.0,6,931.3900000000001,155.23166666666668,14,0.044333333333333336,5,11,2024-01-04,2.0,4.0,-2.0,547,Consumer,Organic,0
2311.0,3,1090.79,363.59666666666664,26,0.129,3,5,2025-04-25,3.0,0.0,3.0,70,Consumer,Social,1
2312.0,12,10484.91,873.7425,88,0.13791666666666666,12,81,2024-04-02,1.0,11.0,-10.0,458,Enterprise,Paid Search,0
2314.0,2,595.69,297.845,215,0.002,2,2,2024-09-25,0.0,2.0,-2.0,282,Consumer,Direct,0
2317.0,1,412.54,412.54,173,0.051,1,2,2025-01-12,0.0,1.0,-1.0,173,Consumer,Paid Search,0
2319.0,1,90.06,90.06,34,0.012,1,2,2025-05-31,1.0,0.0,1.0,34,Consumer,Social,0
2320.0,1,147.74,147.74,145,0.136,1,1,2025-02-09,0.0,1.0,-1.0,145,Consumer,Paid Search,0
2321.0,2,156.02,78.01,119,0.0345,2,3,2024-07-10,0.0,2.0,-2.0,359,Consumer,Social,0
2327.0,3,138.96,46.32,93,0.04833333333333333,3,4,2024-07-29,0.0,3.0,-3.0,340,Consumer,Organic,0
2329.0,3,7446.22,2482.0733333333333,36,0.14433333333333334,3,19,2025-03-07,1.0,2.0,-1.0,119,Enterprise,Social,0
2330.0,2,349.03999999999996,174.51999999999998,157,0.092,2,2,2024-11-26,0.0,2.0,-2.0,220,Consumer,Paid Search,0
2331.0,3,231.13,77.04333333333334,31,0.13399999999999998,3,12,2024-12-12,2.0,1.0,1.0,204,Small Business,Paid Search,0
2332.0,2,248.07999999999998,124.03999999999999,229,0.093,2,3,2024-07-18,0.0,2.0,-2.0,351,Consumer,Direct,1
2333.0,8,1877.8600000000001,234.73250000000002,39,0.13724999999999998,7,29,2024-08-27,4.0,4.0,0.0,311,Small Business,Email,1
2334.0,3,445.28,148.42666666666665,142,0.02733333333333333,3,10,2024-05-11,0.0,3.0,-3.0,419,Small Business,Direct,0
2335.0,7,3045.33,435.04714285714283,52,0.07671428571428571,7,23,2023-12-21,1.0,6.0,-5.0,561,Small Business,Social,0
2336.0,4,1853.1499999999999,463.28749999999997,72,0.04375,4,5,2024-10-24,1.0,3.0,-2.0,253,Consumer,Social,0
2338.0,1,15.12,15.12,50,0.073,1,2,2025-05-15,1.0,0.0,1.0,50,Consumer,Affiliate,0
2339.0,1,142.34,142.34,197,0.03,1,2,2024-12-19,0.0,1.0,-1.0,197,Consumer,Paid Search,1
2340.0,2,226.54,113.27,70,0.0475,2,4,2024-12-29,1.0,1.0,0.0,187,Consumer,Organic,0
2341.0,4,1644.06,411.015,61,0.10775,4,17,2024-10-10,1.0,3.0,-2.0,267,Small Business,Paid Search,0
2342.0,5,2121.7599999999998,424.352,52,0.0188,5,8,2024-12-16,1.0,4.0,-3.0,200,Consumer,Paid Search,1
2344.0,5,1759.54,351.908,126,0.1022,5,15,2024-03-17,0.0,5.0,-5.0,474,Small Business,Social,0
2347.0,3,681.27,227.09,104,0.16833333333333333,3,12,2024-12-07,0.0,3.0,-3.0,209,Small Business,Organic,1
2349.0,1,1353.34,1353.34,218,0.0,1,2,2024-11-28,0.0,1.0,-1.0,218,Consumer,Email,0
2356.0,2,122.4,61.2,52,0.095,2,2,2024-08-20,1.0,1.0,0.0,318,Consumer,Social,0
2359.0,3,475.85,158.61666666666667,120,0.042666666666666665,3,3,2024-10-27,0.0,3.0,-3.0,250,Consumer,Social,1
2361.0,7,10850.98,1550.1399999999999,22,0.07742857142857143,7,26,2024-08-05,3.0,4.0,-1.0,333,Small Business,Email,1
2362.0,2,678.74,339.37,90,0.10550000000000001,2,4,2025-01-17,0.0,2.0,-2.0,168,Consumer,Social,1
2363.0,5,858.6800000000001,171.73600000000002,221,0.06520000000000001,5,9,2023-11-22,0.0,5.0,-5.0,590,Consumer,Paid Search,0
2364.0,5,1001.32,200.264,96,0.0848,5,7,2024-08-26,0.0,5.0,-5.0,312,Consumer,Organic,1
2366.0,2,166.89999999999998,83.44999999999999,141,0.0275,2,2,2024-08-10,0.0,2.0,-2.0,328,Consumer,Social,0
2367.0,2,606.8199999999999,303.40999999999997,143,0.118,2,7,2024-11-15,0.0,2.0,-2.0,231,Small Business,Social,0
2368.0,6,950.1,158.35,1,0.028166666666666663,6,8,2024-11-09,2.0,4.0,-2.0,237,Consumer,Paid Search,0
2369.0,4,528.46,132.115,16,0.10675000000000001,4,13,2024-11-12,2.0,2.0,0.0,234,Small Business,Direct,0
2372.0,7,1153.28,164.75428571428571,3,0.07642857142857143,7,9,2023-10-27,1.0,6.0,-5.0,616,Consumer,Direct,0
2374.0,4,298.36,74.59,193,0.05575,4,6,2024-09-27,0.0,4.0,-4.0,280,Consumer,Social,0
2375.0,2,177.79999999999998,88.89999999999999,96,0.069,2,3,2025-02-07,0.0,2.0,-2.0,147,Consumer,Organic,0
2376.0,2,816.16,408.08,30,0.058,2,3,2024-10-13,1.0,1.0,0.0,264,Consumer,Paid Search,0
2377.0,3,541.87,180.62333333333333,66,0.035666666666666666,2,5,2025-04-06,3.0,0.0,3.0,89,Consumer,Direct,0
2378.0,4,783.36,195.84,56,0.041999999999999996,4,5,2024-09-30,2.0,2.0,0.0,277,Consumer,Paid Search,0
2380.0,6,472.0,78.66666666666667,22,0.04933333333333333,6,10,2024-11-07,2.0,4.0,-2.0,239,Consumer,Organic,0
2381.0,3,188.14,62.71333333333333,138,0.033999999999999996,3,6,2024-10-24,0.0,3.0,-3.0,253,Consumer,Affiliate,0
2384.0,6,1974.79,329.13166666666666,40,0.09783333333333333,6,10,2024-09-20,1.0,5.0,-4.0,287,Consumer,Social,0
2387.0,7,605.64,86.52,44,0.04914285714285714,7,10,2024-02-06,1.0,6.0,-5.0,514,Consumer,Social,0
2388.0,2,147.44,73.72,79,0.0545,2,2,2025-03-20,1.0,1.0,0.0,106,Consumer,Email,0
2389.0,3,479.05,159.68333333333334,172,0.036333333333333336,3,5,2024-12-16,0.0,3.0,-3.0,200,Consumer,Paid Search,0
2391.0,3,660.36,220.12,61,0.05366666666666667,3,5,2024-09-17,1.0,2.0,-1.0,290,Consumer,Direct,0
2393.0,4,1591.24,397.81,85,0.10425,4,14,2025-01-28,1.0,3.0,-2.0,157,Small Business,Organic,0
2394.0,3,569.8599999999999,189.9533333333333,126,0.05333333333333334,3,5,2024-10-22,0.0,3.0,-3.0,255,Consumer,Social,0
2396.0,2,1655.12,827.56,309,0.078,2,9,2024-08-16,0.0,2.0,-2.0,322,Small Business,Paid Search,0
2400.0,2,519.79,259.895,8,0.0295,2,3,2024-06-17,1.0,1.0,0.0,382,Consumer,Organic,0
2402.0,4,800.62,200.155,193,0.07775,4,8,2023-10-06,0.0,4.0,-4.0,637,Consumer,Social,0
2403.0,5,626.78,125.356,68,0.1242,5,21,2024-09-27,2.0,3.0,-1.0,280,Small Business,Direct,0
2406.0,3,879.5699999999999,293.19,96,0.03,3,5,2025-01-12,0.0,3.0,-3.0,173,Consumer,Direct,0
2407.0,2,286.41,143.205,229,0.040999999999999995,2,2,2024-07-28,0.0,2.0,-2.0,341,Consumer,Organic,1
2410.0,2,363.77,181.885,85,0.067,2,3,2024-11-17,1.0,1.0,0.0,229,Consumer,Affiliate,1
2412.0,5,551.05,110.21,139,0.0758,5,7,2024-04-02,0.0,5.0,-5.0,458,Consumer,Paid Search,0
2413.0,7,3345.32,477.90285714285716,1,0.12085714285714286,7,22,2024-04-22,3.0,4.0,-1.0,438,Small Business,Direct,0
2414.0,2,255.86,127.93,27,0.062,2,3,2025-03-23,1.0,1.0,0.0,103,Consumer,Organic,0
2416.0,11,4809.51,437.22818181818184,10,0.08854545454545454,11,39,2024-04-15,4.0,7.0,-3.0,445,Small Business,Social,0
2417.0,2,86.74000000000001,43.370000000000005,139,0.067,2,2,2024-07-03,0.0,2.0,-2.0,366,Consumer,Social,0
2418.0,4,1078.75,269.6875,113,0.11025,4,6,2024-03-09,0.0,4.0,-4.0,482,Consumer,Organic,0
2420.0,3,1287.42,429.14000000000004,5,0.09666666666666666,3,6,2024-07-03,1.0,2.0,-1.0,366,Consumer,Paid Search,0
2421.0,5,2120.4399999999996,424.0879999999999,78,0.155,5,21,2024-11-07,1.0,4.0,-3.0,239,Small Business,Social,0
2423.0,4,662.69,165.6725,135,0.045,4,7,2023-10-13,0.0,4.0,-4.0,630,Consumer,Direct,0
2424.0,5,4475.22,895.0440000000001,47,0.1244,5,28,2024-12-19,2.0,3.0,-1.0,197,Enterprise,Paid Search,0
2425.0,5,668.6,133.72,4,0.048,5,9,2024-12-03,1.0,4.0,-3.0,213,Consumer,Paid Search,0
2427.0,2,721.62,360.81,205,0.061500000000000006,2,2,2024-09-16,0.0,2.0,-2.0,291,Consumer,Paid Search,0
2428.0,2,874.62,437.31,34,0.041,2,4,2025-01-06,1.0,1.0,0.0,179,Consumer,Paid Search,0
2429.0,6,1978.39,329.7316666666667,35,0.05766666666666667,5,10,2024-02-21,1.0,5.0,-4.0,499,Consumer,Social,0
2432.0,11,4190.12,380.92,20,0.05218181818181819,10,17,2023-12-10,1.0,10.0,-9.0,572,Consumer,Social,0
2433.0,2,396.66,198.33,126,0.075,2,4,2024-11-16,0.0,2.0,-2.0,230,Consumer,Direct,0
2435.0,12,8422.49,701.8741666666666,88,0.08366666666666667,11,39,2023-05-04,1.0,11.0,-10.0,792,Small Business,Email,0
2436.0,5,500.73,100.146,1,0.0376,5,6,2024-07-16,4.0,1.0,3.0,353,Consumer,Paid Search,0
2437.0,1,7.73,7.73,83,0.053,1,1,2025-04-12,1.0,0.0,1.0,83,Consumer,Affiliate,0
2438.0,2,329.98,164.99,155,0.027,2,3,2024-09-17,0.0,2.0,-2.0,290,Consumer,Affiliate,0
2439.0,6,1073.49,178.915,48,0.03866666666666667,6,7,2024-06-14,1.0,5.0,-4.0,385,Consumer,Paid Search,1
2441.0,6,2552.7599999999998,425.46,205,0.08433333333333333,6,24,2024-01-28,0.0,6.0,-6.0,523,Small Business,Organic,0
2444.0,5,1992.23,398.446,54,0.1268,5,16,2024-12-05,2.0,3.0,-1.0,211,Small Business,Social,0
2445.0,3,623.0199999999999,207.6733333333333,74,0.010666666666666666,3,6,2024-12-02,1.0,2.0,-1.0,214,Consumer,Social,0
2447.0,5,2621.39,524.278,26,0.0422,5,8,2024-03-13,2.0,3.0,-1.0,478,Consumer,Paid Search,1
2449.0,3,2063.95,687.9833333333332,127,0.09399999999999999,3,5,2024-08-24,0.0,3.0,-3.0,314,Consumer,Paid Search,0
2451.0,5,1641.53,328.306,48,0.043,5,7,2024-07-21,3.0,2.0,1.0,348,Consumer,Paid Search,0
2452.0,5,1305.1,261.02,59,0.03,5,7,2024-07-01,2.0,3.0,-1.0,368,Consumer,Paid Search,1
2453.0,4,2396.54,599.135,64,0.08775,4,16,2024-10-16,1.0,3.0,-2.0,261,Small Business,Organic,0
2454.0,17,9943.39,584.905294117647,170,0.10247058823529412,15,66,2023-07-19,0.0,17.0,-17.0,716,Small Business,Email,1
2455.0,4,351.1,87.775,17,0.075,4,6,2024-09-10,1.0,3.0,-2.0,297,Consumer,Social,0
2458.0,4,1362.62,340.655,442,0.05425,4,7,2023-10-01,0.0,4.0,-4.0,642,Consumer,Organic,0
2464.0,3,2128.63,709.5433333333334,32,0.155,3,13,2024-11-06,1.0,2.0,-1.0,240,Small Business,Paid Search,0
2467.0,5,3053.02,610.604,117,0.0386,5,9,2023-12-04,0.0,5.0,-5.0,578,Consumer,Paid Search,0
2468.0,2,1475.45,737.725,292,0.055,2,3,2024-06-01,0.0,2.0,-2.0,398,Consumer,Affiliate,0
2469.0,6,846.41,141.06833333333333,18,0.08183333333333333,6,7,2023-10-01,1.0,5.0,-4.0,642,Consumer,Paid Search,1
2471.0,1,75.82,75.82,206,0.067,1,2,2024-12-10,0.0,1.0,-1.0,206,Consumer,Affiliate,0
2475.0,5,553.8,110.75999999999999,53,0.05840000000000001,5,9,2024-11-27,1.0,4.0,-3.0,219,Consumer,Paid Search,1
2478.0,8,2279.17,284.89625,5,0.04875,8,14,2023-09-05,1.0,7.0,-6.0,668,Consumer,Affiliate,0
2480.0,4,3626.75,906.6875,38,0.1275,4,15,2024-08-08,1.0,3.0,-2.0,330,Small Business,Affiliate,0
2482.0,4,3123.0,780.75,29,0.0335,4,8,2024-12-30,2.0,2.0,0.0,186,Consumer,Email,0
2483.0,8,4732.44,591.555,1,0.061375,8,28,2024-05-21,2.0,6.0,-4.0,409,Small Business,Social,1
2484.0,8,2642.45,330.30625,69,0.11987500000000001,6,24,2023-12-17,1.0,7.0,-6.0,565,Small Business,Email,1
2485.0,4,1655.1100000000001,413.77750000000003,3,0.03,4,6,2023-12-03,2.0,2.0,0.0,579,Consumer,Organic,0
2486.0,11,5678.21,516.2009090909091,9,0.04654545454545455,11,16,2023-11-02,1.0,10.0,-9.0,610,Consumer,Organic,0
2487.0,2,409.63,204.815,23,0.11149999999999999,2,5,2025-01-13,1.0,1.0,0.0,172,Small Business,Direct,0
2488.0,3,4587.06,1529.0200000000002,99,0.08666666666666667,3,9,2024-09-20,0.0,3.0,-3.0,287,Small Business,Social,0
2489.0,3,169.63,56.54333333333333,436,0.034999999999999996,3,4,2024-03-20,0.0,3.0,-3.0,471,Consumer,Organic,1
2492.0,4,2088.82,522.205,24,0.06025,4,6,2025-02-25,3.0,1.0,2.0,129,Consumer,Social,1
2494.0,6,3888.5600000000004,648.0933333333334,5,0.09316666666666666,6,20,2024-08-02,2.0,4.0,-2.0,336,Small Business,Social,1
2496.0,7,894.76,127.82285714285715,30,0.06971428571428571,7,12,2023-09-11,2.0,5.0,-3.0,662,Consumer,Organic,0
2500.0,2,159.11,79.555,13,0.057,2,2,2025-06-07,2.0,0.0,2.0,27,Consumer,Social,0
2501.0,1,40.56,40.56,9,0.099,1,4,2025-06-25,1.0,0.0,1.0,9,Small Business,Organic,0
2506.0,2,386.86,193.43,191,0.022,2,2,2024-10-24,0.0,2.0,-2.0,253,Consumer,Direct,0
2507.0,4,927.59,231.8975,31,0.02925,4,5,2023-11-28,1.0,3.0,-2.0,584,Consumer,Direct,0
2508.0,1,38.44,38.44,201,0.007,1,1,2024-12-15,0.0,1.0,-1.0,201,Consumer,Email,0
2509.0,7,1017.29,145.32714285714286,58,0.037,7,11,2024-01-03,2.0,5.0,-3.0,548,Consumer,Paid Search,0
2510.0,2,282.28999999999996,141.14499999999998,186,0.0675,2,3,2024-11-24,0.0,2.0,-2.0,222,Consumer,Direct,0
2511.0,4,2038.07,509.5175,126,0.06025,4,16,2024-09-10,0.0,4.0,-4.0,297,Small Business,Organic,0
2513.0,5,553.93,110.78599999999999,196,0.048799999999999996,5,8,2024-01-31,0.0,5.0,-5.0,520,Consumer,Paid Search,0
2514.0,3,473.64,157.88,214,0.12566666666666668,3,10,2024-05-01,0.0,3.0,-3.0,429,Small Business,Paid Search,1
2515.0,7,879.17,125.59571428571428,163,0.07214285714285715,7,9,2023-08-18,0.0,7.0,-7.0,686,Consumer,Organic,0
2518.0,6,736.5400000000001,122.75666666666667,31,0.06116666666666667,6,9,2023-08-08,1.0,5.0,-4.0,696,Consumer,Social,1
2519.0,3,437.81,145.93666666666667,43,0.024000000000000004,3,4,2024-11-12,2.0,1.0,1.0,234,Consumer,Organic,1
2520.0,2,376.34000000000003,188.17000000000002,5,0.026500000000000003,2,2,2025-01-12,1.0,1.0,0.0,173,Consumer,Direct,0
2521.0,6,759.46,126.57666666666667,84,0.04966666666666667,6,8,2024-08-31,1.0,5.0,-4.0,307,Consumer,Email,0
2522.0,3,396.23999999999995,132.07999999999998,53,0.04700000000000001,3,4,2025-03-19,1.0,2.0,-1.0,107,Consumer,Direct,0
2523.0,1,229.76,229.76,112,0.064,1,2,2025-03-14,0.0,1.0,-1.0,112,Consumer,Organic,1
2525.0,1,13.09,13.09,77,0.095,1,1,2025-04-18,1.0,0.0,1.0,77,Consumer,Social,0
2527.0,9,1836.47,204.0522222222222,136,0.06677777777777777,8,15,2023-08-12,0.0,9.0,-9.0,692,Consumer,Organic,0
2531.0,2,1265.62,632.81,40,0.057999999999999996,2,3,2025-01-30,1.0,1.0,0.0,155,Consumer,Email,0
2532.0,5,455.29,91.058,187,0.0842,5,8,2024-04-06,0.0,5.0,-5.0,454,Consumer,Affiliate,0
2535.0,7,1326.05,189.43571428571428,88,0.06685714285714286,7,10,2024-04-18,1.0,6.0,-5.0,442,Consumer,Social,1
2536.0,5,7536.93,1507.386,41,0.1564,5,36,2024-12-26,2.0,3.0,-1.0,190,Enterprise,Paid Search,0
2537.0,3,659.53,219.84333333333333,9,0.10466666666666667,3,3,2024-11-18,1.0,2.0,-1.0,228,Consumer,Paid Search,0
2540.0,4,2418.0,604.5,23,0.12875,4,15,2025-03-11,3.0,1.0,2.0,115,Small Business,Organic,0
2542.0,1,1215.6,1215.6,102,0.117,1,2,2025-03-24,0.0,1.0,-1.0,102,Consumer,Organic,0
2543.0,1,56.34,56.34,35,0.0,1,2,2025-05-30,1.0,0.0,1.0,35,Consumer,Affiliate,0
2544.0,11,3828.98,348.0890909090909,38,0.09609090909090909,11,36,2023-10-01,2.0,9.0,-7.0,642,Small Business,Direct,0
2546.0,7,5952.02,850.2885714285715,34,0.088,7,25,2024-10-12,2.0,5.0,-3.0,265,Small Business,Paid Search,0
2547.0,2,182.61,91.305,176,0.089,2,7,2024-12-18,0.0,2.0,-2.0,198,Small Business,Paid Search,0
2548.0,3,490.1,163.36666666666667,200,0.16066666666666665,3,5,2024-06-15,0.0,3.0,-3.0,384,Consumer,Organic,0
2549.0,2,188.13,94.065,74,0.097,2,2,2025-04-07,2.0,0.0,2.0,88,Consumer,Social,0
2550.0,1,489.96,489.96,113,0.079,1,2,2025-03-13,0.0,1.0,-1.0,113,Small Business,Organic,0
2551.0,5,1924.47,384.894,3,0.07799999999999999,4,8,2024-03-23,1.0,4.0,-3.0,468,Consumer,Organic,1
2552.0,4,521.52,130.38,62,0.0245,4,7,2024-12-14,1.0,3.0,-2.0,202,Consumer,Organic,1
2554.0,3,469.06,156.35333333333332,36,0.002,3,5,2024-08-03,1.0,2.0,-1.0,335,Consumer,Paid Search,0
2555.0,2,828.84,414.42,174,0.0115,2,2,2024-09-21,0.0,2.0,-2.0,286,Consumer,Social,0
2556.0,3,808.6300000000001,269.54333333333335,42,0.03166666666666667,3,5,2025-02-22,2.0,1.0,1.0,132,Consumer,Affiliate,1
2558.0,2,317.88,158.94,40,0.071,2,3,2025-03-12,1.0,1.0,0.0,114,Consumer,Organic,0
2562.0,3,276.84,92.27999999999999,161,0.10633333333333334,3,10,2024-10-04,0.0,3.0,-3.0,273,Small Business,Paid Search,0
2564.0,4,518.29,129.5725,31,0.10149999999999999,4,14,2024-09-16,1.0,3.0,-2.0,291,Small Business,Paid Search,0
2565.0,6,2293.44,382.24,91,0.10283333333333333,6,21,2024-08-16,0.0,6.0,-6.0,322,Small Business,Social,0
2566.0,1,159.04,159.04,42,0.023,1,1,2025-05-23,1.0,0.0,1.0,42,Consumer,Email,0
2567.0,5,394.77,78.954,2,0.059199999999999996,5,8,2024-09-07,2.0,3.0,-1.0,300,Consumer,Paid Search,1
2568.0,6,1811.0,301.8333333333333,54,0.05783333333333333,6,10,2023-11-08,1.0,5.0,-4.0,604,Consumer,Paid Search,0
2569.0,3,522.6500000000001,174.2166666666667,19,0.066,3,5,2024-12-17,1.0,2.0,-1.0,199,Consumer,Paid Search,1
2570.0,7,3945.56,563.6514285714286,0,0.07957142857142858,7,23,2023-12-07,1.0,6.0,-5.0,575,Small Business,Paid Search,0
2571.0,4,2571.8199999999997,642.9549999999999,87,0.023,4,6,2024-08-17,1.0,3.0,-2.0,321,Consumer,Paid Search,0
2574.0,12,7238.2,603.1833333333333,52,0.10308333333333335,12,45,2023-09-11,2.0,10.0,-8.0,662,Small Business,Direct,1
2575.0,2,64.17999999999999,32.089999999999996,16,0.1505,2,4,2025-01-30,1.0,1.0,0.0,155,Consumer,Social,0
2577.0,19,20368.71,1072.0373684210526,10,0.1596842105263158,19,149,2023-06-01,1.0,18.0,-17.0,764,Enterprise,Social,0
2578.0,3,609.8399999999999,203.27999999999997,102,0.0,3,5,2025-01-16,0.0,3.0,-3.0,169,Consumer,Paid Search,0
2579.0,5,959.95,191.99,36,0.0722,5,7,2024-01-03,1.0,4.0,-3.0,548,Consumer,Organic,1
2580.0,1,6.9,6.9,166,0.04,1,2,2025-01-19,0.0,1.0,-1.0,166,Consumer,Social,0
2581.0,7,4459.22,637.0314285714286,5,0.09971428571428571,6,27,2024-08-13,2.0,5.0,-3.0,325,Small Business,Affiliate,0
2582.0,4,2095.28,523.82,11,0.10025,4,15,2024-08-04,1.0,3.0,-2.0,334,Small Business,Direct,0
2583.0,3,1078.27,359.42333333333335,22,0.09700000000000002,3,11,2024-12-03,1.0,2.0,-1.0,213,Small Business,Organic,0
2584.0,8,2181.34,272.6675,28,0.095125,8,25,2023-06-24,2.0,6.0,-4.0,741,Small Business,Paid Search,0
2585.0,8,1886.94,235.8675,38,0.06912499999999999,8,10,2024-03-29,2.0,6.0,-4.0,462,Consumer,Social,0
2586.0,4,2367.6,591.9,386,0.0185,4,6,2023-10-29,0.0,4.0,-4.0,614,Consumer,Social,1
2587.0,2,313.82,156.91,201,0.028,2,2,2024-12-08,0.0,2.0,-2.0,208,Consumer,Email,1
2588.0,5,1570.57,314.114,2,0.019,5,7,2024-06-19,1.0,4.0,-3.0,380,Consumer,Paid Search,0
2589.0,4,618.3299999999999,154.58249999999998,80,0.13075,4,6,2024-12-05,1.0,3.0,-2.0,211,Consumer,Organic,0
2590.0,5,385.18,77.036,115,0.0396,4,7,2024-07-25,0.0,5.0,-5.0,344,Consumer,Social,0
2591.0,5,591.64,118.328,86,0.0514,5,8,2023-08-26,1.0,4.0,-3.0,678,Consumer,Social,1
2593.0,5,1043.77,208.754,42,0.061,5,7,2023-11-05,1.0,4.0,-3.0,607,Consumer,Social,0
2594.0,13,15590.86,1199.2969230769231,36,0.16438461538461538,12,98,2024-01-14,4.0,9.0,-5.0,537,Enterprise,Organic,0
2595.0,3,2124.46,708.1533333333333,58,0.063,3,5,2024-08-20,1.0,2.0,-1.0,318,Consumer,Organic,0
2597.0,2,152.07000000000002,76.03500000000001,139,0.0315,2,3,2025-02-03,0.0,2.0,-2.0,151,Consumer,Paid Search,0
2598.0,4,3153.76,788.44,49,0.1,4,13,2025-03-31,3.0,1.0,2.0,95,Small Business,Affiliate,0
2600.0,8,1492.54,186.5675,19,0.077875,7,11,2024-02-15,2.0,6.0,-4.0,505,Consumer,Organic,0
2602.0,3,679.41,226.47,67,0.043666666666666666,3,5,2024-12-18,1.0,2.0,-1.0,198,Consumer,Organic,0
2603.0,2,768.9499999999999,384.47499999999997,6,0.0825,2,10,2025-02-10,1.0,1.0,0.0,144,Small Business,Organic,0
2604.0,3,695.94,231.98000000000002,38,0.09033333333333333,3,4,2024-10-31,1.0,2.0,-1.0,246,Consumer,Paid Search,0
2605.0,2,335.32,167.66,193,0.05,2,2,2024-10-31,0.0,2.0,-2.0,246,Consumer,Social,0
2607.0,6,2346.19,391.0316666666667,11,0.042,6,8,2023-12-29,1.0,5.0,-4.0,553,Consumer,Paid Search,0
2609.0,6,760.0,126.66666666666667,46,0.056,6,8,2024-08-07,3.0,3.0,0.0,331,Consumer,Paid Search,1
2612.0,6,533.87,88.97833333333334,35,0.056333333333333326,4,11,2023-09-23,1.0,5.0,-4.0,650,Consumer,Affiliate,0
2614.0,5,3886.49,777.298,19,0.11019999999999999,5,35,2024-12-05,3.0,2.0,1.0,211,Enterprise,Organic,0
2616.0,3,221.57,73.85666666666667,333,0.024999999999999998,3,4,2024-06-03,0.0,3.0,-3.0,396,Consumer,Email,0
2617.0,1,56.04,56.04,2,0.171,1,4,2025-07-02,1.0,0.0,1.0,2,Small Business,Social,0
2619.0,5,1181.35,236.26999999999998,3,0.0844,5,20,2024-10-18,3.0,2.0,1.0,259,Small Business,Social,0
2620.0,4,1536.0,384.0,80,0.0335,4,7,2024-02-28,1.0,3.0,-2.0,492,Consumer,Social,0
2621.0,6,4528.15,754.6916666666666,172,0.10733333333333334,6,26,2024-06-09,0.0,6.0,-6.0,390,Small Business,Affiliate,0
2623.0,11,4925.04,447.7309090909091,102,0.11045454545454544,11,41,2023-07-29,0.0,11.0,-11.0,706,Small Business,Paid Search,0
2626.0,10,3539.1099999999997,353.91099999999994,24,0.1089,8,31,2024-05-26,1.0,9.0,-8.0,404,Small Business,Paid Search,0
2627.0,2,176.89000000000001,88.44500000000001,400,0.0805,2,3,2024-05-30,0.0,2.0,-2.0,400,Consumer,Organic,0
2629.0,10,11043.880000000001,1104.3880000000001,113,0.06810000000000001,9,34,2023-10-19,0.0,10.0,-10.0,624,Small Business,Organic,1
2630.0,3,826.36,275.4533333333333,23,0.08433333333333333,3,6,2024-12-09,1.0,2.0,-1.0,207,Consumer,Affiliate,1
2632.0,1,41.32,41.32,5,0.085,1,1,2025-06-29,1.0,0.0,1.0,5,Consumer,Organic,0
2633.0,3,275.20000000000005,91.73333333333335,176,0.013999999999999999,3,6,2024-09-16,0.0,3.0,-3.0,291,Consumer,Social,0
2635.0,2,215.70999999999998,107.85499999999999,152,0.06,2,3,2025-01-31,0.0,2.0,-2.0,154,Consumer,Email,0
2636.0,5,1244.0300000000002,248.80600000000004,162,0.11339999999999999,5,15,2024-04-17,0.0,5.0,-5.0,443,Small Business,Affiliate,0
2637.0,3,455.07,151.69,41,0.043333333333333335,3,4,2025-03-18,2.0,1.0,1.0,108,Consumer,Email,0
2640.0,8,6767.66,845.9575,43,0.155625,8,54,2024-09-24,1.0,7.0,-6.0,283,Enterprise,Organic,0
2641.0,7,2217.96,316.8514285714286,18,0.08285714285714285,7,12,2024-07-26,2.0,5.0,-3.0,343,Consumer,Paid Search,1
2642.0,4,486.56000000000006,121.64000000000001,38,0.0345,4,4,2024-05-22,2.0,2.0,0.0,408,Consumer,Direct,0
2643.0,3,273.95,91.31666666666666,228,0.014666666666666666,3,4,2024-06-24,0.0,3.0,-3.0,375,Consumer,Organic,0
2644.0,9,3969.7,441.0777777777778,127,0.10622222222222222,9,31,2023-05-01,0.0,9.0,-9.0,795,Small Business,Paid Search,0
2646.0,7,3791.25,541.6071428571429,6,0.13385714285714284,6,20,2024-03-18,2.0,5.0,-3.0,473,Small Business,Organic,0
2649.0,4,1080.0,270.0,52,0.04175,4,7,2024-11-11,1.0,3.0,-2.0,235,Consumer,Affiliate,0
2650.0,2,154.59,77.295,143,0.008,2,3,2024-09-03,0.0,2.0,-2.0,304,Consumer,Organic,0
2651.0,11,9064.06,824.0054545454545,7,0.14954545454545454,10,68,2024-07-04,1.0,10.0,-9.0,365,Enterprise,Social,0
2655.0,3,805.78,268.5933333333333,244,0.03933333333333333,3,6,2024-09-07,0.0,3.0,-3.0,300,Consumer,Direct,0
2657.0,5,2047.25,409.45,16,0.0314,5,6,2024-01-03,2.0,3.0,-1.0,548,Consumer,Direct,0
2659.0,9,6499.25,722.1388888888889,12,0.08133333333333333,9,34,2024-10-27,5.0,4.0,1.0,250,Small Business,Paid Search,0
2660.0,3,1771.05,590.35,113,0.056999999999999995,3,5,2024-08-13,0.0,3.0,-3.0,325,Consumer,Affiliate,0
2661.0,3,134.94,44.98,183,0.11566666666666668,3,3,2024-03-05,0.0,3.0,-3.0,486,Consumer,Paid Search,1
2662.0,5,536.77,107.354,101,0.1072,5,6,2023-08-19,0.0,5.0,-5.0,685,Consumer,Social,0
2663.0,7,492.75,70.39285714285714,39,0.06571428571428571,7,10,2024-05-11,2.0,5.0,-3.0,419,Consumer,Social,1
2667.0,6,602.07,100.34500000000001,74,0.06333333333333334,6,9,2024-01-02,1.0,5.0,-4.0,549,Consumer,Social,0
2668.0,1,271.56,271.56,26,0.147,1,3,2025-06-08,1.0,0.0,1.0,26,Small Business,Paid Search,0
2669.0,1,207.13,207.13,7,0.007,1,1,2025-06-27,1.0,0.0,1.0,7,Consumer,Email,0
2671.0,6,1614.42,269.07,20,0.073,6,8,2024-07-08,2.0,4.0,-2.0,361,Consumer,Organic,0
2672.0,5,754.46,150.892,57,0.0602,5,7,2024-09-03,1.0,4.0,-3.0,304,Consumer,Social,1
2673.0,3,146.14999999999998,48.71666666666666,34,0.04533333333333334,3,5,2025-04-13,3.0,0.0,3.0,82,Consumer,Paid Search,0
2674.0,4,2559.77,639.9425,3,0.089,4,16,2024-04-15,1.0,3.0,-2.0,445,Small Business,Paid Search,0
2675.0,3,1145.55,381.84999999999997,38,0.10066666666666668,3,11,2024-10-28,1.0,2.0,-1.0,249,Small Business,Direct,0
2677.0,4,534.6800000000001,133.67000000000002,129,0.07225000000000001,4,6,2023-12-06,0.0,4.0,-4.0,576,Consumer,Social,0
2679.0,3,666.95,222.3166666666667,49,0.05833333333333333,3,4,2024-11-11,1.0,2.0,-1.0,235,Consumer,Direct,1
2685.0,1,315.52,315.52,190,0.014,1,2,2024-12-26,0.0,1.0,-1.0,190,Consumer,Direct,1
2687.0,6,967.48,161.24666666666667,265,0.035333333333333335,6,9,2023-11-29,0.0,6.0,-6.0,583,Consumer,Affiliate,0
2688.0,5,2289.0299999999997,457.8059999999999,46,0.08199999999999999,5,20,2024-12-14,1.0,4.0,-3.0,202,Small Business,Social,0
2689.0,7,2059.44,294.2057142857143,22,0.048,7,11,2023-10-29,2.0,5.0,-3.0,614,Consumer,Social,1
2690.0,2,855.9499999999999,427.97499999999997,83,0.11249999999999999,2,2,2025-03-08,1.0,1.0,0.0,118,Consumer,Organic,0
2691.0,7,3206.38,458.05428571428575,29,0.08485714285714287,7,26,2023-11-24,2.0,5.0,-3.0,588,Small Business,Email,0
2692.0,2,236.13,118.065,2,0.011,2,2,2024-12-25,1.0,1.0,0.0,191,Consumer,Paid Search,0
2693.0,8,2646.0,330.75,117,0.103375,8,25,2024-03-24,0.0,8.0,-8.0,467,Small Business,Social,0
2694.0,1,64.77,64.77,42,0.076,1,1,2025-05-23,1.0,0.0,1.0,42,Consumer,Paid Search,0
2697.0,7,2233.85,319.12142857142857,21,0.12357142857142857,7,23,2024-11-27,2.0,5.0,-3.0,219,Small Business,Paid Search,0
2698.0,2,737.0799999999999,368.53999999999996,104,0.084,2,7,2025-02-08,0.0,2.0,-2.0,146,Small Business,Email,0
2699.0,1,39.0,39.0,64,0.0,1,2,2025-05-01,1.0,0.0,1.0,64,Consumer,Social,0
2702.0,3,240.58,80.19333333333334,96,0.055999999999999994,3,4,2024-08-04,0.0,3.0,-3.0,334,Consumer,Email,0
2704.0,16,20787.82,1299.23875,30,0.12825,14,106,2023-10-26,4.0,12.0,-8.0,617,Enterprise,Paid Search,0
2706.0,4,311.88,77.97,82,0.04000000000000001,4,7,2024-12-07,1.0,3.0,-2.0,209,Consumer,Email,0
2707.0,9,1378.08,153.12,8,0.08688888888888889,9,16,2024-05-08,4.0,5.0,-1.0,422,Consumer,Email,0
2709.0,11,15297.48,1390.68,37,0.11563636363636363,11,89,2024-02-26,1.0,10.0,-9.0,494,Enterprise,Email,0
2711.0,2,465.83000000000004,232.91500000000002,89,0.14600000000000002,2,7,2025-01-15,1.0,1.0,0.0,170,Small Business,Paid Search,0
2712.0,6,766.9399999999999,127.82333333333332,92,0.051166666666666666,6,11,2024-01-20,0.0,6.0,-6.0,531,Consumer,Direct,0
2713.0,9,1694.93,188.32555555555555,4,0.05566666666666667,9,14,2023-12-02,3.0,6.0,-3.0,580,Consumer,Organic,0
2715.0,3,1164.0,388.0,36,0.069,3,11,2024-08-23,1.0,2.0,-1.0,315,Small Business,Organic,0
2719.0,2,396.14,198.07,44,0.099,2,4,2025-01-06,1.0,1.0,0.0,179,Consumer,Affiliate,0
2722.0,4,1985.13,496.2825,153,0.02925,4,6,2024-03-01,0.0,4.0,-4.0,490,Consumer,Affiliate,1
2723.0,1,55.06,55.06,260,0.074,1,1,2024-10-17,0.0,1.0,-1.0,260,Consumer,Social,1
2724.0,5,1414.8799999999999,282.976,23,0.09380000000000001,5,6,2024-06-06,1.0,4.0,-3.0,393,Consumer,Paid Search,0
2727.0,4,259.64,64.91,20,0.06125,4,6,2025-01-10,2.0,2.0,0.0,175,Consumer,Paid Search,1
2729.0,4,1774.92,443.73,138,0.04625,4,16,2024-06-30,0.0,4.0,-4.0,369,Small Business,Social,0
2730.0,9,1625.52,180.61333333333334,142,0.05811111111111111,9,12,2024-02-02,0.0,9.0,-9.0,518,Consumer,Social,0
2731.0,7,1616.04,230.86285714285714,63,0.11114285714285714,6,23,2024-04-19,1.0,6.0,-5.0,441,Small Business,Email,0
2733.0,1,92.92,92.92,14,0.038,1,4,2025-06-20,1.0,0.0,1.0,14,Small Business,Email,1
2734.0,9,7071.7300000000005,785.7477777777779,58,0.09555555555555556,9,64,2024-08-17,3.0,6.0,-3.0,321,Enterprise,Email,0
2736.0,5,589.58,117.91600000000001,110,0.0524,5,9,2024-02-14,0.0,5.0,-5.0,506,Consumer,Email,0
2737.0,6,2747.39,457.8983333333333,63,0.066,6,23,2024-05-06,2.0,4.0,-2.0,424,Small Business,Paid Search,0
2738.0,9,5317.639999999999,590.8488888888888,43,0.09233333333333332,9,33,2024-03-15,2.0,7.0,-5.0,476,Small Business,Email,0
2741.0,6,2607.08,434.5133333333333,8,0.09816666666666667,6,21,2025-01-11,2.0,4.0,-2.0,174,Small Business,Organic,0
2742.0,8,1345.0900000000001,168.13625000000002,29,0.05975,8,14,2023-06-22,1.0,7.0,-6.0,743,Consumer,Email,1
2743.0,7,865.13,123.59,54,0.06714285714285714,7,11,2024-03-31,1.0,6.0,-5.0,460,Consumer,Paid Search,0
2745.0,3,248.38,82.79333333333334,5,0.10266666666666667,3,4,2024-12-12,2.0,1.0,1.0,204,Consumer,Organic,0
2748.0,4,1110.56,277.64,55,0.11399999999999999,4,14,2024-12-01,1.0,3.0,-2.0,215,Small Business,Paid Search,0
2751.0,3,559.07,186.35666666666668,11,0.06433333333333334,3,4,2025-01-07,1.0,2.0,-1.0,178,Consumer,Social,1
2752.0,2,1701.4,850.7,28,0.0765,2,7,2025-03-02,1.0,1.0,0.0,124,Small Business,Social,0
2754.0,2,96.58000000000001,48.290000000000006,25,0.05,2,4,2024-06-11,1.0,1.0,0.0,388,Consumer,Paid Search,1
2756.0,4,526.1600000000001,131.54000000000002,7,0.0625,3,6,2023-12-08,1.0,3.0,-2.0,574,Consumer,Paid Search,0
2759.0,5,795.11,159.022,30,0.144,5,16,2025-02-05,4.0,1.0,3.0,149,Small Business,Paid Search,1
2760.0,1,953.16,953.16,137,0.066,1,2,2025-02-17,0.0,1.0,-1.0,137,Consumer,Social,1
2761.0,3,3023.58,1007.86,89,0.13033333333333333,3,10,2025-01-22,1.0,2.0,-1.0,163,Small Business,Affiliate,0
2762.0,4,1169.48,292.37,39,0.1125,4,5,2024-04-27,2.0,2.0,0.0,433,Consumer,Paid Search,0
2763.0,2,379.5,189.75,431,0.0005,2,3,2024-03-19,0.0,2.0,-2.0,472,Consumer,Organic,0
2764.0,17,11759.99,691.7641176470588,27,0.1441764705882353,16,120,2024-04-24,4.0,13.0,-9.0,436,Enterprise,Paid Search,0
2766.0,3,184.14000000000001,61.38,185,0.08166666666666668,3,12,2024-11-15,0.0,3.0,-3.0,231,Small Business,Social,0
2767.0,8,1770.3999999999999,221.29999999999998,23,0.0615,8,11,2024-04-01,1.0,7.0,-6.0,459,Consumer,Social,1
2769.0,5,2941.92,588.384,72,0.084,5,16,2024-09-19,1.0,4.0,-3.0,288,Small Business,Social,0
2770.0,6,1003.04,167.17333333333332,6,0.079,6,10,2025-02-16,4.0,2.0,2.0,138,Consumer,Email,1
2771.0,4,2392.24,598.06,12,0.0685,4,6,2024-10-29,3.0,1.0,2.0,248,Consumer,Paid Search,1
2772.0,4,1959.3500000000001,489.83750000000003,223,0.1085,4,6,2024-06-14,0.0,4.0,-4.0,385,Consumer,Paid Search,0
2774.0,1,384.49,384.49,40,0.069,1,1,2025-05-25,1.0,0.0,1.0,40,Consumer,Organic,0
2775.0,6,640.04,106.67333333333333,14,0.06916666666666667,6,8,2023-05-17,1.0,5.0,-4.0,779,Consumer,Affiliate,0
2781.0,10,4243.14,424.314,34,0.0955,10,36,2024-07-23,2.0,8.0,-6.0,346,Small Business,Social,0
2782.0,2,976.32,488.16,33,0.104,2,9,2024-12-30,1.0,1.0,0.0,186,Small Business,Paid Search,0
2783.0,2,535.58,267.79,22,0.009,2,3,2025-06-01,2.0,0.0,2.0,33,Consumer,Email,1
2784.0,3,315.8,105.26666666666667,5,0.07666666666666667,3,4,2025-02-12,1.0,2.0,-1.0,142,Consumer,Social,0
2785.0,2,176.72,88.36,141,0.083,2,3,2024-07-29,0.0,2.0,-2.0,340,Consumer,Social,0
2786.0,2,126.11000000000001,63.05500000000001,501,0.0745,2,3,2023-12-26,0.0,2.0,-2.0,556,Consumer,Email,1
2790.0,5,1692.8799999999999,338.57599999999996,2,0.0814,5,19,2024-05-30,1.0,4.0,-3.0,400,Small Business,Social,0
2791.0,4,1434.6699999999998,358.66749999999996,35,0.08125,4,4,2024-03-02,2.0,2.0,0.0,489,Consumer,Social,1
2792.0,3,6155.88,2051.96,3,0.13066666666666668,3,24,2024-12-14,2.0,1.0,1.0,202,Enterprise,Paid Search,0
2793.0,3,1815.69,605.23,30,0.12433333333333334,3,18,2025-05-10,3.0,0.0,3.0,55,Enterprise,Direct,0
2799.0,4,333.13,83.2825,138,0.055,4,4,2024-10-11,0.0,4.0,-4.0,266,Consumer,Organic,0
2800.0,6,1249.01,208.16833333333332,7,0.08033333333333333,5,10,2024-03-08,1.0,5.0,-4.0,483,Consumer,Paid Search,0
2801.0,4,1009.44,252.36,41,0.04475,4,6,2024-02-11,2.0,2.0,0.0,509,Consumer,Direct,0
2802.0,2,239.3,119.65,123,0.033,2,2,2024-10-29,0.0,2.0,-2.0,248,Consumer,Social,0
2803.0,2,262.34000000000003,131.17000000000002,167,0.1445,2,3,2024-09-08,0.0,2.0,-2.0,299,Consumer,Affiliate,0
2804.0,5,1724.24,344.848,41,0.036199999999999996,5,7,2024-07-25,2.0,3.0,-1.0,344,Consumer,Organic,0
2806.0,5,4164.969999999999,832.9939999999999,178,0.0982,5,16,2024-04-15,0.0,5.0,-5.0,445,Small Business,Social,0
2809.0,3,1471.75,490.5833333333333,11,0.055333333333333325,3,4,2025-01-16,1.0,2.0,-1.0,169,Consumer,Organic,0
2811.0,2,107.82,53.91,68,0.0315,2,3,2024-11-14,1.0,1.0,0.0,232,Consumer,Direct,0
2813.0,5,462.7,92.53999999999999,23,0.038400000000000004,5,8,2024-03-23,1.0,4.0,-3.0,468,Consumer,Social,0
2815.0,8,6520.29,815.03625,72,0.12625,8,59,2024-08-13,1.0,7.0,-6.0,325,Enterprise,Paid Search,0
2816.0,6,3605.54,600.9233333333333,59,0.07033333333333333,6,24,2024-06-15,1.0,5.0,-4.0,384,Small Business,Organic,0
2819.0,1,212.04,212.04,31,0.147,1,2,2025-06-03,1.0,0.0,1.0,31,Consumer,Organic,0
2820.0,2,220.67,110.335,53,0.0315,2,3,2025-03-19,1.0,1.0,0.0,107,Consumer,Paid Search,0
2821.0,3,230.26,76.75333333333333,247,0.043000000000000003,3,5,2024-05-10,0.0,3.0,-3.0,420,Consumer,Social,0
2823.0,6,362.38,60.39666666666667,18,0.077,6,10,2024-06-27,1.0,5.0,-4.0,372,Consumer,Paid Search,0
2824.0,3,670.55,223.51666666666665,252,0.072,3,4,2024-07-18,0.0,3.0,-3.0,351,Consumer,Email,0
2825.0,7,815.19,116.4557142857143,26,0.09028571428571429,7,10,2024-01-13,1.0,6.0,-5.0,538,Consumer,Paid Search,0
2826.0,2,594.85,297.425,58,0.077,2,3,2024-11-15,1.0,1.0,0.0,231,Consumer,Paid Search,0
2827.0,5,786.4499999999999,157.29,16,0.027800000000000002,5,8,2024-11-25,4.0,1.0,3.0,221,Consumer,Social,0
2828.0,3,439.59000000000003,146.53,33,0.10233333333333333,3,5,2024-11-30,1.0,2.0,-1.0,216,Consumer,Social,0
2829.0,4,480.21000000000004,120.05250000000001,90,0.09175,4,5,2024-04-18,0.0,4.0,-4.0,442,Consumer,Direct,0
2830.0,3,243.77,81.25666666666667,39,0.09600000000000002,3,4,2024-04-01,1.0,2.0,-1.0,459,Consumer,Affiliate,0
2831.0,8,17105.88,2138.235,18,0.138125,8,75,2024-12-10,6.0,2.0,4.0,206,Enterprise,Email,0
2832.0,5,673.74,134.748,379,0.016800000000000002,5,7,2023-12-12,0.0,5.0,-5.0,570,Consumer,Social,0
2835.0,4,828.1800000000001,207.04500000000002,124,0.024,4,7,2024-09-28,0.0,4.0,-4.0,279,Consumer,Affiliate,0
2837.0,7,1302.58,186.08285714285714,87,0.057571428571428565,7,9,2024-01-16,1.0,6.0,-5.0,535,Consumer,Social,0
2838.0,6,1245.59,207.59833333333333,160,0.08849999999999998,6,24,2023-11-25,0.0,6.0,-6.0,587,Small Business,Organic,0
2842.0,5,509.28999999999996,101.85799999999999,62,0.03219999999999999,5,7,2023-10-05,1.0,4.0,-3.0,638,Consumer,Direct,1
2844.0,4,351.97,87.9925,3,0.0945,4,6,2025-01-01,2.0,2.0,0.0,184,Consumer,Direct,0
2845.0,3,41.75,13.916666666666666,39,0.076,3,5,2024-09-29,1.0,2.0,-1.0,278,Consumer,Social,1
2846.0,2,426.28,213.14,14,0.030500000000000003,2,3,2025-03-14,1.0,1.0,0.0,112,Consumer,Direct,0
2848.0,8,1180.6,147.575,83,0.036625,7,14,2023-09-24,1.0,7.0,-6.0,649,Consumer,Social,0
2850.0,4,587.05,146.7625,30,0.00975,4,4,2025-01-30,2.0,2.0,0.0,155,Consumer,Paid Search,0
2854.0,4,919.04,229.76,216,0.035,4,5,2024-04-19,0.0,4.0,-4.0,441,Consumer,Paid Search,0
2855.0,8,688.4000000000001,86.05000000000001,18,0.06325,7,12,2023-01-27,1.0,7.0,-6.0,889,Consumer,Social,0
2856.0,2,492.58000000000004,246.29000000000002,11,0.134,2,4,2025-01-09,1.0,1.0,0.0,176,Small Business,Direct,0
2857.0,2,505.13,252.565,291,0.0785,2,3,2024-08-30,0.0,2.0,-2.0,308,Consumer,Affiliate,1
2858.0,11,2875.37,261.3972727272727,13,0.06145454545454545,11,15,2024-02-17,2.0,9.0,-7.0,503,Consumer,Paid Search,0
2859.0,5,1662.87,332.57399999999996,25,0.1036,5,8,2024-06-16,3.0,2.0,1.0,383,Consumer,Social,0
2860.0,7,1417.8300000000002,202.5471428571429,15,0.07857142857142858,7,8,2024-08-17,2.0,5.0,-3.0,321,Consumer,Paid Search,0
2861.0,4,384.62,96.155,231,0.07525,4,6,2023-12-14,0.0,4.0,-4.0,568,Consumer,Paid Search,1
2862.0,3,325.64,108.54666666666667,204,0.056,3,6,2024-02-01,0.0,3.0,-3.0,519,Consumer,Direct,0
2864.0,4,986.49,246.6225,59,0.02275,4,6,2024-06-23,1.0,3.0,-2.0,376,Consumer,Paid Search,1
2867.0,3,885.7099999999999,295.2366666666666,2,0.06533333333333334,3,5,2024-05-24,1.0,2.0,-1.0,406,Consumer,Social,0
2871.0,4,667.58,166.895,115,0.1245,4,5,2024-08-16,0.0,4.0,-4.0,322,Consumer,Paid Search,1
2872.0,4,937.01,234.2525,35,0.0705,4,7,2024-05-20,3.0,1.0,2.0,410,Consumer,Affiliate,0
2873.0,2,331.14,165.57,191,0.083,2,4,2024-04-08,0.0,2.0,-2.0,452,Consumer,Email,0
2874.0,1,455.36,455.36,5,0.079,1,4,2025-06-29,1.0,0.0,1.0,5,Small Business,Social,0
2880.0,5,908.63,181.726,29,0.0392,5,7,2024-01-17,1.0,4.0,-3.0,534,Consumer,Direct,0
2882.0,3,246.59,82.19666666666667,107,0.035666666666666666,3,3,2024-08-19,0.0,3.0,-3.0,319,Consumer,Email,0
2883.0,9,2185.2599999999998,242.80666666666664,33,0.06877777777777777,9,12,2023-05-24,1.0,8.0,-7.0,772,Consumer,Paid Search,1
2884.0,3,138.95999999999998,46.31999999999999,9,0.10033333333333333,3,4,2025-03-24,2.0,1.0,1.0,102,Consumer,Email,1
2886.0,1,146.2,146.2,281,0.059,1,1,2024-09-26,0.0,1.0,-1.0,281,Consumer,Paid Search,0
2887.0,1,98.38,98.38,197,0.027,1,2,2024-12-19,0.0,1.0,-1.0,197,Consumer,Email,0
2888.0,3,947.23,315.74333333333334,135,0.07866666666666666,3,4,2024-02-29,0.0,3.0,-3.0,491,Consumer,Paid Search,0
2889.0,5,1326.0900000000001,265.218,141,0.063,5,8,2024-02-13,0.0,5.0,-5.0,507,Consumer,Social,1
2890.0,4,967.85,241.9625,385,0.048,4,7,2024-01-14,0.0,4.0,-4.0,537,Consumer,Social,1
2893.0,7,656.0699999999999,93.7242857142857,50,0.03471428571428571,6,9,2024-01-03,1.0,6.0,-5.0,548,Consumer,Social,0
2894.0,2,124.59,62.295,20,0.0,2,2,2024-12-17,1.0,1.0,0.0,199,Consumer,Email,0
2895.0,5,2095.23,419.046,2,0.09340000000000001,4,8,2024-02-19,1.0,4.0,-3.0,501,Consumer,Affiliate,0
2896.0,8,1384.3,173.0375,95,0.037,8,12,2023-07-21,0.0,8.0,-8.0,714,Consumer,Organic,0
2897.0,1,31.18,31.18,215,0.0,1,2,2024-12-01,0.0,1.0,-1.0,215,Consumer,Social,0
2900.0,3,357.09000000000003,119.03000000000002,0,0.04033333333333333,3,5,2025-01-31,2.0,1.0,1.0,154,Consumer,Social,0
2901.0,2,231.28,115.64,101,0.043,2,4,2025-01-21,0.0,2.0,-2.0,164,Consumer,Paid Search,0
2902.0,5,2416.33,483.26599999999996,346,0.10980000000000001,5,16,2023-10-28,0.0,5.0,-5.0,615,Small Business,Email,0
2903.0,5,880.09,176.018,33,0.1092,5,8,2024-10-21,2.0,3.0,-1.0,256,Consumer,Organic,0
2910.0,1,122.73,122.73,183,0.0,1,1,2025-01-02,0.0,1.0,-1.0,183,Consumer,Social,1
2911.0,7,1207.1299999999999,172.44714285714284,115,0.056,7,11,2023-04-12,0.0,7.0,-7.0,814,Consumer,Paid Search,0
2912.0,2,790.5,395.25,368,0.0785,2,2,2023-09-30,0.0,2.0,-2.0,643,Consumer,Organic,0
2913.0,17,20613.13,1212.5370588235294,13,0.1361764705882353,16,115,2023-11-26,1.0,16.0,-15.0,586,Enterprise,Organic,0
2914.0,4,968.1700000000001,242.04250000000002,150,0.08225,4,7,2023-11-09,0.0,4.0,-4.0,603,Consumer,Paid Search,0
2915.0,2,551.83,275.915,14,0.003,2,3,2025-06-15,2.0,0.0,2.0,19,Consumer,Organic,1
2918.0,1,252.3,252.3,90,0.004,1,2,2025-04-05,0.0,1.0,-1.0,90,Consumer,Paid Search,0
2919.0,1,20.25,20.25,395,0.058,1,1,2024-06-04,0.0,1.0,-1.0,395,Consumer,Organic,1
2921.0,2,251.34,125.67,46,0.023999999999999997,2,2,2024-07-24,1.0,1.0,0.0,345,Consumer,Paid Search,0
2922.0,8,1904.83,238.10375,18,0.075125,7,12,2023-11-21,1.0,7.0,-6.0,591,Consumer,Email,0
2923.0,3,280.23999999999995,93.41333333333331,143,0.108,3,5,2024-10-22,0.0,3.0,-3.0,255,Consumer,Email,0
2924.0,4,2762.5699999999997,690.6424999999999,54,0.111,4,13,2024-12-09,1.0,3.0,-2.0,207,Small Business,Social,0
2925.0,5,536.68,107.33599999999998,125,0.09340000000000001,5,19,2024-06-24,0.0,5.0,-5.0,375,Small Business,Paid Search,0
2929.0,3,563.5799999999999,187.85999999999999,35,0.06166666666666667,2,4,2023-12-15,1.0,2.0,-1.0,567,Consumer,Email,1
2932.0,8,9120.75,1140.09375,50,0.112625,8,27,2024-07-21,3.0,5.0,-2.0,348,Small Business,Paid Search,0
2934.0,2,1689.26,844.63,58,0.0665,2,4,2025-03-22,1.0,1.0,0.0,104,Consumer,Social,0
2935.0,1,40.02,40.02,235,0.015,1,1,2024-11-11,0.0,1.0,-1.0,235,Consumer,Paid Search,0
2936.0,11,2770.51,251.86454545454546,159,0.10118181818181818,11,40,2023-11-25,0.0,11.0,-11.0,587,Small Business,Paid Search,0
2937.0,10,6334.08,633.408,3,0.1367,10,68,2024-12-16,4.0,6.0,-2.0,200,Enterprise,Social,0
2938.0,7,2290.95,327.2785714285714,29,0.041999999999999996,7,11,2023-12-14,3.0,4.0,-1.0,568,Consumer,Social,0
2939.0,6,566.42,94.40333333333332,67,0.06749999999999999,6,7,2024-06-12,1.0,5.0,-4.0,387,Consumer,Social,0
2940.0,5,552.56,110.51199999999999,39,0.0596,5,9,2024-09-29,1.0,4.0,-3.0,278,Consumer,Social,0
2942.0,3,1538.9099999999999,512.9699999999999,69,0.09066666666666667,3,4,2025-01-15,1.0,2.0,-1.0,170,Consumer,Social,0
2943.0,7,2640.29,377.1842857142857,77,0.10685714285714286,7,50,2024-07-02,1.0,6.0,-5.0,367,Enterprise,Social,0
2944.0,2,392.14,196.07,302,0.014,2,2,2024-08-21,0.0,2.0,-2.0,317,Consumer,Direct,0
2946.0,3,264.2,88.06666666666666,78,0.0023333333333333335,2,4,2025-02-26,2.0,1.0,1.0,128,Consumer,Organic,0
2948.0,3,506.63,168.87666666666667,4,0.04566666666666667,3,4,2025-04-16,3.0,0.0,3.0,79,Consumer,Social,0
2949.0,4,552.75,138.1875,37,0.07450000000000001,4,5,2023-12-12,1.0,3.0,-2.0,570,Consumer,Organic,0
2950.0,5,4043.44,808.688,14,0.06659999999999999,5,20,2025-03-04,3.0,2.0,1.0,122,Small Business,Email,0
2951.0,1,510.84,510.84,241,0.075,1,2,2024-11-05,0.0,1.0,-1.0,241,Consumer,Direct,0
2954.0,6,5137.0,856.1666666666666,61,0.13516666666666666,6,46,2024-10-25,1.0,5.0,-4.0,252,Enterprise,Email,0
2956.0,1,223.55,223.55,186,0.0,1,1,2024-12-30,0.0,1.0,-1.0,186,Consumer,Social,1
2957.0,4,627.86,156.965,14,0.04625,4,6,2024-05-31,1.0,3.0,-2.0,399,Consumer,Affiliate,0
2958.0,1,61.16,61.16,206,0.049,1,2,2024-12-10,0.0,1.0,-1.0,206,Consumer,Social,0
2959.0,8,2206.46,275.8075,231,0.049,8,10,2023-08-17,0.0,8.0,-8.0,687,Consumer,Organic,0
2961.0,13,7608.889999999999,585.2992307692307,7,0.09284615384615386,13,43,2023-10-29,3.0,10.0,-7.0,614,Small Business,Paid Search,1
2962.0,1,279.08,279.08,269,0.078,1,2,2024-10-08,0.0,1.0,-1.0,269,Consumer,Direct,1
2963.0,1,358.2,358.2,47,0.039,1,2,2025-05-18,1.0,0.0,1.0,47,Consumer,Paid Search,1
2964.0,3,570.44,190.14666666666668,67,0.05666666666666667,3,5,2023-08-04,1.0,2.0,-1.0,700,Consumer,Social,0
2965.0,10,2707.0299999999997,270.703,4,0.1117,9,34,2023-10-05,3.0,7.0,-4.0,638,Small Business,Social,0
2967.0,5,947.05,189.41,69,0.07980000000000001,5,7,2023-10-17,1.0,4.0,-3.0,626,Consumer,Paid Search,0
2968.0,1,128.3,128.3,151,0.168,1,2,2025-02-03,0.0,1.0,-1.0,151,Consumer,Paid Search,0
2969.0,1,268.12,268.12,68,0.029,1,1,2025-04-27,1.0,0.0,1.0,68,Consumer,Social,1
2970.0,1,846.02,846.02,324,0.171,1,2,2024-08-14,0.0,1.0,-1.0,324,Consumer,Social,0
2971.0,2,363.33000000000004,181.66500000000002,123,0.08099999999999999,2,2,2024-08-09,0.0,2.0,-2.0,329,Consumer,Email,0
2974.0,2,126.61999999999999,63.309999999999995,63,0.098,2,2,2025-02-25,1.0,1.0,0.0,129,Consumer,Paid Search,0
2976.0,2,987.72,493.86,2,0.156,2,9,2024-12-21,1.0,1.0,0.0,195,Small Business,Direct,0
2977.0,1,142.04,142.04,32,0.157,1,1,2025-06-02,1.0,0.0,1.0,32,Consumer,Affiliate,0
2981.0,2,361.65999999999997,180.82999999999998,97,0.0805,2,4,2024-10-30,0.0,2.0,-2.0,247,Consumer,Paid Search,1
2982.0,1,85.83,85.83,8,0.102,1,3,2025-06-26,1.0,0.0,1.0,8,Small Business,Paid Search,0
2983.0,5,630.5699999999999,126.11399999999999,0,0.0786,3,14,2024-07-10,1.0,4.0,-3.0,359,Small Business,Social,0
2984.0,1,38.71,38.71,455,0.0,1,1,2024-04-05,0.0,1.0,-1.0,455,Consumer,Affiliate,0
2986.0,10,2599.07,259.90700000000004,70,0.052000000000000005,10,15,2023-08-10,1.0,9.0,-8.0,694,Consumer,Social,0
2987.0,3,882.47,294.1566666666667,88,0.07466666666666666,3,4,2024-07-15,1.0,2.0,-1.0,354,Consumer,Direct,1
2988.0,4,277.96,69.49,19,0.03275,4,5,2024-02-14,2.0,2.0,0.0,506,Consumer,Paid Search,0
2989.0,5,3834.57,766.914,169,0.1216,5,19,2024-06-14,0.0,5.0,-5.0,385,Small Business,Email,0
2990.0,2,112.31,56.155,86,0.0,2,3,2025-04-08,2.0,0.0,2.0,87,Consumer,Paid Search,0
2991.0,2,144.05,72.025,135,0.05,2,3,2025-01-03,0.0,2.0,-2.0,182,Consumer,Email,1
2992.0,3,1323.93,441.31,183,0.12733333333333333,3,9,2024-09-13,0.0,3.0,-3.0,294,Small Business,Organic,0
2993.0,6,671.4100000000001,111.90166666666669,154,0.04016666666666666,6,7,2024-01-06,0.0,6.0,-6.0,545,Consumer,Paid Search,1
2994.0,7,645.03,92.14714285714285,4,0.03142857142857143,7,10,2024-12-26,5.0,2.0,3.0,190,Consumer,Organic,0
2995.0,4,705.35,176.3375,37,0.0555,4,5,2024-09-10,1.0,3.0,-2.0,297,Consumer,Affiliate,0
2997.0,3,1440.1999999999998,480.0666666666666,70,0.063,3,5,2025-02-23,1.0,2.0,-1.0,131,Consumer,Paid Search,0
2998.0,5,406.78000000000003,81.35600000000001,112,0.0928,5,9,2024-10-18,0.0,5.0,-5.0,259,Consumer,Paid Search,0
2999.0,1,42.26,42.26,147,0.012,1,1,2025-02-07,0.0,1.0,-1.0,147,Consumer,Organic,0
3002.0,2,150.6,75.3,197,0.0705,2,3,2024-12-10,0.0,2.0,-2.0,206,Consumer,Paid Search,0
3003.0,4,917.7,229.425,84,0.01975,4,7,2025-01-01,1.0,3.0,-2.0,184,Consumer,Organic,0
3004.0,9,2574.74,286.0822222222222,143,0.07788888888888888,9,15,2023-06-02,0.0,9.0,-9.0,763,Consumer,Social,0
3006.0,4,757.6,189.4,196,0.049,4,7,2024-11-03,0.0,4.0,-4.0,243,Consumer,Social,0
3007.0,3,1491.0700000000002,497.02333333333337,204,0.08333333333333333,3,11,2024-06-03,0.0,3.0,-3.0,396,Small Business,Social,0
3010.0,5,1503.21,300.642,22,0.055400000000000005,5,8,2023-09-11,1.0,4.0,-3.0,662,Consumer,Paid Search,0
3011.0,5,2932.5000000000005,586.5000000000001,155,0.0258,5,9,2024-02-09,0.0,5.0,-5.0,511,Consumer,Affiliate,0
3012.0,6,1517.32,252.88666666666666,189,0.05316666666666667,6,10,2023-12-27,0.0,6.0,-6.0,555,Consumer,Paid Search,1
3013.0,1,138.27,138.27,109,0.131,1,11,2025-03-17,0.0,1.0,-1.0,109,Enterprise,Direct,0
3014.0,15,14175.84,945.056,65,0.12000000000000001,15,103,2023-10-13,2.0,13.0,-11.0,630,Enterprise,Social,0
3017.0,5,985.48,197.096,7,0.064,5,15,2024-11-22,3.0,2.0,1.0,224,Small Business,Affiliate,0
3018.0,2,289.77,144.885,34,0.0585,2,2,2025-05-13,2.0,0.0,2.0,52,Consumer,Paid Search,0
3019.0,7,2752.13,393.1614285714286,12,0.07885714285714286,7,23,2024-09-16,2.0,5.0,-3.0,291,Small Business,Affiliate,0
3020.0,7,682.96,97.5657142857143,85,0.055,7,12,2024-01-02,1.0,6.0,-5.0,549,Consumer,Email,1
3022.0,13,6617.85,509.06538461538463,29,0.10015384615384616,13,42,2023-11-07,4.0,9.0,-5.0,605,Small Business,Social,0
3023.0,2,228.18,114.09,101,0.0935,2,4,2023-12-21,0.0,2.0,-2.0,561,Consumer,Organic,0
3024.0,3,1166.24,388.74666666666667,23,0.056333333333333326,3,5,2024-09-14,1.0,2.0,-1.0,293,Consumer,Direct,0
3025.0,11,7998.12,727.1018181818182,241,0.13263636363636364,10,81,2023-04-27,0.0,11.0,-11.0,799,Enterprise,Email,0
3026.0,2,230.60999999999999,115.30499999999999,201,0.012,2,3,2024-11-01,0.0,2.0,-2.0,245,Consumer,Social,0
3029.0,2,415.87,207.935,119,0.022,2,3,2025-01-01,0.0,2.0,-2.0,184,Consumer,Social,0
3031.0,3,805.86,268.62,11,0.048999999999999995,3,5,2024-11-11,2.0,1.0,1.0,235,Consumer,Organic,0
3033.0,3,850.37,283.45666666666665,66,0.14533333333333334,3,9,2024-10-15,1.0,2.0,-1.0,262,Small Business,Social,0
3034.0,3,2170.19,723.3966666666666,40,0.08566666666666667,3,13,2024-07-23,1.0,2.0,-1.0,346,Small Business,Social,0
3036.0,5,1978.7199999999998,395.74399999999997,102,0.0656,5,9,2024-10-22,0.0,5.0,-5.0,255,Consumer,Paid Search,1
3037.0,8,2370.17,296.27125,80,0.060375,7,13,2023-10-05,1.0,7.0,-6.0,638,Consumer,Direct,1
3038.0,3,1437.29,479.09666666666664,111,0.04766666666666667,3,5,2024-07-02,0.0,3.0,-3.0,367,Consumer,Direct,0
3039.0,7,4915.34,702.1914285714286,27,0.116,7,25,2024-09-15,1.0,6.0,-5.0,292,Small Business,Affiliate,0
3040.0,4,292.98,73.245,137,0.07575,4,6,2024-10-12,0.0,4.0,-4.0,265,Consumer,Affiliate,0
3041.0,3,484.3,161.43333333333334,121,0.114,3,22,2024-12-09,0.0,3.0,-3.0,207,Enterprise,Social,0
3043.0,2,280.35,140.175,206,0.0645,2,2,2024-09-15,0.0,2.0,-2.0,292,Consumer,Affiliate,0
3044.0,8,9135.8,1141.975,42,0.1595,8,51,2024-11-23,3.0,5.0,-2.0,223,Enterprise,Paid Search,0
3045.0,1,152.24,152.24,293,0.165,1,4,2024-09-14,0.0,1.0,-1.0,293,Small Business,Affiliate,0
3047.0,1,1447.42,1447.42,469,0.034,1,2,2024-03-22,0.0,1.0,-1.0,469,Consumer,Affiliate,1
3048.0,5,1238.3,247.66,92,0.063,5,8,2024-03-22,0.0,5.0,-5.0,469,Consumer,Organic,0
3049.0,1,110.1,110.1,114,0.186,1,3,2025-03-12,0.0,1.0,-1.0,114,Small Business,Affiliate,0
3054.0,3,397.92,132.64000000000001,110,0.076,3,5,2024-10-13,0.0,3.0,-3.0,264,Consumer,Paid Search,0
3055.0,9,1292.81,143.64555555555555,165,0.091,9,15,2023-09-09,0.0,9.0,-9.0,664,Consumer,Paid Search,0
3056.0,9,5260.969999999999,584.5522222222221,34,0.12033333333333333,8,26,2024-06-03,1.0,8.0,-7.0,396,Small Business,Organic,0
3057.0,4,671.4000000000001,167.85000000000002,32,0.036750000000000005,3,6,2023-10-07,1.0,3.0,-2.0,636,Consumer,Organic,0
3058.0,4,883.78,220.945,2,0.04475,4,7,2024-09-17,1.0,3.0,-2.0,290,Consumer,Organic,0
3059.0,3,887.99,295.99666666666667,3,0.09733333333333333,3,5,2024-11-16,2.0,1.0,1.0,230,Consumer,Paid Search,1
3060.0,3,2351.71,783.9033333333333,102,0.19566666666666666,3,14,2024-09-03,0.0,3.0,-3.0,304,Enterprise,Paid Search,0
3061.0,4,2141.95,535.4875,30,0.17225000000000001,4,26,2024-11-25,2.0,2.0,0.0,221,Enterprise,Affiliate,0
3062.0,14,15680.97,1120.0692857142856,16,0.14092857142857143,14,104,2024-09-28,6.0,8.0,-2.0,279,Enterprise,Organic,0
3065.0,2,347.98,173.99,157,0.08,2,4,2025-01-17,0.0,2.0,-2.0,168,Consumer,Paid Search,0
3069.0,2,736.05,368.025,28,0.1505,2,3,2024-06-06,1.0,1.0,0.0,393,Consumer,Organic,1
3070.0,1,142.56,142.56,18,0.0,1,2,2025-06-16,1.0,0.0,1.0,18,Consumer,Affiliate,0
3073.0,2,1457.23,728.615,140,0.098,2,3,2024-06-22,0.0,2.0,-2.0,377,Consumer,Social,0
3074.0,3,506.96,168.98666666666665,89,0.044333333333333336,3,3,2024-10-04,1.0,2.0,-1.0,273,Consumer,Direct,0
3076.0,3,195.43,65.14333333333333,345,0.06866666666666667,3,4,2023-11-27,0.0,3.0,-3.0,585,Consumer,Organic,0
3078.0,7,2423.9700000000003,346.2814285714286,13,0.023714285714285716,7,11,2024-02-29,2.0,5.0,-3.0,491,Consumer,Paid Search,0
3079.0,3,431.65999999999997,143.88666666666666,37,0.042,3,3,2025-01-08,1.0,2.0,-1.0,177,Consumer,Social,0
3080.0,4,2161.3799999999997,540.3449999999999,25,0.10375,4,12,2024-10-12,2.0,2.0,0.0,265,Small Business,Organic,0
3081.0,9,1383.36,153.70666666666665,52,0.05888888888888889,9,14,2023-11-01,1.0,8.0,-7.0,611,Consumer,Direct,1
3083.0,3,1764.3200000000002,588.1066666666667,124,0.0023333333333333335,3,5,2024-10-08,0.0,3.0,-3.0,269,Consumer,Social,0
3085.0,4,1105.22,276.305,105,0.082,4,6,2024-07-15,0.0,4.0,-4.0,354,Consumer,Email,0
3088.0,2,308.5,154.25,147,0.0465,2,4,2024-12-10,0.0,2.0,-2.0,206,Consumer,Paid Search,0
3089.0,4,1249.45,312.3625,102,0.0775,4,6,2024-09-01,0.0,4.0,-4.0,306,Consumer,Social,0
3091.0,2,321.83,160.915,84,0.0,2,3,2025-03-16,1.0,1.0,0.0,110,Consumer,Email,1
3093.0,3,287.3,95.76666666666667,67,0.084,2,3,2025-01-02,1.0,2.0,-1.0,183,Consumer,Affiliate,0
3094.0,5,2490.0,498.0,162,0.0934,5,17,2024-04-27,0.0,5.0,-5.0,433,Small Business,Paid Search,0
3095.0,5,1096.49,219.298,55,0.05739999999999999,5,7,2024-03-26,2.0,3.0,-1.0,465,Consumer,Social,0
3098.0,3,337.6,112.53333333333335,203,0.029666666666666664,3,4,2023-07-10,0.0,3.0,-3.0,725,Consumer,Paid Search,0
3101.0,12,5583.28,465.2733333333333,2,0.1065,11,35,2023-10-24,2.0,10.0,-8.0,619,Small Business,Paid Search,0
3102.0,9,4529.0599999999995,503.22888888888883,27,0.07922222222222222,9,24,2023-11-17,1.0,8.0,-7.0,595,Small Business,Social,0
3105.0,6,1282.38,213.73000000000002,107,0.030666666666666665,5,9,2024-10-05,0.0,6.0,-6.0,272,Consumer,Organic,0
3107.0,1,479.84,479.84,226,0.098,1,2,2024-11-20,0.0,1.0,-1.0,226,Consumer,Social,0
3111.0,6,989.87,164.97833333333332,84,0.09583333333333333,6,21,2024-10-24,1.0,5.0,-4.0,253,Small Business,Social,0
3112.0,2,121.19,60.595,8,0.069,2,3,2024-12-22,1.0,1.0,0.0,194,Consumer,Direct,0
3113.0,4,1265.73,316.4325,158,0.10025,3,17,2024-10-20,0.0,4.0,-4.0,257,Small Business,Social,0
3114.0,14,5486.88,391.92,24,0.10121428571428571,14,52,2023-10-23,2.0,12.0,-10.0,620,Small Business,Social,0
3116.0,6,692.66,115.44333333333333,21,0.08183333333333333,6,10,2024-01-24,2.0,4.0,-2.0,527,Consumer,Email,0
3117.0,3,54.3,18.099999999999998,16,0.041,3,3,2025-02-14,2.0,1.0,1.0,140,Consumer,Email,0
3118.0,9,2443.54,271.50444444444446,167,0.06188888888888888,9,15,2023-08-18,0.0,9.0,-9.0,686,Consumer,Social,1
3119.0,4,719.68,179.92,142,0.09225,4,13,2024-06-28,0.0,4.0,-4.0,371,Small Business,Affiliate,0
3120.0,4,1841.06,460.265,136,0.010750000000000001,4,5,2024-03-21,0.0,4.0,-4.0,470,Consumer,Organic,0
3121.0,2,611.0,305.5,29,0.07350000000000001,2,9,2025-05-06,2.0,0.0,2.0,59,Small Business,Organic,0
3123.0,7,1166.93,166.70428571428573,98,0.06157142857142857,7,9,2023-12-29,0.0,7.0,-7.0,553,Consumer,Social,0
3126.0,5,950.18,190.036,17,0.0752,5,5,2024-10-10,1.0,4.0,-3.0,267,Consumer,Organic,0
3128.0,10,7903.61,790.361,37,0.0937,10,68,2024-08-04,2.0,8.0,-6.0,334,Enterprise,Email,0
3129.0,1,223.06,223.06,434,0.105,1,2,2024-04-26,0.0,1.0,-1.0,434,Consumer,Social,1
3130.0,2,996.8399999999999,498.41999999999996,32,0.054000000000000006,2,6,2025-01-31,1.0,1.0,0.0,154,Small Business,Organic,0
3131.0,5,902.77,180.554,48,0.07039999999999999,5,7,2023-11-27,1.0,4.0,-3.0,585,Consumer,Paid Search,0
3136.0,3,757.3499999999999,252.44999999999996,55,0.07166666666666667,3,4,2024-12-13,1.0,2.0,-1.0,203,Consumer,Affiliate,0
3138.0,6,1450.33,241.72166666666666,55,0.050666666666666665,6,8,2024-07-02,1.0,5.0,-4.0,367,Consumer,Paid Search,1
3139.0,10,1694.3899999999999,169.439,49,0.0869,10,16,2023-11-29,1.0,9.0,-8.0,583,Consumer,Social,0
3141.0,8,8119.26,1014.9075,16,0.162125,8,63,2024-07-20,3.0,5.0,-2.0,349,Enterprise,Social,0
3142.0,2,472.09,236.045,162,0.0,2,3,2024-12-21,0.0,2.0,-2.0,195,Consumer,Paid Search,1
3143.0,6,737.42,122.90333333333332,107,0.10816666666666667,6,9,2023-03-27,0.0,6.0,-6.0,830,Consumer,Paid Search,0
3144.0,1,175.92,175.92,141,0.035,1,4,2025-02-13,0.0,1.0,-1.0,141,Small Business,Social,0
3145.0,6,2025.1999999999998,337.5333333333333,4,0.015166666666666667,6,9,2024-05-01,1.0,5.0,-4.0,429,Consumer,Paid Search,0
3146.0,20,20244.510000000002,1012.2255000000001,20,0.1204,20,133,2024-03-26,4.0,16.0,-12.0,465,Enterprise,Organic,0
3147.0,10,1678.6799999999998,167.868,32,0.05789999999999999,10,16,2023-08-01,1.0,9.0,-8.0,703,Consumer,Paid Search,0
3148.0,5,1722.17,344.434,7,0.047,5,7,2024-09-02,1.0,4.0,-3.0,305,Consumer,Email,0
3153.0,3,280.83,93.61,246,0.05000000000000001,3,4,2024-08-06,0.0,3.0,-3.0,332,Consumer,Email,0
3156.0,1,34.16,34.16,14,0.006,1,1,2025-06-20,1.0,0.0,1.0,14,Consumer,Paid Search,0
3157.0,7,1098.96,156.99428571428572,64,0.047857142857142855,7,12,2023-04-20,1.0,6.0,-5.0,806,Consumer,Organic,1
3158.0,10,3259.5099999999998,325.95099999999996,40,0.052700000000000004,9,17,2023-07-13,1.0,9.0,-8.0,722,Consumer,Social,0
3163.0,5,402.76,80.55199999999999,48,0.0346,5,6,2023-08-04,1.0,4.0,-3.0,700,Consumer,Organic,0
3165.0,5,1025.2,205.04000000000002,117,0.1222,5,14,2024-10-12,0.0,5.0,-5.0,265,Small Business,Paid Search,0
3167.0,10,2798.45,279.84499999999997,18,0.0648,10,15,2023-07-28,1.0,9.0,-8.0,707,Consumer,Social,0
3168.0,4,804.6400000000001,201.16000000000003,194,0.08625,4,6,2024-06-24,0.0,4.0,-4.0,375,Consumer,Direct,0
3171.0,1,223.62,223.62,97,0.089,1,2,2025-03-29,0.0,1.0,-1.0,97,Consumer,Email,0
3172.0,3,1062.3600000000001,354.12000000000006,61,0.04866666666666667,3,3,2024-10-10,1.0,2.0,-1.0,267,Consumer,Affiliate,0
3173.0,5,1600.6100000000001,320.122,95,0.0522,5,16,2024-06-26,0.0,5.0,-5.0,373,Small Business,Affiliate,0
3175.0,4,542.25,135.5625,117,0.058499999999999996,4,6,2025-01-29,0.0,4.0,-4.0,156,Consumer,Social,0
3176.0,4,1168.58,292.145,30,0.055,4,6,2024-09-07,1.0,3.0,-2.0,300,Consumer,Organic,0
3178.0,2,127.53999999999999,63.769999999999996,118,0.0365,2,3,2024-10-14,0.0,2.0,-2.0,263,Consumer,Paid Search,0
3179.0,2,283.36,141.68,0,0.066,2,4,2025-04-04,1.0,1.0,0.0,91,Consumer,Organic,1
3180.0,2,130.41,65.205,41,0.115,2,3,2025-01-01,1.0,1.0,0.0,184,Consumer,Paid Search,0
3184.0,2,117.41,58.705,123,0.0955,2,5,2024-12-06,0.0,2.0,-2.0,210,Small Business,Paid Search,0
3185.0,2,178.39000000000001,89.19500000000001,44,0.050499999999999996,2,2,2025-05-12,2.0,0.0,2.0,53,Consumer,Organic,1
3188.0,4,647.21,161.8025,36,0.179,4,30,2024-12-21,1.0,3.0,-2.0,195,Enterprise,Paid Search,0
3193.0,2,761.3699999999999,380.68499999999995,184,0.08449999999999999,2,3,2024-11-13,0.0,2.0,-2.0,233,Consumer,Paid Search,0
3194.0,2,656.6999999999999,328.34999999999997,79,0.101,2,2,2025-01-17,1.0,1.0,0.0,168,Consumer,Direct,1
3195.0,2,359.81,179.905,105,0.0495,2,3,2025-01-17,0.0,2.0,-2.0,168,Consumer,Paid Search,0
3196.0,1,111.61,111.61,415,0.097,1,1,2024-05-15,0.0,1.0,-1.0,415,Consumer,Organic,1
3198.0,2,225.03,112.515,110,0.0635,2,3,2024-12-19,0.0,2.0,-2.0,197,Consumer,Affiliate,0
3199.0,5,1476.15,295.23,314,0.0634,5,8,2024-05-19,0.0,5.0,-5.0,411,Consumer,Paid Search,0
3203.0,4,568.04,142.01,21,0.0335,4,6,2024-08-20,1.0,3.0,-2.0,318,Consumer,Email,0
3205.0,7,2758.47,394.0671428571428,78,0.05828571428571429,7,11,2024-10-07,2.0,5.0,-3.0,270,Consumer,Paid Search,1
3206.0,1,106.88,106.88,128,0.044,1,2,2025-02-26,0.0,1.0,-1.0,128,Consumer,Social,0
3207.0,7,820.85,117.26428571428572,75,0.043,6,9,2023-02-06,1.0,6.0,-5.0,879,Consumer,Organic,0
3210.0,1,72.36,72.36,135,0.004,1,2,2025-02-19,0.0,1.0,-1.0,135,Consumer,Paid Search,1
3211.0,2,263.19,131.595,15,0.086,2,3,2024-11-03,1.0,1.0,0.0,243,Consumer,Social,0
3214.0,4,424.15999999999997,106.03999999999999,35,0.018500000000000003,4,7,2024-09-21,1.0,3.0,-2.0,286,Consumer,Affiliate,0
3222.0,8,2032.9,254.1125,77,0.0585,8,12,2024-02-26,1.0,7.0,-6.0,494,Consumer,Email,1
3223.0,2,175.51,87.755,123,0.0765,2,3,2025-03-01,0.0,2.0,-2.0,125,Consumer,Paid Search,0
3225.0,3,355.89,118.63,162,0.09066666666666667,3,4,2024-12-25,0.0,3.0,-3.0,191,Consumer,Affiliate,0
3227.0,4,983.99,245.9975,50,0.028749999999999998,4,5,2024-03-16,1.0,3.0,-2.0,475,Consumer,Social,0
3228.0,7,2469.67,352.81,27,0.09957142857142856,7,28,2024-08-30,2.0,5.0,-3.0,308,Small Business,Direct,0
3229.0,2,312.15999999999997,156.07999999999998,72,0.10250000000000001,2,4,2025-02-12,1.0,1.0,0.0,142,Consumer,Email,0
3230.0,4,276.66999999999996,69.16749999999999,4,0.045,3,5,2024-09-22,3.0,1.0,2.0,285,Consumer,Organic,0
3231.0,1,28.12,28.12,465,0.111,1,2,2024-03-26,0.0,1.0,-1.0,465,Consumer,Social,1
3232.0,3,420.32,140.10666666666665,22,0.08466666666666667,3,5,2024-11-09,1.0,2.0,-1.0,237,Consumer,Affiliate,0
3234.0,1,127.58,127.58,259,0.09,1,2,2024-10-18,0.0,1.0,-1.0,259,Small Business,Organic,0
3235.0,3,921.98,307.32666666666665,252,0.13499999999999998,3,4,2024-08-10,0.0,3.0,-3.0,328,Consumer,Direct,0
3236.0,12,2630.7000000000003,219.22500000000002,9,0.07858333333333334,12,17,2023-05-21,2.0,10.0,-8.0,775,Consumer,Paid Search,0
3237.0,1,281.49,281.49,49,0.162,1,1,2025-05-16,1.0,0.0,1.0,49,Consumer,Organic,0
3238.0,4,2434.05,608.5125,138,0.11925,4,13,2024-01-30,0.0,4.0,-4.0,521,Small Business,Social,1
3241.0,3,595.28,198.42666666666665,44,0.12333333333333334,3,5,2024-11-15,1.0,2.0,-1.0,231,Consumer,Social,1
3242.0,1,333.03,333.03,27,0.047,1,1,2025-06-07,1.0,0.0,1.0,27,Consumer,Social,0
3243.0,13,13916.130000000001,1070.4715384615386,34,0.149,13,86,2023-12-30,3.0,10.0,-7.0,552,Enterprise,Paid Search,0
3244.0,1,538.96,538.96,335,0.131,1,2,2024-08-03,0.0,1.0,-1.0,335,Consumer,Paid Search,0
3246.0,1,774.72,774.72,172,0.002,1,1,2025-01-13,0.0,1.0,-1.0,172,Consumer,Social,0
3248.0,7,1830.0099999999998,261.42999999999995,42,0.11285714285714286,7,23,2024-06-05,1.0,6.0,-5.0,394,Small Business,Paid Search,0
3249.0,6,819.87,136.645,69,0.05383333333333334,6,8,2024-10-01,1.0,5.0,-4.0,276,Consumer,Paid Search,1
3250.0,3,950.3,316.76666666666665,98,0.09900000000000002,3,9,2024-12-05,0.0,3.0,-3.0,211,Small Business,Paid Search,0
3253.0,4,463.22,115.805,83,0.08075,4,4,2024-02-25,1.0,3.0,-2.0,495,Consumer,Social,1
3256.0,1,48.3,48.3,142,0.0,1,2,2025-02-12,0.0,1.0,-1.0,142,Consumer,Organic,0
3257.0,4,3552.87,888.2175,43,0.104,4,16,2024-06-22,2.0,2.0,0.0,377,Small Business,Direct,0
3258.0,2,478.87,239.435,25,0.10650000000000001,2,3,2025-05-06,2.0,0.0,2.0,59,Consumer,Paid Search,0
3259.0,2,265.72,132.86,193,0.036,2,4,2024-06-12,0.0,2.0,-2.0,387,Small Business,Paid Search,0
3261.0,4,1367.51,341.8775,2,0.08,4,13,2024-10-21,3.0,1.0,2.0,256,Small Business,Paid Search,0
3263.0,1,31.9,31.9,149,0.052,1,2,2025-02-05,0.0,1.0,-1.0,149,Consumer,Organic,0
3264.0,2,343.04,171.52,128,0.0755,2,8,2025-01-23,0.0,2.0,-2.0,162,Small Business,Organic,0
3266.0,5,405.73,81.146,19,0.0722,4,6,2024-11-24,1.0,4.0,-3.0,222,Consumer,Affiliate,0
3268.0,7,2512.52,358.93142857142857,18,0.04442857142857143,7,12,2024-04-12,3.0,4.0,-1.0,448,Consumer,Social,1
3272.0,3,959.47,319.8233333333333,87,0.015666666666666666,3,5,2025-03-05,1.0,2.0,-1.0,121,Consumer,Organic,1
3274.0,3,327.32,109.10666666666667,274,0.13366666666666668,3,12,2024-08-20,0.0,3.0,-3.0,318,Small Business,Affiliate,0
3276.0,3,451.43,150.47666666666666,113,0.023000000000000003,3,4,2024-05-14,0.0,3.0,-3.0,416,Consumer,Social,0
3277.0,5,1274.83,254.96599999999998,139,0.0516,5,13,2024-09-13,0.0,5.0,-5.0,294,Small Business,Email,0
3278.0,4,848.06,212.015,7,0.049999999999999996,4,6,2024-11-30,2.0,2.0,0.0,216,Consumer,Paid Search,0
3279.0,4,1114.01,278.5025,119,0.035500000000000004,4,7,2024-12-14,0.0,4.0,-4.0,202,Consumer,Email,0
3280.0,7,6206.03,886.5757142857143,13,0.1305714285714286,7,46,2024-10-22,2.0,5.0,-3.0,255,Enterprise,Paid Search,0
3282.0,1,162.78,162.78,413,0.0,1,1,2024-05-17,0.0,1.0,-1.0,413,Consumer,Email,0
3284.0,5,688.26,137.652,72,0.0646,5,7,2023-12-27,1.0,4.0,-3.0,555,Consumer,Paid Search,0
3287.0,3,1853.59,617.8633333333333,51,0.056666666666666664,3,5,2025-01-10,1.0,2.0,-1.0,175,Consumer,Direct,0
3291.0,3,791.73,263.91,34,0.08233333333333333,3,11,2025-03-06,2.0,1.0,1.0,120,Small Business,Social,0
3292.0,2,313.82,156.91,46,0.042499999999999996,2,4,2024-12-09,1.0,1.0,0.0,207,Consumer,Paid Search,1
3296.0,1,42.68,42.68,186,0.002,1,1,2024-12-30,0.0,1.0,-1.0,186,Consumer,Social,0
3298.0,8,1829.94,228.7425,92,0.04825,8,13,2024-03-25,0.0,8.0,-8.0,466,Consumer,Social,0
3299.0,9,1495.73,166.19222222222223,17,0.04844444444444444,8,12,2023-09-07,1.0,8.0,-7.0,666,Consumer,Social,0
3304.0,1,192.62,192.62,137,0.091,1,2,2025-02-17,0.0,1.0,-1.0,137,Consumer,Affiliate,1
3305.0,2,685.5999999999999,342.79999999999995,23,0.10899999999999999,2,8,2024-06-03,1.0,1.0,0.0,396,Small Business,Social,0
3306.0,10,3167.1,316.71,19,0.1085,9,28,2024-01-11,4.0,6.0,-2.0,540,Small Business,Social,0
3307.0,4,1168.95,292.2375,27,0.057249999999999995,4,6,2024-12-02,2.0,2.0,0.0,214,Consumer,Affiliate,1
3308.0,2,565.3199999999999,282.65999999999997,115,0.043,2,4,2025-02-10,0.0,2.0,-2.0,144,Consumer,Social,0
3310.0,7,1332.12,190.30285714285714,52,0.08285714285714287,7,12,2024-02-19,2.0,5.0,-3.0,501,Consumer,Email,0
3311.0,5,2219.27,443.854,101,0.0634,5,21,2024-01-29,0.0,5.0,-5.0,522,Small Business,Organic,0
3312.0,7,2311.96,330.28000000000003,111,0.05757142857142857,7,12,2024-04-26,0.0,7.0,-7.0,434,Consumer,Direct,0
3313.0,4,1327.44,331.86,55,0.10775,4,17,2024-12-26,1.0,3.0,-2.0,190,Small Business,Social,0
3314.0,4,736.65,184.1625,7,0.09475,4,7,2024-11-07,1.0,3.0,-2.0,239,Consumer,Social,0
3316.0,3,935.96,311.9866666666667,7,0.042,3,4,2024-08-23,1.0,2.0,-1.0,315,Consumer,Paid Search,1
3319.0,3,501.56000000000006,167.1866666666667,172,0.05433333333333334,3,5,2024-12-24,0.0,3.0,-3.0,192,Consumer,Social,0
3321.0,2,368.05,184.025,203,0.035,2,3,2024-10-16,0.0,2.0,-2.0,261,Consumer,Paid Search,0
3322.0,7,1448.8,206.97142857142856,173,0.07985714285714285,7,11,2024-01-29,0.0,7.0,-7.0,522,Consumer,Social,0
3323.0,2,419.8,209.9,185,0.08099999999999999,2,3,2024-07-14,0.0,2.0,-2.0,355,Consumer,Organic,0
3325.0,2,101.6,50.8,12,0.0805,2,2,2025-03-02,1.0,1.0,0.0,124,Consumer,Email,1
3326.0,6,1288.3899999999999,214.73166666666665,224,0.06,3,20,2024-05-17,0.0,6.0,-6.0,413,Small Business,Paid Search,0
3327.0,3,117.92,39.306666666666665,89,0.034333333333333334,3,6,2025-01-17,1.0,2.0,-1.0,168,Consumer,Paid Search,0
3333.0,1,35.93,35.93,83,0.011,1,1,2025-04-12,1.0,0.0,1.0,83,Consumer,Social,0
3334.0,4,751.41,187.8525,251,0.0965,4,6,2024-04-01,0.0,4.0,-4.0,459,Consumer,Paid Search,0
3335.0,9,3235.9500000000003,359.55,98,0.08966666666666666,9,39,2024-02-19,0.0,9.0,-9.0,501,Small Business,Paid Search,0
3337.0,1,287.9,287.9,133,0.095,1,2,2025-02-21,0.0,1.0,-1.0,133,Consumer,Email,0
3338.0,4,1204.46,301.115,51,0.035,4,8,2024-08-20,2.0,2.0,0.0,318,Consumer,Organic,0
3339.0,1,30.4,30.4,147,0.064,1,4,2025-02-07,0.0,1.0,-1.0,147,Small Business,Paid Search,1
3340.0,3,1048.1,349.3666666666666,236,0.06966666666666667,3,5,2024-07-27,0.0,3.0,-3.0,342,Consumer,Paid Search,1
3342.0,1,3.49,3.49,15,0.027,1,1,2025-06-19,1.0,0.0,1.0,15,Consumer,Email,0
3344.0,3,363.44,121.14666666666666,125,0.04566666666666667,3,4,2024-11-27,0.0,3.0,-3.0,219,Consumer,Social,0
3345.0,3,385.12,128.37333333333333,51,0.10099999999999999,3,5,2024-05-05,1.0,2.0,-1.0,425,Consumer,Email,0
3346.0,10,1417.3799999999999,141.738,18,0.0698,10,15,2023-11-09,1.0,9.0,-8.0,603,Consumer,Paid Search,1
3348.0,4,1727.7300000000002,431.93250000000006,119,0.08449999999999999,4,6,2024-03-02,0.0,4.0,-4.0,489,Consumer,Social,0
3349.0,3,1570.25,523.4166666666666,175,0.02,3,5,2023-11-24,0.0,3.0,-3.0,588,Consumer,Paid Search,0
3351.0,3,1013.35,337.78333333333336,260,0.09233333333333334,3,5,2024-07-22,0.0,3.0,-3.0,347,Consumer,Affiliate,0
3352.0,5,474.45,94.89,113,0.013800000000000002,5,7,2024-11-14,0.0,5.0,-5.0,232,Consumer,Paid Search,0
3353.0,5,1639.78,327.956,13,0.10300000000000001,5,22,2024-05-01,2.0,3.0,-1.0,429,Small Business,Social,0
3355.0,4,2024.6599999999999,506.16499999999996,23,0.0595,4,6,2024-08-20,1.0,3.0,-2.0,318,Consumer,Email,0
3356.0,9,8173.57,908.1744444444444,21,0.10833333333333334,9,69,2024-04-08,2.0,7.0,-5.0,452,Enterprise,Social,0
3357.0,2,242.01,121.005,210,0.079,2,3,2024-09-18,0.0,2.0,-2.0,289,Consumer,Paid Search,0
3358.0,1,672.25,672.25,335,0.134,1,1,2024-08-03,0.0,1.0,-1.0,335,Consumer,Affiliate,0
3359.0,1,417.99,417.99,152,0.041,1,1,2025-02-02,0.0,1.0,-1.0,152,Consumer,Paid Search,0
3360.0,9,1043.03,115.89222222222222,124,0.05477777777777778,8,12,2023-09-25,0.0,9.0,-9.0,648,Consumer,Paid Search,1
3361.0,3,509.8,169.93333333333334,56,0.04766666666666667,3,6,2024-01-22,1.0,2.0,-1.0,529,Consumer,Paid Search,1
3362.0,3,271.69,90.56333333333333,192,0.034333333333333334,3,4,2024-09-13,0.0,3.0,-3.0,294,Consumer,Social,0
3364.0,7,2469.32,352.76000000000005,87,0.01742857142857143,7,9,2023-11-11,1.0,6.0,-5.0,601,Consumer,Affiliate,0
3365.0,10,6861.280000000001,686.128,68,0.1004,10,44,2024-03-09,1.0,9.0,-8.0,482,Small Business,Social,0
3369.0,3,552.14,184.04666666666665,135,0.075,3,6,2024-09-06,0.0,3.0,-3.0,301,Consumer,Paid Search,0
3370.0,5,1480.57,296.114,10,0.0696,5,9,2024-09-21,2.0,3.0,-1.0,286,Consumer,Paid Search,0
3371.0,2,296.72,148.36,7,0.0105,2,3,2024-04-29,1.0,1.0,0.0,431,Consumer,Organic,0
3372.0,3,450.87,150.29,150,0.022000000000000002,3,5,2023-12-06,0.0,3.0,-3.0,576,Consumer,Email,0
3373.0,2,1382.52,691.26,3,0.0875,2,3,2025-06-15,2.0,0.0,2.0,19,Consumer,Paid Search,1
3374.0,2,93.16,46.58,142,0.08449999999999999,2,3,2025-02-10,0.0,2.0,-2.0,144,Consumer,Social,0
3375.0,2,70.28999999999999,35.144999999999996,15,0.0375,2,2,2025-03-29,1.0,1.0,0.0,97,Consumer,Social,1
3376.0,2,532.16,266.08,90,0.0575,2,7,2025-02-20,0.0,2.0,-2.0,134,Small Business,Social,0
3377.0,4,1596.45,399.1125,184,0.0845,4,7,2024-09-26,0.0,4.0,-4.0,281,Consumer,Paid Search,0
3378.0,1,626.7,626.7,263,0.23,1,5,2024-10-14,0.0,1.0,-1.0,263,Small Business,Paid Search,1
3381.0,3,3222.6000000000004,1074.2,9,0.04633333333333333,2,6,2024-10-22,1.0,2.0,-1.0,255,Small Business,Email,1
3382.0,2,432.79999999999995,216.39999999999998,133,0.055999999999999994,2,4,2024-12-22,0.0,2.0,-2.0,194,Consumer,Paid Search,0
3383.0,6,1917.25,319.5416666666667,160,0.1065,6,17,2024-09-18,0.0,6.0,-6.0,289,Small Business,Paid Search,0
3384.0,6,1028.77,171.46166666666667,292,0.06516666666666666,6,10,2023-09-27,0.0,6.0,-6.0,646,Consumer,Social,0
3386.0,3,1883.32,627.7733333333333,10,0.063,3,6,2024-05-04,1.0,2.0,-1.0,426,Consumer,Affiliate,0
3389.0,4,1495.75,373.9375,199,0.09775,3,7,2024-03-29,0.0,4.0,-4.0,462,Consumer,Paid Search,0
3390.0,3,1102.6000000000001,367.53333333333336,58,0.0,3,4,2023-10-13,1.0,2.0,-1.0,630,Consumer,Direct,1
3391.0,6,2211.7,368.6166666666666,34,0.06733333333333334,6,19,2024-07-19,2.0,4.0,-2.0,350,Small Business,Email,0
3393.0,2,2227.3199999999997,1113.6599999999999,39,0.136,2,8,2024-12-20,1.0,1.0,0.0,196,Small Business,Direct,0
3394.0,5,2698.91,539.7819999999999,65,0.053000000000000005,5,18,2025-01-29,2.0,3.0,-1.0,156,Small Business,Social,0
3395.0,8,887.57,110.94625,45,0.04475,8,12,2023-07-23,1.0,7.0,-6.0,712,Consumer,Paid Search,0
3397.0,11,5468.28,497.1163636363636,65,0.09363636363636364,11,37,2023-11-15,2.0,9.0,-7.0,597,Small Business,Email,0
3398.0,3,545.75,181.91666666666666,22,0.014666666666666668,3,4,2025-05-20,3.0,0.0,3.0,45,Consumer,Affiliate,0
3400.0,2,728.96,364.48,37,0.1035,2,4,2025-01-21,1.0,1.0,0.0,164,Consumer,Email,0
3401.0,3,358.68,119.56,55,0.06533333333333334,3,4,2025-03-12,2.0,1.0,1.0,114,Consumer,Paid Search,0
3402.0,13,4287.78,329.8292307692308,205,0.12061538461538462,12,49,2023-07-28,0.0,13.0,-13.0,707,Small Business,Paid Search,0
3403.0,5,1697.27,339.454,242,0.0946,5,9,2023-12-03,0.0,5.0,-5.0,579,Consumer,Organic,0
3404.0,2,414.67999999999995,207.33999999999997,160,0.1555,2,2,2025-01-05,0.0,2.0,-2.0,180,Consumer,Social,0
3406.0,4,7533.0,1883.25,248,0.1465,4,24,2024-03-30,0.0,4.0,-4.0,461,Enterprise,Email,0
3407.0,2,197.07999999999998,98.53999999999999,53,0.029,2,2,2025-05-09,2.0,0.0,2.0,56,Consumer,Social,0
3409.0,5,619.73,123.946,60,0.0374,5,6,2023-08-27,1.0,4.0,-3.0,677,Consumer,Paid Search,1
3410.0,4,1753.2,438.3,69,0.0215,4,5,2024-04-13,1.0,3.0,-2.0,447,Consumer,Paid Search,0
3411.0,3,167.54,55.846666666666664,99,0.068,3,5,2024-12-11,0.0,3.0,-3.0,205,Consumer,Organic,0
3413.0,2,426.84000000000003,213.42000000000002,248,0.113,2,3,2024-09-29,0.0,2.0,-2.0,278,Consumer,Paid Search,0
3424.0,1,71.3,71.3,276,0.0,1,2,2024-10-01,0.0,1.0,-1.0,276,Consumer,Social,0
3428.0,3,364.32,121.44,4,0.081,3,3,2024-11-17,2.0,1.0,1.0,229,Consumer,Direct,0
3437.0,1,151.82,151.82,72,0.0,1,1,2025-04-23,1.0,0.0,1.0,72,Consumer,Affiliate,0
3438.0,1,255.64,255.64,102,0.0,1,2,2025-03-24,0.0,1.0,-1.0,102,Consumer,Paid Search,0
3439.0,8,977.1,122.1375,85,0.1025,8,10,2024-01-28,1.0,7.0,-6.0,523,Consumer,Affiliate,0
3441.0,2,206.79,103.395,32,0.042,2,2,2025-03-29,1.0,1.0,0.0,97,Consumer,Paid Search,1
3444.0,2,352.32,176.16,96,0.0155,2,4,2025-01-15,0.0,2.0,-2.0,170,Consumer,Direct,0
3445.0,7,2103.09,300.4414285714286,123,0.03557142857142857,7,9,2024-06-22,0.0,7.0,-7.0,377,Consumer,Social,0
3448.0,6,5916.8099999999995,986.1349999999999,36,0.14333333333333334,6,42,2024-11-23,2.0,4.0,-2.0,223,Enterprise,Email,0
3449.0,5,724.03,144.80599999999998,104,0.0736,5,7,2024-03-25,0.0,5.0,-5.0,466,Consumer,Social,0
3451.0,8,7370.12,921.265,240,0.10775,6,29,2024-04-16,0.0,8.0,-8.0,444,Small Business,Social,0
3453.0,1,59.12,59.12,359,0.071,1,2,2024-07-10,0.0,1.0,-1.0,359,Consumer,Organic,1
3454.0,5,1361.86,272.37199999999996,105,0.08280000000000001,5,15,2024-07-01,0.0,5.0,-5.0,368,Small Business,Social,0
3455.0,8,1602.91,200.36375,227,0.071625,8,10,2023-10-29,0.0,8.0,-8.0,614,Consumer,Direct,0
3456.0,1,170.96,170.96,88,0.099,1,1,2025-04-07,1.0,0.0,1.0,88,Consumer,Social,0
3459.0,1,587.52,587.52,192,0.141,1,4,2024-12-24,0.0,1.0,-1.0,192,Small Business,Organic,0
3460.0,5,1544.98,308.996,8,0.1272,5,17,2024-09-04,1.0,4.0,-3.0,303,Small Business,Affiliate,0
3461.0,4,4354.74,1088.685,25,0.09925,4,15,2024-11-12,1.0,3.0,-2.0,234,Small Business,Affiliate,0
3462.0,5,1067.89,213.57800000000003,146,0.0498,5,9,2024-06-12,0.0,5.0,-5.0,387,Consumer,Social,0
3464.0,6,4741.17,790.195,177,0.09533333333333334,6,26,2024-03-10,0.0,6.0,-6.0,481,Small Business,Email,0
3466.0,10,3621.0,362.1,13,0.0873,10,39,2024-06-29,1.0,9.0,-8.0,370,Small Business,Direct,0
3467.0,3,1094.76,364.92,278,0.07033333333333333,3,6,2024-01-10,0.0,3.0,-3.0,541,Consumer,Paid Search,1
3468.0,4,526.37,131.5925,122,0.07025,4,7,2024-10-10,0.0,4.0,-4.0,267,Consumer,Paid Search,1
3469.0,7,7332.5199999999995,1047.502857142857,168,0.07485714285714286,7,30,2023-08-11,0.0,7.0,-7.0,693,Small Business,Email,0
3471.0,1,19.5,19.5,20,0.0,1,1,2025-06-14,1.0,0.0,1.0,20,Consumer,Social,0
3472.0,3,294.03999999999996,98.01333333333332,236,0.02,3,3,2024-09-06,0.0,3.0,-3.0,301,Consumer,Social,0
3480.0,3,346.09,115.36333333333333,50,0.09966666666666667,3,4,2025-02-27,1.0,2.0,-1.0,127,Consumer,Paid Search,0
3482.0,9,2126.8,236.31111111111113,135,0.05888888888888889,8,14,2024-01-21,0.0,9.0,-9.0,530,Consumer,Social,0
3485.0,2,154.45,77.225,103,0.0655,2,3,2024-05-24,0.0,2.0,-2.0,406,Consumer,Social,0
3488.0,8,6561.09,820.13625,76,0.0965,7,25,2024-06-27,1.0,7.0,-6.0,372,Small Business,Email,0
3489.0,2,776.04,388.02,30,0.0505,2,2,2025-02-11,1.0,1.0,0.0,143,Consumer,Email,0
3493.0,3,270.98,90.32666666666667,40,0.05533333333333334,3,4,2024-07-31,1.0,2.0,-1.0,338,Consumer,Affiliate,0
3495.0,2,46.94,23.47,344,0.0335,2,4,2024-05-13,0.0,2.0,-2.0,417,Consumer,Organic,0
3496.0,5,579.08,115.816,60,0.0754,5,8,2024-06-08,2.0,3.0,-1.0,391,Consumer,Social,0
3497.0,13,14347.27,1103.6361538461538,51,0.13576923076923078,11,76,2023-06-04,1.0,12.0,-11.0,761,Enterprise,Email,0
3498.0,1,1325.72,1325.72,223,0.037,1,2,2024-11-23,0.0,1.0,-1.0,223,Consumer,Direct,0
3499.0,2,463.73,231.865,89,0.0585,2,3,2024-12-16,1.0,1.0,0.0,200,Consumer,Social,0
3503.0,4,528.31,132.0775,8,0.0535,4,7,2024-09-18,2.0,2.0,0.0,289,Consumer,Paid Search,1
3504.0,3,386.40999999999997,128.8033333333333,5,0.11966666666666666,3,7,2024-10-21,2.0,1.0,1.0,256,Small Business,Social,0
3505.0,5,1727.17,345.434,119,0.06960000000000001,5,7,2023-05-21,0.0,5.0,-5.0,775,Consumer,Organic,0
3506.0,5,360.90999999999997,72.18199999999999,11,0.0828,5,7,2024-07-05,3.0,2.0,1.0,364,Consumer,Email,0
3507.0,1,176.49,176.49,259,0.053,1,1,2024-10-18,0.0,1.0,-1.0,259,Consumer,Email,0
3508.0,3,1026.23,342.07666666666665,131,0.06166666666666667,3,5,2024-05-06,0.0,3.0,-3.0,424,Consumer,Paid Search,1
3509.0,2,953.44,476.72,356,0.0155,2,2,2023-12-27,0.0,2.0,-2.0,555,Consumer,Paid Search,0
3510.0,5,1342.41,268.482,174,0.0764,3,7,2024-03-25,0.0,5.0,-5.0,466,Consumer,Email,0
3512.0,1,78.18,78.18,23,0.0,1,2,2025-06-11,1.0,0.0,1.0,23,Consumer,Social,0
3516.0,6,1939.97,323.3283333333333,78,0.08016666666666668,6,10,2024-05-27,1.0,5.0,-4.0,403,Consumer,Paid Search,0
3517.0,3,1155.59,385.19666666666666,36,0.13033333333333333,3,27,2024-12-21,2.0,1.0,1.0,195,Enterprise,Email,0
3518.0,4,707.8199999999999,176.95499999999998,173,0.06375,4,4,2024-05-19,0.0,4.0,-4.0,411,Consumer,Organic,0
3519.0,5,4604.26,920.8520000000001,32,0.1306,5,31,2024-09-12,3.0,2.0,1.0,295,Enterprise,Social,0
3520.0,1,486.52,486.52,339,0.0,1,2,2024-07-30,0.0,1.0,-1.0,339,Consumer,Affiliate,0
3521.0,8,6487.34,810.9175,13,0.062375,8,25,2024-09-12,2.0,6.0,-4.0,295,Small Business,Paid Search,0
3522.0,4,412.41,103.1025,86,0.051500000000000004,4,5,2024-05-01,1.0,3.0,-2.0,429,Consumer,Email,0
3526.0,3,965.5799999999999,321.85999999999996,9,0.14133333333333334,3,13,2025-01-31,1.0,2.0,-1.0,154,Small Business,Organic,0
3527.0,3,311.86,103.95333333333333,39,0.085,3,8,2024-11-26,1.0,2.0,-1.0,220,Small Business,Paid Search,0
3528.0,8,2421.39,302.67375,15,0.067375,8,11,2023-10-22,2.0,6.0,-4.0,621,Consumer,Social,0
3530.0,1,527.8,527.8,187,0.149,1,2,2024-12-29,0.0,1.0,-1.0,187,Consumer,Paid Search,1
3531.0,2,223.68,111.84,0,0.10700000000000001,2,4,2024-08-30,1.0,1.0,0.0,308,Consumer,Paid Search,1
3532.0,3,189.6,63.199999999999996,144,0.09633333333333333,3,6,2024-07-01,0.0,3.0,-3.0,368,Consumer,Paid Search,0
3534.0,1,780.8,780.8,86,0.107,1,1,2025-04-09,1.0,0.0,1.0,86,Consumer,Social,0
3535.0,7,5444.75,777.8214285714286,103,0.119,7,49,2024-11-07,0.0,7.0,-7.0,239,Enterprise,Paid Search,0
3537.0,3,389.14,129.71333333333334,88,0.047999999999999994,3,4,2024-11-26,1.0,2.0,-1.0,220,Consumer,Organic,1
3538.0,1,176.85,176.85,120,0.068,1,1,2025-03-06,0.0,1.0,-1.0,120,Consumer,Paid Search,1
3539.0,2,245.89999999999998,122.94999999999999,245,0.0,2,3,2024-10-20,0.0,2.0,-2.0,257,Consumer,Social,0
3540.0,4,345.08,86.27,55,0.0705,4,5,2024-09-20,1.0,3.0,-2.0,287,Consumer,Social,0
3542.0,2,264.49,132.245,0,0.048,2,2,2024-08-19,1.0,1.0,0.0,319,Consumer,Affiliate,0
3544.0,4,1668.26,417.065,24,0.04025,4,6,2024-05-24,1.0,3.0,-2.0,406,Consumer,Direct,0
3546.0,2,215.70999999999998,107.85499999999999,64,0.010499999999999999,2,2,2025-02-06,1.0,1.0,0.0,148,Consumer,Direct,0
3550.0,2,204.55,102.275,23,0.087,2,3,2024-12-21,1.0,1.0,0.0,195,Consumer,Email,0
3553.0,1,27.19,27.19,192,0.062,1,1,2024-12-24,0.0,1.0,-1.0,192,Consumer,Paid Search,0
3554.0,5,650.89,130.178,132,0.026000000000000002,5,8,2024-05-16,0.0,5.0,-5.0,414,Consumer,Paid Search,1
3555.0,10,9107.81,910.781,7,0.15760000000000002,10,73,2024-10-02,2.0,8.0,-6.0,275,Enterprise,Affiliate,0
3556.0,3,1559.1299999999999,519.7099999999999,199,0.053333333333333344,3,4,2024-09-07,0.0,3.0,-3.0,300,Consumer,Email,1
3557.0,4,376.61,94.1525,47,0.05725,4,5,2024-08-19,2.0,2.0,0.0,319,Consumer,Paid Search,0
3558.0,5,252.4,50.480000000000004,0,0.0402,5,5,2024-11-24,3.0,2.0,1.0,222,Consumer,Social,0
3560.0,4,566.64,141.66,188,0.103,4,7,2024-06-15,0.0,4.0,-4.0,384,Consumer,Affiliate,0
3562.0,2,1760.06,880.03,101,0.098,2,4,2025-01-24,0.0,2.0,-2.0,161,Consumer,Paid Search,1
3564.0,6,475.73,79.28833333333334,64,0.0425,5,9,2024-01-09,1.0,5.0,-4.0,542,Consumer,Direct,1
3565.0,2,74.53999999999999,37.269999999999996,141,0.0435,2,3,2024-11-26,0.0,2.0,-2.0,220,Consumer,Organic,1
3566.0,9,3282.66,364.74,9,0.06977777777777777,9,13,2023-06-14,2.0,7.0,-5.0,751,Consumer,Affiliate,1
3568.0,13,17785.96,1368.1507692307691,57,0.12223076923076923,13,94,2024-07-02,3.0,10.0,-7.0,367,Enterprise,Paid Search,0
3570.0,2,678.72,339.36,25,0.004,2,4,2024-12-26,1.0,1.0,0.0,190,Consumer,Paid Search,0
3571.0,1,124.26,124.26,107,0.076,1,1,2025-03-19,0.0,1.0,-1.0,107,Consumer,Affiliate,0
3572.0,6,1226.0900000000001,204.34833333333336,157,0.0605,6,13,2024-06-25,0.0,6.0,-6.0,374,Small Business,Email,1
3573.0,1,246.64,246.64,94,0.135,1,4,2025-04-01,0.0,1.0,-1.0,94,Small Business,Social,0
3574.0,4,363.51,90.8775,40,0.0305,4,4,2025-02-26,3.0,1.0,2.0,128,Consumer,Social,0
3575.0,5,422.52,84.50399999999999,56,0.0228,5,7,2025-02-07,3.0,2.0,1.0,147,Consumer,Email,0
3576.0,4,1719.23,429.8075,188,0.013250000000000001,4,5,2024-06-10,0.0,4.0,-4.0,389,Consumer,Direct,1
3577.0,2,231.37,115.685,259,0.07150000000000001,2,3,2023-12-22,0.0,2.0,-2.0,560,Consumer,Social,0
3578.0,5,1856.92,371.384,136,0.063,5,8,2023-11-24,0.0,5.0,-5.0,588,Consumer,Email,0
3580.0,6,4269.22,711.5366666666667,17,0.11183333333333334,6,23,2024-08-31,1.0,5.0,-4.0,307,Small Business,Affiliate,1
3581.0,5,902.36,180.472,131,0.06939999999999999,5,8,2023-06-28,0.0,5.0,-5.0,737,Consumer,Organic,0
3583.0,7,1588.25,226.89285714285714,16,0.048857142857142856,7,9,2023-05-21,3.0,4.0,-1.0,775,Consumer,Email,0
3584.0,2,338.3,169.15,76,0.079,2,4,2025-01-16,1.0,1.0,0.0,169,Consumer,Email,0
3588.0,1,416.04,416.04,199,0.04,1,1,2024-12-17,0.0,1.0,-1.0,199,Consumer,Affiliate,0
3590.0,22,15736.42,715.2918181818181,11,0.15645454545454546,21,128,2023-07-26,2.0,20.0,-18.0,709,Enterprise,Paid Search,0
3594.0,3,2307.69,769.23,67,0.0036666666666666666,3,4,2024-08-04,1.0,2.0,-1.0,334,Consumer,Affiliate,0
3595.0,6,2308.29,384.715,302,0.03883333333333333,6,9,2023-12-21,0.0,6.0,-6.0,561,Consumer,Paid Search,0
3597.0,3,1326.73,442.24333333333334,8,0.08433333333333333,3,11,2024-11-18,2.0,1.0,1.0,228,Small Business,Social,0
3598.0,2,878.5699999999999,439.28499999999997,55,0.08399999999999999,2,9,2025-05-02,2.0,0.0,2.0,63,Small Business,Paid Search,0
3600.0,1,811.41,811.41,18,0.072,1,1,2025-06-16,1.0,0.0,1.0,18,Consumer,Email,1
3602.0,7,8673.39,1239.0557142857142,16,0.10642857142857143,7,25,2024-08-02,1.0,6.0,-5.0,336,Small Business,Direct,1
3603.0,6,831.1,138.51666666666668,249,0.023833333333333335,6,9,2023-12-15,0.0,6.0,-6.0,567,Consumer,Direct,1
3604.0,4,6073.42,1518.355,197,0.1205,4,35,2024-03-26,0.0,4.0,-4.0,465,Enterprise,Email,0
3605.0,6,1862.0,310.3333333333333,106,0.05516666666666667,6,7,2024-01-12,0.0,6.0,-6.0,539,Consumer,Paid Search,0
3608.0,1,30.42,30.42,19,0.044,1,1,2025-06-15,1.0,0.0,1.0,19,Consumer,Affiliate,0
3609.0,2,173.39999999999998,86.69999999999999,3,0.0535,2,2,2024-10-27,1.0,1.0,0.0,250,Consumer,Paid Search,0
3615.0,1,559.55,559.55,249,0.049,1,1,2024-10-28,0.0,1.0,-1.0,249,Consumer,Organic,0
3616.0,4,730.97,182.7425,16,0.10625,3,5,2025-01-10,3.0,1.0,2.0,175,Consumer,Organic,0
3618.0,5,2207.98,441.596,16,0.11139999999999999,5,20,2024-09-26,1.0,4.0,-3.0,281,Small Business,Affiliate,0
3619.0,7,1112.3899999999999,158.91285714285712,66,0.038142857142857145,6,10,2024-08-07,1.0,6.0,-5.0,331,Consumer,Paid Search,0
3620.0,3,331.18,110.39333333333333,166,0.07,3,6,2024-07-01,0.0,3.0,-3.0,368,Consumer,Paid Search,0
3621.0,2,315.69,157.845,37,0.1435,2,3,2024-11-16,1.0,1.0,0.0,230,Consumer,Social,1
3622.0,2,789.52,394.76,153,0.088,2,2,2024-11-22,0.0,2.0,-2.0,224,Consumer,Social,0
3625.0,4,973.27,243.3175,22,0.013000000000000001,4,5,2024-06-29,1.0,3.0,-2.0,370,Consumer,Paid Search,0
3629.0,2,142.96,71.48,208,0.101,2,2,2024-10-06,0.0,2.0,-2.0,271,Consumer,Social,0
3630.0,3,647.4,215.79999999999998,24,0.10766666666666667,3,4,2024-12-27,2.0,1.0,1.0,189,Consumer,Paid Search,1
3631.0,2,92.74,46.37,11,0.056,2,3,2025-04-29,2.0,0.0,2.0,66,Consumer,Social,0
3633.0,4,853.05,213.2625,177,0.053500000000000006,4,5,2023-12-21,0.0,4.0,-4.0,561,Consumer,Social,0
3635.0,2,424.78999999999996,212.39499999999998,100,0.14,2,8,2025-01-25,0.0,2.0,-2.0,160,Small Business,Social,0
3637.0,2,165.44,82.72,33,0.0925,2,2,2025-03-03,1.0,1.0,0.0,123,Consumer,Email,1
3638.0,6,899.65,149.94166666666666,383,0.08850000000000001,5,9,2023-11-24,0.0,6.0,-6.0,588,Consumer,Paid Search,0
3639.0,2,271.43,135.715,21,0.055499999999999994,2,3,2025-05-19,2.0,0.0,2.0,46,Consumer,Paid Search,1
3640.0,2,525.13,262.565,28,0.086,2,3,2024-10-16,1.0,1.0,0.0,261,Consumer,Email,0
3641.0,4,1672.96,418.24,31,0.1125,4,13,2024-07-11,1.0,3.0,-2.0,358,Small Business,Paid Search,0
3643.0,3,452.44,150.81333333333333,12,0.057666666666666665,3,4,2025-05-20,3.0,0.0,3.0,45,Consumer,Paid Search,0
3644.0,14,8268.78,590.6271428571429,78,0.1472857142857143,14,99,2023-11-26,1.0,13.0,-12.0,586,Enterprise,Organic,0
3645.0,8,2854.26,356.7825,115,0.071875,8,14,2023-10-13,0.0,8.0,-8.0,630,Consumer,Organic,0
3646.0,5,427.01,85.402,24,0.0606,5,8,2024-05-15,1.0,4.0,-3.0,415,Consumer,Social,0
3647.0,3,4151.09,1383.6966666666667,51,0.118,3,11,2024-11-05,2.0,1.0,1.0,241,Small Business,Social,0
3648.0,3,986.8100000000001,328.93666666666667,46,0.11,3,5,2025-04-14,3.0,0.0,3.0,81,Consumer,Social,0
3649.0,3,335.94,111.98,65,0.09533333333333334,3,5,2024-02-19,1.0,2.0,-1.0,501,Consumer,Paid Search,0
3651.0,2,1431.0700000000002,715.5350000000001,192,0.035500000000000004,2,3,2024-04-24,0.0,2.0,-2.0,436,Consumer,Direct,0
3652.0,5,1659.77,331.954,333,0.043,5,8,2023-11-07,0.0,5.0,-5.0,605,Consumer,Organic,1
3654.0,4,3620.13,905.0325,75,0.10125,4,16,2024-07-07,1.0,3.0,-2.0,362,Small Business,Email,0
3655.0,3,546.1899999999999,182.0633333333333,160,0.059,3,5,2024-08-26,0.0,3.0,-3.0,312,Consumer,Paid Search,0
3659.0,7,1233.28,176.18285714285713,230,0.05928571428571428,7,11,2023-10-01,0.0,7.0,-7.0,642,Consumer,Paid Search,0
3660.0,2,1333.01,666.505,88,0.167,2,5,2025-03-16,1.0,1.0,0.0,110,Small Business,Organic,0
3663.0,5,788.9,157.78,0,0.1028,5,8,2024-04-26,1.0,4.0,-3.0,434,Consumer,Paid Search,0
3664.0,2,642.3100000000001,321.15500000000003,32,0.15,2,2,2024-08-18,1.0,1.0,0.0,320,Consumer,Email,0
3665.0,3,1050.97,350.3233333333333,4,0.018,3,5,2024-10-06,1.0,2.0,-1.0,271,Consumer,Paid Search,1
3666.0,4,449.75,112.4375,21,0.03875,4,6,2024-01-15,1.0,3.0,-2.0,536,Consumer,Direct,0
3668.0,10,2789.61,278.961,47,0.11339999999999999,9,33,2024-05-15,2.0,8.0,-6.0,415,Small Business,Paid Search,0
3669.0,4,563.23,140.8075,117,0.044,4,7,2024-08-18,0.0,4.0,-4.0,320,Consumer,Organic,1
3670.0,5,3474.32,694.864,203,0.0498,5,18,2023-12-05,0.0,5.0,-5.0,577,Small Business,Paid Search,0
3671.0,2,44.61,22.305,57,0.0675,2,3,2025-03-21,1.0,1.0,0.0,105,Consumer,Organic,0
3672.0,6,744.12,124.02,1,0.04116666666666667,6,9,2024-03-18,2.0,4.0,-2.0,473,Consumer,Paid Search,1
3673.0,4,243.74,60.935,3,0.055,4,6,2024-10-05,1.0,3.0,-2.0,272,Consumer,Social,1
3674.0,1,30.31,30.31,62,0.146,1,1,2025-05-03,1.0,0.0,1.0,62,Consumer,Paid Search,0
3676.0,3,390.63,130.21,304,0.036333333333333336,3,5,2024-04-15,0.0,3.0,-3.0,445,Consumer,Paid Search,0
3677.0,4,622.05,155.5125,61,0.06525,4,6,2025-01-21,1.0,3.0,-2.0,164,Consumer,Social,1
3678.0,2,216.91,108.455,160,0.018,2,2,2024-06-12,0.0,2.0,-2.0,387,Consumer,Paid Search,0
3679.0,4,2289.06,572.265,24,0.136,4,15,2024-09-08,1.0,3.0,-2.0,299,Small Business,Email,0
3680.0,1,58.89,58.89,433,0.099,1,3,2024-04-27,0.0,1.0,-1.0,433,Small Business,Email,1
3681.0,2,1442.46,721.23,86,0.10450000000000001,2,4,2025-02-08,1.0,1.0,0.0,146,Consumer,Paid Search,0
3682.0,1,219.18,219.18,14,0.16,1,2,2025-06-20,1.0,0.0,1.0,14,Consumer,Paid Search,0
3683.0,1,781.2,781.2,180,0.051,1,5,2025-01-05,0.0,1.0,-1.0,180,Small Business,Paid Search,0
3685.0,6,506.36,84.39333333333333,226,0.05466666666666667,6,8,2023-10-07,0.0,6.0,-6.0,636,Consumer,Social,1
3686.0,7,2119.55,302.79285714285714,23,0.04885714285714286,7,11,2024-09-03,2.0,5.0,-3.0,304,Consumer,Social,1
3687.0,1,258.48,258.48,216,0.039,1,2,2024-11-30,0.0,1.0,-1.0,216,Small Business,Direct,0
3688.0,5,2589.87,517.9739999999999,154,0.08940000000000001,5,16,2024-06-21,0.0,5.0,-5.0,378,Small Business,Email,0
3689.0,1,16.26,16.26,219,0.044,1,2,2024-11-27,0.0,1.0,-1.0,219,Consumer,Paid Search,0
3690.0,6,1652.48,275.41333333333336,67,0.06433333333333334,5,9,2024-05-30,2.0,4.0,-2.0,400,Consumer,Paid Search,0
3691.0,7,3405.25,486.4642857142857,72,0.14985714285714288,6,29,2024-10-16,2.0,5.0,-3.0,261,Small Business,Paid Search,1
3692.0,6,1459.5600000000002,243.26000000000002,1,0.06233333333333333,6,8,2024-12-06,2.0,4.0,-2.0,210,Consumer,Paid Search,0
3696.0,4,1944.03,486.0075,42,0.0335,3,5,2024-09-09,2.0,2.0,0.0,298,Consumer,Paid Search,1
3697.0,4,1824.76,456.19,398,0.05475,4,7,2023-11-12,0.0,4.0,-4.0,600,Consumer,Organic,0
3698.0,1,48.15,48.15,64,0.1,1,1,2025-05-01,1.0,0.0,1.0,64,Consumer,Paid Search,0
3699.0,2,119.78,59.89,84,0.068,2,4,2024-08-30,1.0,1.0,0.0,308,Consumer,Direct,0
3700.0,5,570.35,114.07000000000001,246,0.0954,5,6,2024-01-24,0.0,5.0,-5.0,527,Consumer,Social,0
3701.0,8,1747.82,218.4775,43,0.040125,8,13,2023-11-08,1.0,7.0,-6.0,604,Consumer,Social,0
3702.0,2,1573.8899999999999,786.9449999999999,170,0.071,2,7,2024-10-27,0.0,2.0,-2.0,250,Small Business,Social,0
3703.0,4,2610.91,652.7275,149,0.153,4,17,2024-06-18,0.0,4.0,-4.0,381,Small Business,Social,0
3704.0,4,685.8,171.45,287,0.028,4,5,2024-02-04,0.0,4.0,-4.0,516,Consumer,Social,0
3706.0,5,1727.04,345.408,77,0.1024,5,24,2024-07-26,1.0,4.0,-3.0,343,Small Business,Social,1
3708.0,4,753.5799999999999,188.39499999999998,227,0.059250000000000004,4,5,2024-04-07,0.0,4.0,-4.0,453,Consumer,Paid Search,0
3709.0,2,489.53999999999996,244.76999999999998,20,0.0635,2,4,2024-12-03,1.0,1.0,0.0,213,Consumer,Organic,0
3710.0,3,656.79,218.92999999999998,234,0.09499999999999999,3,5,2024-06-28,0.0,3.0,-3.0,371,Consumer,Organic,0
3711.0,1,46.78,46.78,262,0.13,1,2,2024-10-15,0.0,1.0,-1.0,262,Consumer,Organic,0
3712.0,6,689.05,114.84166666666665,38,0.0705,6,8,2024-01-07,1.0,5.0,-4.0,544,Consumer,Direct,0
3713.0,5,573.47,114.694,88,0.047799999999999995,5,8,2024-01-23,1.0,4.0,-3.0,528,Consumer,Social,0
3714.0,2,223.04000000000002,111.52000000000001,81,0.1275,1,2,2025-01-13,1.0,1.0,0.0,172,Consumer,Affiliate,0
3715.0,3,434.0,144.66666666666666,236,0.013333333333333334,3,4,2024-08-08,0.0,3.0,-3.0,330,Consumer,Social,0
3716.0,2,178.10000000000002,89.05000000000001,298,0.088,2,3,2024-07-29,0.0,2.0,-2.0,340,Consumer,Social,0
3718.0,6,956.28,159.38,4,0.03983333333333333,6,9,2024-03-18,2.0,4.0,-2.0,473,Consumer,Paid Search,0
3719.0,1,430.38,430.38,118,0.01,1,2,2025-03-08,0.0,1.0,-1.0,118,Consumer,Paid Search,0
3720.0,2,193.22,96.61,48,0.0235,2,3,2024-11-11,1.0,1.0,0.0,235,Consumer,Social,0
3721.0,11,15179.73,1379.9754545454546,4,0.128,11,83,2024-05-25,5.0,6.0,-1.0,405,Enterprise,Paid Search,0
3722.0,2,905.7,452.85,40,0.0445,2,4,2025-01-31,1.0,1.0,0.0,154,Consumer,Paid Search,1
3723.0,6,2779.34,463.22333333333336,120,0.06366666666666666,6,9,2024-06-07,0.0,6.0,-6.0,392,Consumer,Email,0
3725.0,4,900.61,225.1525,107,0.06,4,6,2024-06-27,0.0,4.0,-4.0,372,Consumer,Paid Search,0
3726.0,3,932.9499999999999,310.9833333333333,47,0.09900000000000002,3,11,2024-06-11,1.0,2.0,-1.0,388,Small Business,Paid Search,0
3727.0,5,1615.92,323.184,131,0.0864,4,7,2024-05-31,0.0,5.0,-5.0,399,Consumer,Affiliate,0
3733.0,3,262.39,87.46333333333332,72,0.163,3,12,2024-11-20,1.0,2.0,-1.0,226,Small Business,Email,0
3735.0,3,178.94,59.64666666666667,150,0.121,3,4,2024-10-22,0.0,3.0,-3.0,255,Consumer,Email,0
3736.0,2,298.6,149.3,222,0.0885,2,3,2024-07-15,0.0,2.0,-2.0,354,Consumer,Social,0
3737.0,3,76.28,25.426666666666666,49,0.044333333333333336,3,4,2025-03-19,2.0,1.0,1.0,107,Consumer,Affiliate,0
3738.0,4,952.96,238.24,27,0.077,4,5,2024-11-28,2.0,2.0,0.0,218,Consumer,Social,0
3740.0,10,8147.54,814.754,6,0.1036,10,58,2024-07-30,1.0,9.0,-8.0,339,Enterprise,Social,0
3741.0,2,122.76,61.38,116,0.10300000000000001,2,3,2025-01-12,0.0,2.0,-2.0,173,Consumer,Organic,1
3745.0,2,255.89,127.945,29,0.0755,2,3,2025-02-02,1.0,1.0,0.0,152,Consumer,Social,0
3747.0,1,31.0,31.0,0,0.036,1,1,2025-07-04,1.0,0.0,1.0,0,Consumer,Paid Search,0
3750.0,2,405.76,202.88,169,0.006,2,4,2024-11-18,0.0,2.0,-2.0,228,Consumer,Paid Search,0
3751.0,5,713.67,142.73399999999998,7,0.040799999999999996,5,8,2024-09-04,2.0,3.0,-1.0,303,Consumer,Social,1
3752.0,4,1199.88,299.97,52,0.028,4,8,2024-08-13,2.0,2.0,0.0,325,Consumer,Paid Search,0
3753.0,8,1286.8400000000001,160.85500000000002,59,0.066375,8,13,2024-07-31,1.0,7.0,-6.0,338,Consumer,Email,0
3757.0,1,70.64,70.64,48,0.086,1,2,2025-05-17,1.0,0.0,1.0,48,Consumer,Social,0
3758.0,7,2299.6800000000003,328.52571428571434,12,0.09457142857142857,7,24,2024-09-25,4.0,3.0,1.0,282,Small Business,Paid Search,0
3761.0,3,424.61,141.53666666666666,93,0.07333333333333333,3,5,2024-06-27,0.0,3.0,-3.0,372,Consumer,Direct,0
3763.0,2,67.59,33.795,38,0.053,2,3,2024-12-11,1.0,1.0,0.0,205,Consumer,Organic,1
3767.0,13,12006.12,923.5476923076924,28,0.15607692307692306,12,88,2024-03-04,2.0,11.0,-9.0,487,Enterprise,Social,0
3768.0,3,786.13,262.04333333333335,34,0.08,3,4,2025-02-07,2.0,1.0,1.0,147,Consumer,Paid Search,0
3769.0,6,919.41,153.23499999999999,11,0.0715,6,9,2023-11-20,2.0,4.0,-2.0,592,Consumer,Email,0
3771.0,1,588.38,588.38,112,0.0,1,1,2025-03-14,0.0,1.0,-1.0,112,Consumer,Affiliate,0
3774.0,9,6814.64,757.1822222222222,80,0.07066666666666667,8,35,2024-06-10,1.0,8.0,-7.0,389,Small Business,Paid Search,0
3775.0,3,372.98,124.32666666666667,228,0.04766666666666667,3,3,2024-08-22,0.0,3.0,-3.0,316,Consumer,Social,0
3777.0,2,413.1,206.55,114,0.0295,2,3,2024-10-21,0.0,2.0,-2.0,256,Consumer,Organic,0
3778.0,7,1036.63,148.09,13,0.062,6,10,2024-01-30,2.0,5.0,-3.0,521,Consumer,Email,0
3779.0,7,6487.1,926.7285714285715,62,0.09814285714285716,7,23,2023-08-23,1.0,6.0,-5.0,681,Small Business,Email,0
3780.0,5,431.43,86.286,90,0.06659999999999999,5,6,2024-10-15,0.0,5.0,-5.0,262,Consumer,Social,0
3783.0,3,415.44,138.48,5,0.04733333333333334,3,3,2024-03-28,2.0,1.0,1.0,463,Consumer,Direct,0
3784.0,3,538.1500000000001,179.38333333333335,69,0.035333333333333335,3,5,2025-01-02,2.0,1.0,1.0,183,Consumer,Email,0
3785.0,2,171.52,85.76,83,0.0575,2,2,2025-03-18,1.0,1.0,0.0,108,Consumer,Email,0
3786.0,6,5349.7699999999995,891.6283333333332,16,0.09649999999999999,6,21,2024-06-30,2.0,4.0,-2.0,369,Small Business,Paid Search,0
3788.0,3,1708.27,569.4233333333333,0,0.14366666666666666,3,5,2024-08-13,1.0,2.0,-1.0,325,Consumer,Social,0
3789.0,3,809.46,269.82,34,0.04,3,5,2024-12-30,2.0,1.0,1.0,186,Consumer,Social,0
3791.0,2,3128.7400000000002,1564.3700000000001,72,0.07450000000000001,2,6,2025-04-20,2.0,0.0,2.0,75,Small Business,Social,0
3792.0,3,1914.93,638.3100000000001,5,0.08433333333333333,3,14,2024-12-21,1.0,2.0,-1.0,195,Small Business,Paid Search,0
3793.0,8,1490.77,186.34625,10,0.089125,7,11,2023-12-05,1.0,7.0,-6.0,577,Consumer,Paid Search,0
3794.0,8,1270.72,158.84,65,0.023625,8,10,2024-02-11,1.0,7.0,-6.0,509,Consumer,Email,0
3795.0,7,5040.66,720.0942857142857,17,0.09057142857142857,7,24,2023-10-31,1.0,6.0,-5.0,612,Small Business,Organic,0
3798.0,2,187.01,93.505,75,0.0215,2,3,2024-04-16,1.0,1.0,0.0,444,Consumer,Social,0
3799.0,6,957.0100000000001,159.5016666666667,138,0.0385,6,9,2024-03-06,0.0,6.0,-6.0,485,Consumer,Email,1
3800.0,3,488.96,162.98666666666665,140,0.06966666666666667,3,5,2024-07-30,0.0,3.0,-3.0,339,Consumer,Organic,0
3801.0,1,545.43,545.43,195,0.073,1,1,2024-12-21,0.0,1.0,-1.0,195,Consumer,Paid Search,1
3802.0,4,2099.82,524.955,33,0.0985,3,14,2025-02-23,1.0,3.0,-2.0,131,Small Business,Direct,0
3805.0,5,974.8399999999999,194.968,22,0.091,5,7,2024-05-16,2.0,3.0,-1.0,414,Consumer,Affiliate,0
3807.0,2,1660.5600000000002,830.2800000000001,76,0.128,2,8,2025-04-10,2.0,0.0,2.0,85,Small Business,Direct,0
3808.0,1,38.71,38.71,89,0.0,1,1,2025-04-06,1.0,0.0,1.0,89,Consumer,Organic,1
3810.0,3,1630.64,543.5466666666667,103,0.06333333333333334,3,12,2023-11-23,0.0,3.0,-3.0,589,Small Business,Email,0
3815.0,4,1374.1100000000001,343.52750000000003,199,0.10225000000000001,4,6,2024-06-06,0.0,4.0,-4.0,393,Consumer,Social,0
3820.0,7,825.42,117.91714285714285,8,0.053,7,11,2024-05-21,2.0,5.0,-3.0,409,Consumer,Paid Search,0
3821.0,1,56.94,56.94,58,0.018,1,2,2025-05-07,1.0,0.0,1.0,58,Consumer,Social,1
3823.0,2,296.03999999999996,148.01999999999998,246,0.0545,2,3,2024-09-26,0.0,2.0,-2.0,281,Consumer,Affiliate,0
3824.0,4,1076.77,269.1925,72,0.08375,4,7,2024-12-07,1.0,3.0,-2.0,209,Consumer,Organic,0
3828.0,5,1658.3,331.65999999999997,142,0.09140000000000001,5,10,2024-09-09,0.0,5.0,-5.0,298,Consumer,Paid Search,0
3830.0,2,380.3,190.15,164,0.029,2,4,2024-06-13,0.0,2.0,-2.0,386,Consumer,Paid Search,0
3831.0,2,1299.04,649.52,71,0.0785,2,8,2024-11-25,1.0,1.0,0.0,221,Small Business,Paid Search,0
3832.0,1,58.31,58.31,206,0.182,1,1,2024-12-10,0.0,1.0,-1.0,206,Consumer,Paid Search,0
3836.0,1,276.13,276.13,177,0.0,1,1,2025-01-08,0.0,1.0,-1.0,177,Consumer,Social,0
3837.0,1,128.68,128.68,232,0.116,1,2,2024-11-14,0.0,1.0,-1.0,232,Consumer,Social,1
3838.0,2,864.75,432.375,115,0.0385,2,2,2024-12-11,0.0,2.0,-2.0,205,Consumer,Paid Search,0
3839.0,4,968.0999999999999,242.02499999999998,68,0.074,4,7,2024-11-09,2.0,2.0,0.0,237,Consumer,Paid Search,0
3840.0,7,927.11,132.4442857142857,262,0.07214285714285715,7,12,2023-08-16,0.0,7.0,-7.0,688,Consumer,Paid Search,1
3841.0,2,680.57,340.285,19,0.027,2,2,2025-05-19,2.0,0.0,2.0,46,Consumer,Direct,0
3845.0,2,365.24,182.62,286,0.08199999999999999,2,4,2024-07-29,0.0,2.0,-2.0,340,Consumer,Social,0
3846.0,3,2488.46,829.4866666666667,100,0.005,3,6,2024-11-24,0.0,3.0,-3.0,222,Consumer,Affiliate,0
3847.0,8,1586.49,198.31125,1,0.030625,8,15,2023-07-12,2.0,6.0,-4.0,723,Consumer,Direct,0
3848.0,3,1333.97,444.6566666666667,84,0.03,3,4,2024-07-22,1.0,2.0,-1.0,347,Consumer,Paid Search,0
3849.0,3,1975.6799999999998,658.56,37,0.067,3,10,2024-11-21,1.0,2.0,-1.0,225,Small Business,Affiliate,0
3850.0,4,315.87,78.9675,14,0.0535,3,6,2024-04-15,2.0,2.0,0.0,445,Consumer,Paid Search,0
3851.0,11,2971.8,270.1636363636364,51,0.10236363636363635,11,37,2023-06-21,2.0,9.0,-7.0,744,Small Business,Email,0
3853.0,2,616.6,308.3,255,0.062,2,3,2024-10-20,0.0,2.0,-2.0,257,Consumer,Social,1
3854.0,3,2087.85,695.9499999999999,118,0.124,3,11,2024-10-01,0.0,3.0,-3.0,276,Small Business,Email,0
3855.0,1,63.52,63.52,157,0.076,1,2,2025-01-28,0.0,1.0,-1.0,157,Consumer,Affiliate,0
3857.0,10,18892.39,1889.239,19,0.1384,9,92,2024-11-12,4.0,6.0,-2.0,234,Enterprise,Paid Search,0
3858.0,2,182.67,91.335,193,0.016,2,3,2024-10-31,0.0,2.0,-2.0,246,Consumer,Affiliate,0
3859.0,4,2695.18,673.795,6,0.057,4,13,2025-02-23,2.0,2.0,0.0,131,Small Business,Social,0
3860.0,8,2733.19,341.64875,102,0.15762500000000002,8,30,2023-10-09,0.0,8.0,-8.0,634,Small Business,Paid Search,0
3862.0,6,1058.7,176.45000000000002,132,0.06116666666666667,6,6,2023-11-14,0.0,6.0,-6.0,598,Consumer,Paid Search,0
3863.0,2,307.42,153.71,74,0.029,2,4,2025-03-23,1.0,1.0,0.0,103,Consumer,Paid Search,1
3864.0,3,85.19,28.396666666666665,261,0.10033333333333333,3,3,2024-04-09,0.0,3.0,-3.0,451,Consumer,Organic,1
3865.0,1,551.9,551.9,241,0.062,1,1,2024-11-05,0.0,1.0,-1.0,241,Consumer,Paid Search,0
3866.0,5,2289.82,457.96400000000006,21,0.0764,5,17,2024-07-20,2.0,3.0,-1.0,349,Small Business,Organic,1
3868.0,2,291.91999999999996,145.95999999999998,102,0.0,2,3,2024-08-12,0.0,2.0,-2.0,326,Consumer,Organic,1
3869.0,3,1708.6599999999999,569.5533333333333,36,0.15766666666666665,3,19,2025-01-03,1.0,2.0,-1.0,182,Enterprise,Paid Search,0
3871.0,6,999.29,166.54833333333332,202,0.08533333333333333,6,22,2023-07-24,0.0,6.0,-6.0,711,Small Business,Organic,0
3872.0,2,704.2800000000001,352.14000000000004,7,0.0005,2,4,2025-05-13,2.0,0.0,2.0,52,Consumer,Direct,0
3873.0,3,378.8,126.26666666666667,5,0.114,3,6,2025-04-11,3.0,0.0,3.0,84,Consumer,Direct,0
3874.0,2,482.5,241.25,256,0.039,2,4,2024-10-04,0.0,2.0,-2.0,273,Consumer,Social,0
3878.0,5,607.52,121.50399999999999,33,0.09159999999999999,5,7,2024-10-11,2.0,3.0,-1.0,266,Consumer,Paid Search,1
3880.0,1,193.13,193.13,15,0.0,1,1,2025-06-19,1.0,0.0,1.0,15,Consumer,Paid Search,0
3881.0,1,296.58,296.58,30,0.089,1,2,2025-06-04,1.0,0.0,1.0,30,Consumer,Email,0
3886.0,2,1429.66,714.83,102,0.0,2,4,2024-03-21,0.0,2.0,-2.0,470,Consumer,Organic,0
3888.0,4,864.9,216.225,100,0.12425,4,11,2024-10-14,0.0,4.0,-4.0,263,Small Business,Paid Search,0
3891.0,5,870.62,174.124,269,0.097,5,6,2024-01-02,0.0,5.0,-5.0,549,Consumer,Paid Search,0
3892.0,3,2090.6800000000003,696.8933333333334,446,0.043000000000000003,3,5,2023-12-21,0.0,3.0,-3.0,561,Consumer,Social,0
3893.0,8,1880.89,235.11125,196,0.033625,8,14,2023-10-02,0.0,8.0,-8.0,641,Consumer,Paid Search,0
3895.0,3,607.04,202.34666666666666,174,0.041666666666666664,3,5,2024-08-10,0.0,3.0,-3.0,328,Consumer,Organic,1
3897.0,1,105.92,105.92,173,0.137,1,1,2025-01-12,0.0,1.0,-1.0,173,Consumer,Paid Search,1
3899.0,2,763.02,381.51,42,0.059,2,4,2024-05-14,1.0,1.0,0.0,416,Consumer,Paid Search,0
3900.0,6,2326.8,387.8,105,0.148,6,36,2024-10-24,0.0,6.0,-6.0,253,Enterprise,Affiliate,0
3901.0,3,962.02,320.67333333333335,81,0.07866666666666666,3,6,2024-04-01,1.0,2.0,-1.0,459,Consumer,Organic,0
3903.0,6,1916.29,319.38166666666666,57,0.085,6,9,2024-01-29,1.0,5.0,-4.0,522,Consumer,Paid Search,0
3904.0,5,1193.48,238.696,49,0.045599999999999995,5,8,2024-01-16,1.0,4.0,-3.0,535,Consumer,Email,1
3905.0,1,222.48,222.48,452,0.105,1,2,2024-04-08,0.0,1.0,-1.0,452,Consumer,Email,0
3907.0,4,303.49,75.8725,35,0.06525,3,5,2023-11-26,1.0,3.0,-2.0,586,Consumer,Paid Search,0
3908.0,2,911.72,455.86,2,0.10949999999999999,2,6,2025-06-16,2.0,0.0,2.0,18,Small Business,Social,0
3911.0,6,591.14,98.52333333333333,4,0.063,6,10,2024-09-14,2.0,4.0,-2.0,293,Consumer,Social,0
3912.0,7,394.73,56.39,152,0.06485714285714286,7,8,2023-10-22,0.0,7.0,-7.0,621,Consumer,Organic,0
3914.0,3,455.68,151.89333333333335,81,0.07333333333333332,2,4,2025-03-02,1.0,2.0,-1.0,124,Consumer,Email,0
3918.0,3,338.56,112.85333333333334,38,0.04766666666666667,3,4,2024-04-14,1.0,2.0,-1.0,446,Consumer,Email,0
3919.0,1,39.74,39.74,64,0.076,1,2,2025-05-01,1.0,0.0,1.0,64,Consumer,Paid Search,0
3920.0,2,306.71,153.355,235,0.0035,2,2,2024-08-11,0.0,2.0,-2.0,327,Consumer,Organic,0
3922.0,8,2042.79,255.34875,69,0.06575,8,12,2023-09-25,1.0,7.0,-6.0,648,Consumer,Social,0
3925.0,12,6932.75,577.7291666666666,23,0.14591666666666667,11,95,2024-04-25,3.0,9.0,-6.0,435,Enterprise,Paid Search,0
3926.0,3,522.44,174.14666666666668,116,0.04766666666666667,3,4,2023-11-06,0.0,3.0,-3.0,606,Consumer,Organic,0
3927.0,2,319.38,159.69,118,0.055,2,3,2024-08-26,0.0,2.0,-2.0,312,Consumer,Paid Search,0
3928.0,9,777.27,86.36333333333333,44,0.08277777777777778,9,12,2024-03-05,3.0,6.0,-3.0,486,Consumer,Paid Search,0
3929.0,10,2955.54,295.554,27,0.0876,10,30,2024-03-28,2.0,8.0,-6.0,463,Small Business,Paid Search,0
3931.0,5,819.83,163.966,5,0.1082,5,14,2025-03-15,3.0,2.0,1.0,111,Small Business,Paid Search,0
3932.0,1,1309.56,1309.56,260,0.126,1,2,2024-10-17,0.0,1.0,-1.0,260,Consumer,Organic,0
3933.0,3,618.36,206.12,22,0.064,3,5,2024-12-29,2.0,1.0,1.0,187,Consumer,Paid Search,0
3934.0,8,5289.96,661.245,13,0.06825,8,28,2024-04-14,2.0,6.0,-4.0,446,Small Business,Direct,0
3936.0,7,2390.42,341.48857142857145,127,0.07871428571428572,7,12,2023-09-17,0.0,7.0,-7.0,656,Consumer,Social,1
3939.0,4,798.02,199.505,375,0.0445,4,5,2023-08-31,0.0,4.0,-4.0,673,Consumer,Organic,1
3941.0,6,1649.8,274.96666666666664,69,0.128,6,23,2024-08-01,1.0,5.0,-4.0,337,Small Business,Organic,1
3943.0,1,27.84,27.84,177,0.037,1,2,2025-01-08,0.0,1.0,-1.0,177,Consumer,Social,0
3947.0,2,485.45000000000005,242.72500000000002,263,0.059000000000000004,2,2,2024-09-25,0.0,2.0,-2.0,282,Consumer,Paid Search,0
3948.0,3,749.97,249.99,33,0.13499999999999998,3,10,2025-02-16,1.0,2.0,-1.0,138,Small Business,Paid Search,0
3950.0,2,359.36,179.68,101,0.038,2,3,2024-09-25,0.0,2.0,-2.0,282,Consumer,Paid Search,0
3952.0,4,621.7199999999999,155.42999999999998,179,0.0545,4,8,2023-06-15,0.0,4.0,-4.0,750,Consumer,Social,0
3953.0,4,443.84000000000003,110.96000000000001,56,0.055,4,7,2024-09-23,2.0,2.0,0.0,284,Consumer,Direct,0
3955.0,3,418.51,139.50333333333333,150,0.08966666666666667,3,4,2024-07-12,0.0,3.0,-3.0,357,Consumer,Organic,0
3956.0,5,1228.3600000000001,245.67200000000003,137,0.0194,5,5,2024-04-14,0.0,5.0,-5.0,446,Consumer,Affiliate,0
3957.0,6,1011.83,168.63833333333335,121,0.0825,5,9,2024-05-27,0.0,6.0,-6.0,403,Consumer,Organic,0
3958.0,3,161.31,53.77,61,0.06233333333333333,3,3,2025-01-23,1.0,2.0,-1.0,162,Consumer,Email,0
3960.0,8,2599.87,324.98375,36,0.02525,7,14,2023-12-25,2.0,6.0,-4.0,557,Consumer,Affiliate,0
3961.0,10,2114.5499999999997,211.45499999999998,38,0.0528,10,14,2023-07-20,2.0,8.0,-6.0,715,Consumer,Organic,0
3962.0,3,1329.32,443.1066666666666,103,0.07766666666666666,3,3,2024-10-30,0.0,3.0,-3.0,247,Consumer,Paid Search,1
3964.0,1,103.64,103.64,88,0.031,1,1,2025-04-07,1.0,0.0,1.0,88,Consumer,Paid Search,0
3967.0,3,86.50999999999999,28.836666666666662,18,0.07366666666666667,3,4,2024-11-02,2.0,1.0,1.0,244,Consumer,Email,0
3970.0,2,680.08,340.04,146,0.0785,2,4,2025-01-23,0.0,2.0,-2.0,162,Consumer,Affiliate,0
3971.0,3,837.37,279.12333333333333,182,0.09599999999999999,3,5,2024-10-30,0.0,3.0,-3.0,247,Consumer,Email,0
3976.0,1,427.2,427.2,192,0.11,1,3,2024-12-24,0.0,1.0,-1.0,192,Small Business,Paid Search,0
3979.0,3,1449.54,483.18,203,0.039,3,5,2024-08-15,0.0,3.0,-3.0,323,Consumer,Paid Search,0
3980.0,3,477.25,159.08333333333334,43,0.072,3,4,2024-04-23,1.0,2.0,-1.0,437,Consumer,Affiliate,1
3981.0,5,2197.07,439.41400000000004,8,0.045200000000000004,5,7,2024-11-30,2.0,3.0,-1.0,216,Consumer,Social,0
3983.0,3,484.27,161.42333333333332,167,0.050333333333333334,3,5,2024-06-13,0.0,3.0,-3.0,386,Consumer,Paid Search,0
3985.0,8,3526.07,440.75875,38,0.081375,8,29,2024-03-05,1.0,7.0,-6.0,486,Small Business,Email,0
3986.0,2,81.63,40.815,140,0.024,2,2,2024-10-14,0.0,2.0,-2.0,263,Consumer,Affiliate,1
3988.0,5,922.5699999999999,184.51399999999998,315,0.034999999999999996,5,6,2023-12-20,0.0,5.0,-5.0,562,Consumer,Organic,0
3990.0,7,4624.32,660.6171428571428,5,0.09942857142857142,7,28,2024-01-17,1.0,6.0,-5.0,534,Small Business,Social,0
3992.0,5,1066.74,213.348,31,0.054000000000000006,5,8,2024-03-06,2.0,3.0,-1.0,485,Consumer,Paid Search,1
3994.0,1,215.9,215.9,113,0.09,1,2,2025-03-13,0.0,1.0,-1.0,113,Small Business,Affiliate,0
3995.0,8,5339.24,667.405,7,0.04875,8,13,2023-12-09,2.0,6.0,-4.0,573,Consumer,Paid Search,1
3996.0,8,1979.21,247.40125,56,0.0375,8,12,2023-09-12,1.0,7.0,-6.0,661,Consumer,Email,0
3997.0,6,546.06,91.00999999999999,40,0.06733333333333334,6,10,2023-10-17,2.0,4.0,-2.0,626,Consumer,Paid Search,0
3998.0,2,718.34,359.17,68,0.0715,2,3,2025-03-07,1.0,1.0,0.0,119,Consumer,Social,0
4000.0,4,1073.22,268.305,225,0.0375,4,8,2024-08-16,0.0,4.0,-4.0,322,Consumer,Social,0
4001.0,2,392.79999999999995,196.39999999999998,270,0.095,2,4,2024-09-06,0.0,2.0,-2.0,301,Consumer,Affiliate,0
4002.0,1,598.08,598.08,13,0.072,1,6,2025-06-21,1.0,0.0,1.0,13,Enterprise,Affiliate,0
4003.0,2,281.07,140.535,173,0.0755,2,3,2024-12-20,0.0,2.0,-2.0,196,Consumer,Paid Search,0
4005.0,1,160.42,160.42,278,0.059,1,2,2024-09-29,0.0,1.0,-1.0,278,Consumer,Affiliate,0
4008.0,4,1885.12,471.28,25,0.09475,4,6,2024-10-25,2.0,2.0,0.0,252,Consumer,Social,0
4009.0,10,3596.0299999999997,359.60299999999995,60,0.0849,10,35,2023-05-18,1.0,9.0,-8.0,778,Small Business,Email,0
4010.0,3,249.50000000000003,83.16666666666667,418,0.08133333333333333,3,11,2024-01-26,0.0,3.0,-3.0,525,Small Business,Social,0
4011.0,2,168.31,84.155,105,0.092,2,3,2025-02-19,0.0,2.0,-2.0,135,Consumer,Paid Search,0
4014.0,1,194.02,194.02,162,0.093,1,2,2025-01-23,0.0,1.0,-1.0,162,Consumer,Organic,1
4015.0,5,1176.23,235.246,15,0.0708,5,8,2025-02-15,2.0,3.0,-1.0,139,Consumer,Organic,1
4017.0,4,645.14,161.285,230,0.051250000000000004,4,7,2024-04-16,0.0,4.0,-4.0,444,Consumer,Organic,0
4019.0,9,1701.68,189.07555555555555,53,0.049444444444444444,9,13,2023-02-21,1.0,8.0,-7.0,864,Consumer,Social,0
4020.0,1,142.56,142.56,97,0.0,1,2,2025-03-29,0.0,1.0,-1.0,97,Consumer,Paid Search,1
4024.0,3,663.9,221.29999999999998,1,0.035,3,5,2025-04-11,3.0,0.0,3.0,84,Consumer,Organic,0
4026.0,2,482.70000000000005,241.35000000000002,63,0.124,2,10,2025-04-06,2.0,0.0,2.0,89,Small Business,Paid Search,0
4027.0,2,506.34,253.17,27,0.0525,2,4,2025-02-02,1.0,1.0,0.0,152,Consumer,Email,0
4028.0,2,256.56,128.28,591,0.0345,2,2,2023-11-05,0.0,2.0,-2.0,607,Consumer,Paid Search,0
4029.0,5,1723.0900000000001,344.61800000000005,71,0.0864,5,7,2024-06-03,1.0,4.0,-3.0,396,Consumer,Organic,0
4030.0,2,2775.9300000000003,1387.9650000000001,14,0.10500000000000001,2,8,2025-06-02,2.0,0.0,2.0,32,Small Business,Direct,0
4031.0,10,3345.25,334.525,36,0.10729999999999999,8,37,2023-11-05,1.0,9.0,-8.0,607,Small Business,Affiliate,0
4035.0,7,4574.25,653.4642857142857,24,0.09557142857142856,7,24,2023-11-02,1.0,6.0,-5.0,610,Small Business,Organic,0
4037.0,8,6394.0,799.25,12,0.08424999999999999,8,30,2024-06-26,1.0,7.0,-6.0,373,Small Business,Organic,0
4038.0,3,1007.02,335.67333333333335,27,0.042666666666666665,3,3,2025-02-12,2.0,1.0,1.0,142,Consumer,Social,0
4040.0,11,6914.38,628.58,24,0.12518181818181817,9,38,2024-02-05,3.0,8.0,-5.0,515,Small Business,Social,0
4041.0,11,5330.87,484.62454545454545,3,0.12345454545454544,10,39,2023-05-24,1.0,10.0,-9.0,772,Small Business,Social,0
4042.0,5,1371.5,274.3,90,0.047799999999999995,5,7,2023-06-04,0.0,5.0,-5.0,761,Consumer,Social,1
4043.0,3,440.54,146.84666666666666,116,0.05733333333333334,3,5,2024-10-22,0.0,3.0,-3.0,255,Consumer,Paid Search,0
4045.0,3,2125.86,708.62,238,0.03933333333333333,3,6,2024-02-03,0.0,3.0,-3.0,517,Consumer,Paid Search,0
4046.0,6,1169.86,194.97666666666666,59,0.0815,6,8,2023-12-01,1.0,5.0,-4.0,581,Consumer,Affiliate,0
4047.0,3,868.8000000000001,289.6,30,0.11033333333333334,3,5,2024-11-30,2.0,1.0,1.0,216,Consumer,Paid Search,1
4048.0,4,749.96,187.49,169,0.02275,4,8,2024-07-08,0.0,4.0,-4.0,361,Consumer,Affiliate,0
4055.0,4,328.1,82.025,360,0.06475,4,6,2024-01-29,0.0,4.0,-4.0,522,Consumer,Paid Search,1
4056.0,4,320.0,80.0,210,0.02925,4,6,2024-06-22,0.0,4.0,-4.0,377,Consumer,Organic,0
4058.0,3,828.03,276.01,37,0.024999999999999998,3,4,2025-01-04,2.0,1.0,1.0,181,Consumer,Affiliate,0
4062.0,5,5340.96,1068.192,18,0.19119999999999998,5,35,2024-08-16,2.0,3.0,-1.0,322,Enterprise,Social,0
4063.0,2,858.84,429.42,72,0.0785,2,8,2024-10-13,1.0,1.0,0.0,264,Small Business,Organic,0
4065.0,3,859.8,286.59999999999997,102,0.08900000000000001,3,8,2024-06-24,0.0,3.0,-3.0,375,Small Business,Social,0
4066.0,4,613.94,153.485,53,0.031000000000000003,4,5,2025-01-02,1.0,3.0,-2.0,183,Consumer,Affiliate,0
4070.0,12,5879.84,489.9866666666667,23,0.10808333333333332,11,47,2023-11-30,2.0,10.0,-8.0,582,Small Business,Paid Search,1
4071.0,5,2321.3500000000004,464.2700000000001,45,0.1258,5,18,2024-11-12,1.0,4.0,-3.0,234,Small Business,Social,0
4073.0,10,4284.46,428.446,124,0.060899999999999996,9,15,2024-03-17,0.0,10.0,-10.0,474,Consumer,Organic,0
4074.0,3,1138.83,379.60999999999996,6,0.111,3,10,2025-01-04,2.0,1.0,1.0,181,Small Business,Affiliate,0
4075.0,3,362.35999999999996,120.78666666666665,52,0.016999999999999998,3,4,2024-10-04,1.0,2.0,-1.0,273,Consumer,Paid Search,0
4076.0,3,215.23000000000002,71.74333333333334,49,0.069,3,5,2023-11-27,1.0,2.0,-1.0,585,Consumer,Paid Search,0
4077.0,1,277.36,277.36,162,0.0,1,2,2025-01-23,0.0,1.0,-1.0,162,Consumer,Social,1
4078.0,17,21070.280000000002,1239.4282352941177,23,0.14088235294117646,15,125,2024-02-19,3.0,14.0,-11.0,501,Enterprise,Paid Search,0
4080.0,4,1572.6299999999999,393.15749999999997,164,0.06075,4,5,2024-03-22,0.0,4.0,-4.0,469,Consumer,Organic,0
4082.0,6,1225.92,204.32000000000002,356,0.043000000000000003,6,8,2024-03-19,0.0,6.0,-6.0,472,Consumer,Affiliate,0
4084.0,7,2412.9500000000003,344.7071428571429,299,0.05557142857142857,7,9,2023-08-08,0.0,7.0,-7.0,696,Consumer,Organic,1
4085.0,2,307.49,153.745,56,0.0795,2,3,2025-03-18,1.0,1.0,0.0,108,Consumer,Social,1
4086.0,2,873.9399999999999,436.96999999999997,96,0.07300000000000001,2,8,2025-03-11,0.0,2.0,-2.0,115,Small Business,Paid Search,0
4087.0,2,586.75,293.375,311,0.0755,2,3,2024-08-16,0.0,2.0,-2.0,322,Consumer,Social,0
4091.0,5,590.4100000000001,118.08200000000002,182,0.0356,4,9,2024-05-29,0.0,5.0,-5.0,401,Consumer,Social,1
4092.0,4,706.65,176.6625,78,0.0685,4,7,2024-03-17,1.0,3.0,-2.0,474,Consumer,Organic,0
4095.0,4,1056.92,264.23,81,0.0285,4,5,2024-07-28,2.0,2.0,0.0,341,Consumer,Paid Search,0
4097.0,4,3496.21,874.0525,17,0.15925,4,14,2024-11-24,3.0,1.0,2.0,222,Small Business,Organic,0
4099.0,7,5658.65,808.3785714285714,92,0.12814285714285714,7,27,2024-07-20,0.0,7.0,-7.0,349,Small Business,Email,0
4100.0,6,6781.52,1130.2533333333333,57,0.17533333333333334,6,48,2024-12-03,3.0,3.0,0.0,213,Enterprise,Paid Search,0
4101.0,7,3065.56,437.9371428571429,32,0.08514285714285715,7,27,2024-05-07,2.0,5.0,-3.0,423,Small Business,Email,0
4103.0,2,142.6,71.3,283,0.094,2,3,2024-01-21,0.0,2.0,-2.0,530,Consumer,Organic,1
4107.0,7,1345.67,192.23857142857145,56,0.031857142857142855,7,12,2023-08-07,2.0,5.0,-3.0,697,Consumer,Organic,0
4108.0,2,554.52,277.26,318,0.0765,2,6,2024-06-29,0.0,2.0,-2.0,370,Small Business,Organic,0
4109.0,6,3420.13,570.0216666666666,34,0.12316666666666666,6,19,2024-12-01,4.0,2.0,2.0,215,Small Business,Social,0
4110.0,1,151.82,151.82,110,0.0,1,1,2025-03-16,0.0,1.0,-1.0,110,Consumer,Email,0
4112.0,3,853.03,284.3433333333333,101,0.042666666666666665,3,4,2024-11-22,0.0,3.0,-3.0,224,Consumer,Organic,0
4114.0,6,1120.44,186.74,154,0.049833333333333334,6,7,2024-02-13,0.0,6.0,-6.0,507,Consumer,Social,1
4115.0,4,1431.46,357.865,12,0.0695,4,6,2024-09-10,3.0,1.0,2.0,297,Consumer,Social,0
4116.0,7,2302.63,328.94714285714286,191,0.062,7,11,2023-08-09,0.0,7.0,-7.0,695,Consumer,Email,0
4118.0,10,2274.24,227.42399999999998,5,0.08209999999999999,10,36,2024-01-02,2.0,8.0,-6.0,549,Small Business,Affiliate,0
4119.0,10,18267.030000000002,1826.7030000000002,5,0.1213,10,67,2024-04-12,4.0,6.0,-2.0,448,Enterprise,Paid Search,0
4122.0,6,1187.83,197.97166666666666,102,0.06066666666666667,6,8,2023-12-20,0.0,6.0,-6.0,562,Consumer,Paid Search,0
4123.0,6,2442.54,407.09,1,0.10316666666666667,6,9,2023-04-10,2.0,4.0,-2.0,816,Consumer,Paid Search,0
4124.0,2,332.82,166.41,81,0.0825,2,3,2025-02-27,1.0,1.0,0.0,127,Consumer,Paid Search,1
4125.0,4,760.12,190.03,20,0.058499999999999996,4,5,2024-08-11,2.0,2.0,0.0,327,Consumer,Organic,0
4126.0,3,719.96,239.98666666666668,113,0.049999999999999996,3,6,2024-03-10,0.0,3.0,-3.0,481,Consumer,Social,1
4127.0,2,328.09,164.045,71,0.0505,2,3,2025-03-28,1.0,1.0,0.0,98,Consumer,Paid Search,0
4128.0,3,1150.04,383.34666666666664,145,0.10099999999999999,3,12,2024-10-07,0.0,3.0,-3.0,270,Small Business,Social,0
4129.0,1,133.36,133.36,188,0.0,1,1,2024-12-28,0.0,1.0,-1.0,188,Consumer,Email,0
4130.0,4,2059.17,514.7925,99,0.059250000000000004,4,7,2024-07-31,0.0,4.0,-4.0,338,Consumer,Affiliate,0
4131.0,2,519.08,259.54,63,0.0225,2,4,2025-04-29,2.0,0.0,2.0,66,Consumer,Email,0
4132.0,7,952.8100000000001,136.1157142857143,16,0.061285714285714284,7,10,2024-01-03,3.0,4.0,-1.0,548,Consumer,Affiliate,0
4134.0,2,382.46000000000004,191.23000000000002,17,0.0315,2,4,2025-05-05,2.0,0.0,2.0,60,Consumer,Affiliate,0
4135.0,2,639.25,319.625,88,0.035,2,8,2025-02-22,1.0,1.0,0.0,132,Small Business,Social,0
4138.0,4,3365.3,841.325,85,0.0895,4,15,2024-09-08,1.0,3.0,-2.0,299,Small Business,Organic,0
4139.0,4,1085.8500000000001,271.46250000000003,52,0.069,4,16,2024-12-09,1.0,3.0,-2.0,207,Small Business,Social,0
4142.0,3,678.03,226.01,142,0.14300000000000002,3,5,2024-09-18,0.0,3.0,-3.0,289,Consumer,Paid Search,0
4143.0,4,1203.6299999999999,300.90749999999997,42,0.056999999999999995,4,7,2025-02-02,2.0,2.0,0.0,152,Consumer,Paid Search,1
4144.0,5,920.01,184.002,45,0.0496,5,8,2024-08-29,1.0,4.0,-3.0,309,Consumer,Social,0
4145.0,8,801.42,100.1775,42,0.079125,8,11,2023-09-10,1.0,7.0,-6.0,663,Consumer,Paid Search,1
4146.0,6,1811.2099999999998,301.8683333333333,52,0.09433333333333332,6,25,2024-06-04,1.0,5.0,-4.0,395,Small Business,Affiliate,1
4149.0,2,686.25,343.125,96,0.077,2,3,2025-01-26,0.0,2.0,-2.0,159,Consumer,Social,0
4150.0,3,790.9499999999999,263.65,2,0.08566666666666667,3,5,2024-10-22,2.0,1.0,1.0,255,Consumer,Paid Search,0
4151.0,4,3478.69,869.6725,240,0.134,4,16,2024-08-09,0.0,4.0,-4.0,329,Small Business,Paid Search,0
4152.0,2,588.82,294.41,221,0.0825,2,3,2024-11-15,0.0,2.0,-2.0,231,Consumer,Affiliate,0
4153.0,1,175.72,175.72,208,0.0,1,1,2024-12-08,0.0,1.0,-1.0,208,Consumer,Paid Search,0
4154.0,6,1467.37,244.56166666666664,149,0.06433333333333334,6,9,2023-06-13,0.0,6.0,-6.0,752,Consumer,Organic,0
4159.0,3,548.9,182.96666666666667,109,0.024999999999999998,3,6,2024-11-14,0.0,3.0,-3.0,232,Consumer,Paid Search,1
4160.0,6,261.34000000000003,43.55666666666667,79,0.062,6,6,2024-09-27,1.0,5.0,-4.0,280,Consumer,Affiliate,0
4161.0,7,1544.05,220.57857142857142,6,0.053,7,11,2023-12-31,2.0,5.0,-3.0,551,Consumer,Paid Search,1
4162.0,1,235.23,235.23,38,0.033,1,1,2025-05-27,1.0,0.0,1.0,38,Consumer,Paid Search,0
4163.0,8,1899.9599999999998,237.49499999999998,59,0.051625,8,15,2024-03-14,1.0,7.0,-6.0,477,Consumer,Paid Search,1
4165.0,3,616.9300000000001,205.64333333333335,181,0.05033333333333334,3,4,2024-09-13,0.0,3.0,-3.0,294,Consumer,Organic,0
4166.0,9,8683.11,964.7900000000001,67,0.162,8,66,2024-09-04,2.0,7.0,-5.0,303,Enterprise,Organic,0
4167.0,8,3195.81,399.47625,53,0.084875,7,23,2024-09-18,2.0,6.0,-4.0,289,Small Business,Social,0
4169.0,3,189.98000000000002,63.326666666666675,57,0.12366666666666666,2,6,2024-11-27,2.0,1.0,1.0,219,Consumer,Paid Search,1
4170.0,6,2232.61,372.1016666666667,7,0.051833333333333335,5,11,2024-02-28,1.0,5.0,-4.0,492,Consumer,Email,0
4171.0,5,835.39,167.078,4,0.0618,5,8,2024-03-28,1.0,4.0,-3.0,463,Consumer,Email,0
4174.0,4,695.55,173.8875,197,0.054,4,6,2024-03-22,0.0,4.0,-4.0,469,Consumer,Organic,0
4176.0,5,405.66999999999996,81.13399999999999,60,0.065,5,6,2024-04-30,1.0,4.0,-3.0,430,Consumer,Paid Search,0
4178.0,7,1557.14,222.44857142857146,55,0.027571428571428573,6,10,2023-09-13,2.0,5.0,-3.0,660,Consumer,Paid Search,1
4179.0,2,76.76,38.38,181,0.08900000000000001,2,3,2024-12-10,0.0,2.0,-2.0,206,Consumer,Organic,0
4181.0,5,2554.5099999999998,510.90199999999993,5,0.1464,5,15,2024-11-09,2.0,3.0,-1.0,237,Small Business,Organic,0
4182.0,6,1494.5,249.08333333333334,20,0.09000000000000001,6,19,2024-04-11,2.0,4.0,-2.0,449,Small Business,Social,0
4185.0,2,936.8199999999999,468.40999999999997,12,0.096,2,4,2025-02-18,1.0,1.0,0.0,136,Consumer,Affiliate,1
4186.0,1,163.22,163.22,5,0.0,1,2,2025-06-29,1.0,0.0,1.0,5,Consumer,Social,0
4188.0,4,2229.2999999999997,557.3249999999999,146,0.13424999999999998,4,23,2024-04-01,0.0,4.0,-4.0,459,Enterprise,Affiliate,0
4190.0,2,538.0,269.0,217,0.099,2,4,2024-09-18,0.0,2.0,-2.0,289,Consumer,Paid Search,0
4192.0,6,1538.57,256.42833333333334,187,0.0715,5,9,2023-11-18,0.0,6.0,-6.0,594,Consumer,Organic,0
4193.0,3,112.49000000000001,37.49666666666667,136,0.06633333333333334,3,3,2024-09-06,0.0,3.0,-3.0,301,Consumer,Email,0
4194.0,4,322.1,80.525,61,0.0445,4,8,2024-12-08,2.0,2.0,0.0,208,Consumer,Email,1
4195.0,3,713.29,237.76333333333332,18,0.020666666666666667,3,4,2024-11-14,1.0,2.0,-1.0,232,Consumer,Organic,0
4198.0,3,926.8499999999999,308.95,107,0.033,3,3,2023-11-17,0.0,3.0,-3.0,595,Consumer,Organic,0
4199.0,3,848.46,282.82,74,0.12866666666666668,3,13,2024-06-16,1.0,2.0,-1.0,383,Small Business,Direct,0
4200.0,3,1501.78,500.5933333333333,79,0.03133333333333333,3,5,2024-07-14,1.0,2.0,-1.0,355,Consumer,Email,0
4201.0,1,806.08,806.08,45,0.07,1,2,2025-05-20,1.0,0.0,1.0,45,Consumer,Social,0
4202.0,1,229.38,229.38,93,0.14,1,2,2025-04-02,0.0,1.0,-1.0,93,Consumer,Organic,0
4205.0,12,3087.08,257.25666666666666,66,0.07383333333333333,11,19,2023-05-09,2.0,10.0,-8.0,787,Consumer,Social,0
4206.0,6,2402.07,400.345,31,0.129,6,45,2024-10-13,3.0,3.0,0.0,264,Enterprise,Paid Search,0
4207.0,1,79.4,79.4,38,0.129,1,2,2025-05-27,1.0,0.0,1.0,38,Consumer,Paid Search,0
4208.0,1,38.79,38.79,181,0.084,1,1,2025-01-04,0.0,1.0,-1.0,181,Consumer,Email,0
4209.0,11,2771.02,251.9109090909091,101,0.11636363636363636,10,38,2023-12-04,0.0,11.0,-11.0,578,Small Business,Social,0
4210.0,1,1020.52,1020.52,192,0.0,1,2,2024-12-24,0.0,1.0,-1.0,192,Consumer,Email,0
4211.0,1,32.96,32.96,289,0.0,1,2,2024-09-18,0.0,1.0,-1.0,289,Consumer,Social,0
4212.0,3,956.25,318.75,16,0.05433333333333334,3,4,2024-12-06,1.0,2.0,-1.0,210,Consumer,Email,0
4214.0,4,895.06,223.765,187,0.05625,4,6,2024-08-12,0.0,4.0,-4.0,326,Consumer,Email,0
4215.0,1,404.95,404.95,14,0.091,1,5,2025-06-20,1.0,0.0,1.0,14,Enterprise,Social,0
4218.0,13,13241.8,1018.5999999999999,75,0.16184615384615386,13,89,2023-12-25,1.0,12.0,-11.0,557,Enterprise,Email,0
4219.0,4,1386.5600000000002,346.64000000000004,71,0.018500000000000003,4,6,2024-09-14,1.0,3.0,-2.0,293,Consumer,Social,1
4221.0,4,2184.06,546.015,74,0.128,4,33,2024-10-04,2.0,2.0,0.0,273,Enterprise,Organic,0
4222.0,2,951.8,475.9,101,0.0235,2,3,2024-07-30,0.0,2.0,-2.0,339,Consumer,Social,0
4224.0,6,1685.24,280.87333333333333,196,0.057333333333333326,6,11,2024-06-08,0.0,6.0,-6.0,391,Consumer,Social,0
4225.0,4,1644.7,411.175,108,0.0305,4,5,2024-06-09,0.0,4.0,-4.0,390,Consumer,Paid Search,0
4226.0,9,8874.98,986.1088888888888,81,0.1091111111111111,9,49,2024-10-05,2.0,7.0,-5.0,272,Enterprise,Direct,0
4230.0,3,527.8199999999999,175.93999999999997,177,0.08700000000000001,3,6,2024-11-22,0.0,3.0,-3.0,224,Consumer,Organic,0
4233.0,10,3100.4500000000003,310.045,18,0.09519999999999999,10,34,2024-04-04,2.0,8.0,-6.0,456,Small Business,Paid Search,0
4234.0,1,13.42,13.42,122,0.072,1,1,2025-03-04,0.0,1.0,-1.0,122,Consumer,Paid Search,1
4236.0,4,1531.1,382.775,14,0.023,4,6,2024-11-21,1.0,3.0,-2.0,225,Consumer,Email,0
4238.0,6,3430.16,571.6933333333333,46,0.13066666666666668,6,16,2024-12-03,3.0,3.0,0.0,213,Small Business,Paid Search,0
4239.0,5,6862.39,1372.478,64,0.07980000000000001,5,34,2024-10-31,2.0,3.0,-1.0,246,Enterprise,Email,0
4240.0,3,110.47,36.82333333333333,135,0.083,3,4,2023-11-23,0.0,3.0,-3.0,589,Consumer,Social,0
4243.0,3,1996.3700000000001,665.4566666666667,339,0.13066666666666668,3,5,2024-01-25,0.0,3.0,-3.0,526,Consumer,Email,0
4244.0,3,366.20000000000005,122.06666666666668,216,0.06733333333333334,3,4,2024-07-15,0.0,3.0,-3.0,354,Consumer,Direct,0
4245.0,3,209.0,69.66666666666667,172,0.042666666666666665,2,4,2024-08-15,0.0,3.0,-3.0,323,Consumer,Paid Search,0
4246.0,5,1547.23,309.446,142,0.0732,5,6,2023-10-28,0.0,5.0,-5.0,615,Consumer,Email,0
4248.0,2,608.82,304.41,116,0.0595,2,4,2024-11-21,0.0,2.0,-2.0,225,Consumer,Paid Search,0
4249.0,3,479.36,159.78666666666666,27,0.043000000000000003,3,4,2024-08-02,2.0,1.0,1.0,336,Consumer,Paid Search,0
4250.0,5,1023.1999999999999,204.64,177,0.078,5,17,2024-11-29,0.0,5.0,-5.0,217,Small Business,Email,0
4252.0,8,5877.27,734.65875,17,0.152,8,60,2024-04-18,1.0,7.0,-6.0,442,Enterprise,Paid Search,0
4254.0,8,1203.48,150.435,34,0.08975,8,11,2024-06-19,1.0,7.0,-6.0,380,Consumer,Organic,0
4255.0,8,3024.92,378.115,14,0.067875,8,31,2024-01-23,2.0,6.0,-4.0,528,Small Business,Email,0
4257.0,4,459.54,114.885,423,0.04125,4,6,2023-05-03,0.0,4.0,-4.0,793,Consumer,Social,0
4259.0,7,1549.97,221.42428571428573,97,0.05742857142857143,7,9,2024-04-03,0.0,7.0,-7.0,457,Consumer,Paid Search,1
4263.0,7,1253.51,179.07285714285715,209,0.047714285714285716,7,10,2023-06-18,0.0,7.0,-7.0,747,Consumer,Social,0
4266.0,5,1417.06,283.412,125,0.10300000000000001,5,22,2024-04-22,0.0,5.0,-5.0,438,Small Business,Social,0
4267.0,3,733.05,244.35,21,0.042333333333333334,3,5,2024-12-31,2.0,1.0,1.0,185,Consumer,Social,0
4269.0,8,1107.97,138.49625,7,0.038375,8,9,2024-01-28,1.0,7.0,-6.0,523,Consumer,Organic,0
4272.0,7,1767.0,252.42857142857142,94,0.06485714285714286,7,10,2023-07-19,0.0,7.0,-7.0,716,Consumer,Paid Search,0
4274.0,2,356.25,178.125,76,0.0305,2,3,2025-01-20,1.0,1.0,0.0,165,Consumer,Social,0
4275.0,5,882.13,176.426,76,0.037,5,6,2024-05-27,1.0,4.0,-3.0,403,Consumer,Social,0
4277.0,6,311.8,51.96666666666667,55,0.05983333333333333,6,7,2024-03-26,1.0,5.0,-4.0,465,Consumer,Paid Search,0
4278.0,5,1915.06,383.012,63,0.09380000000000001,5,9,2024-07-14,2.0,3.0,-1.0,355,Consumer,Social,0
4280.0,4,287.06,71.765,389,0.04975,4,7,2024-03-24,0.0,4.0,-4.0,467,Consumer,Organic,1
4282.0,5,583.9300000000001,116.78600000000002,81,0.0738,5,7,2024-01-09,2.0,3.0,-1.0,542,Consumer,Affiliate,0
4283.0,2,207.62,103.81,89,0.021,2,4,2024-12-07,1.0,1.0,0.0,209,Consumer,Paid Search,0
4284.0,4,1662.58,415.645,168,0.02025,4,5,2023-09-29,0.0,4.0,-4.0,644,Consumer,Affiliate,0
4293.0,2,1257.84,628.92,20,0.045,2,3,2025-02-19,1.0,1.0,0.0,135,Consumer,Social,0
4295.0,5,1008.52,201.704,71,0.044,5,9,2024-05-02,1.0,4.0,-3.0,428,Consumer,Paid Search,0
4296.0,3,1607.7,535.9,12,0.071,3,10,2024-12-26,1.0,2.0,-1.0,190,Small Business,Social,0
4298.0,3,996.32,332.1066666666667,339,0.07066666666666667,3,4,2024-05-15,0.0,3.0,-3.0,415,Consumer,Organic,1
4299.0,4,2061.45,515.3625,25,0.039,3,5,2024-04-18,2.0,2.0,0.0,442,Consumer,Social,1
4301.0,5,2776.64,555.328,89,0.0974,4,21,2024-12-11,1.0,4.0,-3.0,205,Small Business,Paid Search,0
4302.0,2,215.34,107.67,296,0.053000000000000005,2,2,2024-03-03,0.0,2.0,-2.0,488,Consumer,Direct,0
4303.0,2,357.38,178.69,32,0.07350000000000001,2,2,2025-01-13,1.0,1.0,0.0,172,Consumer,Organic,0
4304.0,5,1735.2700000000002,347.05400000000003,47,0.075,5,8,2024-08-05,2.0,3.0,-1.0,333,Consumer,Organic,0
4305.0,1,118.8,118.8,102,0.001,1,2,2025-03-24,0.0,1.0,-1.0,102,Consumer,Email,1
4310.0,2,95.4,47.7,8,0.041,2,4,2025-01-11,1.0,1.0,0.0,174,Consumer,Organic,0
4312.0,4,424.62,106.155,64,0.04125,4,6,2024-07-10,2.0,2.0,0.0,359,Consumer,Affiliate,0
4313.0,3,242.25,80.75,120,0.030333333333333334,3,5,2025-01-01,0.0,3.0,-3.0,184,Consumer,Social,0
4316.0,6,1432.74,238.79,46,0.04066666666666666,6,10,2024-07-04,1.0,5.0,-4.0,365,Consumer,Paid Search,1
4318.0,5,1290.31,258.062,40,0.0472,5,6,2025-02-12,2.0,3.0,-1.0,142,Consumer,Affiliate,0
4319.0,5,1114.28,222.856,56,0.0358,5,7,2024-10-22,1.0,4.0,-3.0,255,Consumer,Email,1
4320.0,10,8301.68,830.168,61,0.16319999999999998,9,71,2024-05-08,2.0,8.0,-6.0,422,Enterprise,Organic,0
4321.0,4,2300.78,575.195,191,0.08349999999999999,4,5,2024-01-31,0.0,4.0,-4.0,520,Consumer,Social,1
4322.0,2,110.92999999999999,55.464999999999996,72,0.051000000000000004,2,2,2025-01-24,1.0,1.0,0.0,161,Consumer,Social,0
4323.0,3,110.5,36.833333333333336,95,0.09600000000000002,3,5,2024-12-10,0.0,3.0,-3.0,206,Consumer,Paid Search,1
4325.0,6,956.66,159.44333333333333,70,0.085,5,10,2024-04-05,1.0,5.0,-4.0,455,Consumer,Organic,0
4327.0,1,147.64,147.64,24,0.105,1,1,2025-06-10,1.0,0.0,1.0,24,Consumer,Paid Search,0
4329.0,5,420.91,84.182,223,0.0284,5,7,2023-11-10,0.0,5.0,-5.0,602,Consumer,Paid Search,0
4332.0,1,506.69,506.69,189,0.007,1,1,2024-12-27,0.0,1.0,-1.0,189,Consumer,Social,0
4333.0,2,166.64,83.32,87,0.0335,2,2,2024-07-05,1.0,1.0,0.0,364,Consumer,Social,0
4334.0,2,1018.24,509.12,53,0.0635,2,3,2024-09-18,1.0,1.0,0.0,289,Consumer,Paid Search,0
4335.0,4,725.52,181.38,309,0.1055,4,12,2024-05-06,0.0,4.0,-4.0,424,Small Business,Social,0
4336.0,3,281.07,93.69,70,0.057999999999999996,2,4,2024-09-21,1.0,2.0,-1.0,286,Consumer,Email,0
4337.0,4,554.2,138.55,81,0.14325,4,16,2024-08-18,1.0,3.0,-2.0,320,Small Business,Paid Search,1
4338.0,5,5390.2,1078.04,61,0.09340000000000001,5,21,2024-08-04,4.0,1.0,3.0,334,Small Business,Social,0
4340.0,12,8169.4800000000005,680.7900000000001,11,0.13125,11,48,2023-08-01,2.0,10.0,-8.0,703,Small Business,Paid Search,0
4341.0,4,816.06,204.015,30,0.05375,4,7,2024-07-13,2.0,2.0,0.0,356,Consumer,Social,0
4343.0,7,5359.08,765.5828571428572,62,0.1605714285714286,7,35,2024-03-25,1.0,6.0,-5.0,466,Enterprise,Social,0
4344.0,8,6559.66,819.9575,17,0.10400000000000001,8,34,2024-04-04,1.0,7.0,-6.0,456,Small Business,Email,0
4345.0,2,597.7,298.85,24,0.11499999999999999,2,3,2024-10-20,1.0,1.0,0.0,257,Consumer,Affiliate,0
4346.0,15,9286.15,619.0766666666666,92,0.0988,15,56,2023-03-15,0.0,15.0,-15.0,842,Small Business,Social,0
4347.0,2,444.10999999999996,222.05499999999998,79,0.0515,2,3,2024-11-02,1.0,1.0,0.0,244,Consumer,Social,0
4348.0,12,3052.94,254.41166666666666,14,0.10691666666666666,12,43,2023-09-10,1.0,11.0,-10.0,663,Small Business,Direct,0
4349.0,9,17334.33,1926.0366666666669,5,0.14922222222222223,9,72,2024-04-29,3.0,6.0,-3.0,431,Enterprise,Social,0
4352.0,2,173.34,86.67,89,0.025,2,2,2024-12-21,1.0,1.0,0.0,195,Consumer,Paid Search,0
4353.0,5,5606.04,1121.208,40,0.0796,5,20,2024-09-04,1.0,4.0,-3.0,303,Small Business,Paid Search,1
4354.0,3,336.59000000000003,112.19666666666667,48,0.004666666666666667,3,5,2024-12-05,1.0,2.0,-1.0,211,Consumer,Paid Search,0
4357.0,7,2749.48,392.78285714285715,28,0.04428571428571428,6,9,2023-12-05,2.0,5.0,-3.0,577,Consumer,Organic,1
4358.0,5,810.3299999999999,162.06599999999997,31,0.0346,5,7,2024-02-27,1.0,4.0,-3.0,493,Consumer,Organic,1
4359.0,1,405.47,405.47,195,0.005,1,1,2024-12-21,0.0,1.0,-1.0,195,Consumer,Affiliate,0
4362.0,15,8305.57,553.7046666666666,37,0.08366666666666668,14,46,2023-11-05,4.0,11.0,-7.0,607,Small Business,Social,0
4363.0,3,1177.06,392.3533333333333,97,0.008,3,6,2025-01-07,0.0,3.0,-3.0,178,Consumer,Social,1
4364.0,5,450.92,90.184,127,0.11059999999999999,5,6,2023-12-29,0.0,5.0,-5.0,553,Consumer,Email,1
4367.0,3,528.97,176.32333333333335,54,0.08166666666666667,3,4,2025-02-24,1.0,2.0,-1.0,130,Consumer,Email,0
4368.0,4,3721.4300000000003,930.3575000000001,137,0.0945,4,16,2023-10-05,0.0,4.0,-4.0,638,Small Business,Social,0
4369.0,5,1321.54,264.308,147,0.072,5,10,2024-11-29,0.0,5.0,-5.0,217,Consumer,Paid Search,0
4372.0,3,318.08,106.02666666666666,225,0.043000000000000003,3,5,2024-06-22,0.0,3.0,-3.0,377,Consumer,Email,1
4374.0,3,1220.93,406.9766666666667,107,0.047999999999999994,3,4,2024-05-25,0.0,3.0,-3.0,405,Consumer,Organic,0
4375.0,4,612.5699999999999,153.14249999999998,214,0.051,4,7,2024-06-17,0.0,4.0,-4.0,382,Consumer,Social,0
4376.0,7,4733.12,676.16,20,0.09314285714285715,7,25,2024-10-22,1.0,6.0,-5.0,255,Small Business,Social,0
4377.0,6,1237.2099999999998,206.20166666666663,44,0.043000000000000003,6,10,2023-09-07,1.0,5.0,-4.0,666,Consumer,Paid Search,0
4378.0,4,739.4399999999999,184.85999999999999,153,0.0165,4,7,2024-05-11,0.0,4.0,-4.0,419,Consumer,Email,1
4380.0,7,1272.8200000000002,181.8314285714286,70,0.04285714285714286,7,8,2024-05-15,2.0,5.0,-3.0,415,Consumer,Social,1
4381.0,12,7803.21,650.2675,3,0.14616666666666667,11,77,2023-12-20,1.0,11.0,-10.0,562,Enterprise,Social,0
4382.0,4,2233.16,558.29,341,0.07825,4,6,2024-02-26,0.0,4.0,-4.0,494,Consumer,Social,1
4383.0,5,1025.11,205.022,113,0.0624,3,9,2023-09-19,0.0,5.0,-5.0,654,Consumer,Organic,0
4386.0,5,1052.5,210.5,7,0.0948,5,7,2024-01-14,3.0,2.0,1.0,537,Consumer,Social,0
4390.0,4,244.19,61.0475,16,0.04725,4,6,2024-12-04,1.0,3.0,-2.0,212,Consumer,Affiliate,0
4391.0,1,52.08,52.08,289,0.081,1,1,2024-09-18,0.0,1.0,-1.0,289,Consumer,Social,0
4395.0,6,7239.85,1206.6416666666667,73,0.08850000000000001,6,24,2024-10-11,1.0,5.0,-4.0,266,Small Business,Organic,0
4396.0,5,1316.5700000000002,263.314,5,0.0978,5,18,2024-03-30,2.0,3.0,-1.0,461,Small Business,Organic,0
4399.0,1,36.29,36.29,121,0.001,1,1,2025-03-05,0.0,1.0,-1.0,121,Consumer,Email,1
4401.0,8,3062.14,382.7675,6,0.10025,8,29,2024-10-06,4.0,4.0,0.0,271,Small Business,Social,0
4402.0,1,98.7,98.7,119,0.082,1,5,2025-03-07,0.0,1.0,-1.0,119,Small Business,Paid Search,0
4403.0,5,3958.34,791.668,107,0.12179999999999999,5,15,2024-12-19,0.0,5.0,-5.0,197,Small Business,Paid Search,0
4406.0,11,5763.16,523.9236363636363,86,0.13945454545454547,10,65,2024-09-04,1.0,10.0,-9.0,303,Enterprise,Social,0
4407.0,1,13.04,13.04,302,0.091,1,1,2024-09-05,0.0,1.0,-1.0,302,Consumer,Paid Search,0
4408.0,2,200.87,100.435,102,0.038,2,2,2025-03-10,0.0,2.0,-2.0,116,Consumer,Organic,0
4409.0,6,4456.22,742.7033333333334,170,0.13683333333333333,6,18,2023-12-12,0.0,6.0,-6.0,570,Small Business,Email,0
4410.0,3,492.53000000000003,164.17666666666668,80,0.006333333333333333,3,5,2024-07-08,1.0,2.0,-1.0,361,Consumer,Direct,1
4411.0,3,660.0300000000001,220.01000000000002,456,0.07766666666666666,3,4,2024-01-16,0.0,3.0,-3.0,535,Consumer,Organic,0
4412.0,2,221.71,110.855,76,0.0365,2,3,2024-09-25,1.0,1.0,0.0,282,Consumer,Paid Search,0
4413.0,2,210.09000000000003,105.04500000000002,177,0.0355,2,3,2024-07-02,0.0,2.0,-2.0,367,Consumer,Paid Search,0
4414.0,3,421.61,140.53666666666666,25,0.14533333333333334,3,9,2025-01-22,1.0,2.0,-1.0,163,Small Business,Paid Search,0
4416.0,6,8708.91,1451.485,30,0.17916666666666667,6,41,2024-03-30,1.0,5.0,-4.0,461,Enterprise,Direct,0
4417.0,1,69.99,69.99,156,0.046,1,1,2025-01-29,0.0,1.0,-1.0,156,Consumer,Paid Search,0
4419.0,2,495.8,247.9,33,0.041,2,2,2025-05-21,2.0,0.0,2.0,44,Consumer,Organic,1
4420.0,8,2440.6600000000003,305.08250000000004,19,0.06325,8,14,2024-03-28,2.0,6.0,-4.0,463,Consumer,Organic,1
4421.0,2,1048.85,524.425,177,0.07050000000000001,2,7,2024-09-17,0.0,2.0,-2.0,290,Small Business,Organic,0
4422.0,2,390.67,195.335,28,0.1655,2,7,2024-12-28,1.0,1.0,0.0,188,Small Business,Social,0
4423.0,1,27.38,27.38,2,0.053,1,2,2025-07-02,1.0,0.0,1.0,2,Consumer,Paid Search,1
4424.0,3,404.54,134.84666666666666,93,0.09500000000000001,3,4,2024-09-24,0.0,3.0,-3.0,283,Consumer,Social,0
4425.0,3,312.58000000000004,104.19333333333334,72,0.10333333333333333,3,4,2024-11-05,1.0,2.0,-1.0,241,Consumer,Social,0
4426.0,2,295.4,147.7,0,0.062,2,3,2025-01-24,1.0,1.0,0.0,161,Consumer,Organic,1
4427.0,4,485.21,121.3025,17,0.0025,4,4,2024-10-14,1.0,3.0,-2.0,263,Consumer,Paid Search,0
4429.0,14,6579.179999999999,469.9414285714285,42,0.11542857142857144,14,50,2024-02-15,2.0,12.0,-10.0,505,Small Business,Direct,0
4430.0,1,327.88,327.88,263,0.027,1,2,2024-10-14,0.0,1.0,-1.0,263,Consumer,Social,0
4432.0,2,424.18,212.09,382,0.117,2,4,2024-04-25,0.0,2.0,-2.0,435,Consumer,Direct,0
4433.0,2,1012.0999999999999,506.04999999999995,140,0.0805,2,3,2024-12-30,0.0,2.0,-2.0,186,Consumer,Paid Search,0
4434.0,1,484.75,484.75,296,0.05,1,1,2024-09-11,0.0,1.0,-1.0,296,Consumer,Email,0
4435.0,2,1345.38,672.69,275,0.0235,2,3,2024-07-11,0.0,2.0,-2.0,358,Consumer,Paid Search,1
4437.0,2,234.85999999999999,117.42999999999999,155,0.052000000000000005,2,4,2024-11-22,0.0,2.0,-2.0,224,Consumer,Paid Search,1
4438.0,3,297.11,99.03666666666668,192,0.13899999999999998,3,5,2024-05-12,0.0,3.0,-3.0,418,Consumer,Social,0
4442.0,7,1971.01,281.5728571428571,50,0.09371428571428572,7,12,2023-09-10,1.0,6.0,-5.0,663,Consumer,Paid Search,0
4443.0,7,2207.89,315.41285714285715,95,0.07371428571428572,7,10,2023-12-07,0.0,7.0,-7.0,575,Consumer,Paid Search,1
4444.0,1,22.62,22.62,79,0.007,1,2,2025-04-16,1.0,0.0,1.0,79,Consumer,Paid Search,0
4445.0,6,3302.06,550.3433333333334,44,0.10566666666666667,6,25,2024-02-29,1.0,5.0,-4.0,491,Small Business,Social,0
4446.0,4,613.77,153.4425,80,0.053000000000000005,4,6,2024-07-19,1.0,3.0,-2.0,350,Consumer,Social,1
4448.0,5,1587.8000000000002,317.56000000000006,45,0.05600000000000001,5,7,2024-07-18,3.0,2.0,1.0,351,Consumer,Email,0
4449.0,9,8994.45,999.3833333333334,80,0.10377777777777777,9,34,2023-11-16,1.0,8.0,-7.0,596,Small Business,Direct,0
4450.0,5,639.34,127.86800000000001,66,0.049,5,7,2023-07-14,1.0,4.0,-3.0,721,Consumer,Social,0
4451.0,1,154.61,154.61,37,0.028,1,1,2025-05-28,1.0,0.0,1.0,37,Consumer,Social,1
4452.0,1,189.2,189.2,133,0.104,1,2,2025-02-21,0.0,1.0,-1.0,133,Consumer,Organic,1
4454.0,4,897.21,224.3025,199,0.05975,4,5,2023-12-08,0.0,4.0,-4.0,574,Consumer,Paid Search,0
4455.0,8,7060.74,882.5925,35,0.088625,8,30,2024-03-20,1.0,7.0,-6.0,471,Small Business,Affiliate,0
4456.0,4,1476.69,369.1725,56,0.09675,4,12,2025-01-15,3.0,1.0,2.0,170,Small Business,Organic,0
4457.0,3,760.6899999999999,253.5633333333333,147,0.09066666666666667,3,5,2024-10-05,0.0,3.0,-3.0,272,Consumer,Social,0
4458.0,5,1028.37,205.67399999999998,85,0.0678,5,7,2025-02-05,1.0,4.0,-3.0,149,Consumer,Social,0
4460.0,1,1056.74,1056.74,76,0.102,1,2,2025-04-19,1.0,0.0,1.0,76,Consumer,Organic,0
4461.0,2,631.61,315.805,218,0.0685,2,3,2024-10-02,0.0,2.0,-2.0,275,Consumer,Social,1
4463.0,7,1027.95,146.85,83,0.054,7,9,2024-01-27,2.0,5.0,-3.0,524,Consumer,Social,0
4465.0,2,1002.99,501.495,58,0.036,2,7,2024-11-06,1.0,1.0,0.0,240,Small Business,Email,0
4466.0,1,111.26,111.26,7,0.112,1,2,2025-06-27,1.0,0.0,1.0,7,Consumer,Affiliate,1
4468.0,1,510.26,510.26,54,0.0,1,1,2025-05-11,1.0,0.0,1.0,54,Consumer,Social,1
4469.0,3,661.04,220.34666666666666,22,0.12966666666666668,3,5,2025-03-04,2.0,1.0,1.0,122,Consumer,Social,1
4470.0,2,566.46,283.23,28,0.0395,2,4,2025-01-18,1.0,1.0,0.0,167,Consumer,Organic,0
4472.0,7,8632.05,1233.1499999999999,8,0.10628571428571429,7,43,2024-11-24,1.0,6.0,-5.0,222,Enterprise,Direct,0
4473.0,8,4342.860000000001,542.8575000000001,192,0.06875,7,24,2024-03-04,0.0,8.0,-8.0,487,Small Business,Social,0
4475.0,1,344.91,344.91,136,0.013,1,1,2025-02-18,0.0,1.0,-1.0,136,Consumer,Paid Search,0
4476.0,3,472.85999999999996,157.61999999999998,69,0.08566666666666667,3,4,2025-03-27,1.0,2.0,-1.0,99,Consumer,Paid Search,0
4477.0,4,222.76999999999998,55.692499999999995,228,0.08825,4,6,2023-04-10,0.0,4.0,-4.0,816,Consumer,Paid Search,0
4478.0,3,1811.54,603.8466666666667,43,0.12833333333333333,3,9,2024-11-01,2.0,1.0,1.0,245,Small Business,Paid Search,0
4479.0,17,4866.65,286.2735294117647,60,0.09152941176470589,16,50,2023-04-17,1.0,16.0,-15.0,809,Small Business,Social,0
4480.0,12,9072.92,756.0766666666667,45,0.13966666666666666,11,92,2023-10-07,3.0,9.0,-6.0,636,Enterprise,Social,0
4481.0,1,153.34,153.34,254,0.058,1,1,2024-10-23,0.0,1.0,-1.0,254,Consumer,Organic,0
4482.0,4,876.7099999999999,219.17749999999998,84,0.09275,4,6,2023-11-29,1.0,3.0,-2.0,583,Consumer,Organic,1
4483.0,1,66.1,66.1,171,0.0,1,2,2025-01-14,0.0,1.0,-1.0,171,Consumer,Paid Search,0
4485.0,1,378.98,378.98,327,0.07,1,1,2024-08-11,0.0,1.0,-1.0,327,Consumer,Paid Search,0
4488.0,2,631.38,315.69,18,0.08,2,6,2025-03-22,1.0,1.0,0.0,104,Small Business,Paid Search,0
4491.0,4,1112.15,278.0375,25,0.06025,4,4,2024-07-06,1.0,3.0,-2.0,363,Consumer,Social,0
4493.0,5,1092.8,218.56,24,0.064,5,9,2024-05-07,1.0,4.0,-3.0,423,Consumer,Email,1
4495.0,2,153.3,76.65,22,0.0785,2,4,2025-01-28,1.0,1.0,0.0,157,Consumer,Social,0
4496.0,4,2647.09,661.7725,91,0.04875,4,6,2023-07-25,0.0,4.0,-4.0,710,Consumer,Affiliate,0
4497.0,10,9706.960000000001,970.6960000000001,105,0.1619,9,65,2024-05-31,0.0,10.0,-10.0,399,Enterprise,Paid Search,0
4499.0,5,640.0899999999999,128.01799999999997,109,0.0376,5,7,2024-07-08,0.0,5.0,-5.0,361,Consumer,Paid Search,0
4500.0,4,468.56,117.14,105,0.010750000000000001,4,5,2024-02-21,0.0,4.0,-4.0,499,Consumer,Paid Search,0
4501.0,6,1415.9299999999998,235.98833333333332,61,0.02716666666666667,6,8,2024-03-02,3.0,3.0,0.0,489,Consumer,Direct,0
4502.0,2,371.82000000000005,185.91000000000003,104,0.1205,2,8,2024-12-20,0.0,2.0,-2.0,196,Small Business,Email,1
4505.0,3,424.98,141.66,40,0.10066666666666667,3,14,2024-12-03,1.0,2.0,-1.0,213,Small Business,Paid Search,0
4506.0,4,532.3299999999999,133.08249999999998,1,0.02275,4,7,2024-03-14,1.0,3.0,-2.0,477,Consumer,Organic,1
4507.0,9,5548.5,616.5,13,0.10922222222222222,9,33,2023-11-17,2.0,7.0,-5.0,595,Small Business,Social,1
4508.0,3,1525.73,508.57666666666665,13,0.10966666666666668,3,10,2025-01-13,2.0,1.0,1.0,172,Small Business,Affiliate,0
4511.0,5,4407.47,881.494,81,0.06,4,18,2024-09-08,1.0,4.0,-3.0,299,Small Business,Direct,0
4512.0,1,77.86,77.86,23,0.138,1,2,2025-06-11,1.0,0.0,1.0,23,Consumer,Affiliate,0
4513.0,2,568.5999999999999,284.29999999999995,33,0.0025,2,4,2025-04-16,2.0,0.0,2.0,79,Consumer,Paid Search,0
4515.0,3,446.98,148.99333333333334,20,0.13099999999999998,3,4,2025-05-04,3.0,0.0,3.0,61,Consumer,Affiliate,0
4517.0,1,1162.52,1162.52,238,0.141,1,2,2024-11-08,0.0,1.0,-1.0,238,Consumer,Organic,0
4519.0,2,1385.86,692.93,266,0.10650000000000001,2,7,2024-09-14,0.0,2.0,-2.0,293,Small Business,Direct,0
4520.0,8,933.26,116.6575,225,0.0275,6,12,2023-05-31,0.0,8.0,-8.0,765,Consumer,Social,0
4521.0,3,1278.4,426.1333333333334,210,0.07233333333333333,2,6,2024-08-04,0.0,3.0,-3.0,334,Consumer,Paid Search,0
4522.0,2,458.17999999999995,229.08999999999997,154,0.045,2,4,2025-01-18,0.0,2.0,-2.0,167,Consumer,Social,1
4524.0,2,206.39,103.195,109,0.0545,2,3,2024-11-14,0.0,2.0,-2.0,232,Consumer,Social,1
4526.0,6,2280.58,380.09666666666664,153,0.147,6,17,2024-06-13,0.0,6.0,-6.0,386,Small Business,Organic,0
4529.0,1,103.33,103.33,79,0.129,1,1,2025-04-16,1.0,0.0,1.0,79,Consumer,Social,0
4530.0,4,776.74,194.185,146,0.06075,4,12,2024-10-26,0.0,4.0,-4.0,251,Small Business,Organic,0
4531.0,1,620.88,620.88,106,0.16,1,2,2025-03-20,0.0,1.0,-1.0,106,Consumer,Organic,0
4532.0,1,21.99,21.99,261,0.085,1,1,2024-10-16,0.0,1.0,-1.0,261,Consumer,Paid Search,0
4535.0,1,317.36,317.36,83,0.072,1,2,2025-04-12,1.0,0.0,1.0,83,Consumer,Email,0
4536.0,1,515.26,515.26,174,0.067,1,2,2025-01-11,0.0,1.0,-1.0,174,Consumer,Email,1
4539.0,5,4858.92,971.784,132,0.0688,5,15,2024-09-11,0.0,5.0,-5.0,296,Small Business,Direct,0
4541.0,3,259.59000000000003,86.53000000000002,76,0.03233333333333333,3,5,2024-03-25,1.0,2.0,-1.0,466,Consumer,Affiliate,0
4542.0,11,2012.06,182.91454545454545,82,0.05863636363636364,10,17,2023-04-28,1.0,10.0,-9.0,798,Consumer,Paid Search,1
4543.0,1,1156.76,1156.76,124,0.017,1,2,2025-03-02,0.0,1.0,-1.0,124,Consumer,Paid Search,0
4544.0,7,4460.29,637.1842857142857,81,0.13799999999999998,7,43,2023-12-30,1.0,6.0,-5.0,552,Enterprise,Social,0
4546.0,2,453.12,226.56,45,0.0695,2,6,2024-09-01,1.0,1.0,0.0,306,Small Business,Affiliate,0
4547.0,4,684.13,171.0325,10,0.02275,4,7,2024-06-13,2.0,2.0,0.0,386,Consumer,Organic,0
4548.0,1,440.78,440.78,64,0.094,1,2,2025-05-01,1.0,0.0,1.0,64,Consumer,Organic,0
4549.0,3,526.2,175.4,140,0.07866666666666668,3,10,2024-09-30,0.0,3.0,-3.0,277,Small Business,Organic,0
4550.0,3,1027.3899999999999,342.4633333333333,186,0.18100000000000002,3,14,2024-05-21,0.0,3.0,-3.0,409,Small Business,Organic,0
4551.0,9,4542.52,504.7244444444445,143,0.08566666666666667,8,28,2024-02-07,0.0,9.0,-9.0,513,Small Business,Email,0
4553.0,4,1282.47,320.6175,88,0.05075,4,7,2024-03-17,1.0,3.0,-2.0,474,Consumer,Affiliate,0
4555.0,6,2700.79,450.13166666666666,2,0.05883333333333333,6,10,2024-10-10,2.0,4.0,-2.0,267,Consumer,Social,0
4558.0,3,632.8199999999999,210.93999999999997,199,0.08166666666666667,3,5,2024-01-30,0.0,3.0,-3.0,521,Consumer,Social,1
4559.0,9,8738.94,970.9933333333333,5,0.0901111111111111,9,32,2023-12-13,2.0,7.0,-5.0,569,Small Business,Social,0
4561.0,3,242.15,80.71666666666667,27,0.011333333333333334,3,5,2024-11-26,1.0,2.0,-1.0,220,Consumer,Paid Search,0
4562.0,1,6.42,6.42,111,0.106,1,2,2025-03-15,0.0,1.0,-1.0,111,Consumer,Affiliate,0
4563.0,9,1845.78,205.08666666666667,52,0.034777777777777776,9,14,2023-07-29,2.0,7.0,-5.0,706,Consumer,Email,0
4564.0,1,130.88,130.88,222,0.082,1,2,2024-11-24,0.0,1.0,-1.0,222,Consumer,Social,0
4565.0,3,691.01,230.33666666666667,24,0.072,3,3,2024-11-21,1.0,2.0,-1.0,225,Consumer,Direct,1
4567.0,7,657.77,93.96714285714286,59,0.07414285714285715,7,10,2024-07-31,2.0,5.0,-3.0,338,Consumer,Affiliate,1
4570.0,2,1207.7,603.85,457,0.042499999999999996,2,3,2024-02-21,0.0,2.0,-2.0,499,Consumer,Social,0
4571.0,2,3084.14,1542.07,193,0.108,2,6,2024-07-03,0.0,2.0,-2.0,366,Small Business,Organic,0
4572.0,7,3337.7200000000003,476.81714285714287,9,0.09185714285714286,7,28,2024-07-17,1.0,6.0,-5.0,352,Small Business,Organic,0
4573.0,1,175.28,175.28,173,0.001,1,1,2025-01-12,0.0,1.0,-1.0,173,Consumer,Organic,1
4576.0,2,161.82000000000002,80.91000000000001,97,0.038,2,4,2024-05-31,0.0,2.0,-2.0,399,Consumer,Organic,1
4578.0,2,71.15,35.575,148,0.0475,2,2,2024-12-15,0.0,2.0,-2.0,201,Consumer,Email,0
4579.0,1,318.12,318.12,151,0.0,1,2,2025-02-03,0.0,1.0,-1.0,151,Consumer,Social,1
4581.0,5,855.9200000000001,171.18400000000003,72,0.0484,5,9,2024-05-25,1.0,4.0,-3.0,405,Consumer,Paid Search,0
4583.0,2,1117.08,558.54,149,0.011,2,4,2024-10-09,0.0,2.0,-2.0,268,Consumer,Direct,0
4584.0,3,590.51,196.83666666666667,83,0.035333333333333335,3,5,2024-11-06,2.0,1.0,1.0,240,Consumer,Social,0
4585.0,1,714.2,714.2,89,0.102,1,5,2025-04-06,1.0,0.0,1.0,89,Small Business,Social,1
4587.0,3,204.69,68.23,145,0.15,3,4,2025-01-09,0.0,3.0,-3.0,176,Consumer,Social,0
4588.0,3,1670.23,556.7433333333333,75,0.06366666666666666,3,5,2024-07-07,1.0,2.0,-1.0,362,Consumer,Paid Search,0
4591.0,3,521.6500000000001,173.88333333333335,173,0.08533333333333333,3,5,2023-11-27,0.0,3.0,-3.0,585,Consumer,Paid Search,0
4593.0,5,3714.71,742.942,56,0.1252,5,42,2024-11-27,2.0,3.0,-1.0,219,Enterprise,Email,0
4596.0,2,49.03,24.515,118,0.094,2,2,2025-01-07,0.0,2.0,-2.0,178,Consumer,Paid Search,0
4598.0,1,394.66,394.66,20,0.054,1,2,2025-06-14,1.0,0.0,1.0,20,Consumer,Organic,0
4600.0,3,466.69,155.56333333333333,36,0.035,3,12,2024-10-20,2.0,1.0,1.0,257,Small Business,Social,0
4601.0,1,117.26,117.26,91,0.014,1,2,2025-04-04,0.0,1.0,-1.0,91,Consumer,Social,0
4606.0,2,420.28999999999996,210.14499999999998,240,0.14,2,3,2024-05-09,0.0,2.0,-2.0,421,Consumer,Paid Search,0
4607.0,5,788.8,157.76,235,0.0636,5,10,2024-02-21,0.0,5.0,-5.0,499,Consumer,Paid Search,0
4610.0,8,2880.5899999999997,360.07374999999996,0,0.097875,8,24,2025-01-27,5.0,3.0,2.0,158,Small Business,Organic,0
4612.0,9,3981.62,442.40222222222224,45,0.0941111111111111,9,27,2023-12-03,1.0,8.0,-7.0,579,Small Business,Social,0
4614.0,4,1356.2,339.05,34,0.0165,4,8,2024-10-21,2.0,2.0,0.0,256,Consumer,Social,0
4615.0,10,2527.83,252.783,14,0.0474,10,15,2023-12-08,1.0,9.0,-8.0,574,Consumer,Social,0
4616.0,2,203.02,101.51,43,0.0305,2,2,2025-01-06,1.0,1.0,0.0,179,Consumer,Social,0
4617.0,1,133.0,133.0,277,0.011,1,1,2024-09-30,0.0,1.0,-1.0,277,Consumer,Paid Search,0
4619.0,2,200.8,100.4,155,0.15,2,3,2024-10-27,0.0,2.0,-2.0,250,Consumer,Email,0
4626.0,8,2312.73,289.09125,59,0.0865,8,26,2024-07-30,1.0,7.0,-6.0,339,Small Business,Paid Search,0
4627.0,1,70.6,70.6,162,0.097,1,2,2025-01-23,0.0,1.0,-1.0,162,Consumer,Email,1
4629.0,3,230.65,76.88333333333334,3,0.03366666666666667,3,4,2024-10-25,2.0,1.0,1.0,252,Consumer,Social,0
4630.0,1,94.62,94.62,49,0.064,1,2,2025-05-16,1.0,0.0,1.0,49,Consumer,Social,1
4631.0,7,3249.9300000000003,464.27571428571434,10,0.11785714285714285,7,28,2024-05-23,3.0,4.0,-1.0,407,Small Business,Paid Search,0
4632.0,3,2168.4100000000003,722.8033333333334,83,0.09800000000000002,3,12,2024-09-30,1.0,2.0,-1.0,277,Small Business,Organic,0
4634.0,5,748.24,149.648,145,0.063,5,7,2024-05-12,0.0,5.0,-5.0,418,Consumer,Social,0
4636.0,4,1149.1399999999999,287.28499999999997,45,0.08725,4,14,2024-12-31,2.0,2.0,0.0,185,Small Business,Email,0
4638.0,5,692.02,138.404,84,0.05620000000000001,5,6,2024-09-15,1.0,4.0,-3.0,292,Consumer,Social,0
4639.0,2,866.01,433.005,13,0.036,2,3,2025-01-17,1.0,1.0,0.0,168,Consumer,Social,1
4640.0,11,8810.619999999999,800.9654545454545,165,0.11136363636363637,11,38,2024-03-14,0.0,11.0,-11.0,477,Small Business,Social,0
4641.0,11,6856.83,623.3481818181818,6,0.1409090909090909,11,82,2024-08-23,3.0,8.0,-5.0,315,Enterprise,Social,0
4644.0,5,2394.8900000000003,478.97800000000007,2,0.05620000000000001,5,8,2024-08-30,3.0,2.0,1.0,308,Consumer,Paid Search,0
4646.0,6,1481.42,246.90333333333334,32,0.09249999999999999,6,9,2023-12-14,1.0,5.0,-4.0,568,Consumer,Paid Search,0
4649.0,6,5937.83,989.6383333333333,49,0.10483333333333333,6,48,2024-12-25,5.0,1.0,4.0,191,Enterprise,Organic,0
4651.0,1,129.86,129.86,107,0.115,1,2,2025-03-19,0.0,1.0,-1.0,107,Consumer,Social,0
4655.0,3,157.83,52.61000000000001,83,0.067,3,3,2024-10-16,1.0,2.0,-1.0,261,Consumer,Email,0
4657.0,5,2123.8,424.76000000000005,49,0.05600000000000001,5,8,2024-06-03,1.0,4.0,-3.0,396,Consumer,Affiliate,0
4659.0,5,1891.69,378.338,85,0.0816,5,7,2024-05-20,2.0,3.0,-1.0,410,Consumer,Organic,0
4660.0,5,566.91,113.38199999999999,37,0.041999999999999996,5,8,2024-05-03,1.0,4.0,-3.0,427,Consumer,Organic,0
4662.0,5,2605.1899999999996,521.0379999999999,14,0.0548,5,7,2024-07-10,2.0,3.0,-1.0,359,Consumer,Paid Search,0
4663.0,2,190.18,95.09,37,0.06,2,4,2024-07-08,1.0,1.0,0.0,361,Consumer,Social,0
4665.0,4,449.03999999999996,112.25999999999999,194,0.050499999999999996,3,4,2024-09-02,0.0,4.0,-4.0,305,Consumer,Social,0
4666.0,7,3840.91,548.7014285714286,28,0.11142857142857143,6,53,2024-02-25,2.0,5.0,-3.0,495,Enterprise,Paid Search,0
4667.0,1,117.12,117.12,109,0.148,1,4,2025-03-17,0.0,1.0,-1.0,109,Small Business,Social,0
4668.0,1,31.86,31.86,23,0.0,1,1,2025-06-11,1.0,0.0,1.0,23,Consumer,Paid Search,0
4669.0,3,4471.700000000001,1490.5666666666668,334,0.07966666666666666,3,13,2024-04-15,0.0,3.0,-3.0,445,Small Business,Social,1
4670.0,10,1196.98,119.69800000000001,9,0.047,10,12,2023-05-17,1.0,9.0,-8.0,779,Consumer,Organic,0
4671.0,6,5512.22,918.7033333333334,49,0.13799999999999998,6,26,2024-07-31,2.0,4.0,-2.0,338,Small Business,Social,0
4672.0,5,553.19,110.638,149,0.1248,5,7,2024-06-18,0.0,5.0,-5.0,381,Consumer,Social,0
4673.0,4,594.64,148.66,220,0.03475,4,6,2023-07-01,0.0,4.0,-4.0,734,Consumer,Paid Search,0
4674.0,1,106.96,106.96,59,0.0,1,1,2025-05-06,1.0,0.0,1.0,59,Consumer,Social,0
4675.0,6,5886.71,981.1183333333333,11,0.1748333333333333,6,42,2025-01-18,2.0,4.0,-2.0,167,Enterprise,Paid Search,0
4676.0,10,7642.87,764.287,44,0.1226,8,39,2023-09-08,1.0,9.0,-8.0,665,Small Business,Social,0
4677.0,3,1574.62,524.8733333333333,238,0.03266666666666667,3,4,2024-06-02,0.0,3.0,-3.0,397,Consumer,Organic,0
4679.0,3,289.87,96.62333333333333,37,0.08066666666666666,3,5,2025-01-20,2.0,1.0,1.0,165,Consumer,Affiliate,0
4680.0,1,272.32,272.32,115,0.144,1,2,2025-03-11,0.0,1.0,-1.0,115,Small Business,Organic,0
4681.0,4,632.2,158.05,100,0.011,4,6,2024-09-24,0.0,4.0,-4.0,283,Consumer,Paid Search,0
4682.0,4,710.49,177.6225,141,0.07675,4,7,2024-03-22,0.0,4.0,-4.0,469,Consumer,Social,0
4686.0,4,3245.21,811.3025,211,0.09975,4,14,2024-05-24,0.0,4.0,-4.0,406,Small Business,Organic,0
4687.0,8,8290.99,1036.37375,11,0.12225,8,54,2024-07-17,3.0,5.0,-2.0,352,Enterprise,Email,0
4688.0,4,396.01,99.0025,72,0.0225,4,5,2024-01-28,1.0,3.0,-2.0,523,Consumer,Organic,0
4689.0,6,1820.3400000000001,303.39000000000004,22,0.09116666666666666,6,22,2024-08-18,2.0,4.0,-2.0,320,Small Business,Affiliate,0
4690.0,5,1166.75,233.35,112,0.078,5,7,2024-07-31,0.0,5.0,-5.0,338,Consumer,Affiliate,0
4691.0,2,111.09,55.545,33,0.034,2,2,2025-05-08,2.0,0.0,2.0,57,Consumer,Paid Search,0
4692.0,1,437.29,437.29,404,0.143,1,1,2024-05-26,0.0,1.0,-1.0,404,Consumer,Paid Search,0
4694.0,18,19690.84,1093.9355555555555,8,0.14061111111111113,18,136,2023-12-03,2.0,16.0,-14.0,579,Enterprise,Social,0
4695.0,9,2034.37,226.0411111111111,262,0.061777777777777786,8,14,2023-08-23,0.0,9.0,-9.0,681,Consumer,Social,0
4698.0,3,715.97,238.65666666666667,67,0.10066666666666667,3,4,2024-10-26,2.0,1.0,1.0,251,Consumer,Paid Search,1
4699.0,2,829.0799999999999,414.53999999999996,46,0.017,2,4,2024-12-30,1.0,1.0,0.0,186,Consumer,Email,0
4700.0,2,254.64999999999998,127.32499999999999,279,0.0145,2,3,2024-06-17,0.0,2.0,-2.0,382,Consumer,Social,0
4701.0,7,3518.83,502.69,11,0.10285714285714286,7,25,2024-05-21,2.0,5.0,-3.0,409,Small Business,Paid Search,0
4702.0,2,794.02,397.01,20,0.062,2,3,2024-09-23,1.0,1.0,0.0,284,Consumer,Affiliate,0
4703.0,3,2405.2400000000002,801.7466666666668,66,0.076,3,5,2024-09-24,1.0,2.0,-1.0,283,Consumer,Social,1
4704.0,2,797.11,398.555,6,0.0685,2,2,2025-04-09,2.0,0.0,2.0,86,Consumer,Email,0
4705.0,2,792.8399999999999,396.41999999999996,104,0.0705,2,4,2024-07-04,0.0,2.0,-2.0,365,Consumer,Affiliate,0
4708.0,8,1711.5,213.9375,82,0.11674999999999999,8,21,2024-03-30,2.0,6.0,-4.0,461,Small Business,Paid Search,0
4709.0,5,1150.97,230.19400000000002,181,0.05620000000000001,5,7,2023-12-17,0.0,5.0,-5.0,565,Consumer,Paid Search,0
4710.0,4,1683.48,420.87,114,0.09675,4,12,2024-11-20,0.0,4.0,-4.0,226,Small Business,Direct,0
4714.0,1,154.8,154.8,70,0.092,1,2,2025-04-25,1.0,0.0,1.0,70,Consumer,Affiliate,0
4715.0,3,1715.14,571.7133333333334,3,0.114,3,5,2025-04-20,3.0,0.0,3.0,75,Consumer,Paid Search,0
4716.0,1,140.8,140.8,235,0.12,1,1,2024-11-11,0.0,1.0,-1.0,235,Consumer,Paid Search,0
4717.0,2,699.1,349.55,352,0.10149999999999999,2,4,2024-03-05,0.0,2.0,-2.0,486,Consumer,Affiliate,1
4719.0,4,1781.54,445.385,230,0.041,4,7,2024-03-23,0.0,4.0,-4.0,468,Consumer,Paid Search,0
4720.0,3,1364.24,454.74666666666667,159,0.06499999999999999,3,6,2024-06-29,0.0,3.0,-3.0,370,Consumer,Social,1
4721.0,1,152.78,152.78,40,0.054,1,1,2025-05-25,1.0,0.0,1.0,40,Consumer,Paid Search,0
4722.0,8,2794.02,349.2525,3,0.12825,8,27,2024-10-01,2.0,6.0,-4.0,276,Small Business,Organic,0
4723.0,5,1710.26,342.052,42,0.0854,5,16,2024-12-19,2.0,3.0,-1.0,197,Small Business,Organic,0
4724.0,5,1407.1100000000001,281.422,22,0.1032,5,19,2024-09-19,2.0,3.0,-1.0,288,Small Business,Paid Search,0
4728.0,1,64.62,64.62,161,0.05,1,2,2025-01-24,0.0,1.0,-1.0,161,Consumer,Organic,0
4729.0,6,375.33000000000004,62.55500000000001,15,0.067,5,9,2025-01-11,3.0,3.0,0.0,174,Consumer,Social,1
4730.0,1,163.4,163.4,72,0.045,1,4,2025-04-23,1.0,0.0,1.0,72,Small Business,Paid Search,0
4731.0,4,1843.08,460.77,13,0.058249999999999996,4,17,2024-11-04,1.0,3.0,-2.0,242,Small Business,Paid Search,0
4732.0,9,11445.08,1271.6755555555555,32,0.14566666666666667,9,58,2024-08-20,3.0,6.0,-3.0,318,Enterprise,Email,0
4733.0,3,189.07000000000002,63.02333333333334,14,0.06633333333333334,3,3,2025-04-07,3.0,0.0,3.0,88,Consumer,Organic,0
4734.0,7,2115.53,302.21857142857147,94,0.049428571428571426,7,12,2023-08-19,0.0,7.0,-7.0,685,Consumer,Paid Search,0
4735.0,8,3085.11,385.63875,127,0.04475,8,11,2023-10-18,0.0,8.0,-8.0,625,Consumer,Direct,0
4737.0,9,1383.6999999999998,153.7444444444444,18,0.07844444444444444,9,11,2023-07-21,1.0,8.0,-7.0,714,Consumer,Paid Search,0
4738.0,3,3723.95,1241.3166666666666,110,0.14366666666666666,2,10,2024-11-24,0.0,3.0,-3.0,222,Small Business,Paid Search,0
4739.0,2,305.5,152.75,18,0.14,2,4,2025-05-31,2.0,0.0,2.0,34,Small Business,Organic,1
4740.0,2,592.78,296.39,115,0.0655,2,3,2024-05-28,0.0,2.0,-2.0,402,Consumer,Paid Search,0
4742.0,11,5426.4,493.30909090909086,10,0.11963636363636364,11,41,2024-04-03,4.0,7.0,-3.0,457,Small Business,Organic,0
4745.0,3,274.11,91.37,1,0.026333333333333334,3,4,2024-05-08,2.0,1.0,1.0,422,Consumer,Paid Search,0
4746.0,2,452.42,226.21,73,0.055,2,3,2024-12-29,1.0,1.0,0.0,187,Consumer,Social,1
4747.0,10,11215.63,1121.5629999999999,55,0.1471,10,82,2024-06-26,1.0,9.0,-8.0,373,Enterprise,Paid Search,0
4748.0,6,2456.7,409.45,76,0.04566666666666667,6,7,2024-09-05,1.0,5.0,-4.0,302,Consumer,Affiliate,0
4749.0,1,1271.44,1271.44,278,0.08,1,2,2024-09-29,0.0,1.0,-1.0,278,Consumer,Email,0
4751.0,9,1313.71,145.96777777777777,123,0.05666666666666667,9,14,2024-04-02,0.0,9.0,-9.0,458,Consumer,Paid Search,0
4753.0,7,4906.9,700.9857142857143,199,0.08242857142857142,7,22,2024-03-19,0.0,7.0,-7.0,472,Small Business,Email,0
4755.0,1,35.53,35.53,328,0.022,1,1,2024-08-10,0.0,1.0,-1.0,328,Consumer,Social,0
4756.0,2,53.58,26.79,228,0.101,2,2,2024-08-25,0.0,2.0,-2.0,313,Consumer,Direct,0
4757.0,1,23.79,23.79,137,0.01,1,1,2025-02-17,0.0,1.0,-1.0,137,Consumer,Email,0
4758.0,5,661.06,132.212,121,0.0998,5,8,2024-11-14,0.0,5.0,-5.0,232,Consumer,Affiliate,0
4760.0,2,222.98,111.49,129,0.0715,2,2,2025-02-07,0.0,2.0,-2.0,147,Consumer,Organic,0
4761.0,7,5745.54,820.7914285714286,37,0.08771428571428572,7,24,2024-12-15,3.0,4.0,-1.0,201,Small Business,Social,0
4762.0,1,498.7,498.7,12,0.097,1,2,2025-06-22,1.0,0.0,1.0,12,Consumer,Social,0
4763.0,1,302.86,302.86,76,0.049,1,2,2025-04-19,1.0,0.0,1.0,76,Consumer,Paid Search,0
4764.0,10,2526.51,252.651,76,0.0316,10,16,2023-08-10,1.0,9.0,-8.0,694,Consumer,Affiliate,0
4765.0,4,1707.44,426.86,140,0.06675,4,8,2024-06-07,0.0,4.0,-4.0,392,Consumer,Social,1
4766.0,6,663.77,110.62833333333333,163,0.06816666666666667,6,10,2024-01-04,0.0,6.0,-6.0,547,Consumer,Organic,0
4767.0,2,467.14,233.57,307,0.078,2,3,2024-07-07,0.0,2.0,-2.0,362,Consumer,Affiliate,0
4768.0,10,10311.28,1031.1280000000002,69,0.1535,8,63,2024-02-01,1.0,9.0,-8.0,519,Enterprise,Email,0
4770.0,2,267.32,133.66,81,0.047,2,3,2024-11-30,1.0,1.0,0.0,216,Consumer,Organic,0
4771.0,1,577.2,577.2,94,0.066,1,5,2025-04-01,0.0,1.0,-1.0,94,Small Business,Social,0
4772.0,3,544.19,181.39666666666668,34,0.06566666666666666,3,3,2024-10-07,1.0,2.0,-1.0,270,Consumer,Paid Search,0
4773.0,2,283.12,141.56,326,0.0595,2,2,2024-07-13,0.0,2.0,-2.0,356,Consumer,Paid Search,0
4774.0,2,971.4000000000001,485.70000000000005,192,0.087,1,4,2024-11-13,0.0,2.0,-2.0,233,Consumer,Organic,0
4775.0,5,3565.49,713.098,141,0.1316,5,16,2024-11-10,0.0,5.0,-5.0,236,Small Business,Email,0
4776.0,16,9247.43,577.964375,9,0.1698125,15,102,2024-06-25,2.0,14.0,-12.0,374,Enterprise,Direct,0
4777.0,2,1350.19,675.095,132,0.0885,2,3,2025-01-12,0.0,2.0,-2.0,173,Consumer,Social,0
4780.0,6,2755.45,459.2416666666666,33,0.062,5,11,2024-04-19,1.0,5.0,-4.0,441,Consumer,Direct,0
4782.0,9,1596.55,177.39444444444445,15,0.03855555555555556,9,12,2023-12-26,1.0,8.0,-7.0,556,Consumer,Direct,0
4783.0,3,1350.07,450.0233333333333,40,0.05000000000000001,3,4,2024-11-22,2.0,1.0,1.0,224,Consumer,Social,0
4785.0,7,2590.37,370.05285714285714,15,0.07657142857142858,7,25,2024-04-03,1.0,6.0,-5.0,457,Small Business,Organic,0
4787.0,1,38.36,38.36,195,0.12,1,2,2024-12-21,0.0,1.0,-1.0,195,Consumer,Social,0
4788.0,4,594.1500000000001,148.53750000000002,201,0.09825,4,5,2023-10-04,0.0,4.0,-4.0,639,Consumer,Paid Search,0
4790.0,3,981.8,327.26666666666665,259,0.13433333333333333,3,13,2024-09-22,0.0,3.0,-3.0,285,Small Business,Social,1
4792.0,1,347.22,347.22,254,0.222,1,3,2024-10-23,0.0,1.0,-1.0,254,Small Business,Email,0
4794.0,3,1796.16,598.72,0,0.09666666666666666,3,9,2025-03-13,2.0,1.0,1.0,113,Small Business,Paid Search,0
4795.0,2,696.0999999999999,348.04999999999995,168,0.0835,2,2,2024-08-11,0.0,2.0,-2.0,327,Consumer,Email,0
4797.0,1,190.26,190.26,119,0.099,1,2,2025-03-07,0.0,1.0,-1.0,119,Consumer,Paid Search,0
4798.0,3,649.79,216.59666666666666,90,0.11633333333333333,3,8,2024-07-12,0.0,3.0,-3.0,357,Small Business,Social,1
4800.0,1,260.97,260.97,142,0.103,1,1,2025-02-12,0.0,1.0,-1.0,142,Consumer,Affiliate,0
4802.0,1,539.19,539.19,6,0.196,1,3,2025-06-28,1.0,0.0,1.0,6,Small Business,Paid Search,0
4805.0,3,1941.97,647.3233333333334,94,0.19366666666666665,3,9,2025-01-04,0.0,3.0,-3.0,181,Small Business,Paid Search,0
4806.0,3,304.11,101.37,151,0.106,3,4,2024-10-06,0.0,3.0,-3.0,271,Consumer,Organic,1
4807.0,5,615.37,123.074,321,0.048,5,8,2023-06-16,0.0,5.0,-5.0,749,Consumer,Email,0
4808.0,3,656.34,218.78,76,0.09500000000000001,3,7,2025-04-08,3.0,0.0,3.0,87,Small Business,Email,0
4810.0,2,142.11,71.055,248,0.044,2,3,2024-10-14,0.0,2.0,-2.0,263,Consumer,Social,0
4811.0,4,130.66,32.665,25,0.096,4,6,2024-02-06,1.0,3.0,-2.0,514,Consumer,Paid Search,0
4812.0,6,753.39,125.565,14,0.12433333333333334,6,9,2024-11-24,1.0,5.0,-4.0,222,Consumer,Paid Search,0
4813.0,1,368.88,368.88,203,0.038,1,3,2024-12-13,0.0,1.0,-1.0,203,Small Business,Paid Search,0
4815.0,4,3432.6,858.15,55,0.02375,4,8,2024-07-29,1.0,3.0,-2.0,340,Consumer,Social,0
4816.0,1,145.44,145.44,137,0.042,1,1,2025-02-17,0.0,1.0,-1.0,137,Consumer,Social,1
4819.0,6,2017.44,336.24,39,0.06616666666666667,6,10,2023-12-12,2.0,4.0,-2.0,570,Consumer,Paid Search,1
4821.0,1,16.32,16.32,141,0.0,1,2,2025-02-13,0.0,1.0,-1.0,141,Consumer,Affiliate,0
4823.0,8,2410.63,301.32875,8,0.11925,8,26,2024-01-23,2.0,6.0,-4.0,528,Small Business,Social,0
4824.0,3,544.72,181.57333333333335,66,0.061,3,6,2025-03-15,1.0,2.0,-1.0,111,Consumer,Paid Search,0
4825.0,3,313.63,104.54333333333334,9,0.06799999999999999,3,4,2025-02-27,2.0,1.0,1.0,127,Consumer,Direct,0
4826.0,6,4733.01,788.835,4,0.07483333333333334,6,19,2024-07-30,3.0,3.0,0.0,339,Small Business,Social,0
4827.0,1,1802.73,1802.73,154,0.127,1,3,2025-01-31,0.0,1.0,-1.0,154,Small Business,Paid Search,0
4828.0,3,482.87,160.95666666666668,139,0.11199999999999999,3,5,2024-11-28,0.0,3.0,-3.0,218,Consumer,Email,0
4830.0,9,2879.44,319.9377777777778,100,0.04622222222222222,9,12,2023-09-15,0.0,9.0,-9.0,658,Consumer,Paid Search,1
4831.0,1,13.71,13.71,1,0.168,1,1,2025-07-03,1.0,0.0,1.0,1,Consumer,Social,0
4832.0,11,1273.36,115.75999999999999,73,0.07790909090909091,9,18,2024-03-04,2.0,9.0,-7.0,487,Consumer,Social,0
4835.0,1,55.43,55.43,242,0.096,1,1,2024-11-04,0.0,1.0,-1.0,242,Consumer,Email,0
4836.0,6,2356.2200000000003,392.7033333333334,109,0.11983333333333333,6,18,2024-03-25,0.0,6.0,-6.0,466,Small Business,Email,0
4837.0,8,1831.04,228.88,54,0.0595,7,12,2024-03-11,2.0,6.0,-4.0,480,Consumer,Organic,0
4838.0,2,133.13,66.565,143,0.0675,2,2,2024-12-29,0.0,2.0,-2.0,187,Consumer,Organic,1
4840.0,1,243.74,243.74,0,0.014,1,2,2025-07-04,1.0,0.0,1.0,0,Consumer,Social,0
4841.0,7,830.53,118.64714285714285,276,0.029857142857142856,7,12,2023-10-24,0.0,7.0,-7.0,619,Consumer,Email,1
4842.0,5,647.1700000000001,129.43400000000003,441,0.073,5,7,2023-07-27,0.0,5.0,-5.0,708,Consumer,Paid Search,0
4843.0,8,3044.58,380.5725,76,0.1215,8,29,2024-04-06,1.0,7.0,-6.0,454,Small Business,Paid Search,0
4845.0,1,7.1,7.1,30,0.011,1,2,2025-06-04,1.0,0.0,1.0,30,Consumer,Email,0
4846.0,3,249.68,83.22666666666667,49,0.03833333333333334,3,4,2025-01-02,2.0,1.0,1.0,183,Consumer,Organic,1
4847.0,4,1170.8899999999999,292.72249999999997,207,0.14275000000000002,4,13,2024-08-21,0.0,4.0,-4.0,317,Small Business,Social,0
4849.0,5,1044.75,208.95,34,0.0696,5,7,2024-12-15,1.0,4.0,-3.0,201,Consumer,Affiliate,0
4852.0,2,46.72,23.36,15,0.067,2,2,2025-01-01,1.0,1.0,0.0,184,Consumer,Email,1
4854.0,5,558.59,111.718,34,0.0792,5,7,2024-05-28,1.0,4.0,-3.0,402,Consumer,Social,1
4856.0,9,2323.49,258.16555555555556,33,0.069,9,15,2024-02-24,3.0,6.0,-3.0,496,Consumer,Direct,1
4857.0,3,1488.8600000000001,496.2866666666667,48,0.07200000000000001,3,9,2024-10-18,1.0,2.0,-1.0,259,Small Business,Social,0
4858.0,3,232.23,77.41,148,0.055333333333333325,3,3,2024-09-01,0.0,3.0,-3.0,306,Consumer,Affiliate,0
4859.0,6,431.21999999999997,71.86999999999999,135,0.0415,5,7,2023-12-19,0.0,6.0,-6.0,563,Consumer,Email,1
4860.0,5,1664.48,332.896,104,0.06420000000000001,5,9,2023-03-12,0.0,5.0,-5.0,845,Consumer,Affiliate,0
4861.0,2,39.260000000000005,19.630000000000003,16,0.0,2,3,2025-03-10,1.0,1.0,0.0,116,Consumer,Paid Search,0
4862.0,3,991.6099999999999,330.53666666666663,39,0.07666666666666667,3,5,2024-12-09,2.0,1.0,1.0,207,Consumer,Social,1
4863.0,3,502.04999999999995,167.35,5,0.09433333333333332,3,5,2024-09-26,1.0,2.0,-1.0,281,Consumer,Paid Search,0
4864.0,9,9430.49,1047.8322222222223,45,0.14677777777777778,9,63,2024-05-28,2.0,7.0,-5.0,402,Enterprise,Paid Search,0
4867.0,3,1355.9699999999998,451.98999999999995,295,0.09699999999999999,3,4,2024-01-08,0.0,3.0,-3.0,543,Consumer,Social,0
4868.0,3,796.92,265.64,86,0.022000000000000002,3,3,2024-10-06,1.0,2.0,-1.0,271,Consumer,Organic,0
4871.0,5,4146.93,829.3860000000001,68,0.0794,5,18,2024-11-11,1.0,4.0,-3.0,235,Small Business,Social,0
4873.0,6,565.16,94.19333333333333,435,0.030166666666666665,5,9,2024-01-08,0.0,6.0,-6.0,543,Consumer,Paid Search,0
4874.0,3,1019.5699999999999,339.8566666666666,90,0.051333333333333335,3,4,2024-12-23,0.0,3.0,-3.0,193,Consumer,Email,0
4876.0,1,243.25,243.25,117,0.092,1,1,2025-03-09,0.0,1.0,-1.0,117,Consumer,Organic,0
4878.0,16,7704.05,481.503125,44,0.1158125,16,64,2023-08-22,3.0,13.0,-10.0,682,Small Business,Social,0
4879.0,4,691.43,172.8575,101,0.08424999999999999,4,10,2024-10-10,0.0,4.0,-4.0,267,Small Business,Organic,0
4880.0,5,1038.37,207.67399999999998,199,0.0456,5,8,2023-10-09,0.0,5.0,-5.0,634,Consumer,Affiliate,1
4881.0,3,2151.6,717.1999999999999,0,0.04133333333333333,3,4,2024-06-08,1.0,2.0,-1.0,391,Consumer,Paid Search,1
4882.0,10,4018.27,401.827,7,0.10329999999999999,10,29,2023-06-16,1.0,9.0,-8.0,749,Small Business,Social,0
4883.0,1,285.42,285.42,184,0.06,1,2,2025-01-01,0.0,1.0,-1.0,184,Consumer,Direct,0
4884.0,2,399.63,199.815,61,0.11349999999999999,2,3,2025-01-08,1.0,1.0,0.0,177,Consumer,Affiliate,0
4886.0,4,1154.94,288.735,44,0.055,4,15,2024-10-11,2.0,2.0,0.0,266,Small Business,Paid Search,0
4887.0,17,6153.24,361.95529411764704,4,0.10864705882352942,15,58,2023-02-23,1.0,16.0,-15.0,862,Small Business,Social,0
4889.0,10,5010.55,501.055,66,0.073,10,34,2023-10-17,1.0,9.0,-8.0,626,Small Business,Organic,0
4891.0,4,925.46,231.365,132,0.058,4,7,2023-06-27,0.0,4.0,-4.0,738,Consumer,Paid Search,0
4892.0,2,209.9,104.95,43,0.017,2,2,2024-11-12,1.0,1.0,0.0,234,Consumer,Email,0
4894.0,1,128.74,128.74,189,0.097,1,2,2024-12-27,0.0,1.0,-1.0,189,Consumer,Direct,0
4901.0,2,291.73,145.865,211,0.10300000000000001,2,2,2024-12-01,0.0,2.0,-2.0,215,Consumer,Social,0
4902.0,3,314.98,104.99333333333334,152,0.13133333333333333,3,10,2024-10-28,0.0,3.0,-3.0,249,Small Business,Paid Search,0
4904.0,6,2276.21,379.36833333333334,15,0.08583333333333333,6,24,2024-11-28,3.0,3.0,0.0,218,Small Business,Paid Search,0
4905.0,5,912.61,182.522,18,0.0436,5,8,2024-05-01,1.0,4.0,-3.0,429,Consumer,Social,1
4906.0,9,8129.54,903.2822222222222,8,0.08366666666666667,9,39,2024-04-28,1.0,8.0,-7.0,432,Small Business,Organic,0
4907.0,9,4944.91,549.4344444444445,3,0.08233333333333333,9,32,2024-01-25,2.0,7.0,-5.0,526,Small Business,Paid Search,0
4908.0,3,467.91999999999996,155.97333333333333,104,0.08900000000000001,3,6,2024-11-27,0.0,3.0,-3.0,219,Small Business,Social,0
4909.0,2,230.07999999999998,115.03999999999999,275,0.1115,2,4,2024-03-28,0.0,2.0,-2.0,463,Consumer,Affiliate,0
4910.0,3,911.8599999999999,303.9533333333333,170,0.031,3,4,2023-06-01,0.0,3.0,-3.0,764,Consumer,Organic,0
4911.0,6,465.26,77.54333333333334,7,0.045500000000000006,5,8,2023-10-11,1.0,5.0,-4.0,632,Consumer,Social,0
4913.0,5,941.9300000000001,188.38600000000002,45,0.0516,5,7,2023-09-13,1.0,4.0,-3.0,660,Consumer,Direct,0
4914.0,6,1758.01,293.00166666666667,191,0.047499999999999994,6,10,2023-10-27,0.0,6.0,-6.0,616,Consumer,Affiliate,1
4915.0,2,601.86,300.93,134,0.1325,2,8,2025-01-03,0.0,2.0,-2.0,182,Small Business,Social,0
4916.0,6,1015.19,169.19833333333335,80,0.050499999999999996,6,9,2024-07-02,1.0,5.0,-4.0,367,Consumer,Organic,0
4919.0,2,1387.9099999999999,693.9549999999999,280,0.1005,2,3,2024-08-20,0.0,2.0,-2.0,318,Consumer,Social,0
4921.0,4,680.33,170.0825,11,0.12675,4,14,2024-09-02,1.0,3.0,-2.0,305,Small Business,Social,0
4922.0,7,998.0,142.57142857142858,241,0.032285714285714286,7,10,2023-08-05,0.0,7.0,-7.0,699,Consumer,Affiliate,0
4923.0,4,2155.33,538.8325,18,0.05175,4,7,2024-08-03,1.0,3.0,-2.0,335,Consumer,Direct,0
4924.0,10,2086.9,208.69,13,0.0335,9,15,2024-07-21,2.0,8.0,-6.0,348,Consumer,Social,0
4925.0,6,621.06,103.50999999999999,348,0.0615,6,9,2023-11-02,0.0,6.0,-6.0,610,Consumer,Paid Search,1
4927.0,12,13033.57,1086.1308333333334,82,0.11841666666666667,12,92,2023-10-23,1.0,11.0,-10.0,620,Enterprise,Paid Search,0
4928.0,2,1407.8300000000002,703.9150000000001,419,0.0255,2,3,2023-11-02,0.0,2.0,-2.0,610,Consumer,Email,1
4929.0,1,374.4,374.4,140,0.141,1,1,2025-02-14,0.0,1.0,-1.0,140,Consumer,Paid Search,0
4930.0,2,1407.81,703.905,245,0.1375,2,6,2024-10-18,0.0,2.0,-2.0,259,Small Business,Paid Search,0
4931.0,5,659.16,131.832,33,0.064,5,6,2024-10-28,1.0,4.0,-3.0,249,Consumer,Paid Search,0
4932.0,11,3267.23,297.0209090909091,87,0.07227272727272727,11,14,2023-07-29,2.0,9.0,-7.0,706,Consumer,Paid Search,0
4933.0,6,1696.18,282.69666666666666,45,0.11783333333333333,5,24,2024-05-15,2.0,4.0,-2.0,415,Small Business,Affiliate,0
4934.0,8,1246.96,155.87,16,0.035625000000000004,8,13,2024-08-02,1.0,7.0,-6.0,336,Consumer,Paid Search,0
4937.0,2,294.54,147.27,143,0.1385,2,4,2024-12-21,0.0,2.0,-2.0,195,Consumer,Direct,0
4938.0,4,994.22,248.555,189,0.03075,4,8,2024-09-19,0.0,4.0,-4.0,288,Consumer,Social,0
4940.0,2,148.5,74.25,23,0.1095,2,2,2025-01-14,1.0,1.0,0.0,171,Consumer,Paid Search,0
4941.0,9,2007.19,223.0211111111111,36,0.06333333333333332,9,12,2024-03-01,1.0,8.0,-7.0,490,Consumer,Affiliate,1
4942.0,14,8409.41,600.6721428571428,4,0.12964285714285714,12,47,2023-11-22,1.0,13.0,-12.0,590,Small Business,Email,0
4943.0,4,4873.719999999999,1218.4299999999998,27,0.15975,4,31,2025-01-30,2.0,2.0,0.0,155,Enterprise,Affiliate,0
4944.0,1,31.06,31.06,47,0.0,1,1,2025-05-18,1.0,0.0,1.0,47,Consumer,Organic,0
4945.0,9,7103.16,789.24,167,0.10433333333333333,9,33,2023-12-15,0.0,9.0,-9.0,567,Small Business,Direct,0
4946.0,5,3396.6099999999997,679.3219999999999,89,0.0888,5,8,2024-10-27,1.0,4.0,-3.0,250,Consumer,Social,0
4947.0,3,1214.8,404.93333333333334,14,0.06433333333333334,3,4,2024-10-30,1.0,2.0,-1.0,247,Consumer,Email,0
4948.0,2,485.42,242.71,230,0.081,2,4,2024-06-11,0.0,2.0,-2.0,388,Consumer,Email,0
4949.0,3,900.2,300.06666666666666,6,0.015,3,4,2025-02-28,2.0,1.0,1.0,126,Consumer,Paid Search,0
4951.0,3,517.3,172.4333333333333,66,0.09400000000000001,2,4,2024-12-02,1.0,2.0,-1.0,214,Consumer,Email,0
4952.0,4,1604.93,401.2325,57,0.0895,4,16,2024-03-23,1.0,3.0,-2.0,468,Small Business,Affiliate,0
4953.0,2,171.42000000000002,85.71000000000001,439,0.028999999999999998,2,3,2024-01-02,0.0,2.0,-2.0,549,Consumer,Social,0
4956.0,5,371.15999999999997,74.232,140,0.0484,5,8,2023-09-15,0.0,5.0,-5.0,658,Consumer,Direct,0
4957.0,3,1410.19,470.06333333333333,48,0.15666666666666665,3,5,2024-06-16,1.0,2.0,-1.0,383,Consumer,Paid Search,1
4962.0,2,50.540000000000006,25.270000000000003,6,0.049,2,3,2024-12-12,1.0,1.0,0.0,204,Consumer,Affiliate,0
4963.0,2,40.1,20.05,171,0.015,2,2,2024-10-13,0.0,2.0,-2.0,264,Consumer,Affiliate,0
4964.0,4,1180.98,295.245,172,0.08875,4,6,2024-10-27,0.0,4.0,-4.0,250,Consumer,Social,0
4966.0,2,962.44,481.22,16,0.099,2,5,2025-05-21,2.0,0.0,2.0,44,Small Business,Organic,0
4967.0,5,1169.78,233.956,33,0.0762,5,8,2024-04-15,3.0,2.0,1.0,445,Consumer,Social,0
4969.0,1,329.92,329.92,210,0.0,1,2,2024-12-06,0.0,1.0,-1.0,210,Consumer,Paid Search,0
4970.0,2,1394.06,697.03,225,0.096,2,6,2024-03-17,0.0,2.0,-2.0,474,Small Business,Paid Search,0
4971.0,1,332.89,332.89,322,0.009,1,1,2024-08-16,0.0,1.0,-1.0,322,Consumer,Social,0
4974.0,3,299.82,99.94,7,0.04533333333333334,3,6,2025-02-01,2.0,1.0,1.0,153,Consumer,Direct,1
4979.0,2,147.72,73.86,75,0.0475,2,4,2025-03-10,1.0,1.0,0.0,116,Consumer,Social,0
4983.0,3,383.28000000000003,127.76,134,0.0,2,4,2024-10-03,0.0,3.0,-3.0,274,Consumer,Affiliate,0
4986.0,4,2239.86,559.965,143,0.03875,3,6,2024-08-08,0.0,4.0,-4.0,330,Consumer,Social,0
4988.0,6,1591.29,265.215,59,0.10866666666666668,6,25,2024-07-23,1.0,5.0,-4.0,346,Small Business,Email,0
4989.0,5,1033.59,206.718,103,0.05800000000000001,5,8,2024-04-10,0.0,5.0,-5.0,450,Consumer,Paid Search,1
4990.0,6,691.9,115.31666666666666,43,0.048999999999999995,6,9,2023-11-11,1.0,5.0,-4.0,601,Consumer,Paid Search,0
4992.0,6,12474.3,2079.0499999999997,55,0.08833333333333333,6,51,2024-12-17,2.0,4.0,-2.0,199,Enterprise,Paid Search,0
4993.0,2,499.83,249.915,38,0.021,2,3,2025-03-24,1.0,1.0,0.0,102,Consumer,Paid Search,0
4994.0,1,42.35,42.35,158,0.0,1,1,2025-01-27,0.0,1.0,-1.0,158,Consumer,Paid Search,0
4996.0,3,1221.1399999999999,407.0466666666666,50,0.10366666666666667,3,11,2024-11-30,2.0,1.0,1.0,216,Small Business,Organic,1
5000.0,1,94.98,94.98,40,0.162,1,2,2025-05-25,1.0,0.0,1.0,40,Consumer,Email,0
5002.0,7,2149.67,307.0957142857143,6,0.054,7,9,2024-06-13,1.0,6.0,-5.0,386,Consumer,Paid Search,1
5003.0,7,4509.110000000001,644.1585714285715,37,0.13999999999999999,7,28,2024-08-23,1.0,6.0,-5.0,315,Small Business,Social,0
5004.0,10,7353.51,735.351,74,0.0916,10,34,2023-12-26,1.0,9.0,-8.0,556,Small Business,Direct,1
5005.0,2,796.72,398.36,67,0.1085,2,6,2025-04-25,2.0,0.0,2.0,70,Small Business,Social,0
5006.0,3,354.12,118.04,5,0.013666666666666667,3,5,2025-01-17,2.0,1.0,1.0,168,Consumer,Direct,1
5008.0,2,309.43,154.715,32,0.093,2,3,2024-12-18,1.0,1.0,0.0,198,Consumer,Paid Search,0
5009.0,6,3434.85,572.475,41,0.024166666666666666,6,11,2023-06-14,1.0,5.0,-4.0,751,Consumer,Paid Search,0
5010.0,2,99.16,49.58,13,0.07150000000000001,2,3,2025-06-19,2.0,0.0,2.0,15,Consumer,Email,0
5012.0,6,1341.52,223.58666666666667,83,0.056,6,7,2024-05-23,1.0,5.0,-4.0,407,Consumer,Organic,0
5013.0,5,957.65,191.53,32,0.0606,5,6,2024-03-01,1.0,4.0,-3.0,490,Consumer,Direct,0
5014.0,6,4625.77,770.9616666666667,41,0.15833333333333333,6,21,2024-06-17,1.0,5.0,-4.0,382,Small Business,Social,0
5015.0,4,474.90000000000003,118.72500000000001,66,0.0275,4,6,2024-10-12,1.0,3.0,-2.0,265,Consumer,Paid Search,0
5016.0,6,688.98,114.83,0,0.052333333333333336,5,8,2024-05-10,3.0,3.0,0.0,420,Consumer,Organic,0
5017.0,2,95.28,47.64,183,0.10049999999999999,2,3,2024-11-12,0.0,2.0,-2.0,234,Consumer,Paid Search,1
5018.0,2,66.15,33.075,76,0.018,2,3,2025-01-02,1.0,1.0,0.0,183,Consumer,Organic,0
5019.0,2,180.5,90.25,37,0.056,2,3,2025-02-21,1.0,1.0,0.0,133,Consumer,Affiliate,1
5020.0,2,123.72,61.86,135,0.0565,2,3,2024-11-10,0.0,2.0,-2.0,236,Consumer,Social,0
5021.0,5,1375.87,275.174,60,0.08080000000000001,5,7,2023-11-25,2.0,3.0,-1.0,587,Consumer,Social,0
5023.0,7,7726.13,1103.7328571428573,58,0.116,7,49,2024-09-11,1.0,6.0,-5.0,296,Enterprise,Paid Search,0
5024.0,3,578.21,192.73666666666668,129,0.053,3,4,2024-11-19,0.0,3.0,-3.0,227,Consumer,Social,0
5025.0,9,1168.74,129.86,104,0.041444444444444443,9,12,2023-10-17,0.0,9.0,-9.0,626,Consumer,Social,0
5026.0,4,1852.1,463.025,1,0.10149999999999999,4,15,2025-02-07,2.0,2.0,0.0,147,Small Business,Paid Search,0
5028.0,7,1953.79,279.11285714285714,149,0.03214285714285714,7,13,2023-08-31,0.0,7.0,-7.0,673,Consumer,Organic,0
5029.0,6,1225.98,204.33,76,0.053,6,7,2024-04-08,1.0,5.0,-4.0,452,Consumer,Social,0
5030.0,5,605.36,121.072,287,0.0474,5,7,2024-01-23,0.0,5.0,-5.0,528,Consumer,Social,0
5031.0,2,850.98,425.49,17,0.0,2,3,2025-05-01,2.0,0.0,2.0,64,Consumer,Direct,0
5033.0,3,251.89999999999998,83.96666666666665,45,0.07866666666666666,3,5,2024-09-03,1.0,2.0,-1.0,304,Consumer,Paid Search,0
5034.0,1,10.62,10.62,213,0.056,1,1,2024-12-03,0.0,1.0,-1.0,213,Consumer,Affiliate,0
5037.0,2,383.98,191.99,176,0.081,2,3,2024-08-21,0.0,2.0,-2.0,317,Consumer,Organic,0
5038.0,12,6476.66,539.7216666666667,25,0.15058333333333332,11,82,2024-06-07,2.0,10.0,-8.0,392,Enterprise,Social,0
5039.0,7,680.1800000000001,97.16857142857144,16,0.05171428571428571,7,10,2024-08-19,2.0,5.0,-3.0,319,Consumer,Paid Search,1
5044.0,1,480.9,480.9,183,0.096,1,2,2025-01-02,0.0,1.0,-1.0,183,Consumer,Affiliate,0
5045.0,4,2851.15,712.7875,60,0.08025,4,17,2024-07-22,1.0,3.0,-2.0,347,Small Business,Organic,0
5046.0,5,1504.08,300.816,10,0.0716,5,8,2024-08-15,2.0,3.0,-1.0,323,Consumer,Paid Search,0
5048.0,2,599.02,299.51,104,0.0855,2,6,2025-01-09,0.0,2.0,-2.0,176,Small Business,Email,0
5049.0,3,660.36,220.12,0,0.05466666666666667,3,5,2025-04-03,2.0,1.0,1.0,92,Consumer,Paid Search,0
5050.0,11,1817.61,165.2372727272727,6,0.035,11,16,2024-03-04,4.0,7.0,-3.0,487,Consumer,Affiliate,0
5054.0,7,1932.04,276.0057142857143,102,0.059428571428571435,7,10,2024-03-27,0.0,7.0,-7.0,464,Consumer,Paid Search,0
5062.0,4,1261.04,315.26,36,0.1245,4,15,2024-08-23,1.0,3.0,-2.0,315,Small Business,Organic,0
5066.0,3,554.0,184.66666666666666,149,0.046000000000000006,3,3,2023-10-05,0.0,3.0,-3.0,638,Consumer,Direct,0
5067.0,5,1335.24,267.048,103,0.0496,5,8,2024-06-26,0.0,5.0,-5.0,373,Consumer,Email,0
5071.0,2,358.7,179.35,9,0.047,2,3,2025-03-27,1.0,1.0,0.0,99,Consumer,Direct,0
5074.0,4,2488.94,622.235,47,0.14275000000000002,4,31,2024-08-17,1.0,3.0,-2.0,321,Enterprise,Paid Search,0
5075.0,4,1192.6399999999999,298.15999999999997,17,0.08700000000000001,4,7,2024-02-09,1.0,3.0,-2.0,511,Consumer,Paid Search,0
5077.0,5,520.56,104.112,4,0.046,5,9,2024-01-21,1.0,4.0,-3.0,530,Consumer,Social,0
5078.0,1,203.38,203.38,160,0.025,1,1,2025-01-25,0.0,1.0,-1.0,160,Consumer,Social,0
5081.0,13,11629.67,894.59,29,0.14576923076923076,13,88,2024-05-13,3.0,10.0,-7.0,417,Enterprise,Affiliate,0
5083.0,3,522.99,174.33,54,0.03666666666666667,3,4,2025-01-01,1.0,2.0,-1.0,184,Consumer,Social,0
5085.0,2,258.66,129.33,102,0.02,2,3,2024-04-14,0.0,2.0,-2.0,446,Consumer,Organic,0
5088.0,9,8970.21,996.6899999999999,0,0.12444444444444445,9,57,2024-03-30,2.0,7.0,-5.0,461,Enterprise,Paid Search,1
5089.0,10,3964.56,396.456,2,0.1273,10,61,2024-05-18,2.0,8.0,-6.0,412,Enterprise,Direct,0
5091.0,3,638.1800000000001,212.7266666666667,208,0.023000000000000003,3,5,2024-04-07,0.0,3.0,-3.0,453,Consumer,Organic,1
5092.0,2,940.1700000000001,470.08500000000004,102,0.046,2,3,2024-02-24,0.0,2.0,-2.0,496,Consumer,Social,1
5093.0,5,1629.9199999999998,325.984,27,0.07039999999999999,5,8,2024-10-08,2.0,3.0,-1.0,269,Consumer,Social,0
5095.0,2,485.53999999999996,242.76999999999998,65,0.0205,2,3,2025-01-25,1.0,1.0,0.0,160,Consumer,Social,0
5096.0,2,201.78,100.89,79,0.048,2,3,2024-09-14,1.0,1.0,0.0,293,Consumer,Paid Search,0
5099.0,6,3200.6,533.4333333333333,59,0.07816666666666668,6,22,2024-09-24,1.0,5.0,-4.0,283,Small Business,Paid Search,0
5101.0,4,2293.1,573.275,182,0.06475,4,14,2024-09-13,0.0,4.0,-4.0,294,Small Business,Social,0
5102.0,5,1162.02,232.404,61,0.0484,5,8,2024-07-13,1.0,4.0,-3.0,356,Consumer,Organic,0
5104.0,6,2181.8500000000004,363.6416666666667,182,0.0845,6,10,2023-07-06,0.0,6.0,-6.0,729,Consumer,Social,0
5106.0,9,742.3199999999999,82.47999999999999,73,0.07833333333333332,9,13,2024-03-12,1.0,8.0,-7.0,479,Consumer,Affiliate,0
5107.0,4,928.95,232.2375,56,0.096,4,14,2024-07-24,2.0,2.0,0.0,345,Small Business,Paid Search,0
5108.0,3,831.01,277.00333333333333,330,0.0033333333333333335,3,5,2024-02-16,0.0,3.0,-3.0,504,Consumer,Direct,0
5109.0,1,249.3,249.3,74,0.068,1,5,2025-04-21,1.0,0.0,1.0,74,Small Business,Social,0
5112.0,9,2865.56,318.3955555555556,59,0.10511111111111111,9,24,2024-01-15,1.0,8.0,-7.0,536,Small Business,Social,0
5113.0,2,589.76,294.88,321,0.009,2,4,2024-04-01,0.0,2.0,-2.0,459,Consumer,Organic,0
5115.0,3,591.76,197.25333333333333,51,0.051333333333333335,3,4,2024-05-17,1.0,2.0,-1.0,413,Consumer,Affiliate,0
5117.0,3,260.23,86.74333333333334,109,0.049999999999999996,3,5,2024-11-24,0.0,3.0,-3.0,222,Consumer,Organic,0
5118.0,7,1670.47,238.63857142857142,67,0.08214285714285714,7,9,2024-02-28,3.0,4.0,-1.0,492,Consumer,Social,0
5120.0,1,95.52,95.52,226,0.006,1,2,2024-11-20,0.0,1.0,-1.0,226,Consumer,Paid Search,1
5121.0,12,1298.45,108.20416666666667,0,0.04616666666666666,12,18,2023-11-21,2.0,10.0,-8.0,591,Consumer,Paid Search,0
5123.0,8,10614.630000000001,1326.8287500000001,14,0.143125,7,57,2024-07-21,4.0,4.0,0.0,348,Enterprise,Paid Search,0
5124.0,8,9931.71,1241.46375,43,0.130125,8,59,2024-07-15,1.0,7.0,-6.0,354,Enterprise,Email,0
5125.0,2,809.6,404.8,112,0.0305,2,2,2025-01-24,0.0,2.0,-2.0,161,Consumer,Paid Search,0
5126.0,3,322.62,107.54,17,0.05933333333333333,3,3,2024-10-31,1.0,2.0,-1.0,246,Consumer,Paid Search,0
5128.0,10,3319.23,331.923,71,0.0608,10,14,2023-08-03,1.0,9.0,-8.0,701,Consumer,Social,0
5134.0,2,517.02,258.51,113,0.0855,2,6,2024-12-31,0.0,2.0,-2.0,185,Small Business,Paid Search,0
5135.0,3,679.88,226.62666666666667,104,0.10933333333333334,3,5,2024-10-01,0.0,3.0,-3.0,276,Consumer,Email,0
5136.0,3,496.6,165.53333333333333,11,0.034333333333333334,3,4,2025-05-16,3.0,0.0,3.0,49,Consumer,Paid Search,0
5138.0,5,857.62,171.524,37,0.038,5,9,2024-10-03,2.0,3.0,-1.0,274,Consumer,Organic,0
5140.0,3,1959.53,653.1766666666666,57,0.042333333333333334,3,5,2024-01-13,1.0,2.0,-1.0,538,Consumer,Paid Search,0
5142.0,4,657.79,164.4475,65,0.0955,4,6,2024-04-17,2.0,2.0,0.0,443,Consumer,Social,1
5144.0,3,940.1899999999999,313.39666666666665,64,0.043666666666666666,3,5,2024-07-09,1.0,2.0,-1.0,360,Consumer,Organic,0
5145.0,3,3480.88,1160.2933333333333,226,0.15233333333333332,3,10,2024-01-26,0.0,3.0,-3.0,525,Small Business,Social,0
5150.0,3,172.87,57.623333333333335,88,0.03333333333333333,3,3,2024-07-05,1.0,2.0,-1.0,364,Consumer,Social,1
5152.0,6,3816.1600000000003,636.0266666666668,130,0.11183333333333334,5,17,2024-10-23,0.0,6.0,-6.0,254,Small Business,Social,0
5153.0,3,2275.21,758.4033333333333,16,0.027333333333333334,3,5,2024-12-31,2.0,1.0,1.0,185,Consumer,Organic,0
5154.0,3,305.15,101.71666666666665,164,0.09300000000000001,3,4,2024-09-24,0.0,3.0,-3.0,283,Consumer,Organic,1
5155.0,14,5804.19,414.585,48,0.09957142857142857,14,47,2023-04-27,2.0,12.0,-10.0,799,Small Business,Organic,0
5156.0,3,788.0,262.6666666666667,131,0.127,3,10,2025-01-03,0.0,3.0,-3.0,182,Small Business,Paid Search,0
5158.0,8,1701.83,212.72875,10,0.089125,8,24,2024-07-12,5.0,3.0,2.0,357,Small Business,Email,0
5160.0,4,2472.02,618.005,1,0.12625,4,10,2024-11-09,2.0,2.0,0.0,237,Small Business,Social,0
5161.0,5,938.06,187.612,84,0.0308,5,9,2024-03-14,1.0,4.0,-3.0,477,Consumer,Social,0
5163.0,4,415.07,103.7675,18,0.036500000000000005,4,6,2024-05-09,1.0,3.0,-2.0,421,Consumer,Paid Search,0
5164.0,8,3414.94,426.8675,145,0.10075,8,23,2023-10-16,0.0,8.0,-8.0,627,Small Business,Affiliate,0
5166.0,2,185.88,92.94,150,0.0,2,4,2024-08-17,0.0,2.0,-2.0,321,Consumer,Direct,0
5167.0,6,735.5,122.58333333333333,123,0.0625,6,9,2024-02-16,0.0,6.0,-6.0,504,Consumer,Paid Search,0
5169.0,3,966.76,322.25333333333333,95,0.0,3,4,2023-08-15,0.0,3.0,-3.0,689,Consumer,Social,1
5172.0,3,379.92,126.64,483,0.06366666666666666,3,4,2023-12-22,0.0,3.0,-3.0,560,Consumer,Affiliate,0
5173.0,3,884.08,294.6933333333333,138,0.05366666666666666,3,6,2024-10-31,0.0,3.0,-3.0,246,Consumer,Email,0
5174.0,7,946.01,135.1442857142857,75,0.05685714285714286,7,10,2023-10-20,1.0,6.0,-5.0,623,Consumer,Organic,0
5175.0,4,663.64,165.91,6,0.01675,4,7,2025-03-04,3.0,1.0,2.0,122,Consumer,Paid Search,0
5176.0,6,1380.65,230.10833333333335,43,0.04933333333333333,6,9,2023-11-07,2.0,4.0,-2.0,605,Consumer,Paid Search,0
5178.0,1,669.77,669.77,167,0.106,1,1,2025-01-18,0.0,1.0,-1.0,167,Consumer,Direct,0
5180.0,5,1016.48,203.296,4,0.09119999999999999,5,7,2023-12-15,2.0,3.0,-1.0,567,Consumer,Paid Search,0
5181.0,4,387.51,96.8775,63,0.0525,4,5,2024-04-09,1.0,3.0,-2.0,451,Consumer,Paid Search,0
5182.0,2,1444.6599999999999,722.3299999999999,128,0.062,2,4,2024-09-21,0.0,2.0,-2.0,286,Consumer,Paid Search,0
5183.0,4,1029.19,257.2975,29,0.048,4,6,2024-12-02,2.0,2.0,0.0,214,Consumer,Paid Search,0
5185.0,15,13887.86,925.8573333333334,1,0.15119999999999997,14,104,2023-09-19,1.0,14.0,-13.0,654,Enterprise,Paid Search,0
5186.0,25,25261.73,1010.4692,27,0.17036,24,170,2023-03-07,2.0,23.0,-21.0,850,Enterprise,Affiliate,0
5187.0,3,1046.97,348.99,27,0.036,3,4,2024-07-02,1.0,2.0,-1.0,367,Consumer,Direct,0
5188.0,1,34.01,34.01,317,0.0,1,1,2024-08-21,0.0,1.0,-1.0,317,Consumer,Paid Search,0
5192.0,14,18286.79,1306.1992857142857,45,0.12164285714285715,13,90,2023-12-22,2.0,12.0,-10.0,560,Enterprise,Email,0
5193.0,4,1061.1299999999999,265.28249999999997,73,0.043,4,6,2024-09-14,1.0,3.0,-2.0,293,Consumer,Organic,0
5195.0,4,996.23,249.0575,28,0.07400000000000001,4,6,2025-02-12,3.0,1.0,2.0,142,Consumer,Affiliate,0
5197.0,2,582.14,291.07,91,0.027,2,2,2025-03-04,0.0,2.0,-2.0,122,Consumer,Paid Search,0
5198.0,4,942.09,235.5225,73,0.121,4,13,2024-10-24,1.0,3.0,-2.0,253,Small Business,Direct,1
5200.0,3,751.26,250.42,281,0.076,3,3,2024-04-25,0.0,3.0,-3.0,435,Consumer,Paid Search,0
5202.0,7,2141.68,305.9542857142857,38,0.08371428571428571,7,24,2024-06-19,1.0,6.0,-5.0,380,Small Business,Social,1
5203.0,11,1344.3200000000002,122.21090909090911,208,0.04890909090909091,10,14,2023-06-07,0.0,11.0,-11.0,758,Consumer,Social,0
5204.0,5,679.21,135.842,144,0.0486,5,8,2024-08-03,0.0,5.0,-5.0,335,Consumer,Organic,0
5205.0,7,1583.74,226.24857142857144,81,0.11314285714285714,7,23,2024-03-22,1.0,6.0,-5.0,469,Small Business,Social,0
5206.0,7,3700.44,528.6342857142857,35,0.16785714285714287,7,44,2024-10-19,2.0,5.0,-3.0,258,Enterprise,Organic,0
5207.0,9,1316.59,146.28777777777776,9,0.058555555555555555,9,10,2023-11-10,3.0,6.0,-3.0,602,Consumer,Paid Search,0
5208.0,3,2004.7800000000002,668.2600000000001,63,0.08,3,11,2025-01-25,1.0,2.0,-1.0,160,Small Business,Social,0
5210.0,6,1554.07,259.01166666666666,11,0.047999999999999994,6,8,2024-12-08,3.0,3.0,0.0,208,Consumer,Email,0
5211.0,4,456.52,114.13,115,0.025750000000000002,4,5,2024-05-18,0.0,4.0,-4.0,412,Consumer,Email,1
5212.0,3,1300.73,433.57666666666665,81,0.08433333333333333,3,5,2024-08-14,1.0,2.0,-1.0,324,Consumer,Social,0
5214.0,4,1196.67,299.1675,1,0.0625,3,6,2024-12-25,2.0,2.0,0.0,191,Consumer,Affiliate,1
5215.0,3,379.15000000000003,126.38333333333334,1,0.10066666666666667,3,5,2024-12-01,1.0,2.0,-1.0,215,Consumer,Affiliate,0
5216.0,1,14.98,14.98,146,0.053,1,1,2025-02-08,0.0,1.0,-1.0,146,Consumer,Organic,1
5217.0,3,782.22,260.74,158,0.077,3,5,2024-11-25,0.0,3.0,-3.0,221,Consumer,Social,1
5218.0,5,2120.42,424.084,27,0.06799999999999999,5,20,2024-06-26,2.0,3.0,-1.0,373,Small Business,Paid Search,1
5219.0,6,1518.74,253.12333333333333,28,0.061,6,22,2024-03-29,2.0,4.0,-2.0,462,Small Business,Paid Search,0
5221.0,2,197.23,98.615,113,0.0555,2,2,2024-05-30,0.0,2.0,-2.0,400,Consumer,Social,0
5222.0,6,965.03,160.83833333333334,1,0.03966666666666666,6,10,2024-03-25,2.0,4.0,-2.0,466,Consumer,Paid Search,0
5223.0,11,15697.63,1427.0572727272727,4,0.1378181818181818,11,78,2024-04-03,4.0,7.0,-3.0,457,Enterprise,Social,0
5224.0,2,448.02,224.01,58,0.01,2,4,2025-01-15,1.0,1.0,0.0,170,Consumer,Organic,0
5225.0,3,526.05,175.35,150,0.037,3,5,2024-09-06,0.0,3.0,-3.0,301,Consumer,Organic,0
5226.0,3,565.9300000000001,188.64333333333335,43,0.066,3,4,2024-10-30,1.0,2.0,-1.0,247,Consumer,Organic,0
5227.0,4,1843.1299999999999,460.78249999999997,88,0.101,4,16,2024-11-01,1.0,3.0,-2.0,245,Small Business,Paid Search,0
5229.0,4,1019.27,254.8175,56,0.14925,4,12,2024-06-13,1.0,3.0,-2.0,386,Small Business,Direct,0
5231.0,2,162.81,81.405,149,0.08199999999999999,2,2,2024-09-21,0.0,2.0,-2.0,286,Consumer,Affiliate,1
5232.0,5,746.03,149.206,74,0.036199999999999996,5,7,2024-02-27,1.0,4.0,-3.0,493,Consumer,Social,0
5235.0,8,6512.08,814.01,78,0.147625,8,56,2024-07-22,1.0,7.0,-6.0,347,Enterprise,Organic,0
5237.0,1,53.02,53.02,77,0.167,1,2,2025-04-18,1.0,0.0,1.0,77,Small Business,Social,0
5238.0,2,304.53,152.265,85,0.0505,2,2,2024-10-22,1.0,1.0,0.0,255,Consumer,Email,1
5241.0,1,793.92,793.92,325,0.211,1,4,2024-08-13,0.0,1.0,-1.0,325,Small Business,Paid Search,0
5242.0,1,196.35,196.35,21,0.054,1,1,2025-06-13,1.0,0.0,1.0,21,Consumer,Paid Search,0
5243.0,5,1008.1600000000001,201.632,26,0.064,5,8,2024-09-29,3.0,2.0,1.0,278,Consumer,Affiliate,0
5244.0,6,3861.14,643.5233333333333,29,0.055333333333333325,6,11,2023-04-02,2.0,4.0,-2.0,824,Consumer,Email,1
5246.0,1,301.8,301.8,1,0.073,1,2,2025-07-03,1.0,0.0,1.0,1,Consumer,Paid Search,0
5247.0,2,427.95,213.975,92,0.0,2,2,2025-01-09,0.0,2.0,-2.0,176,Consumer,Email,0
5248.0,1,531.98,531.98,55,0.0,1,2,2025-05-10,1.0,0.0,1.0,55,Consumer,Email,0
5249.0,5,1731.8700000000001,346.374,16,0.049,5,9,2024-11-16,2.0,3.0,-1.0,230,Consumer,Affiliate,0
5250.0,5,164.23,32.846,70,0.0636,5,7,2024-06-22,1.0,4.0,-3.0,377,Consumer,Organic,0
5252.0,5,2507.95,501.59,4,0.09659999999999999,5,19,2025-01-05,2.0,3.0,-1.0,180,Small Business,Organic,0
5254.0,4,1024.39,256.0975,155,0.0615,4,5,2024-09-14,0.0,4.0,-4.0,293,Consumer,Social,0
5255.0,4,740.78,185.195,201,0.01925,4,8,2024-06-26,0.0,4.0,-4.0,373,Consumer,Paid Search,0
5256.0,9,2752.49,305.8322222222222,33,0.07,9,35,2023-09-14,3.0,6.0,-3.0,659,Small Business,Affiliate,0
5257.0,5,1473.75,294.75,110,0.0796,5,15,2024-07-20,0.0,5.0,-5.0,349,Small Business,Paid Search,0
5258.0,11,2390.86,217.3509090909091,71,0.06445454545454546,10,16,2024-01-27,1.0,10.0,-9.0,524,Consumer,Social,0
5261.0,10,4798.5199999999995,479.852,2,0.1192,10,34,2024-05-29,4.0,6.0,-2.0,401,Small Business,Organic,0
5262.0,4,3117.1,779.275,3,0.12875,4,14,2024-09-30,2.0,2.0,0.0,277,Small Business,Social,0
5264.0,10,15704.599999999999,1570.4599999999998,44,0.12210000000000001,10,66,2024-01-19,3.0,7.0,-4.0,532,Enterprise,Social,0
5266.0,3,175.43,58.47666666666667,165,0.07233333333333333,3,4,2024-07-30,0.0,3.0,-3.0,339,Consumer,Email,0
5267.0,6,1717.6499999999999,286.275,22,0.08816666666666667,6,24,2023-11-15,1.0,5.0,-4.0,597,Small Business,Social,1
5268.0,6,1295.22,215.87,203,0.0395,6,9,2024-08-18,0.0,6.0,-6.0,320,Consumer,Paid Search,0
5270.0,3,143.85000000000002,47.95000000000001,11,0.035333333333333335,3,3,2024-12-22,2.0,1.0,1.0,194,Consumer,Paid Search,1
5272.0,7,2190.41,312.9157142857143,76,0.04757142857142856,7,10,2023-12-29,3.0,4.0,-1.0,553,Consumer,Social,0
5273.0,5,1303.79,260.758,2,0.0816,4,20,2024-03-13,1.0,4.0,-3.0,478,Small Business,Paid Search,0
5275.0,5,2998.6000000000004,599.72,232,0.0926,5,22,2024-03-08,0.0,5.0,-5.0,483,Small Business,Direct,0
5276.0,4,406.77,101.6925,194,0.05775,4,5,2023-07-05,0.0,4.0,-4.0,730,Consumer,Affiliate,0
5277.0,4,2837.82,709.455,101,0.13375,4,13,2024-11-01,0.0,4.0,-4.0,245,Small Business,Email,0
5279.0,6,1358.09,226.34833333333333,110,0.10783333333333334,6,23,2024-10-02,0.0,6.0,-6.0,275,Small Business,Paid Search,0
5280.0,5,1760.5600000000002,352.112,211,0.0652,5,9,2023-12-22,0.0,5.0,-5.0,560,Consumer,Affiliate,0
5286.0,3,405.15,135.04999999999998,63,0.07833333333333332,3,9,2024-10-09,1.0,2.0,-1.0,268,Small Business,Paid Search,0
5287.0,6,3224.05,537.3416666666667,10,0.06716666666666667,6,9,2024-09-21,2.0,4.0,-2.0,286,Consumer,Social,1
5291.0,3,973.9,324.6333333333333,34,0.02366666666666667,3,6,2025-03-06,2.0,1.0,1.0,120,Consumer,Paid Search,0
5292.0,2,334.47,167.235,63,0.081,2,3,2024-07-29,1.0,1.0,0.0,340,Consumer,Organic,0
5293.0,5,4904.04,980.808,24,0.1246,5,44,2024-10-05,1.0,4.0,-3.0,272,Enterprise,Paid Search,0
5294.0,3,990.77,330.25666666666666,18,0.14200000000000002,3,12,2025-03-22,2.0,1.0,1.0,104,Small Business,Social,0
5295.0,2,719.0,359.5,85,0.1485,2,8,2025-01-19,1.0,1.0,0.0,166,Small Business,Organic,0
5297.0,4,1365.47,341.3675,28,0.042749999999999996,4,6,2025-01-28,1.0,3.0,-2.0,157,Consumer,Paid Search,0
5298.0,6,1030.8899999999999,171.81499999999997,89,0.05833333333333333,5,9,2023-04-27,1.0,5.0,-4.0,799,Consumer,Social,0
5299.0,1,311.39,311.39,117,0.073,1,1,2025-03-09,0.0,1.0,-1.0,117,Consumer,Email,1
5300.0,2,221.2,110.6,110,0.08499999999999999,2,2,2025-01-22,0.0,2.0,-2.0,163,Consumer,Paid Search,0
5302.0,11,7005.25,636.8409090909091,43,0.12081818181818181,10,80,2024-09-16,4.0,7.0,-3.0,291,Enterprise,Social,0
5303.0,2,63.21,31.605,42,0.0895,2,2,2025-03-04,1.0,1.0,0.0,122,Consumer,Affiliate,0
5304.0,3,938.5400000000001,312.8466666666667,31,0.062,3,10,2024-09-23,1.0,2.0,-1.0,284,Small Business,Social,0
5305.0,1,425.64,425.64,180,0.154,1,2,2025-01-05,0.0,1.0,-1.0,180,Consumer,Direct,0
5306.0,3,396.28,132.09333333333333,353,0.029666666666666664,3,4,2024-06-09,0.0,3.0,-3.0,390,Consumer,Organic,0
5309.0,2,363.26,181.63,121,0.0255,2,3,2025-02-21,0.0,2.0,-2.0,133,Consumer,Organic,1
5310.0,1,641.45,641.45,55,0.155,1,5,2025-05-10,1.0,0.0,1.0,55,Small Business,Paid Search,1
5311.0,5,2535.56,507.11199999999997,183,0.06999999999999999,5,9,2023-08-10,0.0,5.0,-5.0,694,Consumer,Social,0
5312.0,2,535.28,267.64,106,0.0345,2,4,2025-02-12,0.0,2.0,-2.0,142,Consumer,Paid Search,1
5313.0,2,178.98000000000002,89.49000000000001,123,0.0,2,4,2024-09-22,0.0,2.0,-2.0,285,Consumer,Organic,0
5315.0,7,1541.91,220.27285714285716,134,0.061857142857142854,7,12,2023-10-08,0.0,7.0,-7.0,635,Consumer,Direct,0
5317.0,4,751.74,187.935,154,0.05425000000000001,4,4,2024-06-01,0.0,4.0,-4.0,398,Consumer,Affiliate,0
5319.0,4,1153.92,288.48,66,0.08399999999999999,4,15,2025-01-10,2.0,2.0,0.0,175,Small Business,Affiliate,1
5320.0,6,1086.76,181.12666666666667,97,0.04016666666666666,6,8,2024-06-15,0.0,6.0,-6.0,384,Consumer,Email,0
5321.0,1,565.44,565.44,66,0.066,1,4,2025-04-29,1.0,0.0,1.0,66,Small Business,Paid Search,0
5323.0,2,60.150000000000006,30.075000000000003,57,0.065,2,3,2025-04-07,2.0,0.0,2.0,88,Consumer,Organic,1
5324.0,9,3206.0699999999997,356.22999999999996,122,0.05611111111111111,9,13,2023-09-25,0.0,9.0,-9.0,648,Consumer,Email,0
5325.0,2,275.62,137.81,56,0.029500000000000002,2,4,2024-10-29,1.0,1.0,0.0,248,Consumer,Paid Search,0
5326.0,11,7189.95,653.6318181818182,32,0.1302727272727273,10,89,2024-05-28,3.0,8.0,-5.0,402,Enterprise,Paid Search,0
5327.0,3,1411.47,470.49,28,0.10366666666666667,2,14,2025-01-29,2.0,1.0,1.0,156,Small Business,Paid Search,0
5328.0,3,2100.81,700.27,63,0.037,2,9,2025-01-12,1.0,2.0,-1.0,173,Small Business,Social,0
5329.0,4,252.8,63.2,6,0.02475,4,6,2023-11-20,2.0,2.0,0.0,592,Consumer,Social,0
5330.0,2,409.94,204.97,7,0.0805,2,4,2025-02-15,1.0,1.0,0.0,139,Consumer,Affiliate,0
5333.0,6,6200.6,1033.4333333333334,52,0.11299999999999999,6,22,2024-05-27,1.0,5.0,-4.0,403,Small Business,Social,1
5334.0,3,2796.55,932.1833333333334,50,0.12566666666666668,3,9,2025-03-06,1.0,2.0,-1.0,120,Small Business,Paid Search,0
5335.0,6,1719.63,286.605,8,0.08600000000000001,6,21,2024-11-09,2.0,4.0,-2.0,237,Small Business,Social,0
5336.0,7,3589.4900000000002,512.7842857142857,48,0.08257142857142859,6,23,2024-07-05,2.0,5.0,-3.0,364,Small Business,Organic,1
5337.0,2,1515.1899999999998,757.5949999999999,52,0.0,2,3,2025-01-02,1.0,1.0,0.0,183,Consumer,Direct,0
5338.0,10,3942.8100000000004,394.28100000000006,11,0.09330000000000001,10,34,2023-12-20,1.0,9.0,-8.0,562,Small Business,Paid Search,1
5339.0,9,9807.21,1089.6899999999998,12,0.11333333333333334,9,53,2023-11-07,2.0,7.0,-5.0,605,Enterprise,Paid Search,0
5341.0,4,663.32,165.83,116,0.0535,4,7,2024-06-07,0.0,4.0,-4.0,392,Consumer,Paid Search,0
5343.0,7,1998.3799999999999,285.48285714285714,124,0.05185714285714286,7,11,2023-09-09,0.0,7.0,-7.0,664,Consumer,Organic,0
5344.0,4,524.0699999999999,131.01749999999998,67,0.042749999999999996,4,5,2024-11-20,2.0,2.0,0.0,226,Consumer,Affiliate,1
5345.0,1,408.6,408.6,145,0.049,1,4,2025-02-09,0.0,1.0,-1.0,145,Small Business,Paid Search,0
5348.0,3,1584.01,528.0033333333333,42,0.006000000000000001,3,4,2024-08-22,1.0,2.0,-1.0,316,Consumer,Paid Search,0
5350.0,3,204.6,68.2,140,0.03166666666666667,3,5,2024-08-04,0.0,3.0,-3.0,334,Consumer,Social,0
5352.0,5,707.52,141.504,266,0.09259999999999999,5,7,2023-11-13,0.0,5.0,-5.0,599,Consumer,Direct,0
5353.0,8,9300.57,1162.57125,1,0.1355,8,56,2024-10-25,2.0,6.0,-4.0,252,Enterprise,Paid Search,0
5354.0,2,293.64,146.82,195,0.1325,2,6,2024-08-24,0.0,2.0,-2.0,314,Small Business,Paid Search,0
5356.0,2,909.16,454.58,91,0.0565,2,4,2025-01-24,0.0,2.0,-2.0,161,Consumer,Organic,1
5357.0,3,572.87,190.95666666666668,20,0.014666666666666666,3,5,2024-12-22,1.0,2.0,-1.0,194,Consumer,Affiliate,0
5359.0,1,58.56,58.56,156,0.175,1,2,2025-01-29,0.0,1.0,-1.0,156,Consumer,Organic,0
5360.0,7,6359.63,908.5185714285715,48,0.08585714285714285,7,26,2024-03-20,1.0,6.0,-5.0,471,Small Business,Paid Search,0
5363.0,8,4893.83,611.72875,65,0.138875,8,33,2023-12-17,1.0,7.0,-6.0,565,Small Business,Social,1
5365.0,2,686.8,343.4,4,0.061,2,4,2024-10-01,1.0,1.0,0.0,276,Consumer,Direct,0
5366.0,12,4594.84,382.90333333333336,8,0.09683333333333333,12,47,2023-06-12,2.0,10.0,-8.0,753,Small Business,Email,1
5367.0,3,2121.93,707.31,42,0.09833333333333333,3,13,2025-02-15,2.0,1.0,1.0,139,Small Business,Organic,0
5368.0,8,4475.54,559.4425,36,0.08499999999999999,8,30,2024-04-09,2.0,6.0,-4.0,451,Small Business,Social,0
5369.0,2,62.24,31.12,97,0.026999999999999996,2,4,2024-06-03,0.0,2.0,-2.0,396,Consumer,Paid Search,0
5371.0,4,1163.75,290.9375,165,0.10975,4,7,2024-05-19,0.0,4.0,-4.0,411,Consumer,Organic,0
5375.0,3,438.86,146.28666666666666,49,0.08033333333333333,3,5,2024-12-29,2.0,1.0,1.0,187,Consumer,Paid Search,0
5377.0,2,171.28,85.64,178,0.097,2,3,2024-10-23,0.0,2.0,-2.0,254,Consumer,Organic,0
5378.0,2,36.56,18.28,54,0.0045,2,3,2024-12-16,1.0,1.0,0.0,200,Consumer,Direct,0
5379.0,2,1082.3799999999999,541.1899999999999,31,0.0335,1,7,2024-10-23,1.0,1.0,0.0,254,Small Business,Social,0
5381.0,3,303.47,101.15666666666668,179,0.06633333333333333,3,4,2024-03-24,0.0,3.0,-3.0,467,Consumer,Organic,1
5382.0,3,426.26,142.08666666666667,21,0.052,3,5,2024-12-02,1.0,2.0,-1.0,214,Consumer,Paid Search,0
5384.0,4,792.77,198.1925,25,0.0495,4,7,2024-11-08,2.0,2.0,0.0,238,Consumer,Paid Search,0
5386.0,3,745.21,248.40333333333334,34,0.021666666666666667,3,5,2024-11-24,2.0,1.0,1.0,222,Consumer,Paid Search,0
5387.0,4,1130.93,282.7325,38,0.05475,4,5,2024-07-20,1.0,3.0,-2.0,349,Consumer,Organic,0
5388.0,2,943.3599999999999,471.67999999999995,31,0.069,2,4,2025-03-04,1.0,1.0,0.0,122,Consumer,Social,0
5389.0,2,209.83,104.915,211,0.0,2,2,2024-10-27,0.0,2.0,-2.0,250,Consumer,Organic,0
5390.0,6,1315.5900000000001,219.26500000000001,455,0.061,6,10,2023-05-09,0.0,6.0,-6.0,787,Consumer,Paid Search,1
5391.0,6,1005.1899999999999,167.53166666666667,82,0.052333333333333336,6,11,2023-09-14,2.0,4.0,-2.0,659,Consumer,Direct,1
5392.0,6,920.45,153.40833333333333,136,0.03166666666666667,6,8,2024-03-08,0.0,6.0,-6.0,483,Consumer,Social,0
5395.0,4,690.02,172.505,2,0.04075,4,6,2024-12-20,2.0,2.0,0.0,196,Consumer,Social,0
5396.0,6,3096.84,516.14,174,0.04716666666666666,6,12,2023-12-10,0.0,6.0,-6.0,572,Consumer,Email,0
5397.0,1,80.66,80.66,168,0.107,1,2,2025-01-17,0.0,1.0,-1.0,168,Consumer,Organic,0
5400.0,7,2482.98,354.7114285714286,53,0.1387142857142857,6,53,2024-05-23,2.0,5.0,-3.0,407,Enterprise,Organic,0
5401.0,4,1039.6599999999999,259.91499999999996,101,0.02225,4,8,2024-02-10,0.0,4.0,-4.0,510,Consumer,Organic,1
5404.0,5,822.34,164.46800000000002,10,0.0474,5,8,2023-10-08,1.0,4.0,-3.0,635,Consumer,Social,0
5406.0,5,2922.5899999999997,584.5179999999999,39,0.07980000000000001,5,18,2024-09-19,2.0,3.0,-1.0,288,Small Business,Paid Search,0
5407.0,3,531.59,177.1966666666667,47,0.067,3,4,2023-08-30,1.0,2.0,-1.0,674,Consumer,Organic,0
5409.0,1,72.24,72.24,26,0.074,1,4,2025-06-08,1.0,0.0,1.0,26,Small Business,Paid Search,0
5410.0,3,763.21,254.40333333333334,242,0.09366666666666668,3,4,2024-09-01,0.0,3.0,-3.0,306,Consumer,Email,0
5413.0,4,1277.92,319.48,135,0.07725,4,5,2023-08-21,0.0,4.0,-4.0,683,Consumer,Affiliate,0
5414.0,1,20.83,20.83,156,0.044,1,1,2025-01-29,0.0,1.0,-1.0,156,Consumer,Organic,0
5416.0,3,908.04,302.68,30,0.07333333333333333,3,5,2025-01-14,2.0,1.0,1.0,171,Consumer,Social,1
5419.0,9,1077.58,119.7311111111111,40,0.057,9,17,2024-03-10,1.0,8.0,-7.0,481,Consumer,Paid Search,1
5420.0,6,2288.3,381.3833333333334,155,0.049499999999999995,6,11,2024-05-12,0.0,6.0,-6.0,418,Consumer,Paid Search,0
5423.0,4,831.5799999999999,207.89499999999998,99,0.08375,4,7,2024-01-17,0.0,4.0,-4.0,534,Consumer,Paid Search,1
5424.0,1,228.0,228.0,551,0.039,1,2,2023-12-31,0.0,1.0,-1.0,551,Consumer,Social,0
5426.0,8,1480.24,185.03,32,0.048625,8,12,2023-08-24,1.0,7.0,-6.0,680,Consumer,Direct,1
5427.0,4,1028.95,257.2375,161,0.03225,4,6,2023-12-06,0.0,4.0,-4.0,576,Consumer,Social,0
5432.0,4,1954.7600000000002,488.69000000000005,264,0.056999999999999995,4,6,2024-07-07,0.0,4.0,-4.0,362,Consumer,Paid Search,0
5434.0,7,3034.91,433.5585714285714,56,0.11857142857142856,7,29,2024-05-19,1.0,6.0,-5.0,411,Small Business,Paid Search,0
5435.0,2,267.49,133.745,109,0.0905,2,2,2024-10-28,0.0,2.0,-2.0,249,Consumer,Social,0
5439.0,1,23.35,23.35,177,0.171,1,1,2025-01-08,0.0,1.0,-1.0,177,Consumer,Social,1
5441.0,2,429.82000000000005,214.91000000000003,75,0.0895,2,4,2025-04-09,2.0,0.0,2.0,86,Consumer,Direct,1
5444.0,3,197.56,65.85333333333334,2,0.061,3,5,2024-08-09,2.0,1.0,1.0,329,Consumer,Paid Search,0
5450.0,6,1409.76,234.96,50,0.058499999999999996,6,9,2023-12-02,2.0,4.0,-2.0,580,Consumer,Organic,0
5451.0,6,1053.21,175.535,21,0.059,6,7,2024-02-23,1.0,5.0,-4.0,497,Consumer,Social,0
5455.0,4,1734.0900000000001,433.52250000000004,53,0.06425,4,6,2023-09-16,1.0,3.0,-2.0,657,Consumer,Direct,0
5456.0,6,711.21,118.53500000000001,23,0.05433333333333334,6,10,2024-08-04,3.0,3.0,0.0,334,Consumer,Paid Search,0
5459.0,6,4582.85,763.8083333333334,43,0.07583333333333332,6,23,2024-01-16,1.0,5.0,-4.0,535,Small Business,Organic,0
5460.0,1,2941.9,2941.9,149,0.0,1,5,2025-02-05,0.0,1.0,-1.0,149,Small Business,Affiliate,0
5461.0,5,1033.96,206.792,34,0.0648,5,13,2023-12-27,2.0,3.0,-1.0,555,Small Business,Organic,0
5462.0,1,1177.24,1177.24,148,0.077,1,2,2025-02-06,0.0,1.0,-1.0,148,Consumer,Paid Search,0
5463.0,5,330.90000000000003,66.18,146,0.09240000000000001,5,6,2024-04-06,0.0,5.0,-5.0,454,Consumer,Paid Search,0
5464.0,8,1661.15,207.64375,17,0.044625,7,12,2023-08-04,2.0,6.0,-4.0,700,Consumer,Email,0
5465.0,4,654.1,163.525,4,0.08375,4,5,2024-01-19,1.0,3.0,-2.0,532,Consumer,Organic,0
5469.0,3,252.73,84.24333333333333,122,0.04033333333333333,3,3,2025-01-15,0.0,3.0,-3.0,170,Consumer,Paid Search,1
5470.0,1,29.86,29.86,143,0.079,1,2,2025-02-11,0.0,1.0,-1.0,143,Consumer,Affiliate,1
5471.0,5,603.69,120.73800000000001,86,0.0522,5,8,2024-07-25,1.0,4.0,-3.0,344,Consumer,Social,1
5473.0,1,10.91,10.91,89,0.042,1,1,2025-04-06,1.0,0.0,1.0,89,Consumer,Social,0
5477.0,4,338.93,84.7325,174,0.075,4,7,2024-06-16,0.0,4.0,-4.0,383,Consumer,Social,0
5478.0,7,9831.84,1404.5485714285714,67,0.128,7,54,2024-10-30,2.0,5.0,-3.0,247,Enterprise,Paid Search,0
5479.0,7,875.37,125.05285714285715,126,0.09471428571428572,7,13,2024-03-14,0.0,7.0,-7.0,477,Consumer,Paid Search,0
5480.0,2,432.44,216.22,163,0.061,2,2,2024-07-27,0.0,2.0,-2.0,342,Consumer,Paid Search,0
5482.0,3,1352.54,450.84666666666664,7,0.13433333333333333,3,10,2025-01-18,2.0,1.0,1.0,167,Small Business,Organic,0
5484.0,3,671.6800000000001,223.89333333333335,140,0.09933333333333334,3,3,2024-01-08,0.0,3.0,-3.0,543,Consumer,Social,0
5487.0,9,3271.9,363.5444444444445,19,0.10455555555555557,8,25,2024-10-24,2.0,7.0,-5.0,253,Small Business,Paid Search,0
5489.0,5,2230.4300000000003,446.08600000000007,71,0.10400000000000001,5,15,2024-05-04,1.0,4.0,-3.0,426,Small Business,Organic,0
5494.0,1,99.56,99.56,143,0.057,1,1,2025-02-11,0.0,1.0,-1.0,143,Consumer,Paid Search,0
5497.0,4,1870.29,467.5725,138,0.075,4,7,2024-06-29,0.0,4.0,-4.0,370,Consumer,Organic,0
5498.0,5,772.72,154.544,7,0.0658,5,8,2024-01-24,1.0,4.0,-3.0,527,Consumer,Paid Search,0
5500.0,1,1225.78,1225.78,109,0.132,1,2,2025-03-17,0.0,1.0,-1.0,109,Consumer,Organic,0
5501.0,2,1295.6399999999999,647.8199999999999,124,0.086,2,8,2025-01-04,0.0,2.0,-2.0,181,Small Business,Organic,0
5504.0,3,633.26,211.08666666666667,60,0.059666666666666666,3,14,2024-11-03,1.0,2.0,-1.0,243,Small Business,Paid Search,0
5505.0,4,227.74,56.935,239,0.08425,4,6,2024-08-26,0.0,4.0,-4.0,312,Consumer,Organic,1
5506.0,1,376.65,376.65,21,0.088,1,1,2025-06-13,1.0,0.0,1.0,21,Consumer,Paid Search,0
5508.0,3,293.32,97.77333333333333,12,0.12366666666666666,3,4,2025-01-04,1.0,2.0,-1.0,181,Consumer,Social,0
5509.0,3,521.02,173.67333333333332,71,0.069,3,5,2025-02-05,2.0,1.0,1.0,149,Consumer,Social,0
5513.0,9,2574.9300000000003,286.10333333333335,43,0.044222222222222225,9,14,2023-10-15,1.0,8.0,-7.0,628,Consumer,Paid Search,0
5515.0,1,174.38,174.38,2,0.081,1,1,2025-07-02,1.0,0.0,1.0,2,Consumer,Paid Search,0
5516.0,11,8990.41,817.31,18,0.11136363636363637,9,37,2023-10-22,3.0,8.0,-5.0,621,Small Business,Email,0
5519.0,2,459.9,229.95,91,0.10300000000000001,2,3,2025-03-04,0.0,2.0,-2.0,122,Consumer,Social,1
5521.0,2,294.86,147.43,306,0.0315,2,3,2024-06-21,0.0,2.0,-2.0,378,Consumer,Email,0
5522.0,15,10828.91,721.9273333333333,4,0.16266666666666665,14,103,2024-03-01,4.0,11.0,-7.0,490,Enterprise,Paid Search,0
5523.0,2,97.91999999999999,48.959999999999994,74,0.0865,2,6,2024-08-11,1.0,1.0,0.0,327,Small Business,Organic,0
5524.0,3,752.02,250.67333333333332,145,0.059666666666666666,3,5,2024-10-05,0.0,3.0,-3.0,272,Consumer,Email,1
5528.0,8,1875.1499999999999,234.39374999999998,53,0.032125,8,9,2024-04-24,1.0,7.0,-6.0,436,Consumer,Paid Search,0
5529.0,4,576.23,144.0575,80,0.08325,4,5,2024-08-31,1.0,3.0,-2.0,307,Consumer,Affiliate,0
5530.0,1,29.56,29.56,145,0.066,1,2,2025-02-09,0.0,1.0,-1.0,145,Consumer,Organic,1
5532.0,6,2169.6,361.59999999999997,42,0.03416666666666667,6,9,2024-04-01,2.0,4.0,-2.0,459,Consumer,Social,0
5536.0,4,2121.63,530.4075,104,0.037250000000000005,4,7,2024-08-03,0.0,4.0,-4.0,335,Consumer,Social,1
5537.0,3,1374.22,458.0733333333333,106,0.08800000000000001,3,10,2024-07-16,0.0,3.0,-3.0,353,Small Business,Paid Search,0
5539.0,6,1871.76,311.96,46,0.082,6,21,2024-11-12,2.0,4.0,-2.0,234,Small Business,Organic,0
5540.0,3,108.86,36.28666666666667,502,0.03833333333333334,3,3,2023-10-31,0.0,3.0,-3.0,612,Consumer,Social,0
5543.0,9,7937.42,881.9355555555555,33,0.16933333333333334,9,69,2024-10-11,4.0,5.0,-1.0,266,Enterprise,Organic,0
5544.0,2,187.95999999999998,93.97999999999999,260,0.0765,2,3,2024-03-06,0.0,2.0,-2.0,485,Consumer,Paid Search,0
5545.0,3,482.15000000000003,160.71666666666667,211,0.085,3,4,2024-07-21,0.0,3.0,-3.0,348,Consumer,Email,0
5546.0,2,241.94,120.97,167,0.0495,2,3,2024-07-07,0.0,2.0,-2.0,362,Consumer,Social,0
5547.0,4,1701.1299999999999,425.28249999999997,18,0.0675,4,11,2024-11-11,2.0,2.0,0.0,235,Small Business,Social,0
5548.0,5,545.72,109.144,80,0.0744,5,6,2024-12-29,1.0,4.0,-3.0,187,Consumer,Affiliate,1
5549.0,4,734.4,183.6,94,0.0495,4,6,2024-10-08,0.0,4.0,-4.0,269,Consumer,Paid Search,1
5552.0,6,1849.3200000000002,308.22,26,0.028833333333333336,6,7,2024-03-28,2.0,4.0,-2.0,463,Consumer,Paid Search,1
5553.0,6,2006.08,334.34666666666664,124,0.03383333333333333,6,9,2023-11-20,0.0,6.0,-6.0,592,Consumer,Social,0
5557.0,10,6974.59,697.4590000000001,85,0.0853,9,36,2023-06-29,1.0,9.0,-8.0,736,Small Business,Social,0
5558.0,7,6613.56,944.7942857142858,16,0.15214285714285714,7,23,2024-08-21,1.0,6.0,-5.0,317,Small Business,Social,0
5559.0,6,885.6600000000001,147.61,5,0.06999999999999999,6,10,2023-07-13,3.0,3.0,0.0,722,Consumer,Paid Search,0
5562.0,4,1051.26,262.815,2,0.06775,4,7,2024-11-17,2.0,2.0,0.0,229,Consumer,Social,0
5563.0,2,171.38,85.69,158,0.0605,2,2,2024-11-26,0.0,2.0,-2.0,220,Consumer,Organic,0
5564.0,9,5015.9,557.3222222222222,55,0.10133333333333333,9,32,2024-05-08,1.0,8.0,-7.0,422,Small Business,Direct,0
5565.0,2,115.4,57.7,77,0.0995,2,2,2024-12-30,1.0,1.0,0.0,186,Consumer,Paid Search,1
5566.0,7,1930.76,275.8228571428571,181,0.03214285714285715,7,11,2023-08-28,0.0,7.0,-7.0,676,Consumer,Social,0
5573.0,3,985.1600000000001,328.3866666666667,183,0.08133333333333333,3,4,2023-12-25,0.0,3.0,-3.0,557,Consumer,Paid Search,0
5574.0,1,305.04,305.04,137,0.108,1,2,2025-02-17,0.0,1.0,-1.0,137,Consumer,Organic,0
5576.0,1,14.7,14.7,80,0.095,1,2,2025-04-15,1.0,0.0,1.0,80,Consumer,Email,0
5577.0,5,1315.41,263.082,90,0.067,5,7,2023-11-28,0.0,5.0,-5.0,584,Consumer,Direct,0
5578.0,5,1344.9299999999998,268.986,144,0.0776,5,6,2024-01-11,0.0,5.0,-5.0,540,Consumer,Paid Search,0
5579.0,7,2198.16,314.0228571428571,13,0.064,7,10,2024-02-24,1.0,6.0,-5.0,496,Consumer,Social,0
5580.0,2,263.22,131.61,47,0.028,2,3,2024-11-24,1.0,1.0,0.0,222,Consumer,Affiliate,0
5581.0,1,273.92,273.92,32,0.008,1,1,2025-06-02,1.0,0.0,1.0,32,Consumer,Affiliate,0
5582.0,1,206.44,206.44,317,0.039,1,2,2024-08-21,0.0,1.0,-1.0,317,Consumer,Email,0
5584.0,5,2981.29,596.258,4,0.1028,5,19,2024-07-31,2.0,3.0,-1.0,338,Small Business,Direct,0
5585.0,5,621.65,124.33,94,0.093,5,9,2024-06-13,0.0,5.0,-5.0,386,Consumer,Social,0
5586.0,3,1024.26,341.42,195,0.010666666666666666,3,6,2024-04-03,0.0,3.0,-3.0,457,Consumer,Paid Search,0
5589.0,5,805.3000000000001,161.06,77,0.062,5,9,2024-10-30,1.0,4.0,-3.0,247,Consumer,Email,0
5590.0,6,1499.81,249.96833333333333,40,0.043166666666666666,6,9,2023-08-27,1.0,5.0,-4.0,677,Consumer,Social,0
5591.0,6,1686.28,281.0466666666667,65,0.09883333333333333,6,18,2024-05-18,1.0,5.0,-4.0,412,Small Business,Organic,0
5592.0,4,1459.6,364.9,117,0.0505,4,7,2024-04-04,0.0,4.0,-4.0,456,Consumer,Social,1
5594.0,2,278.98,139.49,479,0.0675,2,3,2023-10-04,0.0,2.0,-2.0,639,Consumer,Paid Search,0
5596.0,2,816.75,408.375,157,0.13899999999999998,2,10,2025-01-05,0.0,2.0,-2.0,180,Small Business,Paid Search,0
5597.0,1,61.2,61.2,208,0.127,1,1,2024-12-08,0.0,1.0,-1.0,208,Consumer,Social,0
5599.0,8,1519.78,189.9725,67,0.08875,8,32,2023-07-08,1.0,7.0,-6.0,727,Small Business,Organic,0
5601.0,5,1357.86,271.572,290,0.05600000000000001,5,8,2023-12-30,0.0,5.0,-5.0,552,Consumer,Direct,0
5603.0,5,1834.06,366.812,96,0.0918,5,15,2024-12-31,0.0,5.0,-5.0,185,Small Business,Paid Search,0
5604.0,8,2927.6000000000004,365.95000000000005,4,0.08549999999999999,7,14,2023-10-29,2.0,6.0,-4.0,614,Consumer,Paid Search,1
5606.0,4,821.23,205.3075,233,0.106,4,14,2024-02-23,0.0,4.0,-4.0,497,Small Business,Paid Search,0
5607.0,6,1723.56,287.26,155,0.07816666666666666,6,10,2023-12-26,0.0,6.0,-6.0,556,Consumer,Paid Search,0
5609.0,1,28.78,28.78,201,0.077,1,2,2024-12-15,0.0,1.0,-1.0,201,Consumer,Direct,0
5611.0,1,131.62,131.62,185,0.103,1,2,2024-12-31,0.0,1.0,-1.0,185,Consumer,Email,0
5612.0,3,1158.52,386.17333333333335,69,0.10966666666666668,3,6,2025-02-15,1.0,2.0,-1.0,139,Small Business,Affiliate,0
5613.0,2,1482.92,741.46,93,0.106,2,7,2024-05-29,0.0,2.0,-2.0,401,Small Business,Social,0
5614.0,5,1322.8600000000001,264.572,40,0.043,5,10,2023-12-16,2.0,3.0,-1.0,566,Consumer,Affiliate,0
5616.0,15,8894.22,592.948,47,0.13646666666666668,14,110,2023-12-09,1.0,14.0,-13.0,573,Enterprise,Direct,0
5617.0,1,675.84,675.84,21,0.033,1,2,2025-06-13,1.0,0.0,1.0,21,Consumer,Email,0
5618.0,4,833.1600000000001,208.29000000000002,63,0.059,4,6,2024-10-09,1.0,3.0,-2.0,268,Consumer,Social,1
5619.0,1,1096.9,1096.9,333,0.14,1,2,2024-08-05,0.0,1.0,-1.0,333,Consumer,Paid Search,0
5624.0,6,2280.3199999999997,380.0533333333333,3,0.0375,6,10,2025-01-06,3.0,3.0,0.0,179,Consumer,Social,0
5625.0,3,1420.0100000000002,473.33666666666676,64,0.139,3,10,2025-01-09,2.0,1.0,1.0,176,Small Business,Paid Search,0
5626.0,4,195.95,48.9875,35,0.0325,4,5,2024-03-24,1.0,3.0,-2.0,467,Consumer,Email,0
5628.0,4,1421.76,355.44,33,0.092,3,16,2024-10-12,1.0,3.0,-2.0,265,Small Business,Social,0
5629.0,2,642.44,321.22,181,0.023,2,2,2024-12-01,0.0,2.0,-2.0,215,Consumer,Social,0
5630.0,4,421.84000000000003,105.46000000000001,146,0.07525,4,6,2024-05-03,0.0,4.0,-4.0,427,Consumer,Organic,0
5634.0,23,26970.85,1172.645652173913,13,0.1324782608695652,21,167,2023-07-29,3.0,20.0,-17.0,706,Enterprise,Social,0
5636.0,7,1110.66,158.6657142857143,15,0.06914285714285714,7,10,2024-07-30,2.0,5.0,-3.0,339,Consumer,Social,0
5637.0,7,6532.02,933.1457142857143,52,0.11285714285714286,7,27,2024-05-29,1.0,6.0,-5.0,401,Small Business,Organic,0
5638.0,3,216.84,72.28,98,0.08933333333333333,3,4,2024-05-03,0.0,3.0,-3.0,427,Consumer,Organic,1
5639.0,8,5653.32,706.665,144,0.083875,8,27,2024-04-30,0.0,8.0,-8.0,430,Small Business,Social,0
5640.0,1,316.1,316.1,170,0.18,1,5,2025-01-15,0.0,1.0,-1.0,170,Small Business,Social,0
5641.0,3,575.3100000000001,191.77,22,0.030333333333333334,3,4,2024-04-10,2.0,1.0,1.0,450,Consumer,Organic,0
5642.0,2,58.959999999999994,29.479999999999997,117,0.062,2,3,2024-12-08,0.0,2.0,-2.0,208,Consumer,Social,0
5646.0,1,72.3,72.3,6,0.0,1,5,2025-06-28,1.0,0.0,1.0,6,Small Business,Affiliate,0
5647.0,7,3633.39,519.0557142857143,12,0.09214285714285715,7,30,2024-02-24,2.0,5.0,-3.0,496,Small Business,Paid Search,0
5649.0,17,27464.07,1615.5335294117647,0,0.14988235294117647,15,128,2023-09-23,3.0,14.0,-11.0,650,Enterprise,Organic,0
5651.0,5,1018.86,203.772,101,0.0222,5,9,2023-12-26,0.0,5.0,-5.0,556,Consumer,Paid Search,0
5653.0,3,147.67000000000002,49.223333333333336,13,0.07466666666666667,3,4,2025-03-17,2.0,1.0,1.0,109,Consumer,Paid Search,1
5655.0,5,927.35,185.47,21,0.0448,5,5,2024-08-05,2.0,3.0,-1.0,333,Consumer,Paid Search,0
5656.0,2,175.95999999999998,87.97999999999999,122,0.057999999999999996,2,2,2024-10-29,0.0,2.0,-2.0,248,Consumer,Paid Search,0
5657.0,9,9563.2,1062.5777777777778,15,0.17533333333333334,9,59,2024-09-15,2.0,7.0,-5.0,292,Enterprise,Social,0
5658.0,9,2719.15,302.1277777777778,19,0.09522222222222222,9,31,2023-08-05,2.0,7.0,-5.0,699,Small Business,Direct,1
5659.0,2,160.39,80.195,23,0.011,2,2,2025-01-12,1.0,1.0,0.0,173,Consumer,Organic,0
5660.0,6,8546.630000000001,1424.4383333333335,58,0.1275,6,38,2025-01-11,3.0,3.0,0.0,174,Enterprise,Social,0
5661.0,3,2700.6,900.1999999999999,26,0.10666666666666667,3,11,2024-11-11,2.0,1.0,1.0,235,Small Business,Social,0
5662.0,14,6165.94,440.4242857142857,73,0.10921428571428572,12,51,2023-09-25,1.0,13.0,-12.0,648,Small Business,Organic,0
5664.0,7,2511.13,358.73285714285714,0,0.06671428571428571,7,13,2024-07-08,2.0,5.0,-3.0,361,Consumer,Paid Search,0
5665.0,3,1855.5,618.5,34,0.07833333333333332,3,6,2023-10-01,1.0,2.0,-1.0,642,Consumer,Paid Search,0
5666.0,2,95.18,47.59,202,0.0,2,4,2024-06-27,0.0,2.0,-2.0,372,Consumer,Social,0
5667.0,2,72.39,36.195,40,0.0555,2,2,2024-10-19,1.0,1.0,0.0,258,Consumer,Organic,0
5668.0,6,1496.81,249.46833333333333,42,0.03516666666666667,6,9,2024-09-24,1.0,5.0,-4.0,283,Consumer,Email,0
5670.0,2,190.85999999999999,95.42999999999999,16,0.11699999999999999,2,4,2025-05-29,2.0,0.0,2.0,36,Consumer,Organic,0
5672.0,7,2354.07,336.2957142857143,11,0.06442857142857142,7,10,2024-05-24,1.0,6.0,-5.0,406,Consumer,Organic,0
5673.0,2,170.99,85.495,15,0.11699999999999999,2,2,2025-05-01,2.0,0.0,2.0,64,Consumer,Organic,0
5675.0,4,2153.82,538.455,142,0.14625,4,14,2024-08-10,0.0,4.0,-4.0,328,Small Business,Direct,0
5676.0,10,8241.24,824.124,62,0.10069999999999998,10,40,2024-04-27,1.0,9.0,-8.0,433,Small Business,Social,0
5677.0,5,3881.0200000000004,776.2040000000001,45,0.1016,5,19,2024-11-25,2.0,3.0,-1.0,221,Small Business,Organic,0
5680.0,4,426.06,106.515,2,0.12125,4,6,2024-03-29,1.0,3.0,-2.0,462,Consumer,Paid Search,1
5682.0,3,426.5,142.16666666666666,81,0.049999999999999996,3,5,2024-10-12,1.0,2.0,-1.0,265,Consumer,Paid Search,0
5683.0,7,1164.83,166.4042857142857,141,0.041285714285714294,7,9,2024-05-11,0.0,7.0,-7.0,419,Consumer,Paid Search,0
5685.0,2,89.29,44.645,193,0.012,2,3,2024-12-13,0.0,2.0,-2.0,203,Consumer,Paid Search,0
5686.0,1,259.23,259.23,146,0.109,1,1,2025-02-08,0.0,1.0,-1.0,146,Consumer,Organic,0
5688.0,3,63.99,21.330000000000002,202,0.08266666666666667,3,4,2024-08-25,0.0,3.0,-3.0,313,Consumer,Direct,0
5690.0,5,1148.68,229.73600000000002,17,0.0736,5,8,2024-07-26,1.0,4.0,-3.0,343,Consumer,Social,1
5691.0,6,728.3299999999999,121.38833333333332,51,0.09466666666666668,6,8,2023-10-03,1.0,5.0,-4.0,640,Consumer,Email,1
5692.0,1,1243.58,1243.58,342,0.025,1,2,2024-07-27,0.0,1.0,-1.0,342,Consumer,Paid Search,0
5695.0,5,424.82,84.964,22,0.06699999999999999,5,9,2024-05-01,2.0,3.0,-1.0,429,Consumer,Organic,0
5699.0,4,546.31,136.5775,13,0.075,4,6,2025-04-09,4.0,0.0,4.0,86,Consumer,Direct,0
5700.0,5,947.47,189.494,7,0.07139999999999999,5,9,2024-08-11,1.0,4.0,-3.0,327,Consumer,Paid Search,0
5701.0,3,858.19,286.06333333333333,36,0.09999999999999999,3,4,2024-12-08,1.0,2.0,-1.0,208,Consumer,Social,1
5705.0,2,132.3,66.15,129,0.096,1,9,2025-01-26,0.0,2.0,-2.0,159,Small Business,Email,0
5706.0,8,2356.27,294.53375,4,0.0595,7,9,2024-07-03,1.0,7.0,-6.0,366,Consumer,Social,0
5707.0,2,355.16,177.58,84,0.076,2,4,2024-11-24,1.0,1.0,0.0,222,Consumer,Paid Search,0
5708.0,6,1129.27,188.21166666666667,19,0.08716666666666667,6,10,2024-04-02,1.0,5.0,-4.0,458,Consumer,Paid Search,0
5709.0,4,1073.8600000000001,268.46500000000003,12,0.051000000000000004,4,8,2023-11-01,1.0,3.0,-2.0,611,Consumer,Social,1
5710.0,2,785.26,392.63,62,0.1275,2,6,2024-12-15,1.0,1.0,0.0,201,Small Business,Social,0
5717.0,7,3502.58,500.36857142857144,24,0.08542857142857144,7,12,2023-11-11,2.0,5.0,-3.0,601,Consumer,Direct,0
5718.0,1,251.44,251.44,171,0.083,1,2,2025-01-14,0.0,1.0,-1.0,171,Consumer,Paid Search,0
5719.0,9,2433.0099999999998,270.33444444444444,20,0.043222222222222224,9,14,2023-11-20,1.0,8.0,-7.0,592,Consumer,Organic,0
5720.0,4,463.56,115.89,15,0.01975,4,8,2023-12-04,2.0,2.0,0.0,578,Consumer,Direct,0
5721.0,1,234.5,234.5,459,0.036,1,1,2024-04-01,0.0,1.0,-1.0,459,Consumer,Email,0
5727.0,4,748.29,187.0725,175,0.042749999999999996,4,5,2024-05-21,0.0,4.0,-4.0,409,Consumer,Social,0
5731.0,6,903.71,150.61833333333334,161,0.06666666666666667,5,7,2024-05-01,0.0,6.0,-6.0,429,Consumer,Social,0
5732.0,6,1112.03,185.33833333333334,59,0.07783333333333334,6,10,2024-07-02,1.0,5.0,-4.0,367,Consumer,Organic,1
5734.0,3,1110.07,370.0233333333333,459,0.034999999999999996,3,5,2024-02-26,0.0,3.0,-3.0,494,Consumer,Social,0
5735.0,3,667.62,222.54,195,0.026333333333333334,3,5,2024-10-01,0.0,3.0,-3.0,276,Consumer,Social,0
5736.0,3,427.81000000000006,142.60333333333335,60,0.07466666666666667,3,5,2024-11-16,1.0,2.0,-1.0,230,Consumer,Social,0
5737.0,3,368.39,122.79666666666667,51,0.05333333333333332,3,4,2023-12-12,1.0,2.0,-1.0,570,Consumer,Email,1
5738.0,19,31545.58,1660.2936842105264,22,0.14305263157894738,19,133,2023-08-08,4.0,15.0,-11.0,696,Enterprise,Social,0
5742.0,10,6209.71,620.971,13,0.10900000000000001,10,37,2024-08-25,1.0,9.0,-8.0,313,Small Business,Email,0
5743.0,3,763.95,254.65,206,0.073,3,4,2024-06-02,0.0,3.0,-3.0,397,Consumer,Affiliate,0
5745.0,1,739.14,739.14,134,0.0,1,2,2025-02-20,0.0,1.0,-1.0,134,Consumer,Social,0
5746.0,8,604.4300000000001,75.55375000000001,37,0.084375,7,12,2023-12-03,2.0,6.0,-4.0,579,Consumer,Social,0
5749.0,1,596.52,596.52,152,0.042,1,3,2025-02-02,0.0,1.0,-1.0,152,Small Business,Direct,1
5750.0,5,3130.7,626.14,38,0.13620000000000002,5,30,2024-11-15,3.0,2.0,1.0,231,Enterprise,Paid Search,0
5751.0,3,235.41,78.47,165,0.024666666666666667,3,3,2024-10-06,0.0,3.0,-3.0,271,Consumer,Direct,0
5752.0,11,6447.85,586.1681818181819,34,0.13154545454545455,11,39,2023-12-20,1.0,10.0,-9.0,562,Small Business,Paid Search,0
5753.0,2,196.02,98.01,63,0.049,2,2,2024-05-18,1.0,1.0,0.0,412,Consumer,Social,0
5754.0,2,692.31,346.155,23,0.028,2,3,2024-11-28,1.0,1.0,0.0,218,Consumer,Paid Search,0
5755.0,1,692.67,692.67,211,0.019,1,1,2024-12-05,0.0,1.0,-1.0,211,Consumer,Paid Search,0
5756.0,1,230.78,230.78,143,0.089,1,2,2025-02-11,0.0,1.0,-1.0,143,Consumer,Direct,0
5758.0,4,395.44,98.86,134,0.08324999999999999,4,5,2024-09-28,0.0,4.0,-4.0,279,Consumer,Paid Search,1
5759.0,2,135.57999999999998,67.78999999999999,372,0.047499999999999994,2,2,2024-02-26,0.0,2.0,-2.0,494,Consumer,Direct,1
5760.0,5,1236.45,247.29000000000002,92,0.039400000000000004,5,6,2024-02-26,0.0,5.0,-5.0,494,Consumer,Paid Search,1
5761.0,2,192.12,96.06,35,0.0765,2,3,2024-11-26,1.0,1.0,0.0,220,Consumer,Paid Search,0
5762.0,1,6.72,6.72,35,0.064,1,2,2025-05-30,1.0,0.0,1.0,35,Consumer,Paid Search,1
5765.0,1,569.16,569.16,136,0.136,1,2,2025-02-18,0.0,1.0,-1.0,136,Consumer,Paid Search,1
5766.0,5,7120.36,1424.072,41,0.13999999999999999,5,34,2024-08-13,1.0,4.0,-3.0,325,Enterprise,Email,0
5767.0,5,6630.0599999999995,1326.012,40,0.1584,5,46,2024-03-08,1.0,4.0,-3.0,483,Enterprise,Paid Search,0
5768.0,3,433.59000000000003,144.53,231,0.026333333333333334,3,4,2024-08-04,0.0,3.0,-3.0,334,Consumer,Paid Search,0
5769.0,6,1808.0600000000002,301.34333333333336,55,0.067,6,9,2024-10-24,3.0,3.0,0.0,253,Consumer,Organic,0
5771.0,2,440.47,220.235,32,0.026,2,2,2025-05-03,2.0,0.0,2.0,62,Consumer,Organic,0
5772.0,5,2565.9799999999996,513.1959999999999,12,0.10859999999999999,5,7,2024-06-09,2.0,3.0,-1.0,390,Consumer,Paid Search,0
5773.0,8,9590.9,1198.8625,36,0.101875,8,56,2024-10-17,3.0,5.0,-2.0,260,Enterprise,Paid Search,0
5774.0,4,672.15,168.0375,22,0.0165,4,6,2024-10-02,1.0,3.0,-2.0,275,Consumer,Email,0
5776.0,5,578.6300000000001,115.72600000000003,99,0.015,5,6,2024-08-14,0.0,5.0,-5.0,324,Consumer,Social,0
5777.0,7,3529.6099999999997,504.22999999999996,37,0.09214285714285715,7,22,2023-06-11,1.0,6.0,-5.0,754,Small Business,Paid Search,0
5778.0,8,6680.0,835.0,70,0.10575,8,29,2024-03-11,1.0,7.0,-6.0,480,Small Business,Email,0
5780.0,2,294.7,147.35,93,0.0425,2,4,2025-02-22,0.0,2.0,-2.0,132,Consumer,Organic,0
5782.0,3,935.48,311.82666666666665,34,0.04933333333333334,3,5,2024-10-25,1.0,2.0,-1.0,252,Consumer,Paid Search,0
5783.0,7,1314.4,187.77142857142857,3,0.024285714285714282,7,11,2023-11-10,2.0,5.0,-3.0,602,Consumer,Social,0
5785.0,5,4750.91,950.182,12,0.1082,5,20,2024-06-08,2.0,3.0,-1.0,391,Small Business,Organic,0
5786.0,4,1811.48,452.87,53,0.04525,4,8,2023-07-16,1.0,3.0,-2.0,719,Consumer,Affiliate,0
5787.0,4,610.78,152.695,83,0.01825,4,6,2024-11-26,1.0,3.0,-2.0,220,Consumer,Organic,0
5788.0,7,814.6700000000001,116.38142857142859,77,0.04842857142857143,7,10,2024-01-06,1.0,6.0,-5.0,545,Consumer,Paid Search,0
5789.0,5,806.27,161.254,174,0.0634,5,7,2024-01-25,0.0,5.0,-5.0,526,Consumer,Social,0
5791.0,2,136.4,68.2,101,0.078,2,2,2024-11-04,0.0,2.0,-2.0,242,Consumer,Social,0
5792.0,2,427.03999999999996,213.51999999999998,233,0.059,2,3,2024-10-08,0.0,2.0,-2.0,269,Consumer,Email,1
5793.0,3,423.34,141.11333333333332,3,0.02033333333333333,3,4,2024-06-29,1.0,2.0,-1.0,370,Consumer,Paid Search,0
5795.0,3,297.36,99.12,163,0.05466666666666666,3,4,2023-11-23,0.0,3.0,-3.0,589,Consumer,Paid Search,0
5796.0,3,443.76,147.92,18,0.039,3,4,2024-11-30,2.0,1.0,1.0,216,Consumer,Affiliate,0
5798.0,1,2536.4,2536.4,28,0.097,1,4,2025-06-06,1.0,0.0,1.0,28,Enterprise,Social,0
5800.0,4,717.35,179.3375,112,0.10875,4,5,2024-07-28,0.0,4.0,-4.0,341,Consumer,Affiliate,0
5801.0,5,2320.92,464.184,213,0.064,5,6,2023-12-25,0.0,5.0,-5.0,557,Consumer,Affiliate,0
5802.0,2,1412.6100000000001,706.3050000000001,192,0.0325,2,3,2024-12-04,0.0,2.0,-2.0,212,Consumer,Social,0
5804.0,11,4900.610000000001,445.51000000000005,99,0.10545454545454547,11,33,2023-12-21,0.0,11.0,-11.0,561,Small Business,Affiliate,0
5805.0,4,600.14,150.035,5,0.038,4,8,2025-01-28,1.0,3.0,-2.0,157,Consumer,Social,0
5806.0,6,1752.6000000000001,292.1,3,0.09866666666666668,6,11,2024-03-02,2.0,4.0,-2.0,489,Consumer,Social,0
5809.0,2,209.54000000000002,104.77000000000001,69,0.031,2,2,2025-02-18,1.0,1.0,0.0,136,Consumer,Email,1
5812.0,7,710.76,101.53714285714285,159,0.032285714285714286,7,10,2024-04-23,0.0,7.0,-7.0,437,Consumer,Social,1
5813.0,4,223.97,55.9925,87,0.03175,4,5,2024-07-17,1.0,3.0,-2.0,352,Consumer,Organic,0
5814.0,2,189.93,94.965,15,0.08700000000000001,2,9,2025-04-28,2.0,0.0,2.0,67,Small Business,Paid Search,0
5815.0,10,1482.55,148.255,15,0.0468,10,15,2023-09-29,2.0,8.0,-6.0,644,Consumer,Social,0
5816.0,4,1006.19,251.5475,19,0.1385,4,13,2024-10-23,2.0,2.0,0.0,254,Small Business,Paid Search,0
5817.0,3,547.0,182.33333333333334,150,0.09866666666666668,3,6,2024-06-13,0.0,3.0,-3.0,386,Consumer,Affiliate,0
5819.0,1,162.08,162.08,87,0.0,1,2,2025-04-08,1.0,0.0,1.0,87,Consumer,Paid Search,1
5821.0,2,240.1,120.05,62,0.0195,2,4,2024-08-08,1.0,1.0,0.0,330,Consumer,Paid Search,0
5822.0,1,30.94,30.94,319,0.061,1,2,2024-08-19,0.0,1.0,-1.0,319,Consumer,Organic,0
5824.0,12,8325.83,693.8191666666667,81,0.084,12,39,2023-03-10,1.0,11.0,-10.0,847,Small Business,Affiliate,1
5825.0,6,919.78,153.29666666666665,106,0.06083333333333333,6,8,2023-09-30,0.0,6.0,-6.0,643,Consumer,Paid Search,0
5826.0,6,2630.52,438.42,114,0.111,5,19,2024-10-23,0.0,6.0,-6.0,254,Small Business,Paid Search,0
5829.0,16,9219.89,576.243125,3,0.0945625,16,61,2023-10-27,6.0,10.0,-4.0,616,Small Business,Affiliate,0
5830.0,2,283.32,141.66,12,0.055,2,3,2024-08-29,1.0,1.0,0.0,309,Consumer,Paid Search,0
5831.0,3,314.5,104.83333333333333,128,0.030666666666666665,3,5,2024-08-08,0.0,3.0,-3.0,330,Consumer,Paid Search,0
5832.0,8,2014.04,251.755,10,0.069125,8,12,2023-06-02,2.0,6.0,-4.0,763,Consumer,Paid Search,0
5833.0,1,974.46,974.46,160,0.033,1,3,2025-01-25,0.0,1.0,-1.0,160,Small Business,Paid Search,0
5834.0,3,300.32,100.10666666666667,410,0.011000000000000001,3,3,2024-01-11,0.0,3.0,-3.0,540,Consumer,Paid Search,1
5835.0,4,465.76,116.44,23,0.09475,3,8,2024-07-05,2.0,2.0,0.0,364,Consumer,Affiliate,0
5836.0,2,191.75,95.875,24,0.057499999999999996,2,2,2025-01-18,1.0,1.0,0.0,167,Consumer,Paid Search,0
5838.0,7,1084.51,154.93,69,0.08514285714285715,7,10,2024-07-30,2.0,5.0,-3.0,339,Consumer,Paid Search,0
5839.0,3,1556.49,518.83,23,0.06366666666666666,3,4,2024-10-06,1.0,2.0,-1.0,271,Consumer,Affiliate,0
5840.0,3,1973.26,657.7533333333333,236,0.079,3,5,2024-05-11,0.0,3.0,-3.0,419,Consumer,Social,0
5842.0,4,1841.13,460.2825,97,0.07175000000000001,4,7,2024-02-17,0.0,4.0,-4.0,503,Consumer,Email,0
5843.0,9,3859.36,428.8177777777778,115,0.10700000000000001,9,34,2024-03-22,0.0,9.0,-9.0,469,Small Business,Paid Search,0
5844.0,1,215.76,215.76,160,0.132,1,2,2025-01-25,0.0,1.0,-1.0,160,Consumer,Affiliate,0
5845.0,5,470.98,94.196,141,0.05920000000000001,5,6,2024-03-07,0.0,5.0,-5.0,484,Consumer,Email,0
5846.0,7,4669.41,667.0585714285714,21,0.06757142857142857,7,32,2024-01-28,2.0,5.0,-3.0,523,Small Business,Direct,0
5847.0,5,472.59000000000003,94.518,5,0.0638,5,7,2024-03-15,3.0,2.0,1.0,476,Consumer,Affiliate,1
5849.0,1,638.34,638.34,192,0.031,1,2,2024-12-24,0.0,1.0,-1.0,192,Consumer,Social,0
5852.0,5,1745.4899999999998,349.09799999999996,14,0.0964,5,19,2024-06-10,2.0,3.0,-1.0,389,Small Business,Organic,0
5857.0,2,336.97,168.485,226,0.032,2,3,2024-10-23,0.0,2.0,-2.0,254,Consumer,Direct,0
5858.0,3,1369.2600000000002,456.4200000000001,34,0.07066666666666667,3,5,2024-10-30,1.0,2.0,-1.0,247,Consumer,Affiliate,0
5859.0,1,101.1,101.1,49,0.0,1,2,2025-05-16,1.0,0.0,1.0,49,Consumer,Social,1
5860.0,3,559.3199999999999,186.43999999999997,161,0.030333333333333334,3,4,2024-01-10,0.0,3.0,-3.0,541,Consumer,Paid Search,0
5861.0,4,1556.37,389.0925,157,0.047,4,6,2024-09-29,0.0,4.0,-4.0,278,Consumer,Email,0
5862.0,13,7317.67,562.8976923076923,95,0.08984615384615384,13,48,2023-07-27,0.0,13.0,-13.0,708,Small Business,Paid Search,0
5863.0,7,1215.84,173.69142857142856,211,0.04814285714285714,7,10,2023-06-16,0.0,7.0,-7.0,749,Consumer,Organic,0
5866.0,3,2231.44,743.8133333333334,44,0.144,3,24,2025-01-21,2.0,1.0,1.0,164,Enterprise,Paid Search,0
5867.0,7,4715.24,673.6057142857143,139,0.081,7,24,2024-06-27,0.0,7.0,-7.0,372,Small Business,Paid Search,0
5868.0,2,521.27,260.635,33,0.1555,2,5,2024-11-30,1.0,1.0,0.0,216,Small Business,Social,0
5871.0,6,2798.73,466.455,20,0.08,6,18,2024-12-16,3.0,3.0,0.0,200,Small Business,Direct,0
5872.0,4,1419.48,354.87,137,0.07400000000000001,4,6,2024-09-23,0.0,4.0,-4.0,284,Consumer,Email,0
5873.0,3,325.99,108.66333333333334,75,0.02733333333333333,3,4,2024-11-23,1.0,2.0,-1.0,223,Consumer,Paid Search,0
5876.0,3,1922.82,640.9399999999999,9,0.128,3,11,2024-09-03,1.0,2.0,-1.0,304,Small Business,Social,0
5877.0,8,2328.67,291.08375,108,0.11387499999999999,8,23,2024-08-15,0.0,8.0,-8.0,323,Small Business,Organic,0
5879.0,5,2335.06,467.012,74,0.11200000000000002,5,15,2024-08-21,1.0,4.0,-3.0,317,Small Business,Paid Search,1
5882.0,5,2638.71,527.742,64,0.13,5,17,2024-11-26,1.0,4.0,-3.0,220,Small Business,Organic,0
5883.0,3,2273.38,757.7933333333334,107,0.02033333333333333,3,6,2024-10-29,0.0,3.0,-3.0,248,Consumer,Direct,0
5884.0,3,1868.52,622.84,30,0.017666666666666667,3,6,2024-09-22,2.0,1.0,1.0,285,Consumer,Organic,1
5885.0,2,155.32,77.66,324,0.096,2,4,2023-07-01,0.0,2.0,-2.0,734,Consumer,Direct,0
5886.0,1,37.5,37.5,196,0.21,1,3,2024-12-20,0.0,1.0,-1.0,196,Small Business,Organic,0
5889.0,2,317.17,158.585,67,0.0895,2,2,2024-02-26,1.0,1.0,0.0,494,Consumer,Paid Search,1
5892.0,3,850.6,283.53333333333336,76,0.03966666666666666,3,4,2024-11-11,1.0,2.0,-1.0,235,Consumer,Organic,0
5893.0,3,2715.46,905.1533333333333,9,0.11466666666666665,3,9,2025-01-16,2.0,1.0,1.0,169,Small Business,Direct,0
5896.0,3,301.58000000000004,100.52666666666669,21,0.07366666666666667,3,4,2024-03-07,1.0,2.0,-1.0,484,Consumer,Paid Search,0
5897.0,4,542.52,135.63,210,0.0915,4,5,2024-04-10,0.0,4.0,-4.0,450,Consumer,Social,1
5898.0,1,116.38,116.38,95,0.108,1,1,2025-03-31,0.0,1.0,-1.0,95,Consumer,Affiliate,0
5899.0,6,2240.14,373.3566666666666,77,0.036166666666666666,6,10,2023-09-03,1.0,5.0,-4.0,670,Consumer,Social,0
5900.0,2,229.54000000000002,114.77000000000001,80,0.0375,2,2,2024-11-23,1.0,1.0,0.0,223,Consumer,Organic,1
5902.0,13,6511.23,500.8638461538461,7,0.11423076923076922,12,44,2024-01-19,5.0,8.0,-3.0,532,Small Business,Affiliate,0
5903.0,1,3.08,3.08,120,0.141,1,1,2025-03-06,0.0,1.0,-1.0,120,Consumer,Paid Search,1
5905.0,5,11686.789999999999,2337.3579999999997,11,0.1534,5,42,2024-12-19,2.0,3.0,-1.0,197,Enterprise,Affiliate,0
5906.0,2,213.04,106.52,206,0.011,2,3,2024-12-03,0.0,2.0,-2.0,213,Consumer,Organic,0
5908.0,6,600.67,100.11166666666666,48,0.05433333333333334,6,9,2024-05-19,1.0,5.0,-4.0,411,Consumer,Paid Search,0
5909.0,7,3115.06,445.00857142857143,19,0.06757142857142857,7,27,2023-12-19,2.0,5.0,-3.0,563,Small Business,Paid Search,1
5911.0,6,4197.96,699.66,171,0.10083333333333333,6,22,2024-09-04,0.0,6.0,-6.0,303,Small Business,Social,0
5912.0,1,349.45,349.45,66,0.0,1,1,2025-04-29,1.0,0.0,1.0,66,Consumer,Email,1
5913.0,7,1094.49,156.3557142857143,66,0.05071428571428572,7,10,2023-09-28,1.0,6.0,-5.0,645,Consumer,Paid Search,0
5915.0,3,2000.0499999999997,666.6833333333333,401,0.10066666666666667,3,5,2023-09-16,0.0,3.0,-3.0,657,Consumer,Organic,0
5917.0,2,99.29,49.645,3,0.067,2,3,2025-02-19,1.0,1.0,0.0,135,Consumer,Paid Search,0
5918.0,3,369.7,123.23333333333333,61,0.051,3,3,2024-12-16,1.0,2.0,-1.0,200,Consumer,Social,0
5919.0,6,1210.0,201.66666666666666,53,0.1495,5,21,2024-05-23,1.0,5.0,-4.0,407,Small Business,Organic,0
5920.0,4,597.36,149.34,61,0.04825,4,8,2024-05-05,1.0,3.0,-2.0,425,Consumer,Paid Search,0
5921.0,2,762.28,381.14,42,0.0795,2,3,2024-12-26,1.0,1.0,0.0,190,Consumer,Social,0
5923.0,3,1224.23,408.07666666666665,7,0.01,3,5,2024-06-21,1.0,2.0,-1.0,378,Consumer,Paid Search,0
5924.0,1,249.38,249.38,229,0.017,1,2,2024-11-17,0.0,1.0,-1.0,229,Consumer,Organic,0
5925.0,1,154.2,154.2,104,0.0,1,2,2025-03-22,0.0,1.0,-1.0,104,Consumer,Paid Search,0
5926.0,3,405.76,135.25333333333333,79,0.07933333333333333,3,6,2025-02-13,2.0,1.0,1.0,141,Consumer,Organic,1
5927.0,4,907.38,226.845,75,0.051000000000000004,4,5,2024-11-27,1.0,3.0,-2.0,219,Consumer,Email,0
5928.0,8,2060.04,257.505,16,0.05,8,24,2023-12-22,2.0,6.0,-4.0,560,Small Business,Affiliate,0
5929.0,1,691.0,691.0,50,0.0,1,1,2025-05-15,1.0,0.0,1.0,50,Consumer,Organic,0
5930.0,3,185.33999999999997,61.779999999999994,105,0.06166666666666667,3,4,2023-11-15,0.0,3.0,-3.0,597,Consumer,Organic,1
5931.0,2,106.9,53.45,164,0.0445,2,3,2024-12-10,0.0,2.0,-2.0,206,Consumer,Social,0
5932.0,7,5650.57,807.2242857142857,37,0.12285714285714286,7,25,2024-08-16,2.0,5.0,-3.0,322,Small Business,Social,0
5934.0,3,567.6700000000001,189.22333333333336,135,0.074,3,4,2024-12-06,0.0,3.0,-3.0,210,Consumer,Organic,0
5936.0,2,201.70999999999998,100.85499999999999,173,0.17049999999999998,2,9,2024-12-11,0.0,2.0,-2.0,205,Small Business,Social,0
5938.0,5,959.9200000000001,191.984,293,0.045,5,5,2024-05-24,0.0,5.0,-5.0,406,Consumer,Organic,0
5939.0,4,296.85,74.2125,42,0.08174999999999999,4,4,2024-07-09,2.0,2.0,0.0,360,Consumer,Social,0
5940.0,8,1161.14,145.1425,60,0.054875,8,11,2023-11-30,1.0,7.0,-6.0,582,Consumer,Social,0
5941.0,2,872.28,436.14,153,0.095,2,2,2024-10-22,0.0,2.0,-2.0,255,Consumer,Organic,0
5944.0,1,143.52,143.52,116,0.103,1,1,2025-03-10,0.0,1.0,-1.0,116,Consumer,Paid Search,0
5946.0,7,1663.59,237.65571428571428,19,0.1432857142857143,7,20,2024-03-04,2.0,5.0,-3.0,487,Small Business,Paid Search,0
5947.0,3,1207.8200000000002,402.60666666666674,105,0.057333333333333326,3,4,2023-08-06,0.0,3.0,-3.0,698,Consumer,Paid Search,0
5949.0,6,1247.6799999999998,207.94666666666663,17,0.06216666666666667,5,10,2024-01-26,2.0,4.0,-2.0,525,Consumer,Social,0
5950.0,4,231.9,57.975,66,0.08274999999999999,4,6,2023-11-02,1.0,3.0,-2.0,610,Consumer,Organic,0
5954.0,6,644.4399999999999,107.40666666666665,84,0.07383333333333333,6,19,2024-07-26,1.0,5.0,-4.0,343,Small Business,Paid Search,0
5956.0,5,861.26,172.252,42,0.0882,5,10,2024-02-19,1.0,4.0,-3.0,501,Consumer,Email,0
5957.0,1,226.72,226.72,94,0.072,1,2,2025-04-01,0.0,1.0,-1.0,94,Consumer,Social,0
5958.0,3,1646.27,548.7566666666667,158,0.11299999999999999,3,5,2024-08-25,0.0,3.0,-3.0,313,Consumer,Social,0
5962.0,15,20128.87,1341.9246666666666,49,0.13673333333333335,13,105,2023-11-23,1.0,14.0,-13.0,589,Enterprise,Affiliate,0
5963.0,1,658.76,658.76,194,0.0,1,2,2024-12-22,0.0,1.0,-1.0,194,Consumer,Paid Search,0
5964.0,5,2146.6,429.32,110,0.0378,5,10,2024-06-02,0.0,5.0,-5.0,397,Consumer,Paid Search,0
5966.0,4,386.01,96.5025,49,0.0355,4,7,2024-04-30,1.0,3.0,-2.0,430,Consumer,Affiliate,1
5967.0,6,2049.35,341.55833333333334,29,0.07333333333333333,5,9,2023-09-09,1.0,5.0,-4.0,664,Consumer,Organic,0
5969.0,2,69.18,34.59,0,0.0825,2,3,2025-01-13,1.0,1.0,0.0,172,Consumer,Direct,1
5971.0,8,2182.41,272.80125,4,0.131125,7,28,2024-01-07,2.0,6.0,-4.0,544,Small Business,Social,1
5973.0,6,1952.08,325.34666666666664,68,0.043500000000000004,6,10,2023-08-13,1.0,5.0,-4.0,691,Consumer,Social,0
5974.0,20,9978.98,498.94899999999996,67,0.12195,20,149,2023-07-20,2.0,18.0,-16.0,715,Enterprise,Organic,0
5975.0,5,5272.469999999999,1054.494,24,0.0852,5,19,2025-01-05,3.0,2.0,1.0,180,Small Business,Direct,0
5976.0,3,754.5999999999999,251.5333333333333,47,0.041,3,6,2024-08-22,1.0,2.0,-1.0,316,Consumer,Paid Search,0
5977.0,2,174.75,87.375,0,0.162,2,14,2025-06-15,2.0,0.0,2.0,19,Enterprise,Paid Search,0
5978.0,9,2462.4,273.6,98,0.06733333333333333,9,14,2023-07-28,0.0,9.0,-9.0,707,Consumer,Social,0
5979.0,9,1425.17,158.35222222222222,34,0.07444444444444445,9,14,2023-11-27,1.0,8.0,-7.0,585,Consumer,Social,0
5981.0,1,113.88,113.88,62,0.04,1,1,2025-05-03,1.0,0.0,1.0,62,Consumer,Direct,1
5984.0,6,838.44,139.74,66,0.0365,6,9,2023-09-27,1.0,5.0,-4.0,646,Consumer,Paid Search,0
5986.0,8,6622.719999999999,827.8399999999999,28,0.116,8,34,2024-05-07,3.0,5.0,-2.0,423,Small Business,Social,0
5987.0,4,369.56,92.39,92,0.12025,4,5,2024-12-11,0.0,4.0,-4.0,205,Consumer,Email,1
5988.0,7,2113.42,301.9171428571429,45,0.07514285714285715,6,11,2024-01-14,1.0,6.0,-5.0,537,Consumer,Paid Search,1
5990.0,1,155.84,155.84,83,0.026,1,1,2025-04-12,1.0,0.0,1.0,83,Consumer,Social,1
5991.0,1,509.1,509.1,19,0.043,1,2,2025-06-15,1.0,0.0,1.0,19,Consumer,Social,0
5993.0,3,1007.61,335.87,18,0.0,3,3,2024-09-07,2.0,1.0,1.0,300,Consumer,Affiliate,1
5999.0,3,330.11,110.03666666666668,36,0.028666666666666663,3,5,2024-10-12,1.0,2.0,-1.0,265,Consumer,Organic,0
6003.0,4,1651.12,412.78,135,0.07225000000000001,4,6,2024-10-01,0.0,4.0,-4.0,276,Consumer,Paid Search,1
6005.0,4,374.94000000000005,93.73500000000001,73,0.08449999999999999,4,6,2024-05-06,1.0,3.0,-2.0,424,Consumer,Organic,0
6006.0,3,787.02,262.34,39,0.019333333333333334,3,6,2024-12-01,2.0,1.0,1.0,215,Consumer,Paid Search,0
6007.0,3,1060.79,353.59666666666664,12,0.08666666666666667,3,14,2024-12-15,1.0,2.0,-1.0,201,Small Business,Social,0
6008.0,3,957.24,319.08,30,0.028999999999999998,3,5,2024-12-14,1.0,2.0,-1.0,202,Consumer,Paid Search,0
6010.0,7,787.77,112.53857142857143,161,0.044,7,9,2024-01-27,0.0,7.0,-7.0,524,Consumer,Paid Search,0
6013.0,3,295.12,98.37333333333333,132,0.04533333333333334,3,4,2024-09-16,0.0,3.0,-3.0,291,Consumer,Affiliate,1
6015.0,5,364.86,72.97200000000001,81,0.0772,5,5,2024-01-23,1.0,4.0,-3.0,528,Consumer,Email,0
6018.0,2,565.6,282.8,519,0.069,2,3,2023-12-28,0.0,2.0,-2.0,554,Consumer,Social,0
6020.0,4,1035.0700000000002,258.76750000000004,47,0.13524999999999998,4,14,2025-01-11,1.0,3.0,-2.0,174,Small Business,Direct,0
6021.0,7,1709.41,244.20142857142858,18,0.07142857142857142,7,21,2024-11-12,5.0,2.0,3.0,234,Small Business,Email,0
6023.0,1,245.2,245.2,207,0.112,1,1,2024-12-09,0.0,1.0,-1.0,207,Consumer,Organic,0
6024.0,2,580.4399999999999,290.21999999999997,67,0.1015,2,4,2024-12-22,1.0,1.0,0.0,194,Consumer,Paid Search,1
6025.0,4,1098.68,274.67,61,0.07125,4,6,2024-09-02,3.0,1.0,2.0,305,Consumer,Paid Search,0
6026.0,3,1583.3899999999999,527.7966666666666,196,0.05466666666666667,3,9,2024-07-20,0.0,3.0,-3.0,349,Small Business,Organic,0
6028.0,12,5232.57,436.04749999999996,41,0.08716666666666667,12,42,2023-11-03,2.0,10.0,-8.0,609,Small Business,Paid Search,0
6029.0,2,512.04,256.02,23,0.1315,2,4,2025-03-01,1.0,1.0,0.0,125,Consumer,Social,0
6030.0,5,1741.89,348.37800000000004,63,0.0408,5,8,2024-02-23,1.0,4.0,-3.0,497,Consumer,Organic,1
6032.0,2,417.98,208.99,75,0.033,2,3,2025-04-10,2.0,0.0,2.0,85,Consumer,Affiliate,0
6033.0,2,1504.74,752.37,106,0.109,2,4,2024-12-22,0.0,2.0,-2.0,194,Consumer,Social,0
6034.0,2,347.34000000000003,173.67000000000002,41,0.028999999999999998,2,2,2024-11-05,1.0,1.0,0.0,241,Consumer,Organic,0
6035.0,6,1324.3,220.71666666666667,119,0.1085,6,17,2024-09-09,0.0,6.0,-6.0,298,Small Business,Paid Search,0
6037.0,3,672.56,224.18666666666664,152,0.016,3,5,2024-11-19,0.0,3.0,-3.0,227,Consumer,Affiliate,0
6038.0,5,3286.81,657.362,2,0.09319999999999999,5,7,2024-10-16,2.0,3.0,-1.0,261,Consumer,Paid Search,0
6040.0,4,475.12,118.78,165,0.03325,4,5,2024-07-29,0.0,4.0,-4.0,340,Consumer,Email,0
6041.0,3,340.73,113.57666666666667,151,0.06833333333333334,3,5,2024-11-06,0.0,3.0,-3.0,240,Consumer,Paid Search,0
6042.0,8,5843.39,730.42375,3,0.0825,8,27,2024-07-03,2.0,6.0,-4.0,366,Small Business,Organic,0
6043.0,5,358.79,71.75800000000001,95,0.0094,5,9,2024-03-21,0.0,5.0,-5.0,470,Consumer,Affiliate,1
6048.0,1,318.12,318.12,137,0.0,1,2,2025-02-17,0.0,1.0,-1.0,137,Consumer,Direct,0
6049.0,2,331.98,165.99,100,0.08049999999999999,2,4,2025-02-27,0.0,2.0,-2.0,127,Consumer,Paid Search,0
6050.0,1,395.68,395.68,67,0.087,1,1,2025-04-28,1.0,0.0,1.0,67,Consumer,Social,0
6053.0,6,8042.59,1340.4316666666666,35,0.09383333333333334,6,25,2024-11-08,4.0,2.0,2.0,238,Small Business,Paid Search,0
6058.0,3,742.85,247.61666666666667,114,0.016000000000000004,3,3,2024-09-27,0.0,3.0,-3.0,280,Consumer,Organic,0
6059.0,6,978.8800000000001,163.14666666666668,99,0.06816666666666667,6,9,2024-06-21,0.0,6.0,-6.0,378,Consumer,Direct,0
6060.0,2,513.53,256.765,75,0.108,2,3,2024-11-08,1.0,1.0,0.0,238,Consumer,Paid Search,1
6061.0,2,502.12,251.06,32,0.0,2,3,2025-04-28,2.0,0.0,2.0,67,Consumer,Direct,0
6063.0,3,2016.25,672.0833333333334,66,0.13566666666666669,3,15,2025-01-05,1.0,2.0,-1.0,180,Small Business,Affiliate,0
6064.0,4,1634.38,408.595,56,0.0565,4,5,2024-10-22,1.0,3.0,-2.0,255,Consumer,Paid Search,0
6065.0,2,1183.65,591.825,286,0.0905,2,8,2024-08-19,0.0,2.0,-2.0,319,Small Business,Organic,0
6066.0,2,1626.22,813.11,65,0.10650000000000001,2,16,2025-04-05,1.0,1.0,0.0,90,Enterprise,Affiliate,0
6067.0,3,613.96,204.65333333333334,86,0.05566666666666667,3,14,2024-11-19,1.0,2.0,-1.0,227,Small Business,Email,0
6068.0,4,2510.78,627.695,52,0.09575,3,15,2024-01-27,1.0,3.0,-2.0,524,Small Business,Paid Search,0
6070.0,2,398.18,199.09,119,0.024,2,4,2025-01-02,0.0,2.0,-2.0,183,Consumer,Paid Search,0
6071.0,5,1115.95,223.19,32,0.0732,5,13,2024-10-04,2.0,3.0,-1.0,273,Small Business,Paid Search,0
6072.0,6,966.68,161.11333333333332,47,0.033166666666666664,5,11,2024-06-07,1.0,5.0,-4.0,392,Consumer,Organic,0
6073.0,5,2505.14,501.02799999999996,32,0.184,5,32,2024-12-02,2.0,3.0,-1.0,214,Enterprise,Direct,0
6076.0,9,3175.1099999999997,352.78999999999996,83,0.08577777777777779,8,24,2024-01-22,1.0,8.0,-7.0,529,Small Business,Paid Search,1
6079.0,1,106.15,106.15,217,0.131,1,1,2024-11-29,0.0,1.0,-1.0,217,Consumer,Affiliate,0
6080.0,5,895.25,179.05,2,0.039400000000000004,5,8,2024-11-24,3.0,2.0,1.0,222,Consumer,Paid Search,0
6081.0,2,206.84000000000003,103.42000000000002,76,0.0235,2,2,2024-11-30,1.0,1.0,0.0,216,Consumer,Paid Search,1
6083.0,4,567.84,141.96,97,0.041749999999999995,4,5,2024-07-28,0.0,4.0,-4.0,341,Consumer,Paid Search,0
6084.0,6,2113.41,352.23499999999996,11,0.11083333333333334,5,18,2024-11-11,3.0,3.0,0.0,235,Small Business,Social,0
6089.0,6,1486.08,247.67999999999998,45,0.06783333333333333,5,16,2024-03-23,1.0,5.0,-4.0,468,Small Business,Organic,0
6091.0,5,491.47,98.29400000000001,28,0.0808,4,6,2024-09-28,3.0,2.0,1.0,279,Consumer,Social,0
6092.0,3,421.26,140.42,317,0.044333333333333336,2,4,2024-02-01,0.0,3.0,-3.0,519,Consumer,Organic,0
6094.0,5,772.62,154.524,96,0.0338,5,7,2024-04-26,0.0,5.0,-5.0,434,Consumer,Paid Search,0
6095.0,5,1791.75,358.35,26,0.0152,5,9,2024-02-04,1.0,4.0,-3.0,516,Consumer,Paid Search,1
6096.0,1,322.54,322.54,11,0.077,1,1,2025-06-23,1.0,0.0,1.0,11,Consumer,Paid Search,0
6097.0,3,116.13999999999999,38.71333333333333,111,0.020666666666666667,3,4,2024-08-31,0.0,3.0,-3.0,307,Consumer,Paid Search,0
6098.0,3,697.5899999999999,232.52999999999997,187,0.04733333333333334,3,4,2024-05-18,0.0,3.0,-3.0,412,Consumer,Direct,0
6099.0,4,400.25,100.0625,99,0.0445,4,7,2025-01-20,0.0,4.0,-4.0,165,Consumer,Social,0
6102.0,3,522.94,174.31333333333336,1,0.04766666666666667,3,6,2024-06-17,1.0,2.0,-1.0,382,Consumer,Paid Search,0
6103.0,2,24.11,12.055,70,0.038,2,2,2024-11-21,1.0,1.0,0.0,225,Consumer,Email,1
6105.0,4,924.3,231.075,165,0.06975,4,6,2024-03-08,0.0,4.0,-4.0,483,Consumer,Direct,0
6106.0,9,2932.58,325.84222222222223,6,0.15333333333333332,9,31,2024-03-22,2.0,7.0,-5.0,469,Small Business,Paid Search,0
6107.0,9,3262.13,362.4588888888889,37,0.046,9,15,2023-05-08,1.0,8.0,-7.0,788,Consumer,Paid Search,1
6108.0,1,56.11,56.11,154,0.085,1,1,2025-01-31,0.0,1.0,-1.0,154,Consumer,Organic,1
6109.0,3,1180.3500000000001,393.45000000000005,210,0.035666666666666666,3,4,2024-04-15,0.0,3.0,-3.0,445,Consumer,Social,1
6112.0,4,1404.25,351.0625,1,0.037250000000000005,4,7,2024-07-13,2.0,2.0,0.0,356,Consumer,Paid Search,0
6114.0,3,362.7,120.89999999999999,220,0.05566666666666666,3,5,2024-04-17,0.0,3.0,-3.0,443,Consumer,Affiliate,0
6115.0,5,1658.39,331.678,208,0.0528,4,8,2024-01-04,0.0,5.0,-5.0,547,Consumer,Organic,0
6117.0,5,2286.87,457.37399999999997,10,0.06939999999999999,5,6,2024-11-23,3.0,2.0,1.0,223,Consumer,Email,0
6120.0,10,3012.74,301.274,10,0.0794,10,14,2024-02-02,3.0,7.0,-4.0,518,Consumer,Social,0
6121.0,4,1217.52,304.38,1,0.10250000000000001,4,12,2024-10-28,2.0,2.0,0.0,249,Small Business,Direct,0
6122.0,7,2203.1,314.7285714285714,34,0.09371428571428572,7,12,2024-06-07,1.0,6.0,-5.0,392,Consumer,Paid Search,0
6125.0,4,622.4200000000001,155.60500000000002,39,0.07250000000000001,4,5,2024-11-04,1.0,3.0,-2.0,242,Consumer,Affiliate,0
6126.0,4,3522.2999999999997,880.5749999999999,41,0.04925,4,12,2024-11-17,2.0,2.0,0.0,229,Small Business,Direct,0
6129.0,9,2201.35,244.59444444444443,13,0.06888888888888889,9,15,2023-11-10,4.0,5.0,-1.0,602,Consumer,Paid Search,0
6130.0,5,1000.73,200.14600000000002,33,0.040600000000000004,5,8,2023-09-20,2.0,3.0,-1.0,653,Consumer,Organic,0
6131.0,5,912.26,182.452,34,0.049,5,9,2024-12-27,3.0,2.0,1.0,189,Consumer,Paid Search,1
6132.0,3,385.61,128.53666666666666,0,0.011000000000000001,3,4,2024-08-23,1.0,2.0,-1.0,315,Consumer,Social,0
6133.0,7,2098.73,299.81857142857143,19,0.11685714285714287,7,21,2024-09-20,3.0,4.0,-1.0,287,Small Business,Direct,0
6134.0,8,1742.8899999999999,217.86124999999998,67,0.06275,8,12,2024-04-13,2.0,6.0,-4.0,447,Consumer,Email,0
6135.0,1,36.62,36.62,114,0.054,1,1,2025-03-12,0.0,1.0,-1.0,114,Consumer,Social,0
6136.0,3,824.0,274.6666666666667,88,0.12066666666666666,3,12,2024-09-26,1.0,2.0,-1.0,281,Small Business,Paid Search,0
6137.0,5,1202.3000000000002,240.46000000000004,196,0.0804,5,6,2023-12-05,0.0,5.0,-5.0,577,Consumer,Social,0
6139.0,12,19912.690000000002,1659.3908333333336,47,0.128,11,97,2025-01-05,5.0,7.0,-2.0,180,Enterprise,Paid Search,0
6140.0,2,725.43,362.715,185,0.104,2,3,2024-10-16,0.0,2.0,-2.0,261,Consumer,Affiliate,0
6141.0,2,313.15999999999997,156.57999999999998,66,0.0,2,3,2024-11-25,1.0,1.0,0.0,221,Consumer,Social,0
6142.0,2,180.82,90.41,127,0.0225,2,2,2024-07-08,0.0,2.0,-2.0,361,Consumer,Paid Search,0
6145.0,1,250.4,250.4,194,0.069,1,2,2024-12-22,0.0,1.0,-1.0,194,Consumer,Social,1
6149.0,3,1015.39,338.4633333333333,107,0.022000000000000002,3,5,2024-04-18,0.0,3.0,-3.0,442,Consumer,Organic,0
6150.0,5,912.69,182.538,28,0.022600000000000002,5,8,2024-01-20,1.0,4.0,-3.0,531,Consumer,Social,0
6152.0,5,3171.32,634.264,50,0.1278,5,22,2024-10-20,2.0,3.0,-1.0,257,Small Business,Affiliate,0
6155.0,2,195.13,97.565,333,0.0495,2,3,2024-06-16,0.0,2.0,-2.0,383,Consumer,Direct,0
6156.0,3,557.4200000000001,185.8066666666667,204,0.07766666666666668,3,5,2024-05-24,0.0,3.0,-3.0,406,Consumer,Affiliate,1
6157.0,5,1558.6,311.71999999999997,78,0.1076,5,8,2024-12-21,2.0,3.0,-1.0,195,Consumer,Paid Search,0
6158.0,2,143.17000000000002,71.58500000000001,28,0.0165,2,3,2024-09-07,1.0,1.0,0.0,300,Consumer,Paid Search,1
6161.0,2,856.7,428.35,76,0.062,2,4,2025-03-24,1.0,1.0,0.0,102,Consumer,Affiliate,0
6163.0,4,595.24,148.81,94,0.07100000000000001,4,7,2024-12-25,0.0,4.0,-4.0,191,Consumer,Affiliate,0
6165.0,9,6360.76,706.7511111111112,65,0.07511111111111111,9,33,2024-06-05,1.0,8.0,-7.0,394,Small Business,Organic,0
6168.0,2,1135.56,567.78,153,0.046,2,3,2024-12-05,0.0,2.0,-2.0,211,Consumer,Paid Search,0
6169.0,2,1824.92,912.46,173,0.07200000000000001,2,4,2024-12-23,0.0,2.0,-2.0,193,Consumer,Paid Search,0
6171.0,3,460.99,153.66333333333333,117,0.03233333333333333,3,3,2024-04-20,0.0,3.0,-3.0,440,Consumer,Paid Search,0
6176.0,3,676.06,225.35333333333332,22,0.15633333333333332,3,6,2025-02-05,2.0,1.0,1.0,149,Consumer,Affiliate,1
6178.0,2,1507.33,753.665,67,0.0275,2,5,2025-03-06,1.0,1.0,0.0,120,Small Business,Organic,0
6179.0,4,4142.24,1035.56,103,0.11275,4,19,2023-12-15,0.0,4.0,-4.0,567,Small Business,Organic,0
6180.0,6,1999.99,333.33166666666665,23,0.0395,6,10,2023-08-30,2.0,4.0,-2.0,674,Consumer,Social,0
6182.0,3,542.83,180.94333333333336,18,0.10166666666666667,3,5,2024-09-17,2.0,1.0,1.0,290,Consumer,Email,0
6183.0,7,1352.83,193.26142857142855,19,0.07714285714285714,7,10,2024-04-13,1.0,6.0,-5.0,447,Consumer,Email,1
6184.0,5,902.12,180.424,7,0.065,5,9,2024-12-04,2.0,3.0,-1.0,212,Consumer,Social,1
6186.0,3,853.9300000000001,284.6433333333334,188,0.10233333333333333,3,4,2024-10-19,0.0,3.0,-3.0,258,Consumer,Social,0
6191.0,6,601.07,100.17833333333334,91,0.052833333333333336,6,9,2024-04-10,0.0,6.0,-6.0,450,Consumer,Affiliate,0
6193.0,8,2451.46,306.4325,96,0.08549999999999999,8,13,2023-08-31,0.0,8.0,-8.0,673,Consumer,Direct,0
6195.0,3,68.61,22.87,114,0.08,3,3,2024-08-06,0.0,3.0,-3.0,332,Consumer,Organic,0
6198.0,6,1001.0799999999999,166.84666666666666,1,0.06516666666666666,6,10,2024-05-29,1.0,5.0,-4.0,401,Consumer,Social,0
6200.0,4,689.9799999999999,172.49499999999998,6,0.01625,3,7,2024-01-07,1.0,3.0,-2.0,544,Consumer,Email,0
6201.0,1,1380.65,1380.65,254,0.0,1,5,2024-10-23,0.0,1.0,-1.0,254,Small Business,Paid Search,0
6202.0,5,1551.03,310.206,55,0.056600000000000004,5,18,2024-12-06,1.0,4.0,-3.0,210,Small Business,Paid Search,1
6203.0,5,751.13,150.226,22,0.077,5,9,2024-08-04,1.0,4.0,-3.0,334,Consumer,Social,0
6204.0,4,929.72,232.43,31,0.064,4,5,2025-01-06,1.0,3.0,-2.0,179,Consumer,Paid Search,0
6206.0,3,611.94,203.98000000000002,48,0.048666666666666664,3,5,2025-02-06,2.0,1.0,1.0,148,Consumer,Social,1
6207.0,3,522.12,174.04,59,0.0,3,5,2024-12-02,1.0,2.0,-1.0,214,Consumer,Affiliate,0
6210.0,12,11819.71,984.9758333333333,20,0.16491666666666668,12,66,2023-08-06,3.0,9.0,-6.0,698,Enterprise,Affiliate,0
6212.0,11,2427.3599999999997,220.66909090909087,6,0.027181818181818182,11,18,2023-09-03,3.0,8.0,-5.0,670,Consumer,Paid Search,0
6213.0,1,14.35,14.35,28,0.0,1,1,2025-06-06,1.0,0.0,1.0,28,Consumer,Affiliate,1
6214.0,4,1317.94,329.485,14,0.14525,4,14,2025-01-09,3.0,1.0,2.0,176,Small Business,Social,0
6216.0,2,82.21,41.105,331,0.055,2,2,2024-02-19,0.0,2.0,-2.0,501,Consumer,Organic,0
6217.0,2,271.12,135.56,121,0.124,2,4,2024-11-06,0.0,2.0,-2.0,240,Consumer,Affiliate,0
6219.0,2,200.76999999999998,100.38499999999999,3,0.065,2,3,2024-08-27,1.0,1.0,0.0,311,Consumer,Affiliate,0
6223.0,3,334.86,111.62,212,0.03233333333333333,3,5,2024-05-02,0.0,3.0,-3.0,428,Consumer,Email,0
6226.0,1,47.57,47.57,191,0.01,1,1,2024-12-25,0.0,1.0,-1.0,191,Consumer,Social,0
6227.0,13,5408.860000000001,416.0661538461539,115,0.094,12,38,2023-10-29,0.0,13.0,-13.0,614,Small Business,Affiliate,0
6228.0,7,1434.54,204.93428571428572,172,0.07114285714285715,7,9,2024-04-30,0.0,7.0,-7.0,430,Consumer,Direct,0
6229.0,4,1990.33,497.5825,199,0.10825,4,6,2024-08-02,0.0,4.0,-4.0,336,Consumer,Email,0
6231.0,8,4155.29,519.41125,28,0.154125,8,50,2024-09-05,3.0,5.0,-2.0,302,Enterprise,Paid Search,0
6232.0,6,1316.96,219.49333333333334,11,0.0625,6,9,2023-06-02,1.0,5.0,-4.0,763,Consumer,Social,0
6233.0,2,141.88,70.94,130,0.058499999999999996,2,3,2024-12-17,0.0,2.0,-2.0,199,Consumer,Social,0
6234.0,5,956.85,191.37,125,0.0756,5,8,2023-11-12,0.0,5.0,-5.0,600,Consumer,Affiliate,0
6235.0,1,203.84,203.84,28,0.0,1,1,2025-06-06,1.0,0.0,1.0,28,Consumer,Organic,0
6238.0,4,579.18,144.795,220,0.06375,4,7,2024-04-22,0.0,4.0,-4.0,438,Consumer,Direct,0
6239.0,6,2179.67,363.27833333333336,26,0.024999999999999998,6,10,2024-10-29,3.0,3.0,0.0,248,Consumer,Organic,0
6240.0,2,569.4799999999999,284.73999999999995,320,0.043,2,4,2024-02-28,0.0,2.0,-2.0,492,Consumer,Paid Search,0
6241.0,9,4276.7699999999995,475.1966666666666,101,0.11511111111111111,9,41,2023-12-17,0.0,9.0,-9.0,565,Small Business,Social,0
6242.0,2,311.78000000000003,155.89000000000001,90,0.0675,2,4,2025-01-21,0.0,2.0,-2.0,164,Consumer,Social,0
6246.0,5,3892.64,778.528,41,0.08020000000000001,5,18,2024-06-19,1.0,4.0,-3.0,380,Small Business,Social,0
6248.0,1,107.0,107.0,137,0.0,1,2,2025-02-17,0.0,1.0,-1.0,137,Consumer,Social,0
6249.0,2,55.0,27.5,78,0.096,2,2,2025-04-11,2.0,0.0,2.0,84,Consumer,Organic,0
6251.0,7,1124.3899999999999,160.62714285714284,95,0.09028571428571429,7,9,2023-08-30,0.0,7.0,-7.0,674,Consumer,Paid Search,0
6252.0,2,62.75,31.375,93,0.0635,2,2,2025-03-14,0.0,2.0,-2.0,112,Consumer,Paid Search,1
6254.0,5,2430.71,486.142,203,0.0254,5,8,2024-06-02,0.0,5.0,-5.0,397,Consumer,Affiliate,0
6256.0,11,4143.61,376.6918181818182,44,0.12890909090909092,11,77,2024-09-20,3.0,8.0,-5.0,287,Enterprise,Paid Search,0
6258.0,6,628.48,104.74666666666667,15,0.044333333333333336,6,9,2024-02-15,1.0,5.0,-4.0,505,Consumer,Paid Search,0
6259.0,4,1016.44,254.11,65,0.0745,4,7,2024-02-10,1.0,3.0,-2.0,510,Consumer,Direct,0
6260.0,3,239.1,79.7,108,0.023999999999999997,3,5,2024-10-28,0.0,3.0,-3.0,249,Consumer,Affiliate,0
6262.0,5,1464.5100000000002,292.90200000000004,24,0.0656,5,6,2024-04-17,2.0,3.0,-1.0,443,Consumer,Paid Search,0
6264.0,10,3170.46,317.046,73,0.1012,10,34,2024-04-07,1.0,9.0,-8.0,453,Small Business,Paid Search,0
6265.0,2,183.23000000000002,91.61500000000001,6,0.0535,2,3,2025-04-22,2.0,0.0,2.0,73,Consumer,Social,0
6266.0,5,392.19,78.438,19,0.0616,5,7,2024-07-06,1.0,4.0,-3.0,363,Consumer,Paid Search,0
6267.0,7,1510.3400000000001,215.76285714285717,173,0.06314285714285714,7,9,2023-11-15,0.0,7.0,-7.0,597,Consumer,Organic,0
6269.0,4,896.39,224.0975,44,0.026250000000000002,4,5,2024-12-03,2.0,2.0,0.0,213,Consumer,Organic,0
6271.0,2,331.43,165.715,144,0.063,2,3,2024-12-18,0.0,2.0,-2.0,198,Consumer,Organic,1
6272.0,3,52.589999999999996,17.529999999999998,6,0.010666666666666666,3,3,2025-01-01,2.0,1.0,1.0,184,Consumer,Organic,0
6276.0,2,289.3,144.65,6,0.012,2,3,2025-06-27,2.0,0.0,2.0,7,Consumer,Paid Search,1
6279.0,3,793.08,264.36,219,0.073,3,5,2024-10-14,0.0,3.0,-3.0,263,Consumer,Paid Search,0
6280.0,1,185.21,185.21,12,0.041,1,1,2025-06-22,1.0,0.0,1.0,12,Consumer,Paid Search,0
6281.0,2,908.9399999999999,454.46999999999997,7,0.0095,2,4,2024-10-28,1.0,1.0,0.0,249,Consumer,Social,0
6286.0,2,169.85,84.925,18,0.10900000000000001,2,2,2025-01-25,1.0,1.0,0.0,160,Consumer,Paid Search,0
6288.0,4,1144.13,286.0325,39,0.0055,4,7,2024-02-20,1.0,3.0,-2.0,500,Consumer,Email,0
6289.0,4,438.01,109.5025,102,0.04925,4,4,2024-09-29,0.0,4.0,-4.0,278,Consumer,Social,0
6290.0,3,631.54,210.51333333333332,90,0.08666666666666667,3,5,2024-06-02,0.0,3.0,-3.0,397,Consumer,Direct,1
6291.0,8,2954.9900000000002,369.37375000000003,0,0.057625,8,11,2023-03-02,2.0,6.0,-4.0,855,Consumer,Paid Search,0
6295.0,4,4020.5099999999998,1005.1274999999999,16,0.16025,4,15,2024-09-01,2.0,2.0,0.0,306,Small Business,Social,0
6297.0,5,366.3,73.26,9,0.0364,5,6,2024-09-20,2.0,3.0,-1.0,287,Consumer,Organic,0
6300.0,5,2681.23,536.246,30,0.08979999999999999,5,21,2024-09-03,4.0,1.0,3.0,304,Small Business,Organic,1
6301.0,4,598.85,149.7125,0,0.10425000000000001,4,7,2024-06-01,1.0,3.0,-2.0,398,Consumer,Organic,0
6302.0,9,10976.53,1219.6144444444444,11,0.114,9,62,2024-10-05,4.0,5.0,-1.0,272,Enterprise,Email,0
6303.0,6,1031.08,171.84666666666666,150,0.0725,6,7,2023-11-17,0.0,6.0,-6.0,595,Consumer,Social,1
6304.0,5,5084.29,1016.858,38,0.1452,5,28,2024-11-26,2.0,3.0,-1.0,220,Enterprise,Social,0
6305.0,5,1502.81,300.562,168,0.0496,5,7,2024-04-15,0.0,5.0,-5.0,445,Consumer,Social,0
6306.0,6,1273.42,212.23666666666668,18,0.06333333333333334,6,11,2023-12-18,2.0,4.0,-2.0,564,Consumer,Paid Search,1
6307.0,2,757.7,378.85,153,0.066,2,2,2024-10-01,0.0,2.0,-2.0,276,Consumer,Organic,1
6308.0,9,2079.94,231.10444444444445,27,0.0478888888888889,9,16,2024-02-22,2.0,7.0,-5.0,498,Consumer,Social,0
6310.0,6,1064.17,177.36166666666668,2,0.056666666666666664,6,8,2023-10-25,1.0,5.0,-4.0,618,Consumer,Paid Search,0
6312.0,3,523.11,174.37,65,0.111,3,4,2024-08-15,1.0,2.0,-1.0,323,Consumer,Paid Search,0
6313.0,10,9736.279999999999,973.6279999999999,11,0.133,10,66,2023-12-15,2.0,8.0,-6.0,567,Enterprise,Social,0
6314.0,14,12582.93,898.7807142857143,169,0.12671428571428572,14,91,2023-05-27,0.0,14.0,-14.0,769,Enterprise,Paid Search,0
6316.0,9,3671.33,407.92555555555555,89,0.050666666666666665,9,14,2024-05-06,1.0,8.0,-7.0,424,Consumer,Email,0
6317.0,1,37.22,37.22,107,0.113,1,1,2025-03-19,0.0,1.0,-1.0,107,Consumer,Paid Search,0
6318.0,6,1517.11,252.85166666666666,132,0.04033333333333333,6,7,2024-01-26,0.0,6.0,-6.0,525,Consumer,Paid Search,0
6320.0,12,6201.58,516.7983333333333,15,0.11625,12,43,2023-12-04,3.0,9.0,-6.0,578,Small Business,Social,0
6321.0,2,261.71,130.855,99,0.0,2,3,2025-02-05,0.0,2.0,-2.0,149,Consumer,Organic,0
6323.0,3,1162.5900000000001,387.53000000000003,139,0.08633333333333333,3,7,2024-09-26,0.0,3.0,-3.0,281,Small Business,Paid Search,0
6324.0,16,12151.14,759.44625,12,0.158375,15,100,2024-05-15,5.0,11.0,-6.0,415,Enterprise,Social,0
6326.0,2,227.27,113.635,23,0.0625,2,3,2024-04-29,1.0,1.0,0.0,431,Consumer,Paid Search,1
6327.0,9,1648.51,183.1677777777778,70,0.03911111111111111,9,13,2023-08-05,1.0,8.0,-7.0,699,Consumer,Paid Search,0
6328.0,9,3674.0,408.22222222222223,15,0.0908888888888889,9,66,2024-09-16,4.0,5.0,-1.0,291,Enterprise,Organic,0
6329.0,7,1072.72,153.24571428571429,53,0.07771428571428572,7,10,2023-08-18,1.0,6.0,-5.0,686,Consumer,Paid Search,1
6331.0,2,119.33,59.665,81,0.035500000000000004,2,3,2025-01-30,1.0,1.0,0.0,155,Consumer,Organic,1
6332.0,2,693.05,346.525,50,0.087,2,2,2025-03-09,1.0,1.0,0.0,117,Consumer,Social,0
6333.0,7,1572.26,224.60857142857142,238,0.1167142857142857,7,24,2024-05-18,0.0,7.0,-7.0,412,Small Business,Organic,0
6336.0,3,710.57,236.85666666666668,28,0.03966666666666666,2,4,2023-11-09,1.0,2.0,-1.0,603,Consumer,Affiliate,1
6340.0,2,1160.12,580.06,152,0.029,2,3,2024-12-29,0.0,2.0,-2.0,187,Consumer,Paid Search,1
6341.0,10,3905.5,390.55,31,0.09040000000000001,10,34,2024-01-18,2.0,8.0,-6.0,533,Small Business,Social,0
6344.0,8,2106.2799999999997,263.28499999999997,25,0.07675,7,31,2024-10-21,2.0,6.0,-4.0,256,Small Business,Social,1
6345.0,9,2110.62,234.51333333333332,30,0.07355555555555555,9,13,2023-05-24,1.0,8.0,-7.0,772,Consumer,Social,0
6347.0,4,981.74,245.435,77,0.076,4,6,2024-03-12,1.0,3.0,-2.0,479,Consumer,Paid Search,0
6349.0,3,644.36,214.78666666666666,46,0.11733333333333333,3,11,2025-03-03,2.0,1.0,1.0,123,Small Business,Social,0
6350.0,1,166.99,166.99,459,0.104,1,1,2024-04-01,0.0,1.0,-1.0,459,Consumer,Direct,0
6351.0,6,726.4699999999999,121.07833333333332,136,0.06666666666666667,6,7,2023-09-23,0.0,6.0,-6.0,650,Consumer,Paid Search,1
6352.0,8,1259.92,157.49,53,0.068375,8,12,2023-07-06,1.0,7.0,-6.0,729,Consumer,Email,0
6354.0,2,75.44,37.72,235,0.105,2,2,2024-10-01,0.0,2.0,-2.0,276,Consumer,Direct,0
6358.0,4,905.88,226.47,108,0.03225,4,5,2024-11-07,0.0,4.0,-4.0,239,Consumer,Social,0
6359.0,2,617.99,308.995,18,0.1095,2,7,2024-11-07,1.0,1.0,0.0,239,Small Business,Affiliate,0
6360.0,2,138.61,69.305,133,0.0345,2,2,2024-07-28,0.0,2.0,-2.0,341,Consumer,Organic,0
6361.0,1,575.76,575.76,64,0.126,1,2,2025-05-01,1.0,0.0,1.0,64,Consumer,Affiliate,0
6364.0,1,248.04,248.04,236,0.07,1,2,2024-11-10,0.0,1.0,-1.0,236,Consumer,Paid Search,0
6365.0,4,257.96000000000004,64.49000000000001,287,0.03125,4,6,2024-06-25,0.0,4.0,-4.0,374,Consumer,Social,0
6367.0,2,112.71000000000001,56.355000000000004,76,0.0735,2,2,2025-03-14,1.0,1.0,0.0,112,Consumer,Social,0
6369.0,5,388.4,77.67999999999999,19,0.0668,4,7,2024-07-26,1.0,4.0,-3.0,343,Consumer,Email,1
6372.0,1,33.8,33.8,93,0.0,1,2,2025-04-02,0.0,1.0,-1.0,93,Consumer,Social,0
6373.0,3,567.0699999999999,189.0233333333333,75,0.14666666666666667,3,11,2025-01-15,1.0,2.0,-1.0,170,Small Business,Social,0
6375.0,2,484.8,242.4,28,0.0,2,3,2024-12-25,1.0,1.0,0.0,191,Consumer,Email,0
6376.0,6,1549.58,258.2633333333333,5,0.12283333333333334,6,18,2024-08-30,3.0,3.0,0.0,308,Small Business,Affiliate,0
6377.0,2,803.76,401.88,13,0.0275,2,3,2025-06-05,2.0,0.0,2.0,29,Consumer,Organic,0
6378.0,4,1005.67,251.4175,62,0.14775,4,16,2024-11-09,2.0,2.0,0.0,237,Small Business,Direct,0
6380.0,4,792.9100000000001,198.22750000000002,79,0.12225,4,6,2024-04-09,2.0,2.0,0.0,451,Consumer,Paid Search,0
6383.0,8,4164.47,520.55875,15,0.091375,7,31,2023-06-27,1.0,7.0,-6.0,738,Small Business,Paid Search,0
6384.0,1,147.26,147.26,278,0.126,1,1,2024-09-29,0.0,1.0,-1.0,278,Consumer,Direct,0
6387.0,3,2267.18,755.7266666666666,10,0.039,3,6,2025-01-22,2.0,1.0,1.0,163,Consumer,Social,0
6389.0,5,2153.45,430.68999999999994,163,0.1306,5,19,2024-03-10,0.0,5.0,-5.0,481,Small Business,Social,0
6390.0,4,1035.74,258.935,62,0.1635,4,19,2024-08-20,1.0,3.0,-2.0,318,Enterprise,Social,0
6393.0,3,1745.26,581.7533333333333,64,0.125,2,10,2024-12-13,1.0,2.0,-1.0,203,Small Business,Affiliate,1
6394.0,2,202.76999999999998,101.38499999999999,53,0.07100000000000001,2,3,2025-03-15,1.0,1.0,0.0,111,Consumer,Organic,0
6395.0,3,1635.6799999999998,545.2266666666666,98,0.07766666666666666,3,6,2024-12-17,0.0,3.0,-3.0,199,Consumer,Email,0
6396.0,21,28903.16,1376.3409523809523,31,0.13347619047619047,20,149,2023-08-22,1.0,20.0,-19.0,682,Enterprise,Paid Search,0
6399.0,4,2074.81,518.7025,102,0.04775,4,7,2024-12-27,0.0,4.0,-4.0,189,Consumer,Organic,0
6400.0,3,203.43,67.81,165,0.127,3,3,2024-07-24,0.0,3.0,-3.0,345,Consumer,Paid Search,0
6401.0,2,293.56,146.78,290,0.0625,2,4,2024-08-07,0.0,2.0,-2.0,331,Consumer,Direct,1
6402.0,4,340.97999999999996,85.24499999999999,9,0.05425,4,6,2023-12-13,2.0,2.0,0.0,569,Consumer,Direct,0
6404.0,2,823.76,411.88,111,0.0885,2,3,2024-12-04,0.0,2.0,-2.0,212,Consumer,Email,0
6405.0,10,6766.129999999999,676.6129999999999,1,0.1286,10,58,2024-04-12,2.0,8.0,-6.0,448,Enterprise,Paid Search,0
6406.0,1,44.94,44.94,98,0.003,1,1,2025-03-28,0.0,1.0,-1.0,98,Consumer,Social,0
6408.0,3,542.31,180.76999999999998,195,0.05366666666666667,3,5,2024-06-07,0.0,3.0,-3.0,392,Consumer,Affiliate,0
6409.0,2,876.44,438.22,130,0.103,2,3,2025-01-29,0.0,2.0,-2.0,156,Consumer,Affiliate,0
6410.0,2,714.86,357.43,21,0.08399999999999999,2,4,2025-02-11,1.0,1.0,0.0,143,Consumer,Paid Search,0
6411.0,5,366.89,73.378,133,0.083,5,8,2024-06-06,0.0,5.0,-5.0,393,Consumer,Paid Search,0
6412.0,5,606.04,121.208,6,0.057600000000000005,5,7,2024-11-23,3.0,2.0,1.0,223,Consumer,Social,1
6414.0,15,11190.6,746.0400000000001,4,0.15086666666666665,15,116,2024-01-13,3.0,12.0,-9.0,538,Enterprise,Paid Search,1
6415.0,3,1305.72,435.24,28,0.08466666666666667,3,4,2024-05-20,1.0,2.0,-1.0,410,Consumer,Affiliate,0
6417.0,4,1691.08,422.77,72,0.043250000000000004,4,6,2024-11-07,1.0,3.0,-2.0,239,Consumer,Social,1
6418.0,1,1646.9,1646.9,26,0.0,1,5,2025-06-08,1.0,0.0,1.0,26,Small Business,Affiliate,0
6419.0,4,636.39,159.0975,62,0.10149999999999999,4,6,2025-02-17,2.0,2.0,0.0,137,Consumer,Organic,0
6423.0,1,266.47,266.47,95,0.035,1,1,2025-03-31,0.0,1.0,-1.0,95,Consumer,Organic,0
6424.0,2,244.63,122.315,132,0.095,2,3,2024-12-21,0.0,2.0,-2.0,195,Consumer,Paid Search,0
6425.0,4,256.40999999999997,64.10249999999999,217,0.07375,4,6,2024-08-12,0.0,4.0,-4.0,326,Consumer,Organic,0
6426.0,7,17046.39,2435.1985714285715,42,0.11757142857142856,7,62,2024-10-02,2.0,5.0,-3.0,275,Enterprise,Paid Search,0
6427.0,5,1780.5,356.1,44,0.0422,5,8,2024-09-22,1.0,4.0,-3.0,285,Consumer,Paid Search,0
6428.0,4,3655.44,913.86,28,0.0735,4,15,2024-03-03,2.0,2.0,0.0,488,Small Business,Social,0
6429.0,7,5577.99,796.8557142857143,12,0.12671428571428572,7,28,2024-11-20,2.0,5.0,-3.0,226,Small Business,Social,0
6430.0,4,823.7800000000001,205.94500000000002,49,0.07625,4,4,2025-01-31,1.0,3.0,-2.0,154,Consumer,Paid Search,0
6431.0,5,428.28,85.65599999999999,10,0.0622,5,7,2024-03-06,1.0,4.0,-3.0,485,Consumer,Paid Search,0
6432.0,6,2543.84,423.97333333333336,53,0.09100000000000001,5,18,2024-06-19,1.0,5.0,-4.0,380,Small Business,Affiliate,0
6434.0,3,1282.67,427.5566666666667,24,0.02766666666666667,3,4,2025-02-04,2.0,1.0,1.0,150,Consumer,Social,0
6436.0,5,725.17,145.034,23,0.11599999999999999,5,18,2025-01-13,2.0,3.0,-1.0,172,Small Business,Affiliate,0
6439.0,2,182.76,91.38,63,0.051,2,3,2025-04-04,1.0,1.0,0.0,91,Consumer,Social,0
6441.0,11,1822.02,165.6381818181818,42,0.06090909090909091,10,17,2023-05-16,1.0,10.0,-9.0,780,Consumer,Organic,0
6442.0,1,168.94,168.94,48,0.052,1,2,2025-05-17,1.0,0.0,1.0,48,Consumer,Paid Search,0
6444.0,8,5227.52,653.44,30,0.15675,8,52,2024-06-21,1.0,7.0,-6.0,378,Enterprise,Paid Search,0
6445.0,2,306.53,153.265,29,0.009,2,3,2025-05-23,2.0,0.0,2.0,42,Consumer,Social,0
6446.0,4,605.27,151.3175,34,0.0725,4,7,2024-08-09,1.0,3.0,-2.0,329,Consumer,Paid Search,0
6447.0,10,5473.84,547.384,72,0.1105,9,39,2023-09-12,1.0,9.0,-8.0,661,Small Business,Email,0
6448.0,5,613.97,122.79400000000001,277,0.05700000000000001,5,6,2023-06-16,0.0,5.0,-5.0,749,Consumer,Organic,0
6449.0,4,355.76,88.94,95,0.07075,4,6,2023-11-15,0.0,4.0,-4.0,597,Consumer,Paid Search,0
6450.0,4,1019.46,254.865,18,0.064,4,4,2024-04-17,1.0,3.0,-2.0,443,Consumer,Email,0
6451.0,2,131.43,65.715,25,0.033,2,3,2025-03-10,1.0,1.0,0.0,116,Consumer,Paid Search,0
6452.0,1,82.64,82.64,221,0.085,1,2,2024-11-25,0.0,1.0,-1.0,221,Consumer,Organic,0
6453.0,1,64.32,64.32,208,0.027,1,2,2024-12-08,0.0,1.0,-1.0,208,Consumer,Social,0
6455.0,2,266.76,133.38,681,0.042,2,4,2023-07-28,0.0,2.0,-2.0,707,Consumer,Paid Search,0
6456.0,2,183.45999999999998,91.72999999999999,130,0.027,2,3,2025-01-31,0.0,2.0,-2.0,154,Consumer,Paid Search,1
6459.0,2,271.23,135.615,148,0.1345,2,2,2024-12-05,0.0,2.0,-2.0,211,Consumer,Paid Search,0
6460.0,2,537.04,268.52,152,0.0225,2,3,2024-04-11,0.0,2.0,-2.0,449,Consumer,Paid Search,1
6463.0,1,74.96,74.96,282,0.03,1,2,2024-09-25,0.0,1.0,-1.0,282,Consumer,Social,0
6464.0,2,1616.5,808.25,90,0.0675,1,4,2024-09-28,0.0,2.0,-2.0,279,Consumer,Organic,0
6465.0,4,1612.7,403.175,100,0.028749999999999998,4,6,2023-10-28,0.0,4.0,-4.0,615,Consumer,Paid Search,0
6466.0,1,399.04,399.04,127,0.054,1,2,2025-02-27,0.0,1.0,-1.0,127,Consumer,Direct,1
6469.0,4,972.56,243.14,96,0.030000000000000002,4,5,2024-10-02,0.0,4.0,-4.0,275,Consumer,Social,0
6470.0,4,305.31,76.3275,30,0.10099999999999999,4,5,2025-03-10,2.0,2.0,0.0,116,Consumer,Paid Search,0
6472.0,3,501.47,167.15666666666667,211,0.15933333333333335,3,9,2024-09-25,0.0,3.0,-3.0,282,Small Business,Direct,0
6474.0,4,1131.7,282.925,77,0.03825,4,7,2024-09-14,1.0,3.0,-2.0,293,Consumer,Paid Search,1
6475.0,2,184.14000000000001,92.07000000000001,220,0.077,2,3,2024-10-16,0.0,2.0,-2.0,261,Consumer,Direct,0
6476.0,4,500.6,125.15,36,0.04025,4,6,2024-12-06,2.0,2.0,0.0,210,Consumer,Paid Search,0
6477.0,6,1798.18,299.69666666666666,12,0.09316666666666668,6,21,2024-09-21,1.0,5.0,-4.0,286,Small Business,Paid Search,0
6479.0,3,500.92999999999995,166.97666666666666,116,0.03166666666666667,3,5,2024-12-13,0.0,3.0,-3.0,203,Consumer,Affiliate,1
6480.0,3,950.1999999999999,316.7333333333333,60,0.024333333333333332,3,3,2024-12-12,1.0,2.0,-1.0,204,Consumer,Paid Search,1
6481.0,6,6119.130000000001,1019.8550000000001,205,0.12966666666666668,6,46,2024-08-25,0.0,6.0,-6.0,313,Enterprise,Paid Search,1
6482.0,2,620.61,310.305,31,0.10300000000000001,2,8,2025-05-07,2.0,0.0,2.0,58,Small Business,Direct,0
6483.0,4,734.79,183.6975,145,0.07225,4,7,2024-07-17,0.0,4.0,-4.0,352,Consumer,Organic,0
6485.0,2,1300.88,650.44,105,0.0005,2,3,2024-12-30,0.0,2.0,-2.0,186,Consumer,Organic,0
6486.0,3,1121.44,373.81333333333333,9,0.158,3,9,2024-12-17,2.0,1.0,1.0,199,Small Business,Paid Search,0
6487.0,1,124.21,124.21,137,0.048,1,1,2025-02-17,0.0,1.0,-1.0,137,Consumer,Social,0
6488.0,1,53.92,53.92,249,0.132,1,2,2024-10-28,0.0,1.0,-1.0,249,Consumer,Social,0
6490.0,2,395.21000000000004,197.60500000000002,132,0.042,2,3,2024-11-29,0.0,2.0,-2.0,217,Consumer,Email,1
6491.0,3,2779.49,926.4966666666666,165,0.07933333333333333,3,12,2024-10-20,0.0,3.0,-3.0,257,Small Business,Social,0
6495.0,4,823.3,205.825,61,0.02275,4,5,2024-08-06,1.0,3.0,-2.0,332,Consumer,Email,1
6496.0,6,703.8,117.3,20,0.041833333333333333,6,9,2024-08-15,1.0,5.0,-4.0,323,Consumer,Email,0
6498.0,2,1233.99,616.995,30,0.1005,2,8,2025-01-26,1.0,1.0,0.0,159,Small Business,Affiliate,0
6499.0,1,39.44,39.44,67,0.095,1,2,2025-04-28,1.0,0.0,1.0,67,Small Business,Direct,0
6500.0,5,2997.85,599.5699999999999,34,0.1558,5,44,2024-11-28,3.0,2.0,1.0,218,Enterprise,Organic,0
6502.0,12,5694.24,474.52,14,0.08641666666666666,11,41,2024-02-05,4.0,8.0,-4.0,515,Small Business,Organic,0
6504.0,13,9474.63,728.8176923076923,57,0.15569230769230769,12,84,2024-02-20,3.0,10.0,-7.0,500,Enterprise,Paid Search,0
6505.0,5,2003.01,400.602,17,0.11699999999999999,5,14,2024-12-16,3.0,2.0,1.0,200,Small Business,Social,0
6507.0,1,7.7,7.7,138,0.056,1,1,2025-02-16,0.0,1.0,-1.0,138,Consumer,Organic,1
6508.0,3,1464.28,488.0933333333333,132,0.016,3,4,2024-07-18,0.0,3.0,-3.0,351,Consumer,Social,0
6511.0,1,1241.02,1241.02,144,0.027,1,2,2025-02-10,0.0,1.0,-1.0,144,Consumer,Organic,0
6513.0,4,1103.2,275.8,107,0.04625,4,7,2024-09-27,0.0,4.0,-4.0,280,Consumer,Paid Search,0
6516.0,3,589.4100000000001,196.47000000000003,194,0.079,3,3,2024-08-12,0.0,3.0,-3.0,326,Consumer,Paid Search,0
6517.0,3,322.69,107.56333333333333,146,0.11266666666666665,3,12,2024-09-12,0.0,3.0,-3.0,295,Small Business,Direct,0
6518.0,9,4214.38,468.26444444444445,145,0.04,7,15,2023-10-30,0.0,9.0,-9.0,613,Consumer,Paid Search,1
6519.0,4,227.1,56.775,96,0.04625,4,5,2024-11-26,0.0,4.0,-4.0,220,Consumer,Email,0
6520.0,2,251.87,125.935,23,0.085,2,2,2024-12-27,1.0,1.0,0.0,189,Consumer,Paid Search,1
6522.0,4,1009.3,252.325,134,0.056749999999999995,4,16,2024-04-21,0.0,4.0,-4.0,439,Small Business,Social,0
6523.0,4,526.87,131.7175,105,0.05275,4,5,2024-05-25,0.0,4.0,-4.0,405,Consumer,Social,0
6527.0,2,278.03999999999996,139.01999999999998,63,0.025,2,2,2025-04-25,2.0,0.0,2.0,70,Consumer,Email,0
6528.0,5,522.89,104.578,109,0.0328,5,7,2023-06-21,0.0,5.0,-5.0,744,Consumer,Paid Search,0
6529.0,1,267.9,267.9,209,0.0,1,1,2024-12-07,0.0,1.0,-1.0,209,Consumer,Direct,0
6530.0,3,3601.08,1200.36,11,0.058666666666666666,3,13,2024-11-23,2.0,1.0,1.0,223,Small Business,Social,0
6531.0,9,1543.8400000000001,171.5377777777778,87,0.08133333333333333,8,13,2023-06-30,1.0,8.0,-7.0,735,Consumer,Paid Search,0
6533.0,4,6696.92,1674.23,9,0.133,4,32,2025-02-25,3.0,1.0,2.0,129,Enterprise,Paid Search,0
6535.0,8,5104.58,638.0725,25,0.08275,8,28,2024-10-11,1.0,7.0,-6.0,266,Small Business,Social,0
6536.0,1,329.86,329.86,178,0.06,1,2,2025-01-07,0.0,1.0,-1.0,178,Consumer,Paid Search,0
6537.0,8,5336.74,667.0925,172,0.077625,8,29,2024-04-26,0.0,8.0,-8.0,434,Small Business,Email,0
6539.0,5,4325.09,865.018,32,0.131,5,35,2024-09-17,1.0,4.0,-3.0,290,Enterprise,Paid Search,0
6540.0,6,985.5799999999999,164.26333333333332,200,0.131,6,22,2024-01-22,0.0,6.0,-6.0,529,Small Business,Organic,0
6541.0,5,550.07,110.01400000000001,113,0.11159999999999999,5,7,2023-08-05,0.0,5.0,-5.0,699,Consumer,Paid Search,0
6542.0,1,269.14,269.14,112,0.163,1,2,2025-03-14,0.0,1.0,-1.0,112,Consumer,Affiliate,0
6548.0,3,401.91999999999996,133.97333333333333,17,0.023333333333333334,3,5,2024-11-09,2.0,1.0,1.0,237,Consumer,Organic,1
6549.0,1,118.68,118.68,54,0.177,1,1,2025-05-11,1.0,0.0,1.0,54,Consumer,Email,0
6550.0,3,216.33,72.11,31,0.06333333333333334,3,3,2024-08-14,1.0,2.0,-1.0,324,Consumer,Social,0
6551.0,3,229.76,76.58666666666666,203,0.06666666666666667,3,3,2024-03-07,0.0,3.0,-3.0,484,Consumer,Email,0
6552.0,1,566.68,566.68,130,0.193,1,1,2025-02-24,0.0,1.0,-1.0,130,Consumer,Paid Search,0
6553.0,14,19080.49,1362.892142857143,38,0.13485714285714287,13,93,2024-03-27,1.0,13.0,-12.0,464,Enterprise,Direct,0
6556.0,3,160.27,53.42333333333334,153,0.04666666666666667,3,3,2024-09-08,0.0,3.0,-3.0,299,Consumer,Social,0
6558.0,5,832.51,166.502,97,0.0658,5,7,2024-08-21,0.0,5.0,-5.0,317,Consumer,Social,0
6559.0,2,1244.13,622.065,343,0.098,2,2,2024-06-10,0.0,2.0,-2.0,389,Consumer,Affiliate,1
6560.0,3,1931.9499999999998,643.9833333333332,130,0.07166666666666667,3,4,2024-08-30,0.0,3.0,-3.0,308,Consumer,Affiliate,0
6561.0,4,2147.64,536.91,226,0.05625,4,8,2024-03-18,0.0,4.0,-4.0,473,Consumer,Email,0
6562.0,3,732.5799999999999,244.1933333333333,69,0.05733333333333334,3,8,2025-01-22,2.0,1.0,1.0,163,Small Business,Social,0
6563.0,4,660.98,165.245,5,0.052500000000000005,4,5,2024-03-25,1.0,3.0,-2.0,466,Consumer,Organic,0
6564.0,7,2518.03,359.71857142857147,53,0.07714285714285715,7,26,2024-02-24,3.0,4.0,-1.0,496,Small Business,Paid Search,0
6565.0,2,604.22,302.11,322,0.088,2,4,2024-05-22,0.0,2.0,-2.0,408,Consumer,Organic,1
6567.0,4,1708.39,427.0975,32,0.025750000000000002,4,6,2023-11-28,1.0,3.0,-2.0,584,Consumer,Affiliate,0
6568.0,7,3172.82,453.26000000000005,15,0.06528571428571428,7,11,2024-10-20,4.0,3.0,1.0,257,Consumer,Organic,1
6569.0,3,3706.33,1235.4433333333334,46,0.13133333333333333,3,25,2024-12-07,1.0,2.0,-1.0,209,Enterprise,Social,0
6572.0,6,1917.78,319.63,287,0.06699999999999999,6,11,2023-11-01,0.0,6.0,-6.0,611,Consumer,Paid Search,0
6574.0,3,1284.23,428.07666666666665,30,0.13633333333333333,3,11,2025-03-06,2.0,1.0,1.0,120,Small Business,Paid Search,0
6576.0,2,201.56,100.78,5,0.0815,2,3,2025-01-06,1.0,1.0,0.0,179,Consumer,Organic,0
6577.0,1,868.24,868.24,117,0.004,1,2,2025-03-09,0.0,1.0,-1.0,117,Consumer,Email,0
6578.0,7,2883.2599999999998,411.8942857142857,14,0.04342857142857143,7,12,2024-07-20,4.0,3.0,1.0,349,Consumer,Social,1
6579.0,2,263.1,131.55,106,0.09,2,3,2024-05-04,0.0,2.0,-2.0,426,Consumer,Direct,0
6580.0,1,279.88,279.88,263,0.038,1,1,2024-10-14,0.0,1.0,-1.0,263,Consumer,Affiliate,0
6581.0,6,955.34,159.22333333333333,174,0.035166666666666666,6,9,2023-07-16,0.0,6.0,-6.0,719,Consumer,Paid Search,0
6582.0,2,803.1,401.55,13,0.05,2,2,2025-02-26,1.0,1.0,0.0,128,Consumer,Social,0
6584.0,5,840.64,168.128,59,0.029200000000000004,5,6,2024-01-06,1.0,4.0,-3.0,545,Consumer,Paid Search,0
6585.0,4,563.4300000000001,140.85750000000002,203,0.06125,4,6,2023-10-10,0.0,4.0,-4.0,633,Consumer,Social,0
6587.0,2,479.86,239.93,277,0.0535,2,4,2024-08-24,0.0,2.0,-2.0,314,Consumer,Email,0
6591.0,6,4545.82,757.6366666666667,3,0.0655,6,23,2025-01-08,2.0,4.0,-2.0,177,Small Business,Organic,0
6592.0,7,2059.74,294.2485714285714,65,0.06871428571428571,6,9,2024-06-30,3.0,4.0,-1.0,369,Consumer,Email,0
6594.0,1,338.16,338.16,168,0.085,1,1,2025-01-17,0.0,1.0,-1.0,168,Consumer,Paid Search,0
6595.0,2,1777.48,888.74,17,0.11149999999999999,2,6,2025-05-20,2.0,0.0,2.0,45,Small Business,Paid Search,0
6596.0,4,542.74,135.685,9,0.0435,4,5,2024-10-22,2.0,2.0,0.0,255,Consumer,Email,1
6597.0,6,515.76,85.96,22,0.08833333333333333,6,8,2024-01-27,1.0,5.0,-4.0,524,Consumer,Organic,0
6598.0,7,1130.3600000000001,161.48000000000002,35,0.07371428571428572,6,10,2024-03-01,1.0,6.0,-5.0,490,Consumer,Affiliate,0
6599.0,2,645.62,322.81,45,0.036,2,2,2024-12-25,1.0,1.0,0.0,191,Consumer,Social,0
6600.0,3,146.83,48.943333333333335,209,0.046000000000000006,3,4,2024-03-06,0.0,3.0,-3.0,485,Consumer,Organic,0
6602.0,6,766.91,127.81833333333333,128,0.03466666666666667,6,8,2023-09-04,0.0,6.0,-6.0,669,Consumer,Direct,0
6603.0,1,30.2,30.2,25,0.116,1,4,2025-06-09,1.0,0.0,1.0,25,Small Business,Organic,0
6605.0,6,960.74,160.12333333333333,47,0.065,5,12,2024-07-17,1.0,5.0,-4.0,352,Consumer,Paid Search,0
6608.0,1,429.76,429.76,331,0.014,1,1,2024-08-07,0.0,1.0,-1.0,331,Consumer,Email,1
6609.0,3,388.13,129.37666666666667,94,0.10366666666666668,3,5,2025-01-23,0.0,3.0,-3.0,162,Consumer,Paid Search,1
6614.0,1,15.34,15.34,19,0.016,1,1,2025-06-15,1.0,0.0,1.0,19,Consumer,Paid Search,0
6621.0,3,1458.34,486.1133333333333,10,0.017333333333333333,3,4,2025-01-06,1.0,2.0,-1.0,179,Consumer,Organic,0
6623.0,2,485.08000000000004,242.54000000000002,252,0.0505,2,4,2024-08-12,0.0,2.0,-2.0,326,Consumer,Social,0
6624.0,3,282.03,94.00999999999999,8,0.17433333333333334,3,10,2025-05-30,3.0,0.0,3.0,35,Small Business,Paid Search,0
6627.0,4,338.05,84.5125,23,0.1075,4,4,2024-08-20,1.0,3.0,-2.0,318,Consumer,Organic,0
6628.0,5,4657.490000000001,931.4980000000002,26,0.1038,5,17,2025-01-07,3.0,2.0,1.0,178,Small Business,Paid Search,0
6629.0,2,406.79999999999995,203.39999999999998,315,0.0675,2,4,2024-06-23,0.0,2.0,-2.0,376,Consumer,Affiliate,0
6630.0,1,39.9,39.9,241,0.067,1,1,2024-11-05,0.0,1.0,-1.0,241,Consumer,Email,0
6631.0,5,1012.4300000000001,202.48600000000002,129,0.0738,5,7,2024-12-11,0.0,5.0,-5.0,205,Consumer,Paid Search,0
6633.0,3,1041.6,347.2,79,0.09766666666666667,3,6,2024-12-10,1.0,2.0,-1.0,206,Consumer,Paid Search,0
6635.0,8,4116.74,514.5925,53,0.0835,8,29,2024-05-05,1.0,7.0,-6.0,425,Small Business,Direct,0
6637.0,1,1061.04,1061.04,123,0.043,1,3,2025-03-03,0.0,1.0,-1.0,123,Small Business,Paid Search,1
6639.0,2,3375.96,1687.98,29,0.1735,2,15,2025-03-22,1.0,1.0,0.0,104,Enterprise,Affiliate,0
6642.0,7,2535.46,362.2085714285714,6,0.14942857142857144,7,43,2024-11-20,2.0,5.0,-3.0,226,Enterprise,Email,0
6643.0,7,1205.0,172.14285714285714,48,0.07671428571428571,7,10,2023-12-20,2.0,5.0,-3.0,562,Consumer,Email,0
6644.0,4,1390.33,347.5825,104,0.045,4,6,2024-07-11,0.0,4.0,-4.0,358,Consumer,Social,0
6646.0,4,165.62,41.405,34,0.05,4,5,2025-01-04,2.0,2.0,0.0,181,Consumer,Social,1
6647.0,2,442.75,221.375,105,0.0185,2,3,2025-03-01,0.0,2.0,-2.0,125,Consumer,Paid Search,0
6648.0,1,218.78,218.78,137,0.115,1,2,2025-02-17,0.0,1.0,-1.0,137,Consumer,Paid Search,1
6649.0,4,854.5999999999999,213.64999999999998,24,0.09825,4,5,2024-09-06,1.0,3.0,-2.0,301,Consumer,Social,0
6655.0,1,226.22,226.22,45,0.175,1,2,2025-05-20,1.0,0.0,1.0,45,Consumer,Paid Search,0
6657.0,6,1436.6999999999998,239.44999999999996,19,0.0645,6,7,2024-07-19,3.0,3.0,0.0,350,Consumer,Social,1
6658.0,2,269.5,134.75,113,0.0,2,3,2025-03-09,0.0,2.0,-2.0,117,Consumer,Email,1
6660.0,1,84.3,84.3,110,0.011,1,1,2025-03-16,0.0,1.0,-1.0,110,Consumer,Organic,0
6662.0,4,1058.6000000000001,264.65000000000003,9,0.11975,4,12,2025-01-23,2.0,2.0,0.0,162,Small Business,Social,0
6663.0,1,81.83,81.83,66,0.04,1,1,2025-04-29,1.0,0.0,1.0,66,Consumer,Organic,1
6666.0,3,716.73,238.91,110,0.077,3,5,2024-01-29,0.0,3.0,-3.0,522,Consumer,Social,1
6667.0,2,269.35,134.675,6,0.055,2,3,2025-02-08,1.0,1.0,0.0,146,Consumer,Organic,1
6668.0,3,837.91,279.30333333333334,116,0.09166666666666667,3,10,2024-09-25,0.0,3.0,-3.0,282,Small Business,Social,0
6669.0,7,1022.56,146.07999999999998,17,0.0982857142857143,7,11,2024-01-28,1.0,6.0,-5.0,523,Consumer,Organic,0
6670.0,1,68.53,68.53,183,0.066,1,1,2025-01-02,0.0,1.0,-1.0,183,Consumer,Email,0
6671.0,1,75.18,75.18,204,0.0,1,2,2024-12-12,0.0,1.0,-1.0,204,Consumer,Paid Search,0
6672.0,5,1589.33,317.866,20,0.034999999999999996,5,8,2024-05-02,1.0,4.0,-3.0,428,Consumer,Affiliate,0
6673.0,4,832.9000000000001,208.22500000000002,27,0.087,4,6,2025-02-04,2.0,2.0,0.0,150,Consumer,Affiliate,0
6674.0,1,1263.78,1263.78,49,0.082,1,2,2025-05-16,1.0,0.0,1.0,49,Consumer,Paid Search,0
6676.0,1,429.06,429.06,313,0.013,1,2,2024-08-25,0.0,1.0,-1.0,313,Consumer,Social,0
6677.0,1,35.49,35.49,5,0.0,1,1,2025-06-29,1.0,0.0,1.0,5,Consumer,Affiliate,0
6679.0,4,2361.7200000000003,590.4300000000001,4,0.10375,4,14,2024-11-19,1.0,3.0,-2.0,227,Small Business,Social,0
6680.0,7,729.14,104.16285714285713,20,0.03885714285714286,7,9,2023-07-12,2.0,5.0,-3.0,723,Consumer,Affiliate,0
6682.0,6,634.81,105.80166666666666,81,0.08233333333333333,5,7,2024-03-16,1.0,5.0,-4.0,475,Consumer,Paid Search,0
6687.0,7,943.19,134.74142857142857,91,0.06557142857142857,7,10,2024-05-23,0.0,7.0,-7.0,407,Consumer,Organic,0
6689.0,4,790.01,197.5025,52,0.03275,4,6,2024-08-26,1.0,3.0,-2.0,312,Consumer,Direct,1
6690.0,1,244.58,244.58,47,0.108,1,2,2025-05-18,1.0,0.0,1.0,47,Small Business,Social,0
6691.0,3,243.26999999999998,81.08999999999999,55,0.07133333333333333,3,5,2025-01-12,1.0,2.0,-1.0,173,Consumer,Organic,0
6692.0,9,3569.27,396.5855555555556,33,0.10388888888888889,9,28,2023-12-06,3.0,6.0,-3.0,576,Small Business,Email,0
6693.0,9,2479.13,275.4588888888889,52,0.13822222222222222,9,30,2023-05-02,1.0,8.0,-7.0,794,Small Business,Paid Search,0
6694.0,7,3045.48,435.06857142857143,200,0.13385714285714287,7,25,2023-10-09,0.0,7.0,-7.0,634,Small Business,Paid Search,0
6695.0,3,844.59,281.53000000000003,264,0.03366666666666667,3,5,2024-01-30,0.0,3.0,-3.0,521,Consumer,Direct,0
6696.0,11,1951.0,177.36363636363637,17,0.12481818181818181,11,37,2024-05-24,4.0,7.0,-3.0,406,Small Business,Email,0
6698.0,2,119.14999999999999,59.574999999999996,25,0.058499999999999996,2,2,2025-04-23,2.0,0.0,2.0,72,Consumer,Paid Search,1
6707.0,6,3061.46,510.24333333333334,34,0.05033333333333334,6,20,2024-12-20,2.0,4.0,-2.0,196,Small Business,Affiliate,0
6708.0,4,906.2500000000001,226.56250000000003,64,0.040499999999999994,4,6,2024-12-16,1.0,3.0,-2.0,200,Consumer,Social,0
6710.0,2,438.21000000000004,219.10500000000002,19,0.0,2,3,2025-01-31,1.0,1.0,0.0,154,Consumer,Social,0
6712.0,6,1270.3,211.71666666666667,311,0.08866666666666667,6,12,2023-08-03,0.0,6.0,-6.0,701,Consumer,Affiliate,0
6713.0,11,9126.09,829.6445454545454,302,0.10872727272727273,11,39,2023-03-05,0.0,11.0,-11.0,852,Small Business,Organic,0
6714.0,2,440.66,220.33,111,0.0585,2,4,2025-01-02,0.0,2.0,-2.0,183,Consumer,Organic,1
6715.0,8,2142.73,267.84125,64,0.026625,8,12,2024-01-09,2.0,6.0,-4.0,542,Consumer,Paid Search,0
6717.0,11,2454.61,223.14636363636365,1,0.049090909090909095,9,16,2023-03-26,2.0,9.0,-7.0,831,Consumer,Affiliate,0
6719.0,1,48.1,48.1,370,0.101,1,1,2024-06-29,0.0,1.0,-1.0,370,Consumer,Paid Search,0
6721.0,3,430.61,143.53666666666666,94,0.0016666666666666668,3,5,2025-03-21,0.0,3.0,-3.0,105,Consumer,Organic,0
6722.0,8,5096.02,637.0025,100,0.106375,7,30,2023-06-05,0.0,8.0,-8.0,760,Small Business,Paid Search,0
6723.0,4,1262.43,315.6075,55,0.09275,4,6,2024-01-05,1.0,3.0,-2.0,546,Consumer,Paid Search,1
6727.0,4,965.47,241.3675,77,0.04875,4,6,2024-06-26,1.0,3.0,-2.0,373,Consumer,Email,0
6728.0,2,44.72,22.36,56,0.0795,2,4,2025-01-27,1.0,1.0,0.0,158,Consumer,Social,1
6729.0,9,1179.94,131.10444444444445,29,0.07355555555555555,9,13,2023-12-04,2.0,7.0,-5.0,578,Consumer,Organic,0
6730.0,1,53.72,53.72,139,0.185,1,4,2025-02-15,0.0,1.0,-1.0,139,Small Business,Organic,0
6731.0,1,578.36,578.36,184,0.215,1,4,2025-01-01,0.0,1.0,-1.0,184,Small Business,Affiliate,0
6732.0,9,3721.31,413.4788888888889,25,0.10355555555555555,9,27,2024-04-07,3.0,6.0,-3.0,453,Small Business,Email,0
6733.0,3,2817.2999999999997,939.0999999999999,68,0.149,3,9,2025-02-22,1.0,2.0,-1.0,132,Small Business,Paid Search,0
6735.0,8,2314.2,289.275,122,0.076875,8,11,2023-03-03,0.0,8.0,-8.0,854,Consumer,Email,0
6736.0,12,12916.25,1076.3541666666667,92,0.17800000000000002,12,80,2024-06-21,0.0,12.0,-12.0,378,Enterprise,Paid Search,0
6737.0,4,623.1,155.775,96,0.07325,4,5,2024-07-10,0.0,4.0,-4.0,359,Consumer,Organic,0
6738.0,4,1763.4,440.85,86,0.033,4,7,2024-01-29,1.0,3.0,-2.0,522,Consumer,Social,1
6739.0,4,1667.38,416.845,71,0.050249999999999996,4,6,2024-08-16,1.0,3.0,-2.0,322,Consumer,Paid Search,0
6741.0,6,765.8299999999999,127.63833333333332,242,0.07233333333333333,6,10,2023-11-09,0.0,6.0,-6.0,603,Consumer,Social,0
6746.0,6,4283.1,713.85,145,0.07283333333333333,6,11,2024-03-15,0.0,6.0,-6.0,476,Consumer,Paid Search,1
6747.0,8,1938.5900000000001,242.32375000000002,69,0.051000000000000004,7,12,2024-02-01,1.0,7.0,-6.0,519,Consumer,Organic,0
6748.0,3,601.41,200.47,35,0.029333333333333333,3,3,2025-02-09,2.0,1.0,1.0,145,Consumer,Social,0
6751.0,1,145.28,145.28,108,0.01,1,2,2025-03-18,0.0,1.0,-1.0,108,Consumer,Paid Search,1
6752.0,2,649.72,324.86,332,0.012,2,4,2024-07-11,0.0,2.0,-2.0,358,Consumer,Social,0
6754.0,6,927.8399999999999,154.64,27,0.052,6,9,2024-05-16,2.0,4.0,-2.0,414,Consumer,Organic,0
6756.0,3,411.4,137.13333333333333,91,0.032,3,4,2024-07-20,0.0,3.0,-3.0,349,Consumer,Direct,0
6757.0,3,412.46,137.48666666666665,45,0.04800000000000001,3,5,2024-12-14,1.0,2.0,-1.0,202,Consumer,Social,1
6758.0,8,3678.25,459.78125,21,0.12775,8,27,2024-10-09,2.0,6.0,-4.0,268,Small Business,Paid Search,0
6759.0,3,860.2800000000001,286.76000000000005,137,0.05366666666666667,3,4,2024-01-12,0.0,3.0,-3.0,539,Consumer,Paid Search,1
6760.0,3,413.1,137.70000000000002,257,0.059,3,4,2024-07-30,0.0,3.0,-3.0,339,Consumer,Direct,0
6762.0,15,24011.09,1600.7393333333334,1,0.16313333333333332,15,105,2023-12-14,4.0,11.0,-7.0,568,Enterprise,Email,0
6764.0,5,1784.56,356.912,69,0.10840000000000001,5,19,2024-09-11,2.0,3.0,-1.0,296,Small Business,Paid Search,0
6765.0,8,2136.09,267.01125,51,0.135875,8,22,2024-02-01,2.0,6.0,-4.0,519,Small Business,Affiliate,1
6766.0,19,10565.25,556.0657894736842,98,0.1261578947368421,18,107,2023-04-21,0.0,19.0,-19.0,805,Enterprise,Direct,0
6767.0,9,3936.2799999999997,437.3644444444444,5,0.09922222222222223,9,28,2024-05-26,2.0,7.0,-5.0,404,Small Business,Paid Search,0
6768.0,3,224.95000000000002,74.98333333333333,372,0.08333333333333333,3,4,2023-09-18,0.0,3.0,-3.0,655,Consumer,Paid Search,0
6769.0,5,712.74,142.548,4,0.081,4,8,2024-12-10,3.0,2.0,1.0,206,Consumer,Email,1
6773.0,8,9311.59,1163.94875,25,0.115125,8,30,2024-08-31,2.0,6.0,-4.0,307,Small Business,Direct,0
6776.0,2,1222.5300000000002,611.2650000000001,267,0.032,2,2,2024-06-27,0.0,2.0,-2.0,372,Consumer,Social,0
6777.0,1,152.83,152.83,219,0.129,1,1,2024-11-27,0.0,1.0,-1.0,219,Consumer,Paid Search,0
6778.0,2,97.39,48.695,0,0.006,2,2,2025-02-28,1.0,1.0,0.0,126,Consumer,Social,1
6780.0,4,2101.0699999999997,525.2674999999999,17,0.11125,4,28,2025-02-21,3.0,1.0,2.0,133,Enterprise,Organic,0
6781.0,3,2076.77,692.2566666666667,32,0.09399999999999999,3,13,2024-06-25,2.0,1.0,1.0,374,Small Business,Social,0
6783.0,9,5289.02,587.6688888888889,11,0.11877777777777777,8,33,2024-03-08,2.0,7.0,-5.0,483,Small Business,Affiliate,0
6788.0,4,427.7,106.925,40,0.033,4,6,2024-09-22,2.0,2.0,0.0,285,Consumer,Email,0
6792.0,2,380.24,190.12,297,0.0195,2,2,2024-08-19,0.0,2.0,-2.0,319,Consumer,Direct,1
6793.0,7,1750.71,250.10142857142858,2,0.05014285714285715,7,9,2024-01-26,1.0,6.0,-5.0,525,Consumer,Paid Search,1
6794.0,6,2936.74,489.45666666666665,45,0.12083333333333333,6,22,2024-08-31,1.0,5.0,-4.0,307,Small Business,Paid Search,0
6795.0,1,316.88,316.88,40,0.097,1,2,2025-05-25,1.0,0.0,1.0,40,Consumer,Social,1
6796.0,2,550.48,275.24,102,0.0555,2,4,2025-01-07,0.0,2.0,-2.0,178,Consumer,Paid Search,0
6800.0,3,909.2,303.06666666666666,53,0.008666666666666666,3,4,2024-12-19,1.0,2.0,-1.0,197,Consumer,Email,0
6801.0,3,501.07,167.02333333333334,60,0.06333333333333334,3,3,2025-01-31,1.0,2.0,-1.0,154,Consumer,Organic,1
6802.0,3,253.89000000000001,84.63000000000001,101,0.05333333333333334,3,3,2024-10-24,0.0,3.0,-3.0,253,Consumer,Social,1
6803.0,5,499.33,99.866,120,0.05500000000000001,5,9,2024-07-03,0.0,5.0,-5.0,366,Consumer,Social,1
6804.0,5,375.75,75.15,187,0.0688,5,7,2024-01-14,0.0,5.0,-5.0,537,Consumer,Affiliate,0
6805.0,2,2005.9099999999999,1002.9549999999999,41,0.0805,2,7,2025-05-13,2.0,0.0,2.0,52,Small Business,Social,0
6806.0,5,1994.79,398.95799999999997,69,0.09459999999999999,5,12,2024-04-17,1.0,4.0,-3.0,443,Small Business,Social,0
6807.0,2,209.01,104.505,110,0.0825,2,3,2025-01-18,0.0,2.0,-2.0,167,Consumer,Paid Search,0
6808.0,10,1153.16,115.316,35,0.0371,10,17,2024-01-15,2.0,8.0,-6.0,536,Consumer,Paid Search,0
6809.0,2,597.98,298.99,69,0.113,2,4,2024-12-15,1.0,1.0,0.0,201,Consumer,Social,0
6810.0,4,438.71000000000004,109.67750000000001,172,0.08075,4,6,2023-11-07,0.0,4.0,-4.0,605,Consumer,Organic,0
6811.0,1,104.07,104.07,130,0.027,1,1,2025-02-24,0.0,1.0,-1.0,130,Consumer,Affiliate,0
6812.0,5,1242.77,248.554,98,0.0818,4,8,2025-01-09,0.0,5.0,-5.0,176,Consumer,Direct,0
6813.0,6,3367.84,561.3066666666667,154,0.049999999999999996,6,20,2024-10-24,0.0,6.0,-6.0,253,Small Business,Social,0
6814.0,2,188.32,94.16,39,0.0685,2,3,2025-02-10,1.0,1.0,0.0,144,Consumer,Social,0
6816.0,1,135.22,135.22,188,0.0,1,2,2024-12-28,0.0,1.0,-1.0,188,Consumer,Social,0
6818.0,3,1095.33,365.10999999999996,45,0.042666666666666665,3,5,2024-11-29,1.0,2.0,-1.0,217,Consumer,Organic,0
6821.0,3,434.27,144.75666666666666,42,0.037,3,3,2024-09-24,2.0,1.0,1.0,283,Consumer,Social,0
6823.0,7,3507.42,501.06,50,0.03585714285714286,6,13,2024-03-31,1.0,6.0,-5.0,460,Consumer,Paid Search,0
6825.0,1,460.08,460.08,29,0.022,1,4,2025-06-05,1.0,0.0,1.0,29,Small Business,Paid Search,0
6826.0,8,2732.11,341.51375,67,0.08975,7,12,2024-01-11,1.0,7.0,-6.0,540,Consumer,Email,0
6829.0,1,471.99,471.99,416,0.075,1,1,2024-05-14,0.0,1.0,-1.0,416,Consumer,Affiliate,0
6831.0,3,218.60000000000002,72.86666666666667,148,0.028666666666666663,3,5,2024-07-09,0.0,3.0,-3.0,360,Consumer,Paid Search,0
6832.0,2,3558.4,1779.2,33,0.03,2,10,2025-03-24,1.0,1.0,0.0,102,Small Business,Social,0
6834.0,2,853.4000000000001,426.70000000000005,21,0.0675,2,4,2024-08-01,1.0,1.0,0.0,337,Consumer,Email,0
6835.0,1,211.16,211.16,73,0.0,1,2,2025-04-22,1.0,0.0,1.0,73,Consumer,Paid Search,1
6837.0,4,706.79,176.6975,20,0.06425,4,6,2023-12-25,1.0,3.0,-2.0,557,Consumer,Social,0
6838.0,3,523.64,174.54666666666665,165,0.011666666666666665,3,5,2024-10-05,0.0,3.0,-3.0,272,Consumer,Organic,1
6839.0,3,959.0,319.6666666666667,102,0.06,3,6,2024-07-03,0.0,3.0,-3.0,366,Consumer,Affiliate,0
6841.0,7,1045.02,149.28857142857143,161,0.020571428571428574,7,10,2023-12-13,0.0,7.0,-7.0,569,Consumer,Email,0
6842.0,7,5653.95,807.7071428571428,43,0.15257142857142858,7,46,2024-03-27,1.0,6.0,-5.0,464,Enterprise,Email,0
6844.0,5,1474.7,294.94,137,0.088,5,7,2024-05-17,0.0,5.0,-5.0,413,Consumer,Email,0
6845.0,2,451.28999999999996,225.64499999999998,0,0.08049999999999999,2,3,2025-05-23,2.0,0.0,2.0,42,Consumer,Social,0
6848.0,5,1992.4,398.48,44,0.05500000000000001,5,8,2023-11-23,1.0,4.0,-3.0,589,Consumer,Organic,1
6851.0,7,10832.18,1547.4542857142858,5,0.13428571428571429,7,51,2024-07-23,2.0,5.0,-3.0,346,Enterprise,Paid Search,0
6854.0,3,340.08,113.36,33,0.046000000000000006,3,3,2025-02-21,2.0,1.0,1.0,133,Consumer,Paid Search,1
6855.0,5,6862.83,1372.566,115,0.098,5,35,2024-11-27,0.0,5.0,-5.0,219,Enterprise,Paid Search,0
6858.0,1,256.32,256.32,49,0.047,1,2,2025-05-16,1.0,0.0,1.0,49,Consumer,Paid Search,0
6863.0,3,764.24,254.74666666666667,271,0.027,3,5,2024-03-27,0.0,3.0,-3.0,464,Consumer,Paid Search,0
6864.0,7,2626.27,375.18142857142857,125,0.09085714285714286,7,28,2024-05-22,0.0,7.0,-7.0,408,Small Business,Email,0
6865.0,1,28.87,28.87,12,0.16,1,1,2025-06-22,1.0,0.0,1.0,12,Consumer,Affiliate,0
6866.0,1,29.54,29.54,236,0.126,1,2,2024-11-10,0.0,1.0,-1.0,236,Consumer,Email,1
6867.0,1,159.91,159.91,132,0.09,1,1,2025-02-22,0.0,1.0,-1.0,132,Consumer,Affiliate,0
6870.0,2,158.35,79.175,41,0.0,2,3,2024-10-15,1.0,1.0,0.0,262,Consumer,Social,0
6872.0,7,4184.63,597.8042857142857,162,0.114,7,25,2024-02-29,0.0,7.0,-7.0,491,Small Business,Organic,0
6873.0,2,339.78000000000003,169.89000000000001,7,0.08299999999999999,2,3,2025-01-21,1.0,1.0,0.0,164,Consumer,Social,0
6874.0,4,519.24,129.81,307,0.0305,4,5,2023-10-20,0.0,4.0,-4.0,623,Consumer,Paid Search,0
6875.0,1,1271.4,1271.4,118,0.035,1,4,2025-03-08,0.0,1.0,-1.0,118,Small Business,Paid Search,1
6876.0,4,1220.0200000000002,305.00500000000005,11,0.10525000000000001,4,6,2025-01-11,2.0,2.0,0.0,174,Consumer,Social,0
6879.0,9,5686.91,631.8788888888889,51,0.09911111111111111,8,28,2024-07-16,2.0,7.0,-5.0,353,Small Business,Paid Search,0
6880.0,6,675.74,112.62333333333333,184,0.06266666666666666,6,9,2023-05-27,0.0,6.0,-6.0,769,Consumer,Organic,0
6881.0,3,638.3299999999999,212.77666666666664,58,0.042333333333333334,3,5,2024-09-20,1.0,2.0,-1.0,287,Consumer,Social,1
6884.0,6,880.77,146.795,42,0.03416666666666667,6,9,2024-06-12,1.0,5.0,-4.0,387,Consumer,Social,0
6885.0,4,1031.35,257.8375,16,0.07925,4,6,2024-07-20,2.0,2.0,0.0,349,Consumer,Social,0
6888.0,2,874.6400000000001,437.32000000000005,235,0.0925,2,2,2024-09-03,0.0,2.0,-2.0,304,Consumer,Paid Search,0
6889.0,5,646.44,129.288,30,0.0712,5,8,2023-09-09,1.0,4.0,-3.0,664,Consumer,Affiliate,1
6890.0,8,1196.1399999999999,149.51749999999998,96,0.066125,8,12,2024-08-12,0.0,8.0,-8.0,326,Consumer,Email,0
6891.0,1,128.92,128.92,257,0.052,1,2,2024-10-20,0.0,1.0,-1.0,257,Consumer,Paid Search,0
6892.0,2,899.1199999999999,449.55999999999995,60,0.0775,2,4,2025-04-27,2.0,0.0,2.0,68,Consumer,Organic,1
6893.0,11,4251.26,386.47818181818184,4,0.08754545454545455,11,43,2024-01-24,2.0,9.0,-7.0,527,Small Business,Direct,0
6895.0,4,1450.69,362.6725,43,0.08275,4,16,2024-12-07,2.0,2.0,0.0,209,Small Business,Paid Search,0
6896.0,14,12635.74,902.5528571428571,10,0.106,14,82,2024-04-25,3.0,11.0,-8.0,435,Enterprise,Paid Search,0
6897.0,3,281.51,93.83666666666666,61,0.025333333333333333,3,5,2024-12-09,1.0,2.0,-1.0,207,Consumer,Paid Search,0
6898.0,3,660.71,220.23666666666668,65,0.061,3,5,2025-03-01,2.0,1.0,1.0,125,Consumer,Email,0
6901.0,4,262.86,65.715,108,0.0805,4,6,2024-01-25,0.0,4.0,-4.0,526,Consumer,Social,0
6905.0,2,88.08,44.04,41,0.043000000000000003,2,4,2025-02-24,1.0,1.0,0.0,130,Consumer,Paid Search,0
6906.0,5,581.63,116.326,120,0.0524,5,6,2024-08-25,0.0,5.0,-5.0,313,Consumer,Affiliate,0
6907.0,3,349.13,116.37666666666667,493,0.02666666666666667,3,5,2023-05-02,0.0,3.0,-3.0,794,Consumer,Organic,0
6910.0,4,711.31,177.8275,19,0.04475,4,5,2025-03-12,3.0,1.0,2.0,114,Consumer,Paid Search,0
6911.0,4,3113.99,778.4975,55,0.1565,4,13,2025-01-28,1.0,3.0,-2.0,157,Small Business,Social,0
6912.0,8,2300.83,287.60375,50,0.06,7,12,2023-07-25,1.0,7.0,-6.0,710,Consumer,Email,0
6913.0,8,4499.63,562.45375,13,0.03875,8,12,2024-02-04,2.0,6.0,-4.0,516,Consumer,Affiliate,0
6914.0,1,95.84,95.84,25,0.104,1,1,2025-06-09,1.0,0.0,1.0,25,Consumer,Social,1
6915.0,1,776.75,776.75,25,0.078,1,5,2025-06-09,1.0,0.0,1.0,25,Small Business,Paid Search,1
6918.0,3,572.61,190.87,53,0.04866666666666667,3,4,2025-02-10,2.0,1.0,1.0,144,Consumer,Social,0
6920.0,7,772.83,110.40428571428572,85,0.04871428571428571,7,11,2023-10-15,1.0,6.0,-5.0,628,Consumer,Paid Search,0
6923.0,6,1094.22,182.37,36,0.09600000000000002,6,8,2024-08-15,1.0,5.0,-4.0,323,Consumer,Paid Search,1
6924.0,3,702.6400000000001,234.21333333333337,93,0.017666666666666667,3,6,2024-09-09,0.0,3.0,-3.0,298,Consumer,Paid Search,0
6925.0,5,812.87,162.574,119,0.04939999999999999,5,7,2024-05-08,0.0,5.0,-5.0,422,Consumer,Social,0
6926.0,1,121.06,121.06,283,0.175,1,2,2024-09-24,0.0,1.0,-1.0,283,Consumer,Social,0
6927.0,1,698.24,698.24,72,0.068,1,1,2025-04-23,1.0,0.0,1.0,72,Consumer,Social,1
6928.0,6,3477.58,579.5966666666667,9,0.015166666666666667,6,11,2024-08-21,2.0,4.0,-2.0,317,Consumer,Paid Search,1
6930.0,4,1055.47,263.8675,260,0.0865,4,7,2024-04-17,0.0,4.0,-4.0,443,Consumer,Direct,0
6931.0,10,3018.68,301.868,108,0.06939999999999999,10,14,2023-06-15,0.0,10.0,-10.0,750,Consumer,Social,0
6932.0,5,666.25,133.25,38,0.0806,5,9,2024-11-06,2.0,3.0,-1.0,240,Consumer,Organic,0
6933.0,2,794.81,397.405,55,0.20450000000000002,2,7,2024-06-19,1.0,1.0,0.0,380,Small Business,Affiliate,0
6935.0,8,5417.57,677.19625,20,0.133375,8,31,2024-05-28,1.0,7.0,-6.0,402,Small Business,Affiliate,0
6936.0,2,176.20999999999998,88.10499999999999,23,0.056499999999999995,2,2,2024-08-24,1.0,1.0,0.0,314,Consumer,Social,1
6937.0,6,702.8199999999999,117.13666666666666,126,0.04133333333333333,6,9,2024-02-14,0.0,6.0,-6.0,506,Consumer,Organic,0
6938.0,3,1187.75,395.9166666666667,39,0.09533333333333334,3,9,2024-08-31,1.0,2.0,-1.0,307,Small Business,Social,0
6939.0,3,1058.18,352.7266666666667,106,0.144,3,27,2025-02-10,0.0,3.0,-3.0,144,Enterprise,Paid Search,0
6941.0,2,256.88,128.44,183,0.028999999999999998,2,4,2024-11-18,0.0,2.0,-2.0,228,Consumer,Email,0
6942.0,3,888.4,296.1333333333333,25,0.03,3,6,2025-01-28,1.0,2.0,-1.0,157,Consumer,Paid Search,0
6943.0,4,404.81,101.2025,80,0.06025,4,4,2024-10-25,1.0,3.0,-2.0,252,Consumer,Organic,0
6945.0,2,215.39,107.695,81,0.0815,2,3,2025-03-08,1.0,1.0,0.0,118,Consumer,Affiliate,0
6946.0,3,417.43,139.14333333333335,76,0.06599999999999999,3,4,2024-06-13,1.0,2.0,-1.0,386,Consumer,Organic,0
6949.0,1,1109.66,1109.66,171,0.13,1,2,2025-01-14,0.0,1.0,-1.0,171,Consumer,Paid Search,0
6952.0,3,145.39999999999998,48.46666666666666,73,0.0013333333333333333,3,6,2024-04-27,2.0,1.0,1.0,433,Consumer,Affiliate,0
6954.0,1,144.1,144.1,115,0.095,1,1,2025-03-11,0.0,1.0,-1.0,115,Consumer,Direct,0
6955.0,1,20.68,20.68,24,0.081,1,2,2025-06-10,1.0,0.0,1.0,24,Consumer,Direct,0
6956.0,1,336.16,336.16,228,0.017,1,2,2024-11-18,0.0,1.0,-1.0,228,Consumer,Organic,0
6958.0,2,3506.0299999999997,1753.0149999999999,49,0.14850000000000002,2,9,2025-01-12,1.0,1.0,0.0,173,Small Business,Social,0
6959.0,1,149.1,149.1,193,0.081,1,2,2024-12-23,0.0,1.0,-1.0,193,Small Business,Social,0
6960.0,10,2121.38,212.138,76,0.047599999999999996,10,14,2023-12-08,1.0,9.0,-8.0,574,Consumer,Paid Search,0
6961.0,3,204.16,68.05333333333333,80,0.05333333333333334,3,5,2024-11-15,1.0,2.0,-1.0,231,Consumer,Paid Search,0
6964.0,3,928.76,309.58666666666664,283,0.025666666666666667,3,4,2023-11-27,0.0,3.0,-3.0,585,Consumer,Social,0
6967.0,1,119.28,119.28,236,0.048,1,2,2024-11-10,0.0,1.0,-1.0,236,Consumer,Organic,0
6968.0,8,1186.8,148.35,65,0.075625,8,10,2023-07-31,1.0,7.0,-6.0,704,Consumer,Direct,1
6969.0,2,102.76,51.38,16,0.0145,2,4,2025-05-17,2.0,0.0,2.0,48,Consumer,Social,0
6970.0,6,616.32,102.72000000000001,3,0.058166666666666665,6,8,2023-11-26,2.0,4.0,-2.0,586,Consumer,Email,0
6971.0,3,467.92999999999995,155.97666666666666,11,0.06033333333333333,3,5,2024-07-31,1.0,2.0,-1.0,338,Consumer,Direct,0
6972.0,1,758.24,758.24,67,0.082,1,2,2025-04-28,1.0,0.0,1.0,67,Consumer,Organic,1
6974.0,1,241.38,241.38,15,0.095,1,2,2025-06-19,1.0,0.0,1.0,15,Consumer,Organic,0
6977.0,8,2714.5,339.3125,72,0.100125,8,13,2023-08-25,2.0,6.0,-4.0,679,Consumer,Email,0
6978.0,5,4437.95,887.5899999999999,89,0.1276,5,17,2024-04-24,1.0,4.0,-3.0,436,Small Business,Social,1
6981.0,3,1637.6,545.8666666666667,52,0.06,3,10,2024-11-30,2.0,1.0,1.0,216,Small Business,Affiliate,0
6983.0,3,2385.2,795.0666666666666,97,0.108,3,7,2024-12-29,0.0,3.0,-3.0,187,Small Business,Direct,0
6986.0,10,7341.79,734.179,89,0.1288,9,59,2023-11-27,1.0,9.0,-8.0,585,Enterprise,Direct,0
6987.0,4,396.53,99.1325,17,0.045,4,5,2024-03-07,2.0,2.0,0.0,484,Consumer,Paid Search,1
6988.0,11,7733.23,703.0209090909091,136,0.14027272727272727,11,82,2023-12-12,0.0,11.0,-11.0,570,Enterprise,Paid Search,0
6992.0,8,3029.42,378.6775,122,0.107125,8,29,2023-12-15,0.0,8.0,-8.0,567,Small Business,Email,0
6993.0,6,1329.22,221.53666666666666,33,0.10149999999999999,6,20,2025-01-08,1.0,5.0,-4.0,177,Small Business,Paid Search,0
6994.0,5,785.68,157.136,92,0.0856,5,11,2024-02-21,0.0,5.0,-5.0,499,Small Business,Email,0
6995.0,11,9195.22,835.9290909090909,38,0.14736363636363636,10,72,2024-07-20,3.0,8.0,-5.0,349,Enterprise,Organic,0
6996.0,9,5457.92,606.4355555555555,44,0.109,9,32,2024-05-03,3.0,6.0,-3.0,427,Small Business,Direct,0
6998.0,5,1106.28,221.256,141,0.033600000000000005,5,8,2024-01-13,0.0,5.0,-5.0,538,Consumer,Organic,0
7002.0,2,218.24,109.12,4,0.0635,2,4,2025-05-22,2.0,0.0,2.0,43,Consumer,Paid Search,1
7005.0,3,374.2,124.73333333333333,113,0.08566666666666667,3,4,2024-12-02,0.0,3.0,-3.0,214,Consumer,Organic,0
7008.0,3,721.8100000000001,240.60333333333335,7,0.035,3,4,2024-10-08,1.0,2.0,-1.0,269,Consumer,Paid Search,0
7009.0,2,111.58,55.79,136,0.064,2,2,2025-02-04,0.0,2.0,-2.0,150,Consumer,Paid Search,0
7011.0,4,1076.24,269.06,1,0.065,4,5,2024-03-24,1.0,3.0,-2.0,467,Consumer,Email,1
7013.0,9,1740.5,193.38888888888889,22,0.03833333333333333,8,13,2023-12-29,2.0,7.0,-5.0,553,Consumer,Email,0
7014.0,2,332.6,166.3,91,0.0415,2,3,2024-10-10,0.0,2.0,-2.0,267,Consumer,Direct,0
7015.0,4,1079.37,269.8425,43,0.07075,4,7,2024-08-20,2.0,2.0,0.0,318,Consumer,Direct,0
7016.0,4,1351.46,337.865,17,0.025,4,6,2024-05-26,1.0,3.0,-2.0,404,Consumer,Organic,1
7017.0,7,4351.1,621.5857142857143,44,0.1427142857142857,6,26,2024-11-23,2.0,5.0,-3.0,223,Small Business,Social,0
7018.0,2,743.36,371.68,85,0.064,2,7,2025-01-16,1.0,1.0,0.0,169,Small Business,Paid Search,0
7019.0,3,470.16999999999996,156.72333333333333,84,0.07666666666666666,3,5,2024-05-27,1.0,2.0,-1.0,403,Consumer,Organic,0
7020.0,3,364.12,121.37333333333333,155,0.04633333333333334,3,4,2024-09-14,0.0,3.0,-3.0,293,Consumer,Social,0
7023.0,3,450.92,150.30666666666667,137,0.05433333333333334,3,5,2025-01-04,0.0,3.0,-3.0,181,Consumer,Direct,0
7024.0,8,5029.07,628.63375,53,0.12475,8,29,2024-08-21,2.0,6.0,-4.0,317,Small Business,Paid Search,1
7025.0,9,2903.74,322.6377777777777,11,0.09555555555555556,9,32,2023-09-13,4.0,5.0,-1.0,660,Small Business,Email,0
7026.0,3,336.58,112.19333333333333,149,0.09600000000000002,3,5,2023-12-17,0.0,3.0,-3.0,565,Consumer,Affiliate,1
7027.0,1,90.98,90.98,75,0.1,1,2,2025-04-20,1.0,0.0,1.0,75,Consumer,Organic,1
7030.0,3,848.71,282.90333333333336,85,0.015,3,4,2024-12-19,1.0,2.0,-1.0,197,Consumer,Organic,0
7032.0,4,677.74,169.435,133,0.08249999999999999,4,6,2024-09-08,0.0,4.0,-4.0,299,Consumer,Organic,0
7033.0,5,772.28,154.456,15,0.07239999999999999,5,6,2024-08-13,3.0,2.0,1.0,325,Consumer,Paid Search,0
7034.0,1,275.42,275.42,222,0.045,1,2,2024-11-24,0.0,1.0,-1.0,222,Consumer,Organic,1
7035.0,15,20797.93,1386.5286666666666,54,0.12846666666666667,13,111,2024-05-04,1.0,14.0,-13.0,426,Enterprise,Affiliate,0
7037.0,3,1032.94,344.31333333333333,15,0.10000000000000002,3,5,2024-10-23,1.0,2.0,-1.0,254,Consumer,Direct,0
7039.0,2,689.32,344.66,13,0.14300000000000002,2,4,2024-11-29,1.0,1.0,0.0,217,Consumer,Affiliate,0
7041.0,3,1007.69,335.8966666666667,58,0.0033333333333333335,3,5,2025-01-14,1.0,2.0,-1.0,171,Consumer,Paid Search,1
7042.0,2,501.78,250.89,10,0.068,2,3,2025-05-20,2.0,0.0,2.0,45,Consumer,Affiliate,0
7043.0,4,1023.7900000000001,255.94750000000002,80,0.05325,4,7,2024-10-15,1.0,3.0,-2.0,262,Consumer,Affiliate,0
7045.0,2,298.87,149.435,20,0.065,2,2,2025-04-02,1.0,1.0,0.0,93,Consumer,Email,0
7046.0,6,4804.95,800.8249999999999,10,0.14466666666666667,5,39,2024-06-28,1.0,5.0,-4.0,371,Enterprise,Paid Search,0
7048.0,4,998.73,249.6825,22,0.05975,4,7,2023-12-03,2.0,2.0,0.0,579,Consumer,Paid Search,0
7049.0,2,273.44,136.72,212,0.101,1,4,2024-12-04,0.0,2.0,-2.0,212,Consumer,Social,0
7050.0,1,81.74,81.74,194,0.035,1,2,2024-12-22,0.0,1.0,-1.0,194,Consumer,Paid Search,0
7051.0,4,596.55,149.1375,263,0.0045,4,6,2024-06-24,0.0,4.0,-4.0,375,Consumer,Paid Search,1
7052.0,3,942.0799999999999,314.02666666666664,131,0.063,3,9,2024-09-30,0.0,3.0,-3.0,277,Small Business,Direct,1
7053.0,7,766.83,109.54714285714286,35,0.08499999999999999,7,11,2024-06-08,1.0,6.0,-5.0,391,Consumer,Social,0
7054.0,5,1337.83,267.566,176,0.101,5,7,2024-04-05,0.0,5.0,-5.0,455,Consumer,Affiliate,0
7055.0,9,1963.1100000000001,218.12333333333333,111,0.05366666666666667,9,12,2023-07-08,0.0,9.0,-9.0,727,Consumer,Paid Search,0
7056.0,5,3612.7699999999995,722.5539999999999,37,0.0792,5,18,2024-01-20,1.0,4.0,-3.0,531,Small Business,Paid Search,0
7058.0,1,58.74,58.74,84,0.077,1,2,2025-04-11,1.0,0.0,1.0,84,Consumer,Social,0
7059.0,2,397.02,198.51,51,0.025,2,4,2024-11-26,1.0,1.0,0.0,220,Consumer,Social,0
7060.0,2,413.23,206.615,120,0.101,2,3,2024-12-02,0.0,2.0,-2.0,214,Consumer,Direct,1
7062.0,5,1252.0900000000001,250.41800000000003,122,0.0806,5,8,2024-01-25,0.0,5.0,-5.0,526,Consumer,Social,0
7065.0,2,223.22,111.61,108,0.07050000000000001,2,3,2024-10-24,0.0,2.0,-2.0,253,Consumer,Organic,1
7069.0,3,2872.16,957.3866666666667,230,0.13233333333333333,3,11,2024-03-29,0.0,3.0,-3.0,462,Small Business,Social,0
7070.0,10,7270.94,727.0939999999999,68,0.1224,10,38,2024-01-15,1.0,9.0,-8.0,536,Small Business,Organic,0
7071.0,5,2185.31,437.062,99,0.048,5,16,2024-02-12,0.0,5.0,-5.0,508,Small Business,Direct,1
7075.0,4,1595.11,398.7775,76,0.08425,4,5,2024-06-07,1.0,3.0,-2.0,392,Consumer,Email,0
7077.0,1,70.04,70.04,79,0.036,1,2,2025-04-16,1.0,0.0,1.0,79,Consumer,Paid Search,0
7079.0,6,4739.24,789.8733333333333,2,0.1235,6,41,2025-01-19,3.0,3.0,0.0,166,Enterprise,Paid Search,0
7080.0,5,2302.24,460.448,178,0.08,5,9,2024-01-01,0.0,5.0,-5.0,550,Consumer,Social,0
7081.0,3,331.96,110.65333333333332,35,0.073,3,3,2024-06-25,1.0,2.0,-1.0,374,Consumer,Social,0
7083.0,3,781.04,260.34666666666664,67,0.06766666666666667,3,12,2024-08-21,1.0,2.0,-1.0,317,Small Business,Social,0
7084.0,7,1164.8600000000001,166.40857142857143,71,0.055142857142857146,7,8,2024-09-20,1.0,6.0,-5.0,287,Consumer,Paid Search,0
7085.0,3,2674.41,891.4699999999999,128,0.07566666666666667,3,10,2025-01-27,0.0,3.0,-3.0,158,Small Business,Direct,0
7086.0,2,1470.0600000000002,735.0300000000001,8,0.055,2,5,2024-08-26,1.0,1.0,0.0,312,Small Business,Social,0
7088.0,7,8217.39,1173.912857142857,192,0.10428571428571429,7,22,2023-11-19,0.0,7.0,-7.0,593,Small Business,Paid Search,0
7089.0,3,468.96999999999997,156.32333333333332,133,0.02866666666666667,3,5,2024-09-28,0.0,3.0,-3.0,279,Consumer,Organic,0
7091.0,5,1916.8899999999999,383.378,14,0.1162,5,17,2024-12-27,3.0,2.0,1.0,189,Small Business,Organic,0
7092.0,5,1154.51,230.902,17,0.10740000000000001,5,6,2024-01-22,2.0,3.0,-1.0,529,Consumer,Affiliate,0
7093.0,8,2913.65,364.20625,12,0.05587500000000001,8,14,2023-11-07,2.0,6.0,-4.0,605,Consumer,Organic,0
7094.0,4,2689.37,672.3425,3,0.042749999999999996,4,6,2024-05-17,1.0,3.0,-2.0,413,Consumer,Affiliate,0
7095.0,4,1615.19,403.7975,33,0.0575,4,7,2024-04-27,1.0,3.0,-2.0,433,Consumer,Email,0
7096.0,4,1408.95,352.2375,35,0.028249999999999997,4,5,2024-06-21,2.0,2.0,0.0,378,Consumer,Organic,0
7097.0,1,217.36,217.36,379,0.0,1,1,2024-06-20,0.0,1.0,-1.0,379,Consumer,Paid Search,0
7102.0,2,106.5,53.25,332,0.0695,2,4,2024-06-20,0.0,2.0,-2.0,379,Consumer,Organic,0
7105.0,1,1169.88,1169.88,207,0.167,1,2,2024-12-09,0.0,1.0,-1.0,207,Consumer,Social,0
7106.0,4,4347.98,1086.995,94,0.07625,4,15,2024-06-27,0.0,4.0,-4.0,372,Small Business,Affiliate,1
7107.0,2,402.96000000000004,201.48000000000002,45,0.09,2,4,2024-07-18,1.0,1.0,0.0,351,Consumer,Social,0
7108.0,2,116.39,58.195,19,0.071,2,3,2024-11-10,1.0,1.0,0.0,236,Consumer,Email,0
7109.0,2,205.66,102.83,146,0.08650000000000001,2,4,2024-11-06,0.0,2.0,-2.0,240,Consumer,Organic,0
7110.0,6,268.61,44.76833333333334,2,0.055833333333333325,5,8,2023-06-28,1.0,5.0,-4.0,737,Consumer,Social,0
7112.0,6,1898.6399999999999,316.44,1,0.09616666666666666,6,21,2024-12-21,3.0,3.0,0.0,195,Small Business,Direct,0
7113.0,5,298.9,59.779999999999994,3,0.06040000000000001,5,6,2024-12-14,2.0,3.0,-1.0,202,Consumer,Email,0
7114.0,6,1023.5,170.58333333333334,17,0.12183333333333334,5,19,2024-08-04,2.0,4.0,-2.0,334,Small Business,Direct,0
7117.0,10,5531.7,553.17,29,0.094,10,36,2024-03-21,2.0,8.0,-6.0,470,Small Business,Affiliate,0
7118.0,1,671.82,671.82,14,0.0,1,2,2025-06-20,1.0,0.0,1.0,14,Consumer,Email,0
7121.0,6,550.12,91.68666666666667,63,0.061,6,9,2024-04-05,1.0,5.0,-4.0,455,Consumer,Social,0
7124.0,8,2380.46,297.5575,64,0.11425,8,29,2023-11-07,2.0,6.0,-4.0,605,Small Business,Organic,0
7125.0,6,494.94,82.49,10,0.05383333333333334,6,8,2023-12-06,2.0,4.0,-2.0,576,Consumer,Social,1
7126.0,5,5552.77,1110.554,181,0.10600000000000001,5,17,2024-03-30,0.0,5.0,-5.0,461,Small Business,Email,0
7127.0,2,152.81,76.405,88,0.10550000000000001,2,2,2024-11-19,1.0,1.0,0.0,227,Consumer,Social,0
7128.0,3,1784.46,594.82,66,0.17700000000000002,3,13,2025-02-18,1.0,2.0,-1.0,136,Enterprise,Social,0
7130.0,8,1236.05,154.50625,3,0.044875000000000005,7,12,2024-03-01,1.0,7.0,-6.0,490,Consumer,Paid Search,1
7132.0,7,5137.17,733.8814285714286,10,0.099,7,28,2024-03-16,3.0,4.0,-1.0,475,Small Business,Social,0
7133.0,2,263.97,131.985,112,0.0935,2,7,2025-01-18,0.0,2.0,-2.0,167,Small Business,Paid Search,0
7138.0,2,1623.8600000000001,811.9300000000001,130,0.0,2,4,2024-02-05,0.0,2.0,-2.0,515,Consumer,Organic,0
7139.0,3,326.86,108.95333333333333,521,0.051666666666666666,3,5,2023-10-12,0.0,3.0,-3.0,631,Consumer,Email,1
7140.0,3,940.52,313.50666666666666,39,0.082,3,6,2024-12-17,1.0,2.0,-1.0,199,Consumer,Direct,0
7141.0,6,743.9100000000001,123.98500000000001,78,0.047999999999999994,6,8,2023-10-03,1.0,5.0,-4.0,640,Consumer,Paid Search,0
7142.0,5,712.09,142.418,40,0.0464,5,7,2024-09-04,2.0,3.0,-1.0,303,Consumer,Social,1
7143.0,6,1549.44,258.24,66,0.035833333333333335,5,10,2024-05-31,1.0,5.0,-4.0,399,Consumer,Paid Search,1
7148.0,1,39.4,39.4,505,0.126,1,1,2024-02-15,0.0,1.0,-1.0,505,Consumer,Social,1
7149.0,6,989.23,164.87166666666667,57,0.06116666666666667,5,9,2023-09-01,1.0,5.0,-4.0,672,Consumer,Organic,0
7152.0,1,157.9,157.9,214,0.092,1,2,2024-12-02,0.0,1.0,-1.0,214,Consumer,Social,0
7153.0,5,3519.87,703.9739999999999,5,0.1366,5,34,2025-02-26,3.0,2.0,1.0,128,Enterprise,Paid Search,0
7154.0,5,2048.62,409.724,162,0.13279999999999997,5,18,2024-10-29,0.0,5.0,-5.0,248,Small Business,Social,0
7155.0,5,1253.63,250.72600000000003,1,0.061,5,9,2024-04-15,1.0,4.0,-3.0,445,Consumer,Paid Search,0
7156.0,4,468.21999999999997,117.05499999999999,24,0.1185,4,8,2024-07-08,2.0,2.0,0.0,361,Small Business,Paid Search,0
7157.0,2,302.66999999999996,151.33499999999998,38,0.0165,2,2,2025-03-13,1.0,1.0,0.0,113,Consumer,Social,1
7158.0,2,53.11,26.555,43,0.0435,2,3,2025-03-26,1.0,1.0,0.0,100,Consumer,Paid Search,0
7163.0,5,743.91,148.78199999999998,223,0.08679999999999999,4,8,2023-11-28,0.0,5.0,-5.0,584,Consumer,Organic,0
7165.0,1,224.39,224.39,7,0.108,1,1,2025-06-27,1.0,0.0,1.0,7,Consumer,Paid Search,0
7167.0,8,886.73,110.84125,84,0.05575,7,10,2023-12-07,1.0,7.0,-6.0,575,Consumer,Paid Search,1
7170.0,7,2620.21,374.3157142857143,20,0.05942857142857143,7,10,2023-05-11,2.0,5.0,-3.0,785,Consumer,Paid Search,1
7171.0,6,740.8599999999999,123.47666666666665,72,0.057666666666666665,6,8,2024-08-16,1.0,5.0,-4.0,322,Consumer,Direct,0
7172.0,3,878.98,292.99333333333334,327,0.022333333333333334,3,5,2024-03-20,0.0,3.0,-3.0,471,Consumer,Organic,1
7174.0,2,297.64000000000004,148.82000000000002,137,0.0425,2,4,2025-02-02,0.0,2.0,-2.0,152,Consumer,Email,1
7175.0,4,1009.3599999999999,252.33999999999997,95,0.076,4,7,2024-02-21,0.0,4.0,-4.0,499,Consumer,Affiliate,0
7177.0,4,1279.02,319.755,89,0.0675,4,11,2024-07-26,1.0,3.0,-2.0,343,Small Business,Paid Search,0
7178.0,2,964.24,482.12,252,0.0175,2,3,2024-10-06,0.0,2.0,-2.0,271,Consumer,Paid Search,0
7179.0,6,493.1,82.18333333333334,28,0.05333333333333334,6,9,2024-07-26,4.0,2.0,2.0,343,Consumer,Direct,0
7180.0,2,86.02,43.01,34,0.07050000000000001,2,3,2025-03-20,1.0,1.0,0.0,106,Consumer,Paid Search,1
7181.0,5,6733.599999999999,1346.7199999999998,135,0.09219999999999999,5,31,2024-09-28,0.0,5.0,-5.0,279,Enterprise,Social,0
7182.0,6,2243.5499999999997,373.92499999999995,0,0.06616666666666667,6,21,2024-05-31,2.0,4.0,-2.0,399,Small Business,Paid Search,0
7183.0,3,505.70000000000005,168.5666666666667,60,0.054333333333333324,3,6,2024-11-23,1.0,2.0,-1.0,223,Consumer,Paid Search,0
7185.0,1,350.92,350.92,101,0.0,1,2,2025-03-25,0.0,1.0,-1.0,101,Consumer,Social,1
7187.0,5,1760.28,352.056,23,0.0558,5,5,2025-01-29,2.0,3.0,-1.0,156,Consumer,Paid Search,0
7189.0,3,323.24,107.74666666666667,123,0.051666666666666666,3,3,2024-12-12,0.0,3.0,-3.0,204,Consumer,Paid Search,1
7191.0,4,846.8199999999999,211.70499999999998,101,0.0785,4,6,2024-05-16,0.0,4.0,-4.0,414,Consumer,Email,1
7192.0,10,3451.77,345.177,50,0.0706,10,35,2023-05-11,1.0,9.0,-8.0,785,Small Business,Paid Search,0
7193.0,6,1227.54,204.59,7,0.08800000000000001,6,20,2024-05-17,2.0,4.0,-2.0,413,Small Business,Social,0
7194.0,7,1120.21,160.03,193,0.04814285714285714,7,8,2023-07-22,0.0,7.0,-7.0,713,Consumer,Organic,0
7198.0,12,9125.79,760.4825000000001,53,0.09325,12,34,2023-11-11,4.0,8.0,-4.0,601,Small Business,Paid Search,0
7201.0,4,510.60999999999996,127.65249999999999,54,0.051500000000000004,4,6,2024-07-30,1.0,3.0,-2.0,339,Consumer,Paid Search,0
7202.0,4,353.22,88.305,126,0.04275,4,4,2024-12-31,0.0,4.0,-4.0,185,Consumer,Direct,1
7204.0,5,693.77,138.754,13,0.09659999999999999,4,16,2023-06-05,1.0,4.0,-3.0,760,Small Business,Email,0
7205.0,4,324.34000000000003,81.08500000000001,88,0.02375,4,5,2024-12-28,1.0,3.0,-2.0,188,Consumer,Direct,1
7207.0,2,271.02,135.51,33,0.1085,2,4,2024-09-25,1.0,1.0,0.0,282,Consumer,Social,0
7208.0,2,903.29,451.645,63,0.06,2,3,2025-03-12,1.0,1.0,0.0,114,Consumer,Affiliate,0
7213.0,1,60.08,60.08,38,0.173,1,2,2025-05-27,1.0,0.0,1.0,38,Consumer,Email,0
7215.0,5,1265.0900000000001,253.01800000000003,19,0.095,5,16,2025-01-16,2.0,3.0,-1.0,169,Small Business,Affiliate,0
7216.0,4,1183.21,295.8025,37,0.061,4,7,2025-02-21,3.0,1.0,2.0,133,Consumer,Social,0
7217.0,15,7665.48,511.032,1,0.15,15,110,2023-08-28,1.0,14.0,-13.0,676,Enterprise,Organic,0
7220.0,1,62.12,62.12,190,0.0,1,2,2024-12-26,0.0,1.0,-1.0,190,Consumer,Social,0
7223.0,4,497.9,124.475,24,0.0315,4,7,2024-08-13,2.0,2.0,0.0,325,Consumer,Paid Search,0
7224.0,4,302.53,75.6325,220,0.0385,4,6,2023-06-20,0.0,4.0,-4.0,745,Consumer,Paid Search,0
7225.0,8,798.67,99.83375,46,0.052,8,10,2023-09-01,1.0,7.0,-6.0,672,Consumer,Paid Search,1
7226.0,4,2129.69,532.4225,223,0.07725,4,15,2024-08-28,0.0,4.0,-4.0,310,Small Business,Email,0
7227.0,1,126.16,126.16,221,0.033,1,1,2024-11-25,0.0,1.0,-1.0,221,Consumer,Social,0
7228.0,9,3916.42,435.15777777777777,187,0.081,9,30,2024-02-17,0.0,9.0,-9.0,503,Small Business,Organic,0
7229.0,3,152.95,50.98333333333333,68,0.043666666666666666,3,4,2024-09-02,1.0,2.0,-1.0,305,Consumer,Paid Search,0
7230.0,2,174.18,87.09,88,0.133,2,2,2024-10-08,1.0,1.0,0.0,269,Consumer,Paid Search,0
7233.0,2,772.54,386.27,115,0.0695,1,4,2024-08-07,0.0,2.0,-2.0,331,Consumer,Paid Search,0
7234.0,7,2469.5,352.7857142857143,18,0.08642857142857142,7,26,2024-01-21,2.0,5.0,-3.0,530,Small Business,Paid Search,0
7235.0,2,303.63,151.815,201,0.1135,2,2,2024-06-29,0.0,2.0,-2.0,370,Consumer,Paid Search,0
7236.0,4,2412.04,603.01,247,0.028999999999999998,4,8,2023-11-25,0.0,4.0,-4.0,587,Consumer,Paid Search,0
7237.0,5,1804.66,360.932,47,0.0558,5,7,2024-08-05,2.0,3.0,-1.0,333,Consumer,Paid Search,0
7238.0,8,2308.54,288.5675,20,0.048625,8,13,2023-07-28,1.0,7.0,-6.0,707,Consumer,Organic,0
7239.0,3,1481.8899999999999,493.9633333333333,149,0.057666666666666665,3,14,2024-10-06,0.0,3.0,-3.0,271,Small Business,Paid Search,1
7241.0,1,148.94,148.94,180,0.082,1,2,2025-01-05,0.0,1.0,-1.0,180,Consumer,Social,0
7243.0,2,137.3,68.65,112,0.0495,2,2,2024-02-09,0.0,2.0,-2.0,511,Consumer,Social,0
7244.0,2,662.36,331.18,90,0.0375,2,3,2024-10-23,0.0,2.0,-2.0,254,Consumer,Affiliate,0
7246.0,4,1370.22,342.555,30,0.1,4,16,2024-10-15,2.0,2.0,0.0,262,Small Business,Email,0
7249.0,3,402.75,134.25,19,0.034,3,5,2025-02-19,2.0,1.0,1.0,135,Consumer,Paid Search,0
7250.0,3,2684.7200000000003,894.9066666666668,77,0.07833333333333332,3,8,2025-02-15,1.0,2.0,-1.0,139,Small Business,Organic,0
7251.0,7,5709.15,815.592857142857,6,0.1217142857142857,7,26,2024-10-31,4.0,3.0,1.0,246,Small Business,Social,0
7252.0,11,6510.79,591.89,11,0.10345454545454545,11,35,2023-08-14,4.0,7.0,-3.0,690,Small Business,Email,0
7253.0,7,1476.4199999999998,210.91714285714284,55,0.04857142857142858,7,11,2024-03-16,1.0,6.0,-5.0,475,Consumer,Paid Search,0
7254.0,8,1933.06,241.6325,23,0.06,8,14,2023-04-30,1.0,7.0,-6.0,796,Consumer,Organic,1
7258.0,9,3133.52,348.1688888888889,55,0.14855555555555555,9,54,2024-03-09,1.0,8.0,-7.0,482,Enterprise,Paid Search,0
7261.0,6,1252.88,208.81333333333336,1,0.0855,6,10,2024-09-25,2.0,4.0,-2.0,282,Consumer,Email,0
7262.0,2,521.89,260.945,29,0.0525,2,3,2025-03-18,1.0,1.0,0.0,108,Consumer,Organic,1
7266.0,8,2997.58,374.6975,39,0.094625,8,27,2024-07-14,1.0,7.0,-6.0,355,Small Business,Paid Search,0
7267.0,5,557.97,111.59400000000001,45,0.0902,4,7,2024-04-08,1.0,4.0,-3.0,452,Consumer,Social,0
7268.0,10,23673.32,2367.332,23,0.131,8,77,2024-10-15,4.0,6.0,-2.0,262,Enterprise,Social,0
7269.0,3,57.94,19.313333333333333,70,0.09433333333333334,3,5,2024-09-09,1.0,2.0,-1.0,298,Consumer,Social,0
7271.0,12,10905.13,908.7608333333333,35,0.09466666666666668,11,38,2023-08-05,3.0,9.0,-6.0,699,Small Business,Paid Search,0
7272.0,1,741.7,741.7,76,0.099,1,5,2025-04-19,1.0,0.0,1.0,76,Small Business,Paid Search,0
7277.0,8,3439.01,429.87625,61,0.05925,8,11,2024-02-25,2.0,6.0,-4.0,495,Consumer,Paid Search,0
7278.0,3,1091.35,363.7833333333333,281,0.0026666666666666666,2,4,2024-07-24,0.0,3.0,-3.0,345,Consumer,Affiliate,1
7279.0,7,674.8,96.39999999999999,98,0.07985714285714286,6,9,2023-10-27,0.0,7.0,-7.0,616,Consumer,Social,0
7282.0,15,7128.61,475.24066666666664,29,0.11793333333333332,13,56,2023-06-19,1.0,14.0,-13.0,746,Small Business,Organic,0
7283.0,6,1273.4,212.23333333333335,10,0.047499999999999994,6,12,2023-10-18,1.0,5.0,-4.0,625,Consumer,Direct,0
7284.0,3,805.14,268.38,143,0.04633333333333334,3,3,2024-09-25,0.0,3.0,-3.0,282,Consumer,Affiliate,0
7285.0,2,495.15999999999997,247.57999999999998,17,0.042,2,3,2025-03-14,1.0,1.0,0.0,112,Consumer,Organic,0
7287.0,11,6227.38,566.1254545454545,29,0.088,11,43,2024-01-21,3.0,8.0,-5.0,530,Small Business,Social,0
7289.0,2,80.02,40.01,194,0.0475,2,2,2024-11-27,0.0,2.0,-2.0,219,Consumer,Organic,0
7290.0,3,2681.9700000000003,893.9900000000001,32,0.053,3,11,2025-02-16,2.0,1.0,1.0,138,Small Business,Affiliate,0
7291.0,1,73.18,73.18,224,0.128,1,2,2024-11-22,0.0,1.0,-1.0,224,Consumer,Paid Search,0
7293.0,3,289.46000000000004,96.48666666666668,2,0.09633333333333333,3,12,2025-04-29,3.0,0.0,3.0,66,Small Business,Social,0
7294.0,3,309.95,103.31666666666666,246,0.020666666666666667,3,3,2024-08-30,0.0,3.0,-3.0,308,Consumer,Paid Search,0
7299.0,1,64.4,64.4,41,0.053,1,1,2025-05-24,1.0,0.0,1.0,41,Consumer,Paid Search,1
7301.0,5,7105.76,1421.152,186,0.1268,5,36,2024-05-17,0.0,5.0,-5.0,413,Enterprise,Organic,1
7303.0,5,613.3399999999999,122.66799999999998,50,0.1014,5,6,2024-10-03,2.0,3.0,-1.0,274,Consumer,Organic,0
7304.0,2,276.15,138.075,42,0.0605,2,2,2025-05-10,2.0,0.0,2.0,55,Consumer,Affiliate,1
7307.0,2,402.62,201.31,118,0.057,2,3,2024-12-08,0.0,2.0,-2.0,208,Consumer,Email,0
7308.0,1,150.55,150.55,107,0.031,1,1,2025-03-19,0.0,1.0,-1.0,107,Consumer,Email,1
7312.0,4,641.23,160.3075,13,0.0695,4,7,2023-11-13,1.0,3.0,-2.0,599,Consumer,Direct,0
7313.0,4,777.71,194.4275,106,0.06675,4,7,2024-09-23,0.0,4.0,-4.0,284,Consumer,Direct,1
7318.0,4,1458.54,364.635,61,0.037500000000000006,4,6,2025-01-30,1.0,3.0,-2.0,155,Consumer,Organic,0
7319.0,2,225.35999999999999,112.67999999999999,163,0.067,2,3,2024-09-07,0.0,2.0,-2.0,300,Consumer,Direct,0
7321.0,5,226.21,45.242000000000004,23,0.038,4,8,2024-10-04,2.0,3.0,-1.0,273,Consumer,Social,0
7325.0,7,2919.5,417.07142857142856,109,0.08085714285714286,7,29,2024-08-16,0.0,7.0,-7.0,322,Small Business,Paid Search,0
7327.0,4,682.86,170.715,98,0.026,4,6,2023-12-28,0.0,4.0,-4.0,554,Consumer,Paid Search,0
7328.0,6,1580.9699999999998,263.49499999999995,5,0.05499999999999999,6,8,2023-12-21,1.0,5.0,-4.0,561,Consumer,Paid Search,1
7329.0,1,34.01,34.01,28,0.0,1,1,2025-06-06,1.0,0.0,1.0,28,Consumer,Organic,0
7330.0,7,1331.92,190.27428571428572,206,0.07057142857142858,7,12,2024-05-07,0.0,7.0,-7.0,423,Consumer,Paid Search,1
7333.0,18,17326.46,962.5811111111111,26,0.11216666666666668,18,138,2023-07-25,3.0,15.0,-12.0,710,Enterprise,Paid Search,0
7335.0,3,1515.65,505.2166666666667,16,0.10433333333333333,3,22,2025-02-23,1.0,2.0,-1.0,131,Enterprise,Paid Search,0
7338.0,3,1095.4099999999999,365.1366666666666,3,0.15666666666666665,3,12,2025-02-25,2.0,1.0,1.0,129,Small Business,Email,0
7339.0,6,1893.2399999999998,315.53999999999996,32,0.0375,6,12,2023-11-21,1.0,5.0,-4.0,591,Consumer,Email,0
7340.0,7,2941.74,420.2485714285714,140,0.040428571428571425,7,11,2023-05-15,0.0,7.0,-7.0,781,Consumer,Affiliate,0
7341.0,5,2147.98,429.596,61,0.1532,5,20,2024-12-10,1.0,4.0,-3.0,206,Small Business,Social,0
7343.0,3,560.57,186.85666666666668,20,0.03766666666666666,3,5,2024-12-23,2.0,1.0,1.0,193,Consumer,Paid Search,0
7344.0,4,7713.94,1928.485,191,0.1205,3,18,2024-08-17,0.0,4.0,-4.0,321,Small Business,Social,0
7345.0,15,9016.07,601.0713333333333,52,0.10233333333333333,14,53,2023-06-29,2.0,13.0,-11.0,736,Small Business,Social,0
7347.0,3,606.85,202.28333333333333,37,0.067,3,5,2024-08-09,1.0,2.0,-1.0,329,Consumer,Paid Search,0
7350.0,4,945.68,236.42,236,0.08625,4,7,2024-05-29,0.0,4.0,-4.0,401,Consumer,Organic,0
7351.0,5,941.66,188.332,200,0.0284,5,7,2023-11-16,0.0,5.0,-5.0,596,Consumer,Organic,0
7352.0,4,1040.17,260.0425,69,0.05425,4,15,2024-07-24,1.0,3.0,-2.0,345,Small Business,Social,0
7353.0,4,305.04,76.26,27,0.049,4,5,2024-06-16,1.0,3.0,-2.0,383,Consumer,Social,0
7356.0,1,192.62,192.62,379,0.072,1,1,2024-06-20,0.0,1.0,-1.0,379,Consumer,Email,1
7357.0,2,694.7,347.35,93,0.0185,2,3,2024-12-22,0.0,2.0,-2.0,194,Consumer,Paid Search,0
7358.0,17,5694.0,334.94117647058823,41,0.11852941176470588,17,61,2023-07-04,1.0,16.0,-15.0,731,Small Business,Paid Search,0
7359.0,4,747.0999999999999,186.77499999999998,7,0.0625,4,6,2024-05-28,1.0,3.0,-2.0,402,Consumer,Organic,0
7363.0,9,3898.88,433.2088888888889,104,0.085,9,36,2023-12-24,0.0,9.0,-9.0,558,Small Business,Social,0
7364.0,1,41.63,41.63,64,0.047,1,1,2025-05-01,1.0,0.0,1.0,64,Consumer,Email,0
7369.0,3,386.67,128.89000000000001,80,0.041666666666666664,3,4,2024-01-05,1.0,2.0,-1.0,546,Consumer,Direct,0
7370.0,3,96.53999999999999,32.18,252,0.050333333333333334,3,4,2024-09-09,0.0,3.0,-3.0,298,Consumer,Social,0
7372.0,3,323.56,107.85333333333334,30,0.03233333333333333,3,4,2025-01-17,1.0,2.0,-1.0,168,Consumer,Organic,1
7373.0,3,650.9300000000001,216.9766666666667,9,0.09633333333333334,3,9,2025-04-23,3.0,0.0,3.0,72,Small Business,Affiliate,0
7374.0,3,96.5,32.166666666666664,134,0.0016666666666666668,3,4,2024-11-06,0.0,3.0,-3.0,240,Consumer,Social,0
7376.0,7,1541.23,220.1757142857143,6,0.06357142857142857,7,12,2024-10-15,1.0,6.0,-5.0,262,Consumer,Direct,0
7378.0,1,1173.36,1173.36,282,0.108,1,4,2024-09-25,0.0,1.0,-1.0,282,Small Business,Direct,0
7379.0,2,259.49,129.745,61,0.034499999999999996,2,3,2024-11-14,1.0,1.0,0.0,232,Consumer,Paid Search,0
7380.0,5,890.66,178.132,63,0.0856,5,9,2024-12-02,1.0,4.0,-3.0,214,Consumer,Social,1
7381.0,5,1370.66,274.132,204,0.0866,5,8,2024-05-09,0.0,5.0,-5.0,421,Consumer,Direct,1
7387.0,1,261.04,261.04,44,0.048,1,2,2025-05-21,1.0,0.0,1.0,44,Consumer,Organic,0
7389.0,7,1023.3199999999999,146.1885714285714,181,0.07342857142857143,7,14,2023-12-30,0.0,7.0,-7.0,552,Consumer,Paid Search,0
7391.0,1,28.92,28.92,251,0.069,1,1,2024-10-26,0.0,1.0,-1.0,251,Consumer,Direct,0
7393.0,3,482.65,160.88333333333333,65,0.06733333333333334,3,4,2024-10-14,1.0,2.0,-1.0,263,Consumer,Social,0
7394.0,6,3314.89,552.4816666666667,46,0.06183333333333333,6,22,2024-08-10,1.0,5.0,-4.0,328,Small Business,Direct,0
7395.0,4,1512.38,378.095,136,0.0455,4,7,2023-07-24,0.0,4.0,-4.0,711,Consumer,Social,1
7396.0,3,523.35,174.45000000000002,100,0.076,3,4,2025-02-08,0.0,3.0,-3.0,146,Consumer,Social,0
7397.0,6,1090.23,181.705,12,0.056499999999999995,6,10,2024-08-12,1.0,5.0,-4.0,326,Consumer,Social,0
7398.0,5,812.83,162.566,124,0.0684,5,16,2024-05-03,0.0,5.0,-5.0,427,Small Business,Affiliate,0
7399.0,8,2243.41,280.42625,18,0.1315,8,28,2024-07-27,1.0,7.0,-6.0,342,Small Business,Paid Search,0
7403.0,5,1635.9099999999999,327.18199999999996,79,0.0806,5,8,2024-01-19,1.0,4.0,-3.0,532,Consumer,Email,0
7404.0,1,44.27,44.27,85,0.018,1,1,2025-04-10,1.0,0.0,1.0,85,Consumer,Email,0
7405.0,6,2776.23,462.705,58,0.0835,6,20,2024-09-11,3.0,3.0,0.0,296,Small Business,Organic,0
7407.0,1,825.52,825.52,5,0.053,1,2,2025-06-29,1.0,0.0,1.0,5,Consumer,Email,0
7408.0,2,775.21,387.605,8,0.033,2,9,2025-06-07,2.0,0.0,2.0,27,Small Business,Paid Search,0
7409.0,10,11435.66,1143.566,39,0.1439,10,65,2024-09-22,3.0,7.0,-4.0,285,Enterprise,Paid Search,0
7410.0,2,118.72,59.36,45,0.1055,2,3,2025-03-23,1.0,1.0,0.0,103,Consumer,Direct,0
7411.0,4,569.27,142.3175,55,0.027,4,5,2024-06-04,1.0,3.0,-2.0,395,Consumer,Paid Search,0
7412.0,1,374.62,374.62,118,0.102,1,2,2025-03-08,0.0,1.0,-1.0,118,Consumer,Paid Search,1
7413.0,2,2813.21,1406.605,228,0.186,2,8,2024-07-18,0.0,2.0,-2.0,351,Small Business,Social,0
7415.0,4,1074.01,268.5025,44,0.09975,4,15,2025-01-28,1.0,3.0,-2.0,157,Small Business,Direct,0
7418.0,2,435.15999999999997,217.57999999999998,20,0.058,2,3,2024-12-15,1.0,1.0,0.0,201,Consumer,Email,0
7419.0,2,477.72,238.86,82,0.0,2,4,2024-11-03,1.0,1.0,0.0,243,Consumer,Organic,1
7420.0,6,602.36,100.39333333333333,11,0.04733333333333334,6,7,2023-07-15,3.0,3.0,0.0,720,Consumer,Paid Search,1
7421.0,2,124.14000000000001,62.07000000000001,17,0.068,2,3,2024-11-18,1.0,1.0,0.0,228,Consumer,Social,0
7424.0,7,2983.12,426.15999999999997,64,0.0822857142857143,7,22,2024-09-20,1.0,6.0,-5.0,287,Small Business,Email,0
7425.0,3,379.40999999999997,126.46999999999998,0,0.114,3,3,2024-05-03,1.0,2.0,-1.0,427,Consumer,Paid Search,1
7427.0,9,2496.73,277.4144444444444,15,0.036333333333333336,9,14,2023-09-06,2.0,7.0,-5.0,667,Consumer,Organic,0
7428.0,4,552.42,138.105,107,0.05675,4,6,2024-08-05,0.0,4.0,-4.0,333,Consumer,Organic,0
7430.0,8,4686.61,585.82625,17,0.066875,8,24,2024-07-28,2.0,6.0,-4.0,341,Small Business,Paid Search,1
7431.0,3,1313.37,437.78999999999996,136,0.09566666666666668,3,4,2024-09-03,0.0,3.0,-3.0,304,Consumer,Paid Search,0
7432.0,4,4284.56,1071.14,54,0.08375,4,13,2025-01-04,1.0,3.0,-2.0,181,Small Business,Social,0
7433.0,6,1482.8600000000001,247.14333333333335,31,0.09266666666666666,6,9,2024-12-12,2.0,4.0,-2.0,204,Consumer,Email,1
7436.0,5,1359.4,271.88,65,0.012199999999999999,5,8,2024-09-10,1.0,4.0,-3.0,297,Consumer,Email,0
7437.0,3,634.92,211.64,17,0.05266666666666667,3,3,2024-08-05,1.0,2.0,-1.0,333,Consumer,Paid Search,0
7438.0,1,149.85,149.85,255,0.013,1,1,2024-10-22,0.0,1.0,-1.0,255,Consumer,Paid Search,0
7440.0,4,2602.9700000000003,650.7425000000001,192,0.07325000000000001,4,17,2024-09-19,0.0,4.0,-4.0,288,Small Business,Affiliate,0
7442.0,2,533.88,266.94,27,0.1645,2,5,2025-04-12,2.0,0.0,2.0,83,Small Business,Social,0
7443.0,9,1667.75,185.30555555555554,152,0.08366666666666667,9,34,2023-10-05,0.0,9.0,-9.0,638,Small Business,Email,0
7444.0,3,1922.22,640.74,13,0.028666666666666663,3,4,2024-09-02,1.0,2.0,-1.0,305,Consumer,Paid Search,0
7445.0,3,2563.95,854.65,8,0.09066666666666667,3,11,2025-03-04,2.0,1.0,1.0,122,Small Business,Paid Search,0
7446.0,1,101.1,101.1,236,0.108,1,2,2024-11-10,0.0,1.0,-1.0,236,Consumer,Paid Search,0
7450.0,4,2110.05,527.5125,57,0.09375,4,6,2025-01-10,2.0,2.0,0.0,175,Consumer,Email,0
7451.0,6,7240.42,1206.7366666666667,16,0.1455,6,45,2024-11-12,1.0,5.0,-4.0,234,Enterprise,Affiliate,0
7453.0,10,6889.0599999999995,688.906,63,0.10969999999999999,8,33,2024-06-14,1.0,9.0,-8.0,385,Small Business,Paid Search,0
7456.0,2,1349.6399999999999,674.8199999999999,289,0.07450000000000001,2,4,2024-07-10,0.0,2.0,-2.0,359,Consumer,Paid Search,0
7459.0,1,44.44,44.44,270,0.016,1,1,2024-10-07,0.0,1.0,-1.0,270,Consumer,Organic,0
7461.0,7,1605.9899999999998,229.42714285714283,17,0.038714285714285715,7,11,2024-08-05,4.0,3.0,1.0,333,Consumer,Paid Search,1
7462.0,8,2147.7,268.4625,38,0.053125,8,11,2023-09-07,1.0,7.0,-6.0,666,Consumer,Direct,0
7463.0,5,485.89,97.178,7,0.0666,5,8,2024-07-12,1.0,4.0,-3.0,357,Consumer,Paid Search,0
7464.0,1,59.56,59.56,67,0.074,1,2,2025-04-28,1.0,0.0,1.0,67,Consumer,Direct,1
7465.0,5,2541.88,508.37600000000003,26,0.1366,4,15,2024-12-01,3.0,2.0,1.0,215,Small Business,Organic,0
7467.0,1,29.28,29.28,137,0.13,1,2,2025-02-17,0.0,1.0,-1.0,137,Consumer,Social,0
7468.0,4,3324.18,831.045,11,0.0745,4,13,2025-02-08,2.0,2.0,0.0,146,Small Business,Paid Search,0
7469.0,2,358.06,179.03,97,0.0035,2,3,2025-03-11,0.0,2.0,-2.0,115,Consumer,Email,0
7470.0,6,4051.05,675.1750000000001,188,0.116,6,23,2023-03-30,0.0,6.0,-6.0,827,Small Business,Paid Search,1
7472.0,4,1181.6599999999999,295.41499999999996,37,0.0635,4,11,2024-07-28,1.0,3.0,-2.0,341,Small Business,Social,0
7475.0,20,18338.72,916.936,21,0.1398,19,130,2023-08-05,3.0,17.0,-14.0,699,Enterprise,Organic,0
7476.0,7,732.5799999999999,104.6542857142857,115,0.03542857142857143,7,11,2024-03-15,0.0,7.0,-7.0,476,Consumer,Email,0
7477.0,4,1129.3,282.325,86,0.0415,4,8,2024-05-08,1.0,3.0,-2.0,422,Consumer,Paid Search,0
7480.0,1,132.9,132.9,203,0.052,1,2,2024-12-13,0.0,1.0,-1.0,203,Consumer,Organic,0
7481.0,7,606.22,86.60285714285715,68,0.039999999999999994,7,12,2024-09-28,1.0,6.0,-5.0,279,Consumer,Email,1
7483.0,9,8434.52,937.1688888888889,39,0.10222222222222223,9,54,2024-03-27,1.0,8.0,-7.0,464,Enterprise,Affiliate,0
7486.0,4,689.36,172.34,325,0.055,4,8,2024-07-10,0.0,4.0,-4.0,359,Consumer,Paid Search,1
7487.0,5,859.13,171.826,32,0.0898,5,16,2024-11-17,1.0,4.0,-3.0,229,Small Business,Paid Search,0
7488.0,4,495.32000000000005,123.83000000000001,3,0.072,4,5,2024-05-13,1.0,3.0,-2.0,417,Consumer,Direct,0
7489.0,1,597.92,597.92,202,0.11,1,2,2024-12-14,0.0,1.0,-1.0,202,Consumer,Email,0
7493.0,3,1155.2,385.06666666666666,39,0.118,3,12,2025-03-02,1.0,2.0,-1.0,124,Small Business,Email,0
7494.0,3,532.71,177.57000000000002,279,0.03566666666666667,3,5,2024-04-13,0.0,3.0,-3.0,447,Consumer,Organic,1
7496.0,1,1552.54,1552.54,212,0.0,1,2,2024-12-04,0.0,1.0,-1.0,212,Consumer,Email,1
7497.0,5,697.71,139.542,55,0.0658,5,7,2024-08-29,2.0,3.0,-1.0,309,Consumer,Social,0
7498.0,2,1071.8600000000001,535.9300000000001,129,0.0105,2,3,2024-12-06,0.0,2.0,-2.0,210,Consumer,Paid Search,0
7499.0,1,34.16,34.16,140,0.116,1,1,2025-02-14,0.0,1.0,-1.0,140,Consumer,Affiliate,0
7501.0,7,2866.65,409.5214285714286,94,0.10171428571428572,7,26,2024-06-05,0.0,7.0,-7.0,394,Small Business,Social,0
7503.0,3,588.3299999999999,196.10999999999999,16,0.09300000000000001,3,4,2024-07-21,1.0,2.0,-1.0,348,Consumer,Social,1
7504.0,2,57.5,28.75,25,0.079,2,4,2024-12-27,1.0,1.0,0.0,189,Consumer,Social,0
7505.0,10,5488.09,548.809,64,0.1585,10,60,2024-03-08,1.0,9.0,-8.0,483,Enterprise,Direct,0
7507.0,3,321.64,107.21333333333332,77,0.04,3,5,2024-09-17,1.0,2.0,-1.0,290,Consumer,Affiliate,1
7508.0,2,278.12,139.06,24,0.0345,2,3,2024-10-05,1.0,1.0,0.0,272,Consumer,Affiliate,0
7509.0,4,1354.24,338.56,114,0.053000000000000005,4,5,2024-03-23,0.0,4.0,-4.0,468,Consumer,Social,0
7512.0,2,721.98,360.99,59,0.036000000000000004,2,4,2025-04-13,2.0,0.0,2.0,82,Consumer,Social,0
7514.0,3,327.02,109.00666666666666,281,0.061,3,4,2023-11-30,0.0,3.0,-3.0,582,Consumer,Organic,0
7515.0,4,740.87,185.2175,63,0.02125,3,6,2023-12-16,1.0,3.0,-2.0,566,Consumer,Paid Search,0
7516.0,3,564.5500000000001,188.18333333333337,13,0.03933333333333333,3,4,2025-03-29,2.0,1.0,1.0,97,Consumer,Paid Search,1
7518.0,5,666.25,133.25,32,0.058199999999999995,5,8,2024-05-06,1.0,4.0,-3.0,424,Consumer,Email,0
7519.0,3,2814.99,938.3299999999999,60,0.24466666666666667,3,19,2024-11-26,1.0,2.0,-1.0,220,Enterprise,Social,0
7520.0,3,1094.81,364.93666666666667,74,0.038,3,4,2024-08-04,1.0,2.0,-1.0,334,Consumer,Paid Search,0
7524.0,2,117.93,58.965,194,0.058,2,3,2024-12-05,0.0,2.0,-2.0,211,Consumer,Organic,1
7526.0,2,314.06,157.03,95,0.124,2,3,2025-01-28,0.0,2.0,-2.0,157,Consumer,Social,0
7527.0,1,717.68,717.68,130,0.172,1,2,2025-02-24,0.0,1.0,-1.0,130,Consumer,Organic,1
7528.0,8,3450.13,431.26625,24,0.0785,8,28,2024-06-27,1.0,7.0,-6.0,372,Small Business,Affiliate,0
7530.0,3,350.05,116.68333333333334,28,0.049666666666666665,2,5,2025-01-07,1.0,2.0,-1.0,178,Consumer,Paid Search,0
7532.0,6,593.95,98.99166666666667,32,0.06383333333333334,6,10,2024-04-16,1.0,5.0,-4.0,444,Consumer,Email,0
7534.0,2,1151.3799999999999,575.6899999999999,156,0.07350000000000001,2,4,2024-11-29,0.0,2.0,-2.0,217,Consumer,Organic,0
7537.0,9,2569.37,285.48555555555555,27,0.05111111111111111,9,13,2023-11-15,2.0,7.0,-5.0,597,Consumer,Paid Search,0
7539.0,1,136.32,136.32,190,0.017,1,1,2024-12-26,0.0,1.0,-1.0,190,Consumer,Organic,0
7540.0,4,4750.35,1187.5875,137,0.07125,4,17,2024-09-03,0.0,4.0,-4.0,304,Small Business,Organic,0
7541.0,3,239.61999999999998,79.87333333333332,26,0.09833333333333333,3,6,2024-12-30,2.0,1.0,1.0,186,Consumer,Social,0
7544.0,3,506.84,168.94666666666666,104,0.05566666666666666,3,6,2024-09-03,0.0,3.0,-3.0,304,Consumer,Social,0
7546.0,4,887.6800000000001,221.92000000000002,41,0.058249999999999996,4,5,2024-08-16,1.0,3.0,-2.0,322,Consumer,Email,1
7547.0,10,2199.44,219.94400000000002,74,0.1095,10,39,2023-09-18,1.0,9.0,-8.0,655,Small Business,Email,0
7548.0,2,418.35,209.175,24,0.085,2,3,2025-06-07,2.0,0.0,2.0,27,Consumer,Social,0
7549.0,2,206.41,103.205,453,0.039,2,2,2024-01-30,0.0,2.0,-2.0,521,Consumer,Affiliate,0
7550.0,2,79.03,39.515,30,0.0995,2,3,2024-08-18,1.0,1.0,0.0,320,Consumer,Social,0
7551.0,1,79.1,79.1,203,0.064,1,5,2024-12-13,0.0,1.0,-1.0,203,Small Business,Social,0
7552.0,4,625.78,156.445,200,0.07175000000000001,4,7,2024-05-12,0.0,4.0,-4.0,418,Consumer,Email,0
7553.0,3,1168.65,389.55,219,0.13066666666666668,3,13,2024-03-04,0.0,3.0,-3.0,487,Small Business,Direct,0
7555.0,2,3683.36,1841.68,187,0.0305,2,8,2024-11-19,0.0,2.0,-2.0,227,Small Business,Paid Search,0
7557.0,1,59.77,59.77,149,0.116,1,1,2025-02-05,0.0,1.0,-1.0,149,Consumer,Email,1
7558.0,2,486.82,243.41,95,0.055499999999999994,2,4,2024-11-01,0.0,2.0,-2.0,245,Consumer,Email,0
7559.0,4,1474.43,368.6075,185,0.01975,4,5,2024-05-02,0.0,4.0,-4.0,428,Consumer,Social,0
7561.0,6,3056.7299999999996,509.4549999999999,179,0.06816666666666667,6,27,2024-02-12,0.0,6.0,-6.0,508,Small Business,Social,0
7562.0,4,550.08,137.52,174,0.07725,4,5,2024-05-23,0.0,4.0,-4.0,407,Consumer,Paid Search,0
7565.0,1,66.73,66.73,45,0.013,1,1,2025-05-20,1.0,0.0,1.0,45,Consumer,Paid Search,0
7566.0,4,792.45,198.1125,398,0.0915,4,15,2023-08-28,0.0,4.0,-4.0,676,Small Business,Organic,0
7567.0,6,1163.42,193.90333333333334,85,0.07533333333333332,6,10,2023-12-08,1.0,5.0,-4.0,574,Consumer,Organic,0
7568.0,2,61.14,30.57,93,0.03,2,3,2024-12-28,0.0,2.0,-2.0,188,Consumer,Social,0
7570.0,2,691.57,345.785,141,0.05,2,2,2024-12-22,0.0,2.0,-2.0,194,Consumer,Affiliate,0
7571.0,9,1694.1299999999999,188.23666666666665,19,0.0768888888888889,9,14,2023-06-09,3.0,6.0,-3.0,756,Consumer,Organic,0
7572.0,6,1892.49,315.415,49,0.08800000000000001,6,19,2024-02-16,1.0,5.0,-4.0,504,Small Business,Affiliate,0
7573.0,1,1391.78,1391.78,164,0.009,1,2,2025-01-21,0.0,1.0,-1.0,164,Consumer,Social,0
7575.0,18,14610.87,811.715,39,0.11322222222222221,15,135,2023-07-02,2.0,16.0,-14.0,733,Enterprise,Direct,0
7576.0,9,2006.68,222.96444444444444,52,0.040777777777777774,9,13,2024-03-25,2.0,7.0,-5.0,466,Consumer,Paid Search,0
7577.0,8,2365.5699999999997,295.69624999999996,47,0.070875,8,14,2024-09-15,2.0,6.0,-4.0,292,Consumer,Paid Search,0
7578.0,6,1184.94,197.49,122,0.07216666666666667,6,9,2023-10-21,0.0,6.0,-6.0,622,Consumer,Affiliate,0
7579.0,4,1541.78,385.445,19,0.177,4,19,2024-11-10,1.0,3.0,-2.0,236,Enterprise,Social,0
7580.0,7,2426.03,346.5757142857143,52,0.08742857142857142,7,11,2024-01-24,1.0,6.0,-5.0,527,Consumer,Paid Search,0
7585.0,3,113.09,37.696666666666665,344,0.05833333333333333,3,4,2024-07-01,0.0,3.0,-3.0,368,Consumer,Email,0
7586.0,4,808.77,202.1925,9,0.049,4,5,2023-08-11,2.0,2.0,0.0,693,Consumer,Social,0
7587.0,2,499.66,249.83,113,0.14,2,2,2024-09-18,0.0,2.0,-2.0,289,Consumer,Paid Search,0
7589.0,2,204.91,102.455,315,0.013,2,2,2024-03-07,0.0,2.0,-2.0,484,Consumer,Email,0
7590.0,2,613.15,306.575,202,0.0125,2,2,2024-10-14,0.0,2.0,-2.0,263,Consumer,Paid Search,0
7591.0,4,1551.7,387.925,32,0.06225,4,5,2024-06-20,2.0,2.0,0.0,379,Consumer,Social,1
7592.0,6,2300.83,383.47166666666664,19,0.05449999999999999,6,9,2024-03-24,2.0,4.0,-2.0,467,Consumer,Social,0
7595.0,4,593.84,148.46,32,0.02775,4,5,2024-12-04,1.0,3.0,-2.0,212,Consumer,Direct,0
7597.0,8,2111.7499999999995,263.96874999999994,147,0.08662500000000001,8,11,2024-01-10,0.0,8.0,-8.0,541,Consumer,Direct,1
7598.0,3,248.47000000000003,82.82333333333334,257,0.11433333333333334,3,5,2023-12-29,0.0,3.0,-3.0,553,Consumer,Email,0
7599.0,3,475.86,158.62,43,0.033,3,4,2024-12-15,1.0,2.0,-1.0,201,Consumer,Email,0
7601.0,3,187.93,62.64333333333334,133,0.09666666666666666,3,11,2025-01-08,0.0,3.0,-3.0,177,Small Business,Social,0
7602.0,4,516.96,129.24,221,0.027,4,8,2024-01-02,0.0,4.0,-4.0,549,Consumer,Affiliate,0
7604.0,4,498.18,124.545,11,0.02225,4,5,2024-09-24,3.0,1.0,2.0,283,Consumer,Social,1
7605.0,3,203.47,67.82333333333334,36,0.02266666666666667,3,4,2024-09-10,1.0,2.0,-1.0,297,Consumer,Organic,1
7606.0,2,723.99,361.995,15,0.0405,2,9,2025-01-22,1.0,1.0,0.0,163,Small Business,Paid Search,0
7610.0,5,431.17,86.23400000000001,76,0.0502,5,7,2024-08-09,1.0,4.0,-3.0,329,Consumer,Organic,0
7613.0,2,246.51,123.255,76,0.0235,2,2,2025-04-14,2.0,0.0,2.0,81,Consumer,Paid Search,0
7614.0,3,380.9,126.96666666666665,22,0.054,3,4,2024-09-16,2.0,1.0,1.0,291,Consumer,Direct,0
7616.0,6,1139.6399999999999,189.93999999999997,103,0.043666666666666666,6,7,2024-01-09,0.0,6.0,-6.0,542,Consumer,Social,0
7617.0,2,156.2,78.1,214,0.0625,2,2,2024-11-06,0.0,2.0,-2.0,240,Consumer,Organic,0
7622.0,6,1712.12,285.3533333333333,17,0.07050000000000001,6,7,2023-09-23,3.0,3.0,0.0,650,Consumer,Paid Search,0
7624.0,1,8.12,8.12,255,0.0,1,1,2024-10-22,0.0,1.0,-1.0,255,Consumer,Paid Search,0
7626.0,2,439.5,219.75,75,0.09,2,4,2025-02-26,1.0,1.0,0.0,128,Consumer,Social,0
7630.0,1,88.54,88.54,84,0.018,1,2,2025-04-11,1.0,0.0,1.0,84,Consumer,Paid Search,0
7631.0,5,652.9200000000001,130.584,53,0.0426,5,8,2024-11-02,3.0,2.0,1.0,244,Consumer,Organic,1
7632.0,2,145.04,72.52,230,0.0135,2,4,2024-09-07,0.0,2.0,-2.0,300,Consumer,Paid Search,0
7633.0,9,1134.6499999999999,126.07222222222221,78,0.05711111111111111,9,11,2023-03-23,1.0,8.0,-7.0,834,Consumer,Paid Search,0
7635.0,4,4302.24,1075.56,2,0.08675,4,12,2024-12-19,2.0,2.0,0.0,197,Small Business,Paid Search,0
7636.0,7,7553.92,1079.1314285714286,20,0.1482857142857143,7,52,2024-11-20,3.0,4.0,-1.0,226,Enterprise,Paid Search,0
7637.0,6,2761.4,460.23333333333335,51,0.042833333333333334,6,10,2023-12-14,2.0,4.0,-2.0,568,Consumer,Social,0
7638.0,5,529.8499999999999,105.96999999999998,22,0.024,5,7,2024-04-07,1.0,4.0,-3.0,453,Consumer,Social,0
7640.0,1,51.6,51.6,93,0.04,1,2,2025-04-02,0.0,1.0,-1.0,93,Consumer,Paid Search,0
7641.0,2,227.38,113.69,253,0.0885,2,2,2024-06-23,0.0,2.0,-2.0,376,Consumer,Social,1
7642.0,2,295.81,147.905,196,0.0985,2,3,2024-04-27,0.0,2.0,-2.0,433,Consumer,Organic,0
7643.0,7,5625.900000000001,803.7,21,0.11685714285714285,7,24,2024-03-23,2.0,5.0,-3.0,468,Small Business,Affiliate,0
7644.0,3,346.34,115.44666666666666,1,0.085,3,6,2025-03-17,1.0,2.0,-1.0,109,Consumer,Social,1
7645.0,3,1872.7,624.2333333333333,178,0.052333333333333336,3,5,2024-02-07,0.0,3.0,-3.0,513,Consumer,Organic,0
7646.0,2,489.46000000000004,244.73000000000002,136,0.0115,2,4,2024-08-07,0.0,2.0,-2.0,331,Consumer,Organic,0
7648.0,2,218.57,109.285,18,0.057499999999999996,2,3,2025-05-15,2.0,0.0,2.0,50,Consumer,Paid Search,0
7649.0,3,1903.1100000000001,634.37,115,0.16166666666666665,3,14,2025-02-14,0.0,3.0,-3.0,140,Enterprise,Organic,0
7650.0,3,912.62,304.20666666666665,19,0.07233333333333333,2,3,2024-08-13,1.0,2.0,-1.0,325,Consumer,Paid Search,0
7652.0,3,550.86,183.62,1,0.06433333333333334,3,4,2025-04-06,3.0,0.0,3.0,89,Consumer,Organic,1
7653.0,7,1562.51,223.21571428571428,23,0.03685714285714286,7,12,2024-06-28,2.0,5.0,-3.0,371,Consumer,Paid Search,1
7656.0,1,112.58,112.58,29,0.082,1,2,2025-06-05,1.0,0.0,1.0,29,Consumer,Affiliate,1
7658.0,9,1699.42,188.82444444444445,26,0.06144444444444444,8,11,2023-08-20,1.0,8.0,-7.0,684,Consumer,Social,0
7661.0,4,807.24,201.81,88,0.07250000000000001,4,16,2024-12-11,1.0,3.0,-2.0,205,Small Business,Organic,0
7662.0,8,8661.64,1082.705,26,0.105375,6,29,2024-08-11,3.0,5.0,-2.0,327,Small Business,Organic,0
7663.0,8,1920.49,240.06125,51,0.060875,8,11,2023-11-09,2.0,6.0,-4.0,603,Consumer,Paid Search,0
7665.0,2,1940.96,970.48,319,0.0015,2,4,2023-12-27,0.0,2.0,-2.0,555,Consumer,Paid Search,0
7666.0,3,640.57,213.52333333333334,199,0.023000000000000003,3,4,2024-10-15,0.0,3.0,-3.0,262,Consumer,Affiliate,0
7669.0,4,358.45000000000005,89.61250000000001,172,0.051250000000000004,4,5,2024-04-23,0.0,4.0,-4.0,437,Consumer,Organic,0
7671.0,2,1073.6100000000001,536.8050000000001,142,0.024,2,8,2024-12-01,0.0,2.0,-2.0,215,Small Business,Affiliate,0
7673.0,6,120.49,20.081666666666667,3,0.043500000000000004,6,7,2023-10-02,1.0,5.0,-4.0,641,Consumer,Paid Search,0
7674.0,8,1076.95,134.61875,145,0.056499999999999995,8,11,2023-11-15,0.0,8.0,-8.0,597,Consumer,Direct,0
7675.0,4,3492.36,873.09,13,0.09,4,27,2025-01-15,1.0,3.0,-2.0,170,Enterprise,Paid Search,0
7676.0,2,448.87,224.435,31,0.041499999999999995,2,3,2024-01-31,1.0,1.0,0.0,520,Consumer,Paid Search,0
7678.0,6,625.29,104.21499999999999,36,0.03166666666666667,6,7,2023-05-27,2.0,4.0,-2.0,769,Consumer,Social,0
7684.0,1,105.06,105.06,84,0.01,1,1,2025-04-11,1.0,0.0,1.0,84,Consumer,Affiliate,0
7685.0,2,169.28,84.64,206,0.08549999999999999,2,2,2024-11-17,0.0,2.0,-2.0,229,Consumer,Email,1
7690.0,3,1986.8400000000001,662.2800000000001,160,0.07466666666666667,3,6,2024-06-15,0.0,3.0,-3.0,384,Consumer,Direct,0
7697.0,11,10268.94,933.5400000000001,6,0.10190909090909091,11,40,2023-10-10,1.0,10.0,-9.0,633,Small Business,Social,0
7699.0,5,1471.12,294.224,33,0.045599999999999995,5,9,2024-08-30,3.0,2.0,1.0,308,Consumer,Social,0
7700.0,6,1288.43,214.73833333333334,69,0.03283333333333333,6,11,2024-07-04,2.0,4.0,-2.0,365,Consumer,Paid Search,0
7701.0,7,1204.18,172.0257142857143,70,0.054714285714285715,6,11,2023-12-18,1.0,6.0,-5.0,564,Consumer,Organic,0
7702.0,1,216.66,216.66,194,0.05,1,2,2024-12-22,0.0,1.0,-1.0,194,Consumer,Paid Search,0
7703.0,8,2122.44,265.305,63,0.1065,8,25,2024-03-17,1.0,7.0,-6.0,474,Small Business,Social,0
7705.0,2,894.6,447.3,31,0.056999999999999995,2,4,2025-05-18,2.0,0.0,2.0,47,Consumer,Paid Search,0
7707.0,5,1218.81,243.762,123,0.0828,5,8,2024-07-12,0.0,5.0,-5.0,357,Consumer,Paid Search,1
7708.0,20,21164.67,1058.2334999999998,45,0.14404999999999998,19,149,2023-11-03,4.0,16.0,-12.0,609,Enterprise,Email,0
7711.0,2,1476.66,738.33,5,0.0335,2,4,2025-03-18,1.0,1.0,0.0,108,Consumer,Direct,0
7714.0,2,1146.21,573.105,0,0.064,2,3,2025-05-01,2.0,0.0,2.0,64,Consumer,Email,0
7718.0,8,1871.42,233.9275,12,0.088125,8,13,2024-07-15,2.0,6.0,-4.0,354,Consumer,Direct,0
7719.0,17,6206.48,365.0870588235294,6,0.09658823529411764,16,59,2023-02-14,2.0,15.0,-13.0,871,Small Business,Social,0
7720.0,7,3536.96,505.28000000000003,85,0.08971428571428572,7,23,2024-05-11,1.0,6.0,-5.0,419,Small Business,Organic,0
7723.0,3,249.11,83.03666666666668,145,0.038,3,4,2024-06-29,0.0,3.0,-3.0,370,Consumer,Social,0
7724.0,3,920.37,306.79,30,0.026333333333333334,3,3,2025-03-21,2.0,1.0,1.0,105,Consumer,Paid Search,1
7725.0,5,379.48,75.896,214,0.06040000000000001,5,5,2024-07-10,0.0,5.0,-5.0,359,Consumer,Organic,0
7726.0,2,1979.79,989.895,51,0.042,2,3,2024-12-08,1.0,1.0,0.0,208,Consumer,Paid Search,0
7728.0,5,987.0600000000001,197.412,97,0.09380000000000001,5,8,2024-08-29,0.0,5.0,-5.0,309,Consumer,Social,0
7729.0,2,77.05000000000001,38.525000000000006,116,0.0225,2,2,2024-06-18,0.0,2.0,-2.0,381,Consumer,Paid Search,0
7730.0,3,1328.4,442.8,88,0.03233333333333333,3,6,2024-12-10,1.0,2.0,-1.0,206,Consumer,Organic,0
7731.0,10,5855.24,585.524,22,0.0843,9,37,2024-09-10,3.0,7.0,-4.0,297,Small Business,Social,0
7734.0,1,89.07,89.07,86,0.044,1,3,2025-04-09,1.0,0.0,1.0,86,Small Business,Paid Search,0
7735.0,3,1790.89,596.9633333333334,143,0.13566666666666669,3,23,2024-12-18,0.0,3.0,-3.0,198,Enterprise,Organic,0
7736.0,8,2710.59,338.82375,35,0.127875,8,27,2024-08-07,2.0,6.0,-4.0,331,Small Business,Paid Search,0
7737.0,1,254.08,254.08,11,0.119,1,2,2025-06-23,1.0,0.0,1.0,11,Consumer,Organic,1
7738.0,4,1731.52,432.88,91,0.0485,4,7,2024-08-28,0.0,4.0,-4.0,310,Consumer,Organic,0
7739.0,10,8290.310000000001,829.0310000000002,0,0.11839999999999999,10,35,2023-04-26,1.0,9.0,-8.0,800,Small Business,Social,1
7741.0,3,214.98,71.66,107,0.061,3,4,2024-10-28,0.0,3.0,-3.0,249,Consumer,Social,0
7743.0,7,1358.24,194.03428571428572,1,0.05614285714285715,7,12,2024-01-19,1.0,6.0,-5.0,532,Consumer,Social,0
7745.0,7,9238.01,1319.7157142857143,36,0.07442857142857143,7,26,2024-01-19,1.0,6.0,-5.0,532,Small Business,Paid Search,0
7746.0,2,290.13,145.065,8,0.0595,2,2,2024-11-30,1.0,1.0,0.0,216,Consumer,Paid Search,0
7748.0,7,3355.5,479.35714285714283,5,0.12442857142857143,7,44,2024-09-16,4.0,3.0,1.0,291,Enterprise,Direct,0
7750.0,8,6353.82,794.2275,24,0.093125,8,25,2024-06-15,2.0,6.0,-4.0,384,Small Business,Organic,0
7755.0,1,30.22,30.22,207,0.102,1,2,2024-12-09,0.0,1.0,-1.0,207,Consumer,Social,0
7760.0,1,588.38,588.38,11,0.0,1,1,2025-06-23,1.0,0.0,1.0,11,Consumer,Paid Search,1
7761.0,2,518.98,259.49,105,0.0935,2,3,2025-01-30,0.0,2.0,-2.0,155,Consumer,Email,0
7762.0,4,543.06,135.765,43,0.04325,4,5,2024-07-18,2.0,2.0,0.0,351,Consumer,Paid Search,0
7766.0,4,1631.94,407.985,113,0.0095,4,7,2024-04-23,0.0,4.0,-4.0,437,Consumer,Social,0
7767.0,2,368.9,184.45,12,0.11599999999999999,2,3,2024-11-30,1.0,1.0,0.0,216,Consumer,Social,0
7770.0,7,3379.3399999999997,482.7628571428571,39,0.14771428571428571,7,27,2024-04-27,2.0,5.0,-3.0,433,Small Business,Paid Search,1
7771.0,4,517.32,129.33,125,0.054,4,7,2023-12-06,0.0,4.0,-4.0,576,Consumer,Social,0
7772.0,1,265.99,265.99,87,0.0,1,1,2025-04-08,1.0,0.0,1.0,87,Consumer,Email,0
7773.0,4,360.77,90.1925,212,0.04575,4,5,2024-01-06,0.0,4.0,-4.0,545,Consumer,Paid Search,1
7775.0,1,67.5,67.5,113,0.053,1,1,2025-03-13,0.0,1.0,-1.0,113,Consumer,Affiliate,0
7776.0,2,915.54,457.77,103,0.0655,2,8,2025-01-26,0.0,2.0,-2.0,159,Small Business,Organic,0
7777.0,3,266.11,88.70333333333333,102,0.02266666666666667,3,3,2025-02-03,0.0,3.0,-3.0,151,Consumer,Paid Search,0
7778.0,5,5748.5599999999995,1149.712,121,0.164,5,27,2024-09-21,0.0,5.0,-5.0,286,Enterprise,Organic,0
7780.0,3,1629.22,543.0733333333334,89,0.021,3,6,2024-12-14,1.0,2.0,-1.0,202,Consumer,Social,0
7781.0,5,571.08,114.21600000000001,31,0.026600000000000002,5,7,2024-02-15,2.0,3.0,-1.0,505,Consumer,Paid Search,1
7782.0,6,1097.39,182.89833333333334,152,0.0305,6,10,2024-09-06,0.0,6.0,-6.0,301,Consumer,Social,0
7785.0,7,730.7,104.38571428571429,11,0.07857142857142856,7,10,2024-03-31,2.0,5.0,-3.0,460,Consumer,Paid Search,0
7786.0,1,32.85,32.85,134,0.006,1,1,2025-02-20,0.0,1.0,-1.0,134,Consumer,Organic,1
7787.0,9,4228.66,469.8511111111111,53,0.10766666666666666,9,32,2023-11-01,1.0,8.0,-7.0,611,Small Business,Social,1
7788.0,3,2152.4700000000003,717.4900000000001,72,0.05566666666666666,3,11,2025-01-04,1.0,2.0,-1.0,181,Small Business,Paid Search,0
7789.0,5,1259.18,251.836,125,0.0616,5,8,2024-04-11,0.0,5.0,-5.0,449,Consumer,Direct,0
7792.0,3,562.0500000000001,187.35000000000002,117,0.077,3,3,2024-07-06,0.0,3.0,-3.0,363,Consumer,Paid Search,1
7793.0,8,10567.539999999999,1320.9424999999999,28,0.155,8,53,2025-01-18,4.0,4.0,0.0,167,Enterprise,Paid Search,0
7794.0,5,2284.09,456.81800000000004,75,0.0764,5,19,2023-12-13,1.0,4.0,-3.0,569,Small Business,Social,0
7795.0,6,2362.11,393.685,15,0.04666666666666666,6,10,2024-11-23,2.0,4.0,-2.0,223,Consumer,Paid Search,0
7796.0,6,816.1,136.01666666666668,267,0.036500000000000005,6,8,2023-09-29,0.0,6.0,-6.0,644,Consumer,Affiliate,1
7797.0,4,508.16,127.04,74,0.08675,4,4,2024-05-19,1.0,3.0,-2.0,411,Consumer,Affiliate,0
7799.0,18,17862.01,992.3338888888889,24,0.13272222222222224,16,124,2023-08-24,1.0,17.0,-16.0,680,Enterprise,Email,0
7801.0,2,487.01,243.505,627,0.042,2,2,2023-10-07,0.0,2.0,-2.0,636,Consumer,Affiliate,0
7802.0,4,399.11,99.7775,37,0.066,4,11,2025-02-25,2.0,2.0,0.0,129,Small Business,Paid Search,0
7805.0,3,491.39000000000004,163.79666666666668,24,0.05366666666666667,3,4,2024-03-14,1.0,2.0,-1.0,477,Consumer,Paid Search,0
7806.0,2,360.15,180.075,226,0.074,2,2,2024-11-05,0.0,2.0,-2.0,241,Consumer,Affiliate,0
7810.0,9,3752.67,416.96333333333337,1,0.13211111111111112,9,30,2023-06-16,2.0,7.0,-5.0,749,Small Business,Affiliate,0
7811.0,3,387.98,129.32666666666668,72,0.034333333333333334,3,6,2024-07-26,1.0,2.0,-1.0,343,Consumer,Social,0
7814.0,1,63.54,63.54,152,0.127,1,1,2025-02-02,0.0,1.0,-1.0,152,Consumer,Paid Search,0
7815.0,2,704.36,352.18,139,0.0185,2,4,2024-10-28,0.0,2.0,-2.0,249,Consumer,Paid Search,0
7816.0,2,272.18,136.09,14,0.0075,2,3,2025-01-17,1.0,1.0,0.0,168,Consumer,Organic,1
7819.0,5,1760.48,352.096,241,0.0858,5,9,2024-01-26,0.0,5.0,-5.0,525,Consumer,Paid Search,0
7821.0,3,3080.98,1026.9933333333333,29,0.042333333333333334,3,13,2025-02-02,2.0,1.0,1.0,152,Small Business,Email,0
7822.0,4,1659.64,414.91,49,0.09975,4,13,2024-07-16,1.0,3.0,-2.0,353,Small Business,Paid Search,0
7823.0,2,174.23000000000002,87.11500000000001,167,0.039,2,2,2025-01-08,0.0,2.0,-2.0,177,Consumer,Email,0
7825.0,10,3509.5699999999997,350.957,10,0.11710000000000001,9,28,2024-07-18,2.0,8.0,-6.0,351,Small Business,Affiliate,0
7826.0,1,178.2,178.2,69,0.0,1,2,2025-04-26,1.0,0.0,1.0,69,Consumer,Social,0
7828.0,9,2783.2799999999997,309.25333333333333,14,0.10277777777777779,9,27,2024-04-10,3.0,6.0,-3.0,450,Small Business,Social,1
7830.0,11,11272.39,1024.7627272727273,23,0.12409090909090909,11,85,2024-07-20,1.0,10.0,-9.0,349,Enterprise,Paid Search,0
7831.0,6,3928.0199999999995,654.67,77,0.1415,6,50,2024-08-29,2.0,4.0,-2.0,309,Enterprise,Social,0
7833.0,2,62.97,31.485,105,0.066,2,3,2025-01-14,0.0,2.0,-2.0,171,Consumer,Paid Search,0
7834.0,7,3882.5,554.6428571428571,8,0.10028571428571428,7,27,2024-09-29,4.0,3.0,1.0,278,Small Business,Social,0
7839.0,2,1262.61,631.305,193,0.082,2,3,2024-06-29,0.0,2.0,-2.0,370,Consumer,Social,1
7840.0,5,1663.8100000000002,332.76200000000006,47,0.0528,5,9,2024-09-25,2.0,3.0,-1.0,282,Consumer,Paid Search,0
7841.0,3,824.72,274.9066666666667,11,0.10233333333333333,3,12,2025-03-22,2.0,1.0,1.0,104,Small Business,Social,0
7842.0,14,16464.45,1176.0321428571428,25,0.12385714285714286,13,108,2023-10-18,2.0,12.0,-10.0,625,Enterprise,Paid Search,0
7844.0,3,271.86,90.62,103,0.059,3,4,2024-06-13,0.0,3.0,-3.0,386,Consumer,Email,1
7845.0,7,571.12,81.58857142857143,22,0.052714285714285714,6,10,2024-05-11,3.0,4.0,-1.0,419,Consumer,Paid Search,1
7846.0,5,881.5,176.3,22,0.033999999999999996,5,9,2024-06-11,2.0,3.0,-1.0,388,Consumer,Paid Search,0
7847.0,8,1795.8600000000001,224.48250000000002,6,0.052875,8,10,2024-06-08,2.0,6.0,-4.0,391,Consumer,Paid Search,0
7848.0,1,216.74,216.74,144,0.109,1,1,2025-02-10,0.0,1.0,-1.0,144,Consumer,Social,0
7849.0,1,147.45,147.45,161,0.073,1,1,2025-01-24,0.0,1.0,-1.0,161,Consumer,Paid Search,0
7850.0,2,1761.19,880.595,49,0.05,2,7,2025-02-06,1.0,1.0,0.0,148,Small Business,Social,0
7851.0,7,2677.23,382.4614285714286,37,0.11,7,22,2024-09-16,2.0,5.0,-3.0,291,Small Business,Paid Search,0
7852.0,9,2197.11,244.12333333333333,216,0.12222222222222223,8,29,2024-04-20,0.0,9.0,-9.0,440,Small Business,Paid Search,1
7854.0,4,359.13,89.7825,264,0.0405,4,6,2024-01-02,0.0,4.0,-4.0,549,Consumer,Direct,0
7855.0,4,1299.7800000000002,324.94500000000005,66,0.05075,4,6,2024-11-26,1.0,3.0,-2.0,220,Consumer,Paid Search,0
7856.0,2,160.39999999999998,80.19999999999999,21,0.0,2,3,2025-03-28,1.0,1.0,0.0,98,Consumer,Paid Search,0
7859.0,5,3379.74,675.948,47,0.0842,5,19,2025-01-28,3.0,2.0,1.0,157,Small Business,Social,0
7862.0,2,1928.52,964.26,381,0.053000000000000005,2,3,2024-03-12,0.0,2.0,-2.0,479,Consumer,Direct,1
7863.0,2,101.03,50.515,54,0.0505,2,3,2025-01-21,1.0,1.0,0.0,164,Consumer,Paid Search,0
7864.0,1,41.97,41.97,246,0.009,1,1,2024-10-31,0.0,1.0,-1.0,246,Consumer,Paid Search,1
7865.0,4,1099.35,274.8375,63,0.09775,4,13,2024-11-16,2.0,2.0,0.0,230,Small Business,Social,0
7866.0,4,3765.93,941.4825,8,0.11375,4,12,2024-11-21,3.0,1.0,2.0,225,Small Business,Social,0
7867.0,3,780.27,260.09,106,0.06166666666666667,3,4,2024-04-11,0.0,3.0,-3.0,449,Consumer,Paid Search,0
7868.0,6,944.85,157.475,220,0.11616666666666665,6,22,2024-03-09,0.0,6.0,-6.0,482,Small Business,Affiliate,0
7869.0,5,4320.87,864.174,40,0.09,5,19,2024-09-06,1.0,4.0,-3.0,301,Small Business,Organic,0
7873.0,1,52.82,52.82,298,0.068,1,1,2024-09-09,0.0,1.0,-1.0,298,Consumer,Affiliate,0
7874.0,7,1386.8,198.1142857142857,33,0.05971428571428571,7,11,2024-08-12,3.0,4.0,-1.0,326,Consumer,Email,0
7877.0,2,342.19,171.095,17,0.08499999999999999,2,2,2025-01-13,1.0,1.0,0.0,172,Consumer,Direct,0
7878.0,3,446.68,148.89333333333335,114,0.09533333333333333,3,13,2024-11-04,0.0,3.0,-3.0,242,Small Business,Email,0
7879.0,5,707.0999999999999,141.42,339,0.055799999999999995,5,10,2023-12-31,0.0,5.0,-5.0,551,Consumer,Organic,1
7881.0,5,544.66,108.93199999999999,23,0.1,5,17,2025-01-31,3.0,2.0,1.0,154,Small Business,Affiliate,0
7882.0,1,348.7,348.7,185,0.16,1,2,2024-12-31,0.0,1.0,-1.0,185,Consumer,Social,0
7883.0,2,324.19,162.095,94,0.10350000000000001,2,7,2025-02-19,0.0,2.0,-2.0,135,Small Business,Organic,0
7884.0,4,962.51,240.6275,15,0.03425,4,5,2024-08-02,1.0,3.0,-2.0,336,Consumer,Organic,0
7885.0,2,1590.78,795.39,71,0.157,2,3,2025-04-01,1.0,1.0,0.0,94,Consumer,Social,1
7887.0,3,1693.64,564.5466666666667,96,0.041666666666666664,3,6,2024-10-25,0.0,3.0,-3.0,252,Consumer,Organic,1
7888.0,8,1215.11,151.88875,113,0.06987499999999999,8,10,2023-08-01,0.0,8.0,-8.0,703,Consumer,Paid Search,0
7889.0,1,15.58,15.58,61,0.083,1,2,2025-05-04,1.0,0.0,1.0,61,Consumer,Paid Search,0
7891.0,4,2588.9,647.225,33,0.09575,4,11,2024-08-10,2.0,2.0,0.0,328,Small Business,Organic,0
7892.0,4,1053.58,263.395,21,0.06874999999999999,4,4,2024-09-28,1.0,3.0,-2.0,279,Consumer,Paid Search,0
7893.0,1,236.14,236.14,190,0.038,1,2,2024-12-26,0.0,1.0,-1.0,190,Consumer,Social,0
7897.0,6,1114.5,185.75,30,0.050666666666666665,6,9,2024-01-23,3.0,3.0,0.0,528,Consumer,Social,1
7901.0,2,831.55,415.775,83,0.051500000000000004,2,3,2025-04-06,2.0,0.0,2.0,89,Consumer,Direct,0
7902.0,7,1982.08,283.1542857142857,112,0.044571428571428574,7,11,2024-04-15,0.0,7.0,-7.0,445,Consumer,Paid Search,0
7903.0,3,623.9000000000001,207.9666666666667,1,0.07466666666666667,3,9,2024-11-01,1.0,2.0,-1.0,245,Small Business,Affiliate,0
7904.0,4,2796.7599999999998,699.1899999999999,191,0.060000000000000005,4,11,2024-07-14,0.0,4.0,-4.0,355,Small Business,Social,0
7905.0,8,1001.56,125.195,1,0.04975,8,11,2023-07-25,1.0,7.0,-6.0,710,Consumer,Affiliate,0
7907.0,1,19.16,19.16,40,0.109,1,1,2025-05-25,1.0,0.0,1.0,40,Consumer,Organic,0
7909.0,3,143.63,47.876666666666665,85,0.035333333333333335,3,4,2024-06-15,1.0,2.0,-1.0,384,Consumer,Email,0
7910.0,4,1080.99,270.2475,8,0.0495,4,5,2024-09-05,1.0,3.0,-2.0,302,Consumer,Paid Search,0
7911.0,3,470.2,156.73333333333332,6,0.029,3,4,2024-09-26,2.0,1.0,1.0,281,Consumer,Social,0
7912.0,5,1077.04,215.408,47,0.058199999999999995,5,7,2024-09-21,1.0,4.0,-3.0,286,Consumer,Organic,0
7913.0,1,60.72,60.72,8,0.056,1,2,2025-06-26,1.0,0.0,1.0,8,Consumer,Social,0
7915.0,2,199.8,99.9,48,0.038,2,4,2024-12-03,1.0,1.0,0.0,213,Consumer,Organic,0
7918.0,2,166.17,83.085,5,0.08,2,2,2025-04-22,2.0,0.0,2.0,73,Consumer,Social,0
7919.0,4,848.0699999999999,212.01749999999998,139,0.04625,4,6,2024-06-22,0.0,4.0,-4.0,377,Consumer,Organic,0
7920.0,7,683.41,97.63,49,0.06714285714285714,7,12,2023-09-16,1.0,6.0,-5.0,657,Consumer,Paid Search,0
7923.0,2,108.58,54.29,30,0.065,2,3,2025-02-13,1.0,1.0,0.0,141,Consumer,Direct,0
7925.0,3,1018.53,339.51,59,0.05333333333333334,3,7,2024-10-04,1.0,2.0,-1.0,273,Small Business,Organic,1
7927.0,3,579.22,193.07333333333335,263,0.068,3,4,2024-06-16,0.0,3.0,-3.0,383,Consumer,Social,0
7929.0,4,970.01,242.5025,71,0.036000000000000004,4,4,2024-05-30,1.0,3.0,-2.0,400,Consumer,Organic,0
7930.0,6,613.25,102.20833333333333,65,0.036,6,9,2024-01-11,1.0,5.0,-4.0,540,Consumer,Paid Search,0
7932.0,3,207.56,69.18666666666667,315,0.04566666666666667,3,4,2024-05-14,0.0,3.0,-3.0,416,Consumer,Paid Search,0
7935.0,3,401.09,133.69666666666666,21,0.11433333333333334,3,4,2024-12-10,1.0,2.0,-1.0,206,Consumer,Paid Search,0
7936.0,1,515.08,515.08,359,0.263,1,2,2024-07-10,0.0,1.0,-1.0,359,Consumer,Paid Search,0
7938.0,6,2428.7000000000003,404.78333333333336,26,0.0745,6,19,2024-12-23,3.0,3.0,0.0,193,Small Business,Direct,1
7940.0,3,599.79,199.92999999999998,37,0.04666666666666667,3,5,2024-05-03,1.0,2.0,-1.0,427,Consumer,Social,0
7944.0,4,961.8399999999999,240.45999999999998,139,0.0215,4,6,2024-10-23,0.0,4.0,-4.0,254,Consumer,Organic,1
7945.0,8,2170.9,271.3625,12,0.121125,8,25,2023-08-22,1.0,7.0,-6.0,682,Small Business,Social,1
7948.0,1,59.64,59.64,286,0.125,1,1,2024-09-21,0.0,1.0,-1.0,286,Consumer,Organic,0
7950.0,3,606.14,202.04666666666665,9,0.057666666666666665,3,4,2024-05-03,1.0,2.0,-1.0,427,Consumer,Social,0
7951.0,5,1486.27,297.254,201,0.0558,5,8,2024-04-30,0.0,5.0,-5.0,430,Consumer,Social,0
7952.0,7,1448.99,206.99857142857144,10,0.059428571428571435,6,25,2024-05-14,3.0,4.0,-1.0,416,Small Business,Social,0
7953.0,2,729.5699999999999,364.78499999999997,14,0.0795,2,3,2025-02-07,1.0,1.0,0.0,147,Consumer,Paid Search,0
7954.0,9,2039.48,226.60888888888888,12,0.04477777777777778,9,13,2023-10-31,2.0,7.0,-5.0,612,Consumer,Paid Search,0
7955.0,3,1163.17,387.72333333333336,155,0.12233333333333334,3,11,2024-10-15,0.0,3.0,-3.0,262,Small Business,Social,0
7956.0,5,945.99,189.198,35,0.0668,5,7,2024-05-12,1.0,4.0,-3.0,418,Consumer,Paid Search,1
7960.0,6,1246.81,207.80166666666665,59,0.09899999999999999,6,11,2024-06-08,1.0,5.0,-4.0,391,Consumer,Paid Search,1
7962.0,6,2085.08,347.5133333333333,39,0.06999999999999999,6,8,2024-04-08,3.0,3.0,0.0,452,Consumer,Paid Search,0
7964.0,6,469.40999999999997,78.235,70,0.0535,6,8,2024-12-03,2.0,4.0,-2.0,213,Consumer,Social,0
7965.0,7,1949.31,278.47285714285715,12,0.06328571428571429,7,12,2024-08-09,2.0,5.0,-3.0,329,Consumer,Social,0
7966.0,5,961.9100000000001,192.382,81,0.06140000000000001,5,6,2023-12-28,1.0,4.0,-3.0,554,Consumer,Organic,0
7972.0,3,197.21,65.73666666666666,82,0.059,3,4,2024-08-25,1.0,2.0,-1.0,313,Consumer,Social,1
7974.0,1,60.03,60.03,292,0.021,1,1,2024-09-15,0.0,1.0,-1.0,292,Consumer,Paid Search,0
7975.0,1,3.34,3.34,12,0.07,1,1,2025-06-22,1.0,0.0,1.0,12,Consumer,Social,0
7976.0,8,4065.75,508.21875,57,0.0985,8,21,2024-02-25,1.0,7.0,-6.0,495,Small Business,Social,0
7979.0,10,5403.4,540.3399999999999,52,0.1543,10,71,2024-04-24,2.0,8.0,-6.0,436,Enterprise,Affiliate,0
7980.0,3,2610.2200000000003,870.0733333333334,61,0.16266666666666665,3,22,2024-09-06,1.0,2.0,-1.0,301,Enterprise,Affiliate,0
7981.0,6,1637.4899999999998,272.91499999999996,151,0.06333333333333334,4,10,2024-09-21,0.0,6.0,-6.0,286,Consumer,Organic,0
7984.0,3,477.05999999999995,159.01999999999998,192,0.045000000000000005,3,4,2024-09-22,0.0,3.0,-3.0,285,Consumer,Paid Search,0
7985.0,5,2937.46,587.492,60,0.1002,5,21,2024-10-04,2.0,3.0,-1.0,273,Small Business,Affiliate,0
7986.0,1,115.55,115.55,138,0.054,1,1,2025-02-16,0.0,1.0,-1.0,138,Consumer,Paid Search,0
7987.0,8,2396.15,299.51875,31,0.0955,8,30,2024-08-05,2.0,6.0,-4.0,333,Small Business,Email,0
7988.0,3,866.39,288.7966666666667,58,0.03766666666666667,3,4,2024-12-10,1.0,2.0,-1.0,206,Consumer,Organic,0
7989.0,11,3612.41,328.40090909090907,76,0.11881818181818181,10,44,2023-10-30,1.0,10.0,-9.0,613,Small Business,Paid Search,0
7990.0,4,381.98,95.495,70,0.0965,4,7,2024-06-26,1.0,3.0,-2.0,373,Consumer,Paid Search,0
7993.0,2,418.12,209.06,23,0.10300000000000001,2,4,2025-01-10,1.0,1.0,0.0,175,Consumer,Affiliate,1
7994.0,7,2669.37,381.3385714285714,21,0.1355714285714286,7,25,2024-04-09,3.0,4.0,-1.0,451,Small Business,Paid Search,0
7997.0,2,381.28,190.64,66,0.051500000000000004,2,3,2024-09-14,1.0,1.0,0.0,293,Consumer,Paid Search,0
7998.0,10,4369.71,436.971,118,0.07830000000000001,10,38,2023-07-02,0.0,10.0,-10.0,733,Small Business,Paid Search,0
8000.0,10,10103.14,1010.314,31,0.1282,10,69,2024-10-16,5.0,5.0,0.0,261,Enterprise,Organic,0
8002.0,6,2876.92,479.4866666666667,36,0.057666666666666665,6,25,2024-09-12,1.0,5.0,-4.0,295,Small Business,Social,1
8003.0,16,3614.21,225.888125,26,0.10725,16,49,2023-04-09,1.0,15.0,-14.0,817,Small Business,Paid Search,0
8004.0,2,79.66,39.83,50,0.09100000000000001,2,2,2024-08-17,1.0,1.0,0.0,321,Consumer,Paid Search,0
8006.0,1,18.82,18.82,28,0.035,1,1,2025-06-06,1.0,0.0,1.0,28,Consumer,Paid Search,0
8007.0,2,1032.8,516.4,76,0.0695,2,4,2024-12-24,1.0,1.0,0.0,192,Consumer,Paid Search,1
8008.0,3,544.75,181.58333333333334,90,0.07933333333333333,3,4,2024-09-26,0.0,3.0,-3.0,281,Consumer,Organic,0
8010.0,5,788.01,157.602,165,0.0336,5,8,2024-06-24,0.0,5.0,-5.0,375,Consumer,Organic,0
8013.0,4,424.40999999999997,106.10249999999999,148,0.065,4,4,2024-11-11,0.0,4.0,-4.0,235,Consumer,Social,1
8016.0,3,606.26,202.08666666666667,143,0.07666666666666667,3,11,2024-07-21,0.0,3.0,-3.0,348,Small Business,Paid Search,1
8017.0,9,4796.71,532.9677777777778,323,0.06155555555555556,9,14,2023-06-11,0.0,9.0,-9.0,754,Consumer,Social,1
8018.0,3,1680.15,560.0500000000001,330,0.055999999999999994,3,5,2024-07-06,0.0,3.0,-3.0,363,Consumer,Paid Search,0
8019.0,2,115.46000000000001,57.730000000000004,19,0.081,2,4,2024-11-04,1.0,1.0,0.0,242,Consumer,Social,0
8023.0,2,206.62,103.31,38,0.0935,2,3,2024-12-29,1.0,1.0,0.0,187,Consumer,Paid Search,0
8024.0,6,6623.13,1103.855,55,0.12866666666666668,6,22,2024-09-16,1.0,5.0,-4.0,291,Small Business,Paid Search,0
8025.0,9,6777.460000000001,753.0511111111113,39,0.07522222222222223,9,32,2023-07-24,1.0,8.0,-7.0,711,Small Business,Direct,0
8026.0,1,64.32,64.32,60,0.0,1,2,2025-05-05,1.0,0.0,1.0,60,Consumer,Social,0
8027.0,2,807.16,403.58,361,0.082,2,3,2024-03-17,0.0,2.0,-2.0,474,Consumer,Social,1
8030.0,5,1741.05,348.21,106,0.045,5,8,2024-07-08,0.0,5.0,-5.0,361,Consumer,Social,1
8032.0,3,590.46,196.82000000000002,88,0.10866666666666668,3,4,2025-02-01,1.0,2.0,-1.0,153,Consumer,Social,1
8035.0,2,784.67,392.335,150,0.059,2,3,2024-03-19,0.0,2.0,-2.0,472,Consumer,Direct,0
8037.0,5,3887.02,777.404,30,0.0936,5,17,2024-05-28,1.0,4.0,-3.0,402,Small Business,Social,0
8038.0,1,76.8,76.8,158,0.008,1,2,2025-01-27,0.0,1.0,-1.0,158,Consumer,Direct,0
8039.0,8,3684.17,460.52125,14,0.1115,8,56,2024-03-08,1.0,7.0,-6.0,483,Enterprise,Email,0
8042.0,7,622.21,88.88714285714286,34,0.07814285714285715,6,11,2023-10-31,1.0,6.0,-5.0,612,Consumer,Social,0
8043.0,6,3064.26,510.71000000000004,8,0.084,6,21,2024-09-02,1.0,5.0,-4.0,305,Small Business,Social,0
8045.0,4,565.85,141.4625,127,0.10425,4,5,2024-01-16,0.0,4.0,-4.0,535,Consumer,Email,0
8046.0,5,1166.33,233.266,62,0.032,5,8,2024-11-30,1.0,4.0,-3.0,216,Consumer,Affiliate,0
8048.0,2,319.05,159.525,293,0.0315,2,3,2024-07-07,0.0,2.0,-2.0,362,Consumer,Organic,0
8050.0,1,66.59,66.59,65,0.05,1,1,2025-04-30,1.0,0.0,1.0,65,Consumer,Affiliate,1
8051.0,3,672.9,224.29999999999998,3,0.036333333333333336,3,5,2025-01-19,2.0,1.0,1.0,166,Consumer,Social,0
8052.0,5,1015.83,203.166,155,0.028000000000000004,5,7,2023-12-25,0.0,5.0,-5.0,557,Consumer,Paid Search,1
8053.0,9,6240.860000000001,693.428888888889,13,0.12244444444444445,8,25,2023-08-30,2.0,7.0,-5.0,674,Small Business,Paid Search,0
8054.0,10,5309.82,530.982,72,0.094,9,36,2023-10-28,1.0,9.0,-8.0,615,Small Business,Paid Search,0
8058.0,7,2229.17,318.45285714285717,34,0.10514285714285714,7,22,2024-05-02,1.0,6.0,-5.0,428,Small Business,Affiliate,1
8059.0,4,2490.08,622.52,37,0.1115,4,14,2025-02-16,2.0,2.0,0.0,138,Small Business,Social,0
8062.0,18,18147.79,1008.2105555555556,2,0.13622222222222222,17,120,2023-11-15,2.0,16.0,-14.0,597,Enterprise,Social,0
8064.0,5,1137.69,227.538,11,0.0598,5,7,2024-06-01,1.0,4.0,-3.0,398,Consumer,Affiliate,0
8065.0,6,682.57,113.76166666666667,2,0.049666666666666665,6,10,2024-06-22,2.0,4.0,-2.0,377,Consumer,Social,0
8067.0,4,1340.3999999999999,335.09999999999997,82,0.10075,4,13,2024-11-13,2.0,2.0,0.0,233,Small Business,Social,0
8068.0,2,248.95999999999998,124.47999999999999,64,0.045,2,4,2025-02-04,1.0,1.0,0.0,150,Consumer,Social,0
8071.0,8,6742.2,842.775,51,0.10975,7,30,2023-12-20,1.0,7.0,-6.0,562,Small Business,Social,0
8073.0,3,770.74,256.91333333333336,88,0.028,3,5,2024-11-12,1.0,2.0,-1.0,234,Consumer,Paid Search,0
8074.0,3,101.68,33.89333333333334,169,0.04666666666666667,3,5,2024-08-27,0.0,3.0,-3.0,311,Consumer,Paid Search,0
8075.0,4,354.85,88.7125,4,0.06,4,6,2024-08-22,1.0,3.0,-2.0,316,Consumer,Organic,1
8077.0,5,959.62,191.924,23,0.024799999999999996,5,6,2024-09-25,2.0,3.0,-1.0,282,Consumer,Organic,0
8078.0,2,582.95,291.475,40,0.0475,2,2,2025-01-25,1.0,1.0,0.0,160,Consumer,Affiliate,0
8079.0,1,31.51,31.51,38,0.116,1,1,2025-05-27,1.0,0.0,1.0,38,Consumer,Email,1
8080.0,4,2031.23,507.8075,85,0.1015,4,15,2024-12-10,1.0,3.0,-2.0,206,Small Business,Social,0
8083.0,3,604.54,201.51333333333332,7,0.09500000000000001,3,3,2024-08-21,2.0,1.0,1.0,317,Consumer,Organic,0
8084.0,4,644.42,161.105,6,0.055,4,6,2024-09-22,1.0,3.0,-2.0,285,Consumer,Direct,0
8085.0,1,20.76,20.76,116,0.089,1,2,2025-03-10,0.0,1.0,-1.0,116,Small Business,Social,0
8087.0,7,5027.19,718.17,74,0.17614285714285713,6,24,2023-11-14,1.0,6.0,-5.0,598,Small Business,Social,0
8088.0,5,1336.8500000000001,267.37,1,0.0536,5,9,2024-11-07,1.0,4.0,-3.0,239,Consumer,Direct,0
8089.0,2,171.62,85.81,306,0.0465,2,3,2024-08-27,0.0,2.0,-2.0,311,Consumer,Organic,0
8090.0,2,615.16,307.58,170,0.019,2,2,2024-10-30,0.0,2.0,-2.0,247,Consumer,Affiliate,0
8092.0,2,394.58,197.29,108,0.021,2,3,2025-01-17,0.0,2.0,-2.0,168,Consumer,Direct,0
8093.0,3,2993.5,997.8333333333334,0,0.08133333333333333,3,5,2024-10-23,1.0,2.0,-1.0,254,Consumer,Social,1
8094.0,2,84.36,42.18,186,0.0925,2,4,2024-12-13,0.0,2.0,-2.0,203,Consumer,Direct,0
8096.0,3,536.42,178.80666666666664,150,0.027,3,6,2024-11-09,0.0,3.0,-3.0,237,Consumer,Affiliate,0
8097.0,1,16.32,16.32,268,0.01,1,1,2024-10-09,0.0,1.0,-1.0,268,Consumer,Direct,0
8099.0,4,1158.16,289.54,85,0.044,4,8,2023-08-20,1.0,3.0,-2.0,684,Consumer,Email,0
8100.0,4,369.87,92.4675,61,0.057,4,6,2024-11-10,2.0,2.0,0.0,236,Consumer,Organic,0
8105.0,4,542.74,135.685,0,0.05375,4,7,2024-11-04,3.0,1.0,2.0,242,Consumer,Email,0
8106.0,3,384.28,128.09333333333333,49,0.04800000000000001,3,3,2024-08-21,1.0,2.0,-1.0,317,Consumer,Affiliate,0
8107.0,2,99.38,49.69,28,0.075,2,2,2025-01-01,1.0,1.0,0.0,184,Consumer,Organic,0
8111.0,4,1434.65,358.6625,84,0.0475,4,5,2024-02-09,1.0,3.0,-2.0,511,Consumer,Social,0
8116.0,3,1021.4100000000001,340.47,16,0.07166666666666667,3,5,2024-11-09,1.0,2.0,-1.0,237,Consumer,Paid Search,1
8118.0,5,1889.42,377.884,30,0.1,5,17,2024-08-16,1.0,4.0,-3.0,322,Small Business,Direct,0
8119.0,6,1853.8,308.96666666666664,100,0.021166666666666667,6,11,2023-11-18,0.0,6.0,-6.0,594,Consumer,Social,0
8123.0,4,655.99,163.9975,34,0.0375,4,7,2024-07-12,2.0,2.0,0.0,357,Consumer,Email,1
8124.0,5,355.73,71.146,2,0.064,5,8,2024-06-30,1.0,4.0,-3.0,369,Consumer,Paid Search,0
8125.0,1,138.92,138.92,348,0.085,1,1,2024-07-21,0.0,1.0,-1.0,348,Consumer,Paid Search,0
8129.0,1,79.64,79.64,146,0.069,1,2,2025-02-08,0.0,1.0,-1.0,146,Consumer,Social,0
8132.0,9,6300.65,700.0722222222222,7,0.11888888888888889,9,36,2024-04-19,1.0,8.0,-7.0,441,Small Business,Social,1
8134.0,1,317.85,317.85,98,0.035,1,1,2025-03-28,0.0,1.0,-1.0,98,Consumer,Organic,0
8135.0,4,894.29,223.5725,228,0.09949999999999999,4,6,2023-08-17,0.0,4.0,-4.0,687,Consumer,Organic,0
8136.0,11,8425.1,765.9181818181819,59,0.13972727272727273,10,71,2023-08-04,1.0,10.0,-9.0,700,Enterprise,Direct,1
8141.0,1,94.16,94.16,128,0.12,1,2,2025-02-26,0.0,1.0,-1.0,128,Consumer,Paid Search,0
8144.0,4,1516.08,379.02,51,0.07225,4,8,2024-06-08,2.0,2.0,0.0,391,Consumer,Paid Search,1
8146.0,4,253.5,63.375,71,0.04875,4,4,2024-07-05,2.0,2.0,0.0,364,Consumer,Organic,0
8147.0,4,640.96,160.24,34,0.058249999999999996,4,7,2024-07-05,1.0,3.0,-2.0,364,Consumer,Email,1
8148.0,3,521.5699999999999,173.85666666666665,15,0.11766666666666666,3,4,2024-12-10,1.0,2.0,-1.0,206,Consumer,Paid Search,0
8150.0,5,490.62,98.124,109,0.009,5,6,2023-07-07,0.0,5.0,-5.0,728,Consumer,Paid Search,0
8151.0,3,410.71000000000004,136.90333333333334,120,0.026,3,4,2024-08-31,0.0,3.0,-3.0,307,Consumer,Direct,0
8153.0,4,2608.66,652.165,0,0.053,4,6,2024-02-03,2.0,2.0,0.0,517,Consumer,Social,0
8156.0,6,2704.09,450.6816666666667,156,0.0675,6,8,2024-05-06,0.0,6.0,-6.0,424,Consumer,Affiliate,0
8159.0,3,155.28,51.76,61,0.05366666666666666,3,6,2024-04-16,1.0,2.0,-1.0,444,Consumer,Social,0
8160.0,4,1365.88,341.47,237,0.04325,4,7,2024-06-27,0.0,4.0,-4.0,372,Consumer,Paid Search,0
8164.0,1,329.38,329.38,181,0.0,1,1,2025-01-04,0.0,1.0,-1.0,181,Consumer,Email,0
8170.0,1,129.16,129.16,6,0.094,1,2,2025-06-28,1.0,0.0,1.0,6,Consumer,Affiliate,0
8171.0,3,1603.14,534.38,73,0.058,3,6,2024-08-21,2.0,1.0,1.0,317,Consumer,Email,1
8172.0,3,767.11,255.70333333333335,3,0.137,3,9,2025-03-17,2.0,1.0,1.0,109,Small Business,Social,0
8173.0,4,1025.8600000000001,256.46500000000003,18,0.10450000000000001,4,14,2024-12-25,1.0,3.0,-2.0,191,Small Business,Paid Search,0
8174.0,3,110.47999999999999,36.82666666666666,15,0.056,3,4,2024-10-05,1.0,2.0,-1.0,272,Consumer,Organic,0
8175.0,2,787.9200000000001,393.96000000000004,35,0.026,2,4,2025-05-26,2.0,0.0,2.0,39,Consumer,Paid Search,1
8177.0,4,1302.56,325.64,98,0.10075,4,5,2024-09-16,0.0,4.0,-4.0,291,Consumer,Paid Search,0
8178.0,6,1133.52,188.92,136,0.07666666666666667,6,10,2023-11-22,0.0,6.0,-6.0,590,Consumer,Social,1
8179.0,3,1148.12,382.70666666666665,294,0.02266666666666667,3,5,2024-06-28,0.0,3.0,-3.0,371,Consumer,Organic,1
8180.0,5,1998.1699999999998,399.63399999999996,131,0.081,5,9,2024-05-10,0.0,5.0,-5.0,420,Consumer,Social,0
8182.0,3,1080.2,360.06666666666666,21,0.09799999999999999,3,4,2025-05-25,3.0,0.0,3.0,40,Consumer,Email,0
8183.0,7,5613.42,801.9171428571428,22,0.13142857142857142,7,35,2024-05-27,2.0,5.0,-3.0,403,Enterprise,Email,0
8185.0,9,3477.52,386.3911111111111,9,0.11933333333333335,9,33,2024-03-04,3.0,6.0,-3.0,487,Small Business,Social,0
8186.0,9,5901.14,655.6822222222222,26,0.11,9,30,2024-04-30,1.0,8.0,-7.0,430,Small Business,Social,1
8188.0,1,36.2,36.2,19,0.109,1,1,2025-06-15,1.0,0.0,1.0,19,Consumer,Paid Search,0
8192.0,4,1272.44,318.11,274,0.05975,4,6,2023-08-21,0.0,4.0,-4.0,683,Consumer,Organic,0
8195.0,5,1648.63,329.726,86,0.0432,5,8,2024-03-23,1.0,4.0,-3.0,468,Consumer,Paid Search,0
8197.0,6,2650.88,441.81333333333333,86,0.05566666666666667,5,21,2024-10-05,1.0,5.0,-4.0,272,Small Business,Paid Search,0
8199.0,2,268.76,134.38,50,0.096,2,3,2024-12-27,1.0,1.0,0.0,189,Consumer,Direct,1
8200.0,4,427.08,106.77,102,0.034999999999999996,3,4,2024-12-27,0.0,4.0,-4.0,189,Consumer,Email,0
8201.0,7,1231.5300000000002,175.93285714285716,28,0.03728571428571429,6,10,2024-02-08,3.0,4.0,-1.0,512,Consumer,Affiliate,0
8203.0,2,929.9,464.95,60,0.028999999999999998,2,3,2025-02-15,1.0,1.0,0.0,139,Consumer,Email,0
8204.0,12,9209.5,767.4583333333334,117,0.08133333333333333,12,38,2023-04-18,0.0,12.0,-12.0,808,Small Business,Organic,0
8205.0,10,1271.6,127.16,54,0.052000000000000005,10,13,2023-06-27,1.0,9.0,-8.0,738,Consumer,Email,0
8207.0,8,1509.6599999999999,188.70749999999998,58,0.043375,8,12,2024-02-20,1.0,7.0,-6.0,500,Consumer,Social,1
8208.0,2,61.290000000000006,30.645000000000003,75,0.055,2,5,2025-01-14,1.0,1.0,0.0,171,Small Business,Paid Search,0
8210.0,7,3976.64,568.0914285714285,36,0.06314285714285714,7,20,2024-06-30,2.0,5.0,-3.0,369,Small Business,Affiliate,0
8211.0,3,454.98,151.66,37,0.13233333333333333,3,10,2024-12-26,1.0,2.0,-1.0,190,Small Business,Organic,0
8215.0,6,7493.79,1248.965,213,0.18033333333333335,6,41,2024-06-26,0.0,6.0,-6.0,373,Enterprise,Email,0
8216.0,1,183.25,183.25,181,0.161,1,5,2025-01-04,0.0,1.0,-1.0,181,Small Business,Social,0
8217.0,1,51.31,51.31,168,0.041,1,1,2025-01-17,0.0,1.0,-1.0,168,Consumer,Social,1
8220.0,2,583.4100000000001,291.70500000000004,91,0.086,2,8,2024-11-19,0.0,2.0,-2.0,227,Small Business,Paid Search,1
8222.0,4,1828.0099999999998,457.00249999999994,68,0.031,4,6,2024-05-26,1.0,3.0,-2.0,404,Consumer,Paid Search,1
8223.0,5,818.29,163.658,0,0.0846,5,18,2025-02-12,3.0,2.0,1.0,142,Small Business,Direct,0
8224.0,9,1373.6499999999999,152.62777777777777,6,0.06266666666666666,9,10,2024-04-21,4.0,5.0,-1.0,439,Consumer,Social,1
8225.0,1,81.12,81.12,114,0.067,1,1,2025-03-12,0.0,1.0,-1.0,114,Consumer,Email,1
8226.0,16,23243.010000000002,1452.6881250000001,10,0.138875,15,113,2024-07-14,5.0,11.0,-6.0,355,Enterprise,Email,0
8228.0,4,1636.23,409.0575,4,0.08875,4,7,2024-10-31,2.0,2.0,0.0,246,Consumer,Email,0
8229.0,4,880.3499999999999,220.08749999999998,10,0.08075,4,16,2024-08-21,2.0,2.0,0.0,317,Small Business,Paid Search,0
8234.0,3,569.4000000000001,189.80000000000004,42,0.10733333333333334,3,4,2025-01-20,1.0,2.0,-1.0,165,Consumer,Paid Search,0
8236.0,4,761.62,190.405,76,0.036000000000000004,4,4,2024-01-17,1.0,3.0,-2.0,534,Consumer,Social,0
8237.0,7,1144.5,163.5,5,0.08814285714285715,6,10,2024-04-10,2.0,5.0,-3.0,450,Consumer,Social,0
8240.0,3,810.27,270.09,250,0.049666666666666665,3,5,2024-05-28,0.0,3.0,-3.0,402,Consumer,Paid Search,1
8241.0,3,574.9000000000001,191.63333333333335,54,0.022333333333333334,3,4,2024-08-14,1.0,2.0,-1.0,324,Consumer,Affiliate,1
8243.0,5,432.49,86.498,68,0.0916,5,6,2023-12-17,1.0,4.0,-3.0,565,Consumer,Organic,0
8244.0,2,1170.98,585.49,98,0.17149999999999999,2,6,2024-09-18,0.0,2.0,-2.0,289,Small Business,Paid Search,0
8245.0,6,2452.31,408.7183333333333,3,0.13083333333333333,5,17,2024-03-12,1.0,5.0,-4.0,479,Small Business,Email,0
8246.0,12,5404.19,450.34916666666663,91,0.123,12,43,2023-04-02,0.0,12.0,-12.0,824,Small Business,Affiliate,1
8247.0,6,8318.22,1386.37,47,0.06283333333333334,5,23,2024-06-23,2.0,4.0,-2.0,376,Small Business,Social,0
8249.0,4,735.83,183.9575,48,0.057999999999999996,3,7,2025-01-02,1.0,3.0,-2.0,183,Consumer,Social,0
8252.0,5,5124.7699999999995,1024.954,17,0.1,5,34,2024-12-02,1.0,4.0,-3.0,214,Enterprise,Organic,0
8260.0,6,636.6400000000001,106.10666666666668,198,0.04566666666666667,6,9,2024-02-02,0.0,6.0,-6.0,518,Consumer,Organic,1
8265.0,2,614.4,307.2,313,0.0965,2,9,2024-05-21,0.0,2.0,-2.0,409,Small Business,Direct,1
8266.0,6,4313.54,718.9233333333333,18,0.0835,6,21,2024-04-09,1.0,5.0,-4.0,451,Small Business,Paid Search,0
8268.0,6,916.14,152.69,127,0.09833333333333333,6,8,2024-03-31,0.0,6.0,-6.0,460,Consumer,Paid Search,0
8269.0,3,383.43999999999994,127.81333333333332,79,0.08700000000000001,3,4,2024-12-05,1.0,2.0,-1.0,211,Consumer,Organic,1
8270.0,2,526.7,263.35,150,0.0335,2,3,2024-11-19,0.0,2.0,-2.0,227,Consumer,Paid Search,1
8272.0,2,130.88,65.44,66,0.1065,2,2,2025-03-25,1.0,1.0,0.0,101,Consumer,Direct,0
8278.0,2,245.6,122.8,178,0.14,2,3,2024-09-06,0.0,2.0,-2.0,301,Consumer,Social,0
8280.0,4,3331.2799999999997,832.8199999999999,64,0.14275,4,15,2024-12-27,1.0,3.0,-2.0,189,Small Business,Email,0
8281.0,7,1771.64,253.0914285714286,0,0.05228571428571428,7,9,2023-05-24,2.0,5.0,-3.0,772,Consumer,Social,1
8282.0,1,250.34,250.34,322,0.087,1,2,2024-08-16,0.0,1.0,-1.0,322,Consumer,Email,0
8283.0,3,143.2,47.73333333333333,2,0.051666666666666666,3,6,2025-03-01,1.0,2.0,-1.0,125,Consumer,Email,1
8284.0,7,2474.77,353.5385714285714,17,0.08942857142857143,7,20,2024-02-22,3.0,4.0,-1.0,498,Small Business,Email,0
8285.0,6,3391.47,565.245,60,0.1495,6,31,2024-12-15,2.0,4.0,-2.0,201,Enterprise,Affiliate,0
8286.0,3,1209.3,403.09999999999997,84,0.005,3,4,2024-09-09,1.0,2.0,-1.0,298,Consumer,Social,0
8287.0,2,721.32,360.66,12,0.11299999999999999,2,3,2025-04-13,2.0,0.0,2.0,82,Consumer,Paid Search,0
8288.0,13,4674.04,359.54153846153844,19,0.0886923076923077,12,42,2023-02-21,3.0,10.0,-7.0,864,Small Business,Paid Search,0
8290.0,3,161.44,53.81333333333333,45,0.051333333333333335,3,4,2024-08-22,2.0,1.0,1.0,316,Consumer,Affiliate,0
8291.0,9,2425.0099999999998,269.44555555555553,122,0.05555555555555555,9,12,2023-12-30,0.0,9.0,-9.0,552,Consumer,Organic,0
8292.0,2,2253.14,1126.57,15,0.0725,2,6,2025-02-12,1.0,1.0,0.0,142,Small Business,Paid Search,1
8293.0,2,1444.6200000000001,722.3100000000001,6,0.074,2,4,2024-11-02,1.0,1.0,0.0,244,Consumer,Paid Search,0
8295.0,3,1692.0900000000001,564.0300000000001,13,0.158,3,13,2025-05-03,3.0,0.0,3.0,62,Enterprise,Social,0
8296.0,7,1459.0,208.42857142857142,150,0.06985714285714285,7,11,2023-10-25,0.0,7.0,-7.0,618,Consumer,Paid Search,0
8298.0,3,1015.31,338.43666666666667,67,0.08433333333333333,3,13,2024-12-24,1.0,2.0,-1.0,192,Small Business,Email,0
8299.0,5,965.76,193.152,226,0.0242,5,9,2023-09-20,0.0,5.0,-5.0,653,Consumer,Social,0
8303.0,2,259.09,129.545,141,0.1365,2,2,2024-10-28,0.0,2.0,-2.0,249,Consumer,Direct,0
8304.0,6,1578.78,263.13,72,0.07483333333333334,6,17,2024-10-05,2.0,4.0,-2.0,272,Small Business,Email,0
8305.0,2,339.22,169.61,15,0.08,2,2,2025-03-11,1.0,1.0,0.0,115,Consumer,Organic,0
8306.0,7,1814.6899999999998,259.24142857142857,158,0.03257142857142857,7,11,2023-09-13,0.0,7.0,-7.0,660,Consumer,Organic,0
8307.0,3,1006.85,335.6166666666667,128,0.029,3,4,2024-05-25,0.0,3.0,-3.0,405,Consumer,Direct,0
8310.0,2,128.9,64.45,106,0.0635,2,3,2024-11-22,0.0,2.0,-2.0,224,Consumer,Email,0
8311.0,4,2520.78,630.195,51,0.12975,4,16,2024-03-26,1.0,3.0,-2.0,465,Small Business,Paid Search,0
8313.0,3,108.11,36.03666666666667,22,0.079,3,5,2024-05-18,1.0,2.0,-1.0,412,Consumer,Social,0
8315.0,5,850.1500000000001,170.03000000000003,109,0.1348,5,16,2024-06-01,0.0,5.0,-5.0,398,Small Business,Paid Search,0
8317.0,1,33.62,33.62,4,0.138,1,2,2025-06-30,1.0,0.0,1.0,4,Small Business,Paid Search,0
8318.0,8,1530.0900000000001,191.26125000000002,17,0.073375,8,14,2023-10-29,2.0,6.0,-4.0,614,Consumer,Paid Search,1
8319.0,8,6695.7,836.9625,7,0.12675,8,30,2024-03-10,1.0,7.0,-6.0,481,Small Business,Social,0
8320.0,2,2094.51,1047.255,20,0.026000000000000002,2,7,2025-04-12,2.0,0.0,2.0,83,Small Business,Paid Search,0
8321.0,5,1656.98,331.396,94,0.1312,5,20,2024-12-19,0.0,5.0,-5.0,197,Small Business,Organic,0
8323.0,3,1644.46,548.1533333333333,123,0.04933333333333334,3,6,2024-02-12,0.0,3.0,-3.0,508,Consumer,Email,0
8326.0,1,300.32,300.32,84,0.08,1,4,2025-04-11,1.0,0.0,1.0,84,Small Business,Direct,1
8327.0,4,954.98,238.745,35,0.052500000000000005,4,6,2024-02-27,1.0,3.0,-2.0,493,Consumer,Affiliate,0
8329.0,5,3042.2,608.4399999999999,33,0.0388,5,8,2024-07-12,1.0,4.0,-3.0,357,Consumer,Paid Search,0
8330.0,9,3830.68,425.63111111111107,30,0.035111111111111114,8,17,2024-05-22,1.0,8.0,-7.0,408,Consumer,Paid Search,0
8331.0,2,481.94000000000005,240.97000000000003,17,0.002,2,4,2025-03-29,1.0,1.0,0.0,97,Consumer,Paid Search,1
8333.0,4,1635.25,408.8125,38,0.02925,4,7,2024-09-03,1.0,3.0,-2.0,304,Consumer,Paid Search,0
8335.0,2,257.34,128.67,230,0.0485,2,3,2024-10-20,0.0,2.0,-2.0,257,Consumer,Paid Search,1
8336.0,1,123.8,123.8,129,0.012,1,2,2025-02-25,0.0,1.0,-1.0,129,Consumer,Paid Search,0
8337.0,11,2645.0,240.45454545454547,16,0.06745454545454545,10,14,2023-09-02,3.0,8.0,-5.0,671,Consumer,Affiliate,0
8339.0,7,1564.42,223.48857142857145,12,0.05142857142857143,7,11,2024-01-04,2.0,5.0,-3.0,547,Consumer,Paid Search,0
8341.0,5,2250.0,450.0,54,0.1478,5,14,2024-10-06,2.0,3.0,-1.0,271,Small Business,Email,0
8342.0,4,2641.17,660.2925,77,0.0265,4,16,2024-08-28,1.0,3.0,-2.0,310,Small Business,Direct,0
8343.0,4,3404.62,851.155,14,0.07425,4,18,2025-01-07,2.0,2.0,0.0,178,Small Business,Organic,0
8344.0,5,1025.35,205.07,524,0.059399999999999994,5,7,2023-05-29,0.0,5.0,-5.0,767,Consumer,Social,1
8345.0,5,304.15000000000003,60.830000000000005,50,0.0368,5,6,2024-06-23,1.0,4.0,-3.0,376,Consumer,Organic,1
8347.0,6,1637.3700000000001,272.89500000000004,93,0.036833333333333336,6,9,2024-02-09,0.0,6.0,-6.0,511,Consumer,Paid Search,0
8348.0,4,4690.9,1172.725,165,0.11275,4,13,2024-07-13,0.0,4.0,-4.0,356,Small Business,Social,0
8349.0,6,533.98,88.99666666666667,190,0.057,6,10,2024-10-06,0.0,6.0,-6.0,271,Consumer,Affiliate,0
8350.0,3,492.17,164.05666666666667,35,0.08966666666666667,3,4,2024-07-25,2.0,1.0,1.0,344,Consumer,Organic,0
8352.0,6,1474.3600000000001,245.7266666666667,91,0.06749999999999999,6,10,2024-09-18,0.0,6.0,-6.0,289,Consumer,Email,0
8353.0,1,80.37,80.37,71,0.098,1,1,2025-04-24,1.0,0.0,1.0,71,Consumer,Organic,0
8355.0,2,224.20999999999998,112.10499999999999,369,0.091,2,3,2024-06-24,0.0,2.0,-2.0,375,Consumer,Social,0
8358.0,18,21648.27,1202.6816666666666,14,0.1318888888888889,18,128,2023-11-19,4.0,14.0,-10.0,593,Enterprise,Paid Search,0
8359.0,2,841.68,420.84,47,0.038,2,9,2025-03-20,1.0,1.0,0.0,106,Small Business,Affiliate,0
8360.0,6,2573.11,428.8516666666667,10,0.058499999999999996,6,9,2024-07-13,2.0,4.0,-2.0,356,Consumer,Social,0
8361.0,5,4838.03,967.606,2,0.11099999999999999,5,34,2024-05-22,1.0,4.0,-3.0,408,Enterprise,Affiliate,0
8362.0,3,1742.42,580.8066666666667,38,0.025666666666666667,3,6,2024-11-29,1.0,2.0,-1.0,217,Consumer,Direct,0
8363.0,2,1119.05,559.525,147,0.107,2,9,2025-02-02,0.0,2.0,-2.0,152,Small Business,Direct,0
8364.0,2,1349.26,674.63,8,0.076,2,3,2024-09-28,1.0,1.0,0.0,279,Consumer,Affiliate,0
8365.0,4,3390.46,847.615,30,0.08249999999999999,4,8,2024-05-20,1.0,3.0,-2.0,410,Consumer,Social,0
8366.0,3,1362.6399999999999,454.2133333333333,154,0.07766666666666668,3,5,2024-07-02,0.0,3.0,-3.0,367,Consumer,Paid Search,0
8369.0,5,643.83,128.76600000000002,155,0.056600000000000004,5,6,2023-11-09,0.0,5.0,-5.0,603,Consumer,Social,1
8371.0,4,1516.9099999999999,379.22749999999996,6,0.11499999999999999,4,18,2024-11-15,2.0,2.0,0.0,231,Small Business,Paid Search,0
8375.0,4,1435.32,358.83,45,0.02,4,6,2023-12-13,1.0,3.0,-2.0,569,Consumer,Organic,0
8376.0,6,3897.9100000000003,649.6516666666668,163,0.1635,6,41,2024-09-24,0.0,6.0,-6.0,283,Enterprise,Social,0
8378.0,14,14547.16,1039.0828571428572,18,0.10657142857142857,12,105,2024-04-25,3.0,11.0,-8.0,435,Enterprise,Organic,0
8379.0,6,736.8199999999999,122.80333333333333,158,0.062,6,23,2024-04-06,0.0,6.0,-6.0,454,Small Business,Email,0
8385.0,4,458.0,114.5,8,0.11575,4,6,2024-03-05,2.0,2.0,0.0,486,Consumer,Direct,1
8389.0,10,2237.5,223.75,6,0.1137,10,41,2024-04-05,5.0,5.0,0.0,455,Small Business,Paid Search,0
8390.0,4,432.86,108.215,117,0.06925,4,6,2023-12-19,0.0,4.0,-4.0,563,Consumer,Social,0
8392.0,3,223.61,74.53666666666668,44,0.034,3,4,2025-03-06,2.0,1.0,1.0,120,Consumer,Direct,0
8393.0,8,1869.93,233.74125,289,0.06325,8,15,2023-07-11,0.0,8.0,-8.0,724,Consumer,Social,1
8395.0,1,77.42,77.42,144,0.0,1,2,2025-02-10,0.0,1.0,-1.0,144,Consumer,Social,0
8396.0,1,220.3,220.3,212,0.034,1,2,2024-12-04,0.0,1.0,-1.0,212,Consumer,Paid Search,0
8397.0,7,3198.52,456.93142857142857,58,0.045571428571428575,7,12,2023-05-29,1.0,6.0,-5.0,767,Consumer,Organic,0
8398.0,6,817.4100000000001,136.235,38,0.10566666666666667,6,10,2024-04-12,2.0,4.0,-2.0,448,Consumer,Email,0
8400.0,3,996.78,332.26,93,0.08066666666666668,3,5,2025-01-17,0.0,3.0,-3.0,168,Consumer,Direct,0
8401.0,6,2001.9699999999998,333.66166666666663,19,0.06866666666666667,6,9,2024-04-16,1.0,5.0,-4.0,444,Consumer,Paid Search,0
8402.0,3,535.21,178.40333333333334,25,0.04666666666666667,3,5,2024-08-01,1.0,2.0,-1.0,337,Consumer,Organic,0
8404.0,4,1582.83,395.7075,114,0.045,4,6,2024-03-08,0.0,4.0,-4.0,483,Consumer,Email,0
8405.0,4,507.59000000000003,126.89750000000001,101,0.0745,4,7,2024-10-09,0.0,4.0,-4.0,268,Consumer,Paid Search,0
8406.0,3,437.13,145.71,149,0.13266666666666668,3,9,2024-11-15,0.0,3.0,-3.0,231,Small Business,Paid Search,1
8407.0,3,2199.62,733.2066666666666,58,0.125,3,13,2024-07-24,1.0,2.0,-1.0,345,Small Business,Email,1
8408.0,5,3229.38,645.876,21,0.11440000000000002,5,18,2024-11-17,3.0,2.0,1.0,229,Small Business,Social,0
8409.0,4,2384.18,596.045,10,0.0825,4,13,2024-12-02,1.0,3.0,-2.0,214,Small Business,Organic,0
8410.0,2,78.65,39.325,208,0.041,2,2,2024-09-18,0.0,2.0,-2.0,289,Consumer,Direct,0
8411.0,6,1976.51,329.41833333333335,255,0.0805,6,8,2024-01-26,0.0,6.0,-6.0,525,Consumer,Social,0
8412.0,7,1568.07,224.01,39,0.05442857142857143,6,9,2023-07-31,1.0,6.0,-5.0,704,Consumer,Social,0
8413.0,12,1724.4,143.70000000000002,104,0.050916666666666666,11,19,2023-10-05,0.0,12.0,-12.0,638,Consumer,Direct,1
8414.0,5,1573.54,314.70799999999997,84,0.0884,4,7,2024-09-12,1.0,4.0,-3.0,295,Consumer,Email,0
8416.0,10,4806.89,480.689,8,0.1199,10,70,2024-07-07,1.0,9.0,-8.0,362,Enterprise,Email,0
8419.0,24,26882.55,1120.10625,49,0.15370833333333334,23,172,2023-03-23,1.0,23.0,-22.0,834,Enterprise,Organic,0
8420.0,8,3227.58,403.4475,14,0.04725,7,15,2023-07-17,1.0,7.0,-6.0,718,Consumer,Paid Search,1
8421.0,3,943.0100000000001,314.3366666666667,97,0.07966666666666666,3,3,2024-06-14,0.0,3.0,-3.0,385,Consumer,Email,0
8422.0,7,1200.11,171.4442857142857,132,0.06142857142857143,7,12,2023-09-06,0.0,7.0,-7.0,667,Consumer,Paid Search,0
8423.0,3,251.24,83.74666666666667,112,0.09966666666666667,3,4,2024-11-27,0.0,3.0,-3.0,219,Consumer,Affiliate,0
8424.0,12,4259.39,354.9491666666667,78,0.09083333333333334,12,37,2023-10-11,1.0,11.0,-10.0,632,Small Business,Email,0
8429.0,1,200.04,200.04,181,0.185,1,2,2025-01-04,0.0,1.0,-1.0,181,Consumer,Social,0
8432.0,2,418.0,209.0,168,0.072,2,4,2025-01-16,0.0,2.0,-2.0,169,Consumer,Social,0
8433.0,4,553.98,138.495,203,0.01325,4,6,2024-04-07,0.0,4.0,-4.0,453,Consumer,Direct,1
8435.0,2,405.24,202.62,182,0.037,2,3,2024-09-30,0.0,2.0,-2.0,277,Consumer,Social,0
8436.0,2,116.98,58.49,22,0.0095,2,2,2024-12-27,1.0,1.0,0.0,189,Consumer,Organic,0
8437.0,2,47.37,23.685,226,0.089,2,2,2024-10-31,0.0,2.0,-2.0,246,Consumer,Paid Search,0
8438.0,4,2426.61,606.6525,1,0.08925,4,15,2024-10-26,1.0,3.0,-2.0,251,Small Business,Email,0
8440.0,4,1562.72,390.68,18,0.1065,4,9,2024-05-01,1.0,3.0,-2.0,429,Small Business,Organic,0
8442.0,3,1114.71,371.57,234,0.014333333333333332,3,3,2024-09-13,0.0,3.0,-3.0,294,Consumer,Email,1
8444.0,1,30.21,30.21,101,0.105,1,3,2025-03-25,0.0,1.0,-1.0,101,Small Business,Paid Search,0
8445.0,12,2530.23,210.8525,62,0.056,12,18,2023-07-11,2.0,10.0,-8.0,724,Consumer,Social,0
8447.0,10,7790.07,779.007,50,0.1278,9,69,2024-04-12,2.0,8.0,-6.0,448,Enterprise,Paid Search,0
8449.0,5,4029.1099999999997,805.8219999999999,24,0.0962,5,20,2024-12-29,2.0,3.0,-1.0,187,Small Business,Organic,0
8450.0,2,1055.88,527.94,31,0.1225,2,6,2024-08-11,1.0,1.0,0.0,327,Small Business,Paid Search,1
8454.0,2,1682.54,841.27,99,0.0555,2,7,2025-03-17,0.0,2.0,-2.0,109,Small Business,Paid Search,0
8456.0,6,1808.13,301.355,26,0.08683333333333333,6,22,2024-08-24,1.0,5.0,-4.0,314,Small Business,Email,0
8459.0,4,3923.6499999999996,980.9124999999999,17,0.0845,4,17,2023-12-28,2.0,2.0,0.0,554,Small Business,Paid Search,0
8460.0,5,1462.6299999999999,292.52599999999995,232,0.059399999999999994,5,8,2024-04-01,0.0,5.0,-5.0,459,Consumer,Email,0
8461.0,2,310.95000000000005,155.47500000000002,222,0.049,2,3,2024-06-18,0.0,2.0,-2.0,381,Consumer,Paid Search,0
8462.0,8,6995.57,874.44625,85,0.144875,7,52,2024-02-09,1.0,7.0,-6.0,511,Enterprise,Affiliate,0
8463.0,4,1596.26,399.065,41,0.0785,4,15,2024-09-13,2.0,2.0,0.0,294,Small Business,Email,0
8464.0,3,434.71,144.90333333333334,361,0.06,3,5,2024-03-01,0.0,3.0,-3.0,490,Consumer,Paid Search,0
8465.0,4,454.40000000000003,113.60000000000001,71,0.03225,4,5,2025-02-26,1.0,3.0,-2.0,128,Consumer,Organic,1
8466.0,4,781.51,195.3775,387,0.08775000000000001,4,7,2023-12-11,0.0,4.0,-4.0,571,Consumer,Direct,0
8467.0,3,524.75,174.91666666666666,40,0.013666666666666667,3,4,2024-06-22,1.0,2.0,-1.0,377,Consumer,Affiliate,0
8469.0,3,644.34,214.78,38,0.03,3,5,2025-02-23,2.0,1.0,1.0,131,Consumer,Paid Search,0
8470.0,2,1447.0800000000002,723.5400000000001,6,0.0525,2,3,2024-12-12,1.0,1.0,0.0,204,Consumer,Organic,0
8473.0,2,2274.49,1137.245,18,0.074,2,5,2024-12-16,1.0,1.0,0.0,200,Small Business,Paid Search,0
8474.0,3,458.96999999999997,152.98999999999998,148,0.066,3,5,2024-12-27,0.0,3.0,-3.0,189,Consumer,Affiliate,0
8475.0,2,284.48,142.24,153,0.0095,2,3,2024-05-05,0.0,2.0,-2.0,425,Consumer,Social,0
8480.0,9,4296.71,477.4122222222222,109,0.11044444444444444,9,36,2024-02-13,0.0,9.0,-9.0,507,Small Business,Paid Search,0
8481.0,5,2521.46,504.29200000000003,12,0.0476,5,7,2024-09-29,2.0,3.0,-1.0,278,Consumer,Social,0
8484.0,12,18483.43,1540.2858333333334,61,0.13516666666666668,11,87,2024-04-14,1.0,11.0,-10.0,446,Enterprise,Paid Search,0
8485.0,3,830.96,276.9866666666667,146,0.126,3,9,2025-01-14,0.0,3.0,-3.0,171,Small Business,Social,0
8486.0,13,6365.58,489.65999999999997,14,0.09692307692307692,13,48,2024-02-23,3.0,10.0,-7.0,497,Small Business,Social,0
8488.0,2,96.50999999999999,48.254999999999995,178,0.0175,2,3,2024-09-28,0.0,2.0,-2.0,279,Consumer,Email,0
8490.0,6,1865.99,310.99833333333333,6,0.0535,6,9,2024-04-13,1.0,5.0,-4.0,447,Consumer,Organic,0
8491.0,3,728.6500000000001,242.88333333333335,17,0.113,3,5,2025-01-03,2.0,1.0,1.0,182,Consumer,Paid Search,0
8493.0,10,8222.6,822.26,7,0.1192,10,63,2024-06-14,1.0,9.0,-8.0,385,Enterprise,Paid Search,0
8497.0,6,1994.52,332.42,19,0.057333333333333326,6,9,2024-07-13,2.0,4.0,-2.0,356,Consumer,Organic,1
8499.0,2,299.78999999999996,149.89499999999998,105,0.037,2,3,2024-12-20,0.0,2.0,-2.0,196,Consumer,Paid Search,1
8500.0,2,157.32,78.66,162,0.051,2,4,2025-01-16,0.0,2.0,-2.0,169,Consumer,Direct,1
8501.0,2,1472.74,736.37,9,0.1175,2,7,2025-05-09,2.0,0.0,2.0,56,Small Business,Paid Search,0
8502.0,5,1536.07,307.214,8,0.1322,5,28,2025-03-28,4.0,1.0,3.0,98,Enterprise,Paid Search,0
8503.0,4,473.98,118.495,43,0.059500000000000004,4,6,2024-09-29,1.0,3.0,-2.0,278,Consumer,Paid Search,0
8504.0,1,31.82,31.82,8,0.0,1,1,2025-06-26,1.0,0.0,1.0,8,Consumer,Direct,0
8505.0,5,1659.28,331.856,83,0.0628,5,9,2024-05-04,1.0,4.0,-3.0,426,Consumer,Affiliate,1
8506.0,1,637.1,637.1,23,0.078,1,1,2025-06-11,1.0,0.0,1.0,23,Consumer,Social,0
8507.0,7,7487.07,1069.5814285714284,11,0.15999999999999998,7,28,2024-03-23,2.0,5.0,-3.0,468,Small Business,Paid Search,0
8508.0,9,7932.69,881.41,84,0.10466666666666666,9,35,2024-04-06,1.0,8.0,-7.0,454,Small Business,Email,0
8510.0,2,668.53,334.265,4,0.07300000000000001,2,5,2025-01-03,1.0,1.0,0.0,182,Small Business,Paid Search,0
8511.0,8,2475.88,309.485,19,0.052125000000000005,8,11,2023-08-08,2.0,6.0,-4.0,696,Consumer,Social,1
8517.0,1,279.04,279.04,89,0.102,1,2,2025-04-06,1.0,0.0,1.0,89,Consumer,Paid Search,0
8520.0,4,379.82000000000005,94.95500000000001,13,0.06925,4,13,2024-07-15,1.0,3.0,-2.0,354,Small Business,Paid Search,0
8525.0,1,31.0,31.0,182,0.036,1,1,2025-01-03,0.0,1.0,-1.0,182,Consumer,Paid Search,0
8526.0,2,226.03,113.015,24,0.0005,2,3,2025-02-01,1.0,1.0,0.0,153,Consumer,Organic,0
8527.0,1,533.1,533.1,125,0.065,1,5,2025-03-01,0.0,1.0,-1.0,125,Small Business,Social,0
8533.0,5,1937.1399999999999,387.428,71,0.1008,5,15,2024-02-12,1.0,4.0,-3.0,508,Small Business,Paid Search,0
8535.0,19,20636.02,1086.1063157894737,58,0.16210526315789475,19,135,2023-09-02,3.0,16.0,-13.0,671,Enterprise,Organic,0
8536.0,1,182.93,182.93,31,0.123,1,1,2025-06-03,1.0,0.0,1.0,31,Consumer,Organic,0
8537.0,7,892.42,127.48857142857142,105,0.08199999999999999,7,10,2023-12-08,0.0,7.0,-7.0,574,Consumer,Paid Search,0
8539.0,3,5605.58,1868.5266666666666,214,0.10266666666666667,3,10,2024-10-22,0.0,3.0,-3.0,255,Small Business,Paid Search,0
8540.0,6,460.48999999999995,76.74833333333332,4,0.0425,6,10,2023-12-10,1.0,5.0,-4.0,572,Consumer,Paid Search,1
8543.0,3,550.12,183.37333333333333,277,0.049666666666666665,3,4,2024-01-24,0.0,3.0,-3.0,527,Consumer,Social,0
8545.0,2,583.8,291.9,36,0.015,2,4,2025-04-19,2.0,0.0,2.0,76,Consumer,Paid Search,1
8546.0,7,1291.46,184.49428571428572,14,0.04342857142857143,6,13,2023-12-17,1.0,6.0,-5.0,565,Consumer,Social,0
8547.0,5,1639.3799999999999,327.876,9,0.0382,5,9,2023-12-23,2.0,3.0,-1.0,559,Consumer,Email,0
8548.0,2,601.38,300.69,120,0.1535,2,4,2025-02-12,0.0,2.0,-2.0,142,Consumer,Affiliate,0
8550.0,1,255.04,255.04,178,0.131,1,4,2025-01-07,0.0,1.0,-1.0,178,Small Business,Social,0
8552.0,1,74.12,74.12,66,0.052,1,2,2025-04-29,1.0,0.0,1.0,66,Consumer,Direct,0
8555.0,4,930.95,232.7375,196,0.08650000000000001,4,6,2024-08-22,0.0,4.0,-4.0,316,Consumer,Social,0
8556.0,1,804.36,804.36,330,0.072,1,2,2024-08-08,0.0,1.0,-1.0,330,Consumer,Paid Search,0
8557.0,3,1717.42,572.4733333333334,68,0.09633333333333334,3,5,2024-02-03,1.0,2.0,-1.0,517,Consumer,Social,0
8558.0,1,35.63,35.63,118,0.078,1,1,2025-03-08,0.0,1.0,-1.0,118,Consumer,Direct,0
8559.0,2,1972.6399999999999,986.3199999999999,108,0.063,2,7,2025-01-19,0.0,2.0,-2.0,166,Small Business,Paid Search,0
8560.0,10,4409.36,440.936,72,0.10640000000000001,10,36,2024-07-03,1.0,9.0,-8.0,366,Small Business,Paid Search,0
8563.0,6,1790.1399999999999,298.3566666666666,16,0.06616666666666667,6,21,2024-05-15,1.0,5.0,-4.0,415,Small Business,Direct,0
8564.0,3,565.24,188.41333333333333,215,0.07233333333333333,3,5,2024-05-27,0.0,3.0,-3.0,403,Consumer,Organic,0
8565.0,7,2070.06,295.72285714285715,61,0.09985714285714285,7,24,2024-03-28,1.0,6.0,-5.0,463,Small Business,Affiliate,0
8566.0,2,549.5,274.75,207,0.0205,2,4,2024-09-05,0.0,2.0,-2.0,302,Consumer,Affiliate,0
8568.0,4,777.8399999999999,194.45999999999998,4,0.063,4,6,2025-01-25,2.0,2.0,0.0,160,Consumer,Organic,0
8569.0,8,2565.49,320.68625,166,0.056874999999999995,8,11,2023-10-04,0.0,8.0,-8.0,639,Consumer,Social,0
8570.0,4,259.3,64.825,59,0.024,4,6,2025-01-18,2.0,2.0,0.0,167,Consumer,Organic,0
8571.0,5,1440.42,288.084,207,0.060399999999999995,5,7,2023-10-19,0.0,5.0,-5.0,624,Consumer,Organic,1
8572.0,3,422.57000000000005,140.85666666666668,51,0.04033333333333333,3,5,2025-02-10,2.0,1.0,1.0,144,Consumer,Organic,0
8573.0,1,14.35,14.35,24,0.0,1,1,2025-06-10,1.0,0.0,1.0,24,Consumer,Social,0
8575.0,2,484.15999999999997,242.07999999999998,174,0.091,2,7,2024-12-07,0.0,2.0,-2.0,209,Small Business,Paid Search,0
8577.0,5,1156.5,231.3,367,0.0578,5,6,2023-05-27,0.0,5.0,-5.0,769,Consumer,Social,0
8579.0,14,13684.73,977.4807142857143,32,0.09321428571428571,13,52,2023-06-25,2.0,12.0,-10.0,740,Small Business,Social,0
8580.0,4,1345.51,336.3775,63,0.077,4,7,2024-08-13,1.0,3.0,-2.0,325,Consumer,Email,0
8583.0,4,685.25,171.3125,47,0.051250000000000004,4,6,2024-02-28,1.0,3.0,-2.0,492,Consumer,Social,1
8584.0,1,45.7,45.7,222,0.15,1,2,2024-11-24,0.0,1.0,-1.0,222,Consumer,Paid Search,1
8587.0,1,492.06,492.06,22,0.022,1,2,2025-06-12,1.0,0.0,1.0,22,Consumer,Email,0
8588.0,2,1008.16,504.08,462,0.059000000000000004,2,4,2023-10-08,0.0,2.0,-2.0,635,Consumer,Email,1
8589.0,6,2528.19,421.365,78,0.05283333333333332,6,21,2024-10-22,1.0,5.0,-4.0,255,Small Business,Paid Search,0
8590.0,7,3290.08,470.01142857142855,17,0.09899999999999999,7,31,2024-01-18,2.0,5.0,-3.0,533,Small Business,Affiliate,0
8591.0,5,662.4399999999999,132.488,99,0.0752,5,8,2023-10-08,0.0,5.0,-5.0,635,Consumer,Social,0
8592.0,2,171.0,85.5,64,0.0525,2,3,2025-01-10,1.0,1.0,0.0,175,Consumer,Email,0
8594.0,17,5918.32,348.1364705882353,25,0.1295294117647059,15,62,2023-08-02,2.0,15.0,-13.0,702,Small Business,Organic,0
8598.0,8,6098.49,762.31125,66,0.08025,8,33,2024-05-05,1.0,7.0,-6.0,425,Small Business,Organic,0
8599.0,4,1444.37,361.0925,93,0.1205,4,7,2024-09-15,0.0,4.0,-4.0,292,Consumer,Affiliate,0
8600.0,7,3975.96,567.9942857142858,6,0.09457142857142857,6,21,2024-03-03,3.0,4.0,-1.0,488,Small Business,Organic,0
8601.0,5,928.1099999999999,185.62199999999999,41,0.0804,5,6,2024-05-25,1.0,4.0,-3.0,405,Consumer,Email,0
8602.0,11,7123.599999999999,647.5999999999999,92,0.14454545454545453,10,79,2024-05-29,0.0,11.0,-11.0,401,Enterprise,Paid Search,0
8603.0,3,853.72,284.5733333333333,211,0.077,3,6,2024-07-05,0.0,3.0,-3.0,364,Consumer,Email,1
8604.0,6,788.51,131.41833333333332,159,0.06233333333333333,6,8,2024-01-19,0.0,6.0,-6.0,532,Consumer,Affiliate,0
8605.0,3,402.4,134.13333333333333,56,0.12333333333333334,3,4,2024-10-13,1.0,2.0,-1.0,264,Consumer,Social,0
8608.0,1,67.61,67.61,102,0.0,1,1,2025-03-24,0.0,1.0,-1.0,102,Consumer,Paid Search,0
8610.0,1,31.12,31.12,322,0.079,1,2,2024-08-16,0.0,1.0,-1.0,322,Consumer,Email,0
8611.0,1,164.64,164.64,19,0.0,1,1,2025-06-15,1.0,0.0,1.0,19,Consumer,Email,0
8613.0,2,988.06,494.03,58,0.0485,2,3,2025-03-25,1.0,1.0,0.0,101,Consumer,Direct,0
8614.0,1,141.66,141.66,74,0.126,1,2,2025-04-21,1.0,0.0,1.0,74,Consumer,Affiliate,1
8615.0,1,370.83,370.83,243,0.09,1,1,2024-11-03,0.0,1.0,-1.0,243,Consumer,Organic,0
8617.0,6,7263.09,1210.515,31,0.09999999999999999,6,26,2025-01-24,2.0,4.0,-2.0,161,Small Business,Affiliate,0
8618.0,3,2275.96,758.6533333333333,10,0.081,2,11,2024-08-18,1.0,2.0,-1.0,320,Small Business,Paid Search,1
8620.0,7,1888.18,269.74,86,0.05385714285714286,7,11,2024-05-06,1.0,6.0,-5.0,424,Consumer,Social,0
8621.0,2,58.17,29.085,178,0.0095,2,2,2024-12-28,0.0,2.0,-2.0,188,Consumer,Paid Search,1
8622.0,4,1828.96,457.24,141,0.06999999999999999,4,7,2024-04-08,0.0,4.0,-4.0,452,Consumer,Paid Search,0
8625.0,2,472.32,236.16,47,0.041,2,4,2025-03-28,1.0,1.0,0.0,98,Consumer,Social,0
8627.0,12,4769.9,397.4916666666666,144,0.08825,11,36,2023-08-25,0.0,12.0,-12.0,679,Small Business,Social,1
8628.0,5,680.77,136.154,10,0.0634,5,8,2024-07-31,1.0,4.0,-3.0,338,Consumer,Affiliate,0
8629.0,1,424.3,424.3,72,0.051,1,2,2025-04-23,1.0,0.0,1.0,72,Small Business,Paid Search,0
8630.0,2,82.71000000000001,41.355000000000004,135,0.122,2,3,2024-11-05,0.0,2.0,-2.0,241,Consumer,Organic,0
8634.0,1,317.3,317.3,328,0.092,1,1,2024-08-10,0.0,1.0,-1.0,328,Consumer,Direct,1
8635.0,1,523.18,523.18,163,0.048,1,2,2025-01-22,0.0,1.0,-1.0,163,Consumer,Social,0
8636.0,3,606.16,202.0533333333333,60,0.031,3,5,2024-09-20,1.0,2.0,-1.0,287,Consumer,Email,0
8637.0,2,430.42999999999995,215.21499999999997,232,0.041,2,3,2024-09-29,0.0,2.0,-2.0,278,Consumer,Affiliate,1
8641.0,5,1062.48,212.496,55,0.03560000000000001,5,7,2024-03-05,1.0,4.0,-3.0,486,Consumer,Organic,0
8642.0,9,2913.23,323.6922222222222,13,0.051444444444444445,9,14,2023-11-07,3.0,6.0,-3.0,605,Consumer,Organic,1
8643.0,2,103.72,51.86,95,0.056999999999999995,2,3,2025-02-05,0.0,2.0,-2.0,149,Consumer,Organic,0
8645.0,14,16395.21,1171.0864285714285,27,0.12792857142857142,14,97,2023-12-10,3.0,11.0,-8.0,572,Enterprise,Paid Search,0
8646.0,3,463.09000000000003,154.36333333333334,238,0.043333333333333335,3,3,2023-12-22,0.0,3.0,-3.0,560,Consumer,Paid Search,0
8647.0,4,1208.71,302.1775,193,0.076,4,6,2023-10-22,0.0,4.0,-4.0,621,Consumer,Paid Search,0
8651.0,4,436.75,109.1875,19,0.048,4,6,2025-04-16,4.0,0.0,4.0,79,Consumer,Social,0
8653.0,1,76.58,76.58,170,0.009,1,2,2025-01-15,0.0,1.0,-1.0,170,Consumer,Paid Search,0
8654.0,5,440.24,88.048,122,0.0504,5,10,2024-03-12,0.0,5.0,-5.0,479,Consumer,Social,1
8655.0,7,855.52,122.21714285714286,34,0.04542857142857143,7,9,2024-07-16,1.0,6.0,-5.0,353,Consumer,Direct,0
8656.0,2,157.03,78.515,55,0.1205,2,2,2025-01-30,1.0,1.0,0.0,155,Consumer,Paid Search,0
8657.0,1,310.74,310.74,180,0.0,1,2,2025-01-05,0.0,1.0,-1.0,180,Consumer,Email,0
8659.0,4,714.5,178.625,56,0.01825,4,6,2024-11-21,3.0,1.0,2.0,225,Consumer,Social,0
8660.0,2,412.56000000000006,206.28000000000003,267,0.047,2,3,2024-08-15,0.0,2.0,-2.0,323,Consumer,Organic,1
8663.0,6,1052.34,175.39,66,0.056666666666666664,6,10,2023-03-05,1.0,5.0,-4.0,852,Consumer,Affiliate,0
8664.0,5,2476.0,495.2,18,0.0254,5,9,2025-01-06,3.0,2.0,1.0,179,Consumer,Affiliate,0
8665.0,2,360.34000000000003,180.17000000000002,280,0.0585,2,4,2024-08-20,0.0,2.0,-2.0,318,Consumer,Organic,0
8666.0,4,523.9799999999999,130.99499999999998,83,0.03675,4,7,2024-09-03,1.0,3.0,-2.0,304,Consumer,Social,0
8668.0,2,828.1500000000001,414.07500000000005,0,0.0975,2,2,2025-06-28,2.0,0.0,2.0,6,Consumer,Organic,0
8669.0,2,169.41,84.705,123,0.054,2,3,2025-01-14,0.0,2.0,-2.0,171,Consumer,Organic,0
8670.0,5,542.73,108.546,20,0.0654,5,7,2024-05-31,2.0,3.0,-1.0,399,Consumer,Social,1
8671.0,2,251.12,125.56,75,0.013,2,4,2024-12-19,1.0,1.0,0.0,197,Consumer,Social,0
8672.0,2,200.2,100.1,299,0.0615,2,4,2024-08-17,0.0,2.0,-2.0,321,Consumer,Paid Search,0
8674.0,4,1147.6,286.9,62,0.03225,4,6,2024-12-22,1.0,3.0,-2.0,194,Consumer,Social,0
8676.0,1,335.79,335.79,343,0.119,1,9,2024-07-26,0.0,1.0,-1.0,343,Enterprise,Email,0
8678.0,9,1972.23,219.13666666666666,206,0.07,9,11,2023-10-01,0.0,9.0,-9.0,642,Consumer,Organic,0
8679.0,9,5290.02,587.7800000000001,27,0.11144444444444446,9,38,2024-09-24,5.0,4.0,1.0,283,Small Business,Paid Search,0
8680.0,15,6963.18,464.21200000000005,61,0.1424,14,55,2023-09-26,1.0,14.0,-13.0,647,Small Business,Organic,0
8681.0,3,757.83,252.61,188,0.05366666666666667,3,4,2024-08-14,0.0,3.0,-3.0,324,Consumer,Affiliate,0
8684.0,1,29.76,29.76,9,0.116,1,2,2025-06-25,1.0,0.0,1.0,9,Consumer,Organic,0
8685.0,1,124.6,124.6,21,0.045,1,1,2025-06-13,1.0,0.0,1.0,21,Consumer,Paid Search,1
8686.0,1,110.27,110.27,109,0.033,1,1,2025-03-17,0.0,1.0,-1.0,109,Consumer,Paid Search,1
8687.0,2,231.26000000000002,115.63000000000001,20,0.0785,2,2,2025-01-21,1.0,1.0,0.0,164,Consumer,Paid Search,1
8689.0,2,623.21,311.605,61,0.038,2,3,2025-03-17,1.0,1.0,0.0,109,Consumer,Affiliate,0
8691.0,10,6352.36,635.236,8,0.1269,10,29,2024-05-20,1.0,9.0,-8.0,410,Small Business,Paid Search,0
8693.0,8,1908.32,238.54,88,0.053,8,10,2023-08-12,1.0,7.0,-6.0,692,Consumer,Affiliate,1
8694.0,4,1386.34,346.585,38,0.0665,4,7,2024-09-01,2.0,2.0,0.0,306,Consumer,Social,0
8696.0,5,1265.54,253.108,201,0.0506,5,7,2024-02-27,0.0,5.0,-5.0,493,Consumer,Social,0
8697.0,6,2063.57,343.92833333333334,0,0.05133333333333334,6,11,2024-05-07,3.0,3.0,0.0,423,Consumer,Organic,0
8698.0,4,942.09,235.5225,58,0.06925,4,6,2024-11-15,1.0,3.0,-2.0,231,Consumer,Affiliate,0
8699.0,4,839.9399999999999,209.98499999999999,219,0.08499999999999999,4,13,2024-09-25,0.0,4.0,-4.0,282,Small Business,Paid Search,0
8702.0,4,3715.05,928.7625,3,0.1385,3,20,2024-10-28,2.0,2.0,0.0,249,Small Business,Email,0
8704.0,1,65.7,65.7,87,0.006,1,2,2025-04-08,1.0,0.0,1.0,87,Consumer,Affiliate,0
8706.0,6,1141.92,190.32000000000002,10,0.011666666666666665,6,10,2024-04-27,1.0,5.0,-4.0,433,Consumer,Social,0
8707.0,2,810.34,405.17,111,0.10350000000000001,2,3,2025-02-21,0.0,2.0,-2.0,133,Consumer,Social,0
8708.0,2,167.24,83.62,54,0.047,2,2,2025-01-22,1.0,1.0,0.0,163,Consumer,Paid Search,0
8709.0,8,682.06,85.2575,170,0.049375,8,10,2023-04-20,0.0,8.0,-8.0,806,Consumer,Paid Search,0
8711.0,5,1597.95,319.59000000000003,302,0.11779999999999999,5,20,2024-01-01,0.0,5.0,-5.0,550,Small Business,Paid Search,0
8712.0,1,97.37,97.37,220,0.081,1,1,2024-11-26,0.0,1.0,-1.0,220,Consumer,Social,1
8714.0,3,372.65,124.21666666666665,21,0.06333333333333334,3,4,2023-10-02,1.0,2.0,-1.0,641,Consumer,Email,0
8715.0,4,806.46,201.615,43,0.04225,4,8,2024-10-22,1.0,3.0,-2.0,255,Consumer,Organic,0
8718.0,3,559.77,186.59,82,0.04133333333333333,3,5,2024-08-19,1.0,2.0,-1.0,319,Consumer,Organic,0
8722.0,2,460.25,230.125,142,0.053,2,2,2024-09-01,0.0,2.0,-2.0,306,Consumer,Email,0
8725.0,6,2779.6,463.26666666666665,19,0.09900000000000002,6,30,2024-06-06,1.0,5.0,-4.0,393,Small Business,Social,0
8728.0,4,3376.07,844.0175,76,0.07125,4,32,2024-11-30,2.0,2.0,0.0,216,Enterprise,Affiliate,0
8730.0,4,1994.44,498.61,69,0.16449999999999998,4,15,2025-01-21,1.0,3.0,-2.0,164,Small Business,Affiliate,0
8733.0,12,5770.96,480.91333333333336,110,0.16774999999999998,12,88,2023-06-21,0.0,12.0,-12.0,744,Enterprise,Social,0
8734.0,11,16256.41,1477.8554545454544,65,0.12518181818181817,10,79,2023-10-26,1.0,10.0,-9.0,617,Enterprise,Organic,0
8735.0,4,1134.24,283.56,177,0.05875,4,5,2024-08-05,0.0,4.0,-4.0,333,Consumer,Email,1
8737.0,1,7.65,7.65,171,0.063,1,1,2025-01-14,0.0,1.0,-1.0,171,Consumer,Social,0
8739.0,6,1416.56,236.09333333333333,76,0.11633333333333333,6,23,2024-09-29,1.0,5.0,-4.0,278,Small Business,Social,0
8740.0,2,322.34,161.17,152,0.075,2,3,2024-11-06,0.0,2.0,-2.0,240,Consumer,Paid Search,1
8742.0,1,82.02,82.02,87,0.15,1,3,2025-04-08,1.0,0.0,1.0,87,Small Business,Social,0
8743.0,3,983.8299999999999,327.9433333333333,70,0.028666666666666663,3,5,2024-08-09,1.0,2.0,-1.0,329,Consumer,Paid Search,0
8744.0,7,2210.9,315.84285714285716,176,0.05614285714285715,7,11,2023-07-23,0.0,7.0,-7.0,712,Consumer,Organic,0
8745.0,3,513.47,171.15666666666667,239,0.011999999999999999,3,5,2024-01-13,0.0,3.0,-3.0,538,Consumer,Direct,0
8746.0,4,249.95,62.4875,110,0.048,4,4,2024-01-11,0.0,4.0,-4.0,540,Consumer,Social,0
8747.0,2,762.31,381.155,273,0.065,2,3,2024-07-13,0.0,2.0,-2.0,356,Consumer,Social,0
8748.0,1,14.94,14.94,11,0.084,1,2,2025-06-23,1.0,0.0,1.0,11,Consumer,Social,1
8749.0,5,432.52,86.50399999999999,117,0.0878,4,9,2024-06-10,0.0,5.0,-5.0,389,Consumer,Organic,0
8750.0,6,2133.95,355.6583333333333,73,0.09283333333333334,6,10,2023-11-16,1.0,5.0,-4.0,596,Consumer,Social,1
8751.0,4,2749.27,687.3175,198,0.056499999999999995,4,12,2024-05-02,0.0,4.0,-4.0,428,Small Business,Social,0
8752.0,1,135.22,135.22,67,0.0,1,2,2025-04-28,1.0,0.0,1.0,67,Consumer,Organic,1
8754.0,2,1604.63,802.315,17,0.1,2,8,2025-04-01,1.0,1.0,0.0,94,Small Business,Social,0
8755.0,5,2102.1099999999997,420.4219999999999,138,0.16840000000000002,5,18,2023-10-20,0.0,5.0,-5.0,623,Small Business,Organic,0
8756.0,1,445.46,445.46,15,0.127,1,1,2025-06-19,1.0,0.0,1.0,15,Consumer,Email,0
8761.0,2,156.01,78.005,54,0.0275,2,2,2025-04-12,2.0,0.0,2.0,83,Consumer,Paid Search,0
8763.0,12,2342.9100000000003,195.24250000000004,66,0.035666666666666666,12,21,2023-07-29,1.0,11.0,-10.0,706,Consumer,Email,0
8767.0,2,263.59,131.795,160,0.0435,2,3,2024-11-23,0.0,2.0,-2.0,223,Consumer,Social,0
8769.0,7,4143.76,591.9657142857143,19,0.09742857142857143,6,25,2024-03-10,1.0,6.0,-5.0,481,Small Business,Affiliate,0
8770.0,2,61.5,30.75,13,0.043,2,3,2025-03-07,1.0,1.0,0.0,119,Consumer,Social,0
8771.0,5,1628.3200000000002,325.66400000000004,22,0.043,5,8,2024-09-16,1.0,4.0,-3.0,291,Consumer,Email,1
8772.0,2,1897.72,948.86,161,0.0645,2,6,2025-01-14,0.0,2.0,-2.0,171,Small Business,Email,1
8774.0,3,896.69,298.8966666666667,214,0.03733333333333333,3,3,2024-07-22,0.0,3.0,-3.0,347,Consumer,Paid Search,1
8775.0,2,761.25,380.625,235,0.1125,2,3,2024-07-24,0.0,2.0,-2.0,345,Consumer,Social,0
8776.0,4,1296.3899999999999,324.09749999999997,16,0.136,4,5,2024-10-11,1.0,3.0,-2.0,266,Consumer,Direct,0
8780.0,8,913.48,114.185,34,0.06912499999999999,8,11,2024-01-05,2.0,6.0,-4.0,546,Consumer,Paid Search,0
8783.0,11,3159.07,287.1881818181818,40,0.11772727272727272,11,35,2023-08-08,2.0,9.0,-7.0,696,Small Business,Email,0
8784.0,3,824.8199999999999,274.94,34,0.06933333333333334,3,4,2024-06-25,1.0,2.0,-1.0,374,Consumer,Social,0
8785.0,3,1297.4299999999998,432.47666666666663,25,0.075,3,4,2025-04-01,2.0,1.0,1.0,94,Consumer,Social,0
8786.0,3,334.74,111.58,45,0.12533333333333332,2,6,2024-08-31,1.0,2.0,-1.0,307,Consumer,Social,1
8787.0,3,347.01,115.67,59,0.08900000000000001,3,4,2024-03-25,1.0,2.0,-1.0,466,Consumer,Social,0
8788.0,4,2369.61,592.4025,70,0.0825,4,7,2024-04-16,1.0,3.0,-2.0,444,Consumer,Paid Search,1
8789.0,8,2022.0,252.75,62,0.035750000000000004,7,14,2023-06-29,1.0,7.0,-6.0,736,Consumer,Social,1
8790.0,10,5160.2,516.02,88,0.10389999999999999,10,34,2023-10-24,1.0,9.0,-8.0,619,Small Business,Organic,0
8791.0,5,3604.5299999999997,720.906,64,0.14500000000000002,5,19,2024-07-02,1.0,4.0,-3.0,367,Small Business,Affiliate,0
8793.0,1,162.27,162.27,133,0.051,1,1,2025-02-21,0.0,1.0,-1.0,133,Consumer,Paid Search,0
8794.0,2,387.62,193.81,131,0.0,2,3,2025-01-05,0.0,2.0,-2.0,180,Consumer,Organic,0
8796.0,4,473.64,118.41,7,0.058249999999999996,4,7,2025-01-04,2.0,2.0,0.0,181,Consumer,Organic,0
8797.0,5,738.3,147.66,65,0.08399999999999999,5,7,2023-12-13,1.0,4.0,-3.0,569,Consumer,Direct,0
8798.0,4,1974.13,493.5325,31,0.13825,4,14,2024-06-15,1.0,3.0,-2.0,384,Small Business,Paid Search,0
8799.0,1,146.32,146.32,11,0.094,1,1,2025-06-23,1.0,0.0,1.0,11,Consumer,Social,0
8800.0,1,63.06,63.06,89,0.073,1,2,2025-04-06,1.0,0.0,1.0,89,Consumer,Affiliate,0
8801.0,2,410.2,205.1,27,0.079,2,4,2025-01-15,1.0,1.0,0.0,170,Consumer,Organic,0
8802.0,4,386.03999999999996,96.50999999999999,47,0.06775,4,7,2024-12-14,1.0,3.0,-2.0,202,Consumer,Organic,1
8803.0,4,3032.45,758.1125,20,0.12575,4,28,2024-12-26,1.0,3.0,-2.0,190,Enterprise,Direct,0
8805.0,7,1298.67,185.52428571428572,28,0.14314285714285716,7,22,2024-10-28,3.0,4.0,-1.0,249,Small Business,Paid Search,0
8806.0,11,13021.3,1183.7545454545455,8,0.13363636363636364,11,80,2024-11-02,4.0,7.0,-3.0,244,Enterprise,Paid Search,0
8807.0,2,540.52,270.26,241,0.047,2,4,2024-10-30,0.0,2.0,-2.0,247,Consumer,Affiliate,0
8811.0,3,1125.88,375.29333333333335,142,0.07266666666666667,3,6,2024-08-17,0.0,3.0,-3.0,321,Consumer,Organic,0
8812.0,1,434.2,434.2,48,0.137,1,2,2025-05-17,1.0,0.0,1.0,48,Consumer,Paid Search,0
8814.0,3,339.19,113.06333333333333,52,0.09800000000000002,3,12,2024-12-12,1.0,2.0,-1.0,204,Small Business,Social,0
8816.0,4,2314.71,578.6775,35,0.12175,4,14,2024-12-15,1.0,3.0,-2.0,201,Small Business,Email,0
8817.0,2,122.92999999999999,61.464999999999996,63,0.055,2,3,2025-01-19,1.0,1.0,0.0,166,Consumer,Paid Search,1
8818.0,1,255.56,255.56,82,0.068,1,2,2025-04-13,1.0,0.0,1.0,82,Consumer,Organic,0
8819.0,5,3026.95,605.39,40,0.0524,5,9,2024-11-29,3.0,2.0,1.0,217,Consumer,Email,1
8821.0,2,274.03000000000003,137.01500000000001,2,0.037,2,3,2025-02-13,1.0,1.0,0.0,141,Consumer,Paid Search,0
8822.0,2,23.54,11.77,9,0.032,2,3,2025-01-10,1.0,1.0,0.0,175,Consumer,Affiliate,0
8823.0,2,214.95999999999998,107.47999999999999,3,0.0395,2,4,2024-12-24,1.0,1.0,0.0,192,Consumer,Organic,0
8825.0,3,793.22,264.4066666666667,12,0.09400000000000001,3,5,2025-01-04,2.0,1.0,1.0,181,Consumer,Social,0
8828.0,1,54.69,54.69,75,0.035,1,1,2025-04-20,1.0,0.0,1.0,75,Consumer,Social,0
8831.0,2,161.88,80.94,142,0.0,2,2,2024-12-23,0.0,2.0,-2.0,193,Consumer,Email,0
8833.0,4,567.43,141.8575,34,0.05325,4,6,2024-05-13,2.0,2.0,0.0,417,Consumer,Affiliate,0
8835.0,11,2621.86,238.3509090909091,48,0.10454545454545454,11,39,2023-10-12,2.0,9.0,-7.0,631,Small Business,Affiliate,0
8837.0,1,42.15,42.15,16,0.035,1,1,2025-06-18,1.0,0.0,1.0,16,Consumer,Email,0
8838.0,3,1518.6599999999999,506.21999999999997,136,0.08766666666666667,3,10,2025-01-01,0.0,3.0,-3.0,184,Small Business,Organic,0
8839.0,9,5236.3099999999995,581.8122222222222,173,0.06855555555555555,9,35,2023-06-18,0.0,9.0,-9.0,747,Small Business,Organic,0
8842.0,1,123.6,123.6,171,0.0,1,1,2025-01-14,0.0,1.0,-1.0,171,Consumer,Paid Search,0
8843.0,10,6774.88,677.488,3,0.12669999999999998,9,69,2024-08-07,3.0,7.0,-4.0,331,Enterprise,Paid Search,0
8844.0,4,1148.28,287.07,240,0.093,4,6,2024-01-01,0.0,4.0,-4.0,550,Consumer,Social,1
8845.0,4,2211.38,552.845,276,0.09925,4,12,2024-09-02,0.0,4.0,-4.0,305,Small Business,Email,0
8847.0,8,1857.25,232.15625,11,0.1355,8,26,2024-05-08,2.0,6.0,-4.0,422,Small Business,Email,0
8849.0,6,346.99,57.83166666666667,3,0.04866666666666667,6,7,2023-08-13,1.0,5.0,-4.0,691,Consumer,Direct,0
8851.0,4,570.27,142.5675,37,0.1185,4,5,2024-10-25,1.0,3.0,-2.0,252,Consumer,Direct,0
8852.0,7,3902.28,557.4685714285714,43,0.11785714285714287,7,24,2024-10-25,2.0,5.0,-3.0,252,Small Business,Organic,0
8853.0,5,1167.81,233.56199999999998,10,0.040999999999999995,5,7,2024-07-16,2.0,3.0,-1.0,353,Consumer,Direct,0
8854.0,4,348.78,87.195,133,0.064,4,6,2024-05-22,0.0,4.0,-4.0,408,Consumer,Organic,0
8855.0,7,1760.73,251.53285714285715,6,0.02142857142857143,7,10,2024-06-26,2.0,5.0,-3.0,373,Consumer,Social,0
8856.0,4,1195.28,298.82,49,0.10775000000000001,4,14,2024-08-27,2.0,2.0,0.0,311,Small Business,Email,0
8857.0,3,1126.92,375.64000000000004,164,0.013333333333333334,3,4,2024-11-18,0.0,3.0,-3.0,228,Consumer,Social,0
8859.0,3,400.41,133.47,161,0.059666666666666666,3,5,2025-01-22,0.0,3.0,-3.0,163,Consumer,Social,0
8862.0,8,2373.78,296.7225,29,0.040375,8,12,2023-11-09,1.0,7.0,-6.0,603,Consumer,Paid Search,0
8863.0,4,668.76,167.19,45,0.017,4,7,2024-12-18,1.0,3.0,-2.0,198,Consumer,Affiliate,0
8864.0,3,876.78,292.26,83,0.06633333333333334,3,3,2024-08-28,1.0,2.0,-1.0,310,Consumer,Social,0
8865.0,6,1706.48,284.41333333333336,8,0.08966666666666667,6,17,2024-07-21,2.0,4.0,-2.0,348,Small Business,Paid Search,1
8868.0,1,53.48,53.48,19,0.209,1,4,2025-06-15,1.0,0.0,1.0,19,Small Business,Organic,0
8869.0,3,764.48,254.82666666666668,37,0.024999999999999998,3,5,2024-12-14,1.0,2.0,-1.0,202,Consumer,Paid Search,0
8870.0,4,2144.9,536.225,1,0.03825,4,6,2024-12-12,3.0,1.0,2.0,204,Consumer,Paid Search,1
8871.0,4,682.2800000000001,170.57000000000002,19,0.048,4,6,2025-02-02,3.0,1.0,2.0,152,Consumer,Social,1
8872.0,5,2067.7200000000003,413.54400000000004,96,0.042,4,8,2024-04-24,0.0,5.0,-5.0,436,Consumer,Affiliate,0
8873.0,1,825.98,825.98,220,0.0,1,2,2024-11-26,0.0,1.0,-1.0,220,Consumer,Organic,0
8874.0,3,174.03,58.01,116,0.08566666666666667,3,4,2024-07-17,0.0,3.0,-3.0,352,Consumer,Social,0
8875.0,5,1108.56,221.712,337,0.1346,5,21,2024-02-04,0.0,5.0,-5.0,516,Small Business,Email,0
8877.0,9,1014.75,112.75,41,0.04466666666666666,8,14,2023-05-29,2.0,7.0,-5.0,767,Consumer,Affiliate,0
8878.0,4,463.48,115.87,12,0.03975,3,4,2024-04-14,2.0,2.0,0.0,446,Consumer,Paid Search,0
8881.0,1,102.17,102.17,154,0.178,1,1,2025-01-31,0.0,1.0,-1.0,154,Consumer,Paid Search,0
8882.0,1,611.52,611.52,149,0.014,1,2,2025-02-05,0.0,1.0,-1.0,149,Consumer,Paid Search,0
8884.0,8,2151.3,268.9125,97,0.043625,8,13,2023-10-09,0.0,8.0,-8.0,634,Consumer,Social,1
8885.0,1,287.44,287.44,119,0.075,1,2,2025-03-07,0.0,1.0,-1.0,119,Consumer,Paid Search,1
8886.0,8,5326.19,665.77375,102,0.074125,8,28,2023-12-30,0.0,8.0,-8.0,552,Small Business,Organic,0
8887.0,7,2094.47,299.21,64,0.10871428571428572,6,23,2024-10-06,1.0,6.0,-5.0,271,Small Business,Organic,1
8892.0,1,243.38,243.38,125,0.085,1,1,2025-03-01,0.0,1.0,-1.0,125,Consumer,Organic,0
8895.0,6,2836.31,472.7183333333333,17,0.1035,6,23,2024-10-03,3.0,3.0,0.0,274,Small Business,Paid Search,0
8896.0,8,8523.61,1065.45125,14,0.11625,8,54,2024-05-26,3.0,5.0,-2.0,404,Enterprise,Organic,0
8897.0,1,133.34,133.34,182,0.084,1,2,2025-01-03,0.0,1.0,-1.0,182,Consumer,Organic,1
8898.0,4,624.74,156.185,69,0.03375,4,6,2024-05-09,1.0,3.0,-2.0,421,Consumer,Paid Search,0
8899.0,2,68.14,34.07,74,0.032,2,3,2024-12-27,1.0,1.0,0.0,189,Consumer,Paid Search,0
8900.0,1,157.8,157.8,481,0.009,1,1,2024-03-10,0.0,1.0,-1.0,481,Consumer,Affiliate,0
8901.0,1,252.58,252.58,36,0.012,1,2,2025-05-29,1.0,0.0,1.0,36,Consumer,Social,0
8902.0,3,289.22,96.40666666666668,9,0.039,3,5,2024-07-14,1.0,2.0,-1.0,355,Consumer,Organic,0
8903.0,6,4451.45,741.9083333333333,81,0.105,6,45,2024-05-19,1.0,5.0,-4.0,411,Enterprise,Direct,0
8904.0,2,203.86,101.93,155,0.011,2,3,2025-01-14,0.0,2.0,-2.0,171,Consumer,Paid Search,0
8905.0,6,838.9200000000001,139.82000000000002,86,0.03233333333333333,6,8,2024-02-03,1.0,5.0,-4.0,517,Consumer,Organic,0
8907.0,2,1047.6,523.8,53,0.049,2,3,2024-09-12,1.0,1.0,0.0,295,Consumer,Social,1
8908.0,2,1631.42,815.71,17,0.059,2,4,2025-03-12,1.0,1.0,0.0,114,Consumer,Social,0
8909.0,7,2108.79,301.2557142857143,49,0.06328571428571429,7,11,2023-12-11,1.0,6.0,-5.0,571,Consumer,Affiliate,0
8911.0,3,605.81,201.93666666666664,10,0.022000000000000002,3,4,2025-01-28,2.0,1.0,1.0,157,Consumer,Paid Search,1
8912.0,4,779.9399999999999,194.98499999999999,57,0.07,4,6,2024-11-10,1.0,3.0,-2.0,236,Consumer,Social,0
8913.0,6,4188.74,698.1233333333333,22,0.11466666666666665,6,23,2024-06-15,2.0,4.0,-2.0,384,Small Business,Email,0
8916.0,3,281.02,93.67333333333333,41,0.06166666666666667,3,5,2024-12-06,1.0,2.0,-1.0,210,Consumer,Social,0
8917.0,9,5439.16,604.3511111111111,31,0.07188888888888889,9,33,2023-12-16,2.0,7.0,-5.0,566,Small Business,Social,0
8918.0,9,3593.15,399.2388888888889,99,0.123,9,75,2024-01-13,0.0,9.0,-9.0,538,Enterprise,Email,0
8919.0,14,6413.86,458.1328571428571,29,0.108,13,52,2023-05-17,2.0,12.0,-10.0,779,Small Business,Affiliate,1
8924.0,7,2357.07,336.7242857142857,65,0.031142857142857142,7,12,2024-03-30,2.0,5.0,-3.0,461,Consumer,Organic,1
8926.0,4,1977.3,494.325,73,0.09575,4,14,2024-09-20,1.0,3.0,-2.0,287,Small Business,Organic,0
8927.0,4,1062.68,265.67,168,0.036500000000000005,4,6,2024-08-11,0.0,4.0,-4.0,327,Consumer,Organic,0
8929.0,4,375.46000000000004,93.86500000000001,14,0.03575,4,5,2024-03-14,1.0,3.0,-2.0,477,Consumer,Paid Search,0
8934.0,6,2591.49,431.91499999999996,71,0.026333333333333334,5,8,2024-09-28,1.0,5.0,-4.0,279,Consumer,Paid Search,1
8935.0,26,36206.45,1392.555769230769,69,0.13573076923076924,25,176,2023-09-05,1.0,25.0,-24.0,668,Enterprise,Paid Search,0
8937.0,2,1198.74,599.37,44,0.1395,2,4,2024-12-19,1.0,1.0,0.0,197,Consumer,Direct,0
8939.0,5,2055.86,411.172,46,0.08499999999999999,5,9,2024-07-07,1.0,4.0,-3.0,362,Consumer,Social,0
8940.0,4,505.48,126.37,299,0.04825,4,6,2024-07-20,0.0,4.0,-4.0,349,Consumer,Email,0
8941.0,3,503.58,167.85999999999999,75,0.035666666666666666,3,5,2024-11-14,1.0,2.0,-1.0,232,Consumer,Social,0
8945.0,5,3372.88,674.576,70,0.094,5,20,2024-06-14,1.0,4.0,-3.0,385,Small Business,Organic,0
8946.0,3,1072.78,357.5933333333333,122,0.03366666666666667,3,4,2024-10-09,0.0,3.0,-3.0,268,Consumer,Paid Search,1
8947.0,7,2064.5,294.92857142857144,90,0.054285714285714284,7,10,2023-07-10,0.0,7.0,-7.0,725,Consumer,Social,1
8948.0,4,1672.61,418.1525,3,0.022000000000000002,4,6,2024-08-08,2.0,2.0,0.0,330,Consumer,Paid Search,0
8949.0,1,119.83,119.83,26,0.019,1,1,2025-06-08,1.0,0.0,1.0,26,Consumer,Paid Search,1
8950.0,1,124.49,124.49,18,0.092,1,1,2025-06-16,1.0,0.0,1.0,18,Consumer,Organic,0
8951.0,1,159.14,159.14,197,0.025,1,2,2024-12-19,0.0,1.0,-1.0,197,Consumer,Paid Search,0
8952.0,1,358.06,358.06,280,0.028,1,2,2024-09-27,0.0,1.0,-1.0,280,Consumer,Social,0
8953.0,3,3970.06,1323.3533333333332,0,0.16,3,16,2025-03-16,2.0,1.0,1.0,110,Enterprise,Paid Search,0
8955.0,5,1622.6299999999999,324.52599999999995,5,0.0814,5,8,2024-05-19,1.0,4.0,-3.0,411,Consumer,Social,0
8956.0,4,5485.76,1371.44,102,0.06425,4,14,2024-10-11,0.0,4.0,-4.0,266,Small Business,Email,0
8960.0,1,642.26,642.26,198,0.044,1,2,2024-12-18,0.0,1.0,-1.0,198,Consumer,Email,1
8961.0,3,1821.38,607.1266666666667,115,0.079,3,14,2024-12-22,0.0,3.0,-3.0,194,Small Business,Social,0
8963.0,6,783.58,130.59666666666666,12,0.050833333333333335,5,8,2024-08-06,2.0,4.0,-2.0,332,Consumer,Email,0
8964.0,3,770.87,256.95666666666665,259,0.08633333333333333,3,21,2024-09-18,0.0,3.0,-3.0,289,Enterprise,Direct,1
8966.0,7,1095.7,156.52857142857144,118,0.061142857142857145,7,9,2023-11-06,0.0,7.0,-7.0,606,Consumer,Social,1
8969.0,6,364.08,60.68,68,0.102,5,8,2024-01-09,1.0,5.0,-4.0,542,Consumer,Organic,1
8971.0,2,178.3,89.15,62,0.0625,2,2,2024-12-28,1.0,1.0,0.0,188,Consumer,Paid Search,1
8975.0,8,1042.51,130.31375,118,0.091875,8,13,2024-03-31,0.0,8.0,-8.0,460,Consumer,Social,0
8979.0,2,385.27,192.635,53,0.093,2,3,2025-01-20,1.0,1.0,0.0,165,Consumer,Email,0
8980.0,4,340.93,85.2325,210,0.0405,4,4,2023-09-10,0.0,4.0,-4.0,663,Consumer,Paid Search,0
8982.0,9,2237.1400000000003,248.57111111111115,15,0.036111111111111115,9,17,2023-10-18,1.0,8.0,-7.0,625,Consumer,Paid Search,0
8983.0,3,884.96,294.9866666666667,196,0.06033333333333333,3,5,2024-07-29,0.0,3.0,-3.0,340,Consumer,Paid Search,0
8987.0,1,150.24,150.24,281,0.073,1,2,2024-09-26,0.0,1.0,-1.0,281,Consumer,Social,0
8988.0,3,275.48,91.82666666666667,121,0.016666666666666666,3,3,2025-01-11,0.0,3.0,-3.0,174,Consumer,Paid Search,0
8989.0,2,576.02,288.01,19,0.102,2,4,2024-12-19,1.0,1.0,0.0,197,Consumer,Paid Search,0
8990.0,12,4700.26,391.68833333333333,72,0.10825,11,40,2023-11-06,1.0,11.0,-10.0,606,Small Business,Social,0
8992.0,2,1295.29,647.645,81,0.0865,2,7,2024-12-17,1.0,1.0,0.0,199,Small Business,Social,1
8993.0,5,4473.53,894.7059999999999,20,0.13199999999999998,5,38,2024-09-15,2.0,3.0,-1.0,292,Enterprise,Email,0
8994.0,5,854.75,170.95,135,0.1366,5,21,2024-04-12,0.0,5.0,-5.0,448,Small Business,Paid Search,0
8995.0,3,600.86,200.28666666666666,107,0.08533333333333333,3,9,2024-10-11,0.0,3.0,-3.0,266,Small Business,Social,0
8998.0,2,232.83,116.415,259,0.096,2,3,2024-09-29,0.0,2.0,-2.0,278,Consumer,Social,0
8999.0,8,1293.35,161.66875,31,0.062375,8,12,2024-02-22,1.0,7.0,-6.0,498,Consumer,Organic,0
9000.0,3,1046.56,348.8533333333333,132,0.035666666666666666,3,5,2024-07-31,0.0,3.0,-3.0,338,Consumer,Organic,0
9001.0,7,5432.740000000001,776.1057142857144,19,0.10614285714285714,7,24,2024-04-08,1.0,6.0,-5.0,452,Small Business,Organic,0
9004.0,6,1810.27,301.71166666666664,12,0.06733333333333333,6,9,2024-04-13,1.0,5.0,-4.0,447,Consumer,Email,0
9006.0,4,2026.3,506.575,11,0.0925,4,12,2024-12-02,1.0,3.0,-2.0,214,Small Business,Organic,0
9007.0,5,1175.06,235.012,44,0.081,5,16,2024-05-19,1.0,4.0,-3.0,411,Small Business,Organic,0
9008.0,4,587.93,146.9825,40,0.0745,4,6,2024-12-29,2.0,2.0,0.0,187,Consumer,Social,0
9009.0,8,1982.07,247.75875,6,0.0585,8,12,2023-04-30,2.0,6.0,-4.0,796,Consumer,Paid Search,1
9010.0,2,46.33,23.165,30,0.0455,2,2,2025-01-04,1.0,1.0,0.0,181,Consumer,Organic,1
9013.0,3,559.5999999999999,186.5333333333333,64,0.042333333333333334,3,4,2024-09-05,1.0,2.0,-1.0,302,Consumer,Paid Search,0
9014.0,1,309.98,309.98,11,0.036,1,2,2025-06-23,1.0,0.0,1.0,11,Consumer,Paid Search,0
9015.0,4,1316.6,329.15,145,0.08374999999999999,4,4,2024-04-03,0.0,4.0,-4.0,457,Consumer,Organic,0
9016.0,2,353.54,176.77,49,0.051500000000000004,2,4,2025-05-04,2.0,0.0,2.0,61,Consumer,Paid Search,0
9017.0,5,1243.8,248.76,58,0.0474,5,14,2024-06-30,1.0,4.0,-3.0,369,Small Business,Affiliate,0
9018.0,3,1569.47,523.1566666666666,77,0.10099999999999999,3,4,2024-11-25,1.0,2.0,-1.0,221,Consumer,Direct,1
9019.0,5,2739.2,547.8399999999999,190,0.0382,4,8,2024-02-06,0.0,5.0,-5.0,514,Consumer,Direct,0
9022.0,5,567.71,113.542,112,0.041999999999999996,5,8,2024-07-31,0.0,5.0,-5.0,338,Consumer,Affiliate,0
9024.0,3,1249.96,416.65333333333336,181,0.034999999999999996,3,5,2023-11-29,0.0,3.0,-3.0,583,Consumer,Paid Search,0
9026.0,5,376.98,75.396,16,0.0612,5,6,2024-11-13,3.0,2.0,1.0,233,Consumer,Organic,0
9027.0,6,2279.79,379.965,101,0.07183333333333335,5,9,2024-01-18,0.0,6.0,-6.0,533,Consumer,Email,0
9029.0,2,1253.88,626.94,56,0.0735,2,4,2025-03-06,1.0,1.0,0.0,120,Consumer,Direct,1
9030.0,3,390.89,130.29666666666665,91,0.009333333333333334,3,5,2024-12-15,0.0,3.0,-3.0,201,Consumer,Social,0
9031.0,8,4294.39,536.79875,77,0.137875,7,22,2024-11-13,1.0,7.0,-6.0,233,Small Business,Paid Search,0
9032.0,14,7546.66,539.0471428571428,46,0.11007142857142857,13,49,2023-09-07,3.0,11.0,-8.0,666,Small Business,Organic,0
9033.0,5,1939.69,387.938,15,0.0376,5,7,2024-02-09,1.0,4.0,-3.0,511,Consumer,Organic,0
9034.0,8,10556.93,1319.61625,3,0.121875,8,57,2024-12-21,2.0,6.0,-4.0,195,Enterprise,Organic,0
9035.0,2,632.46,316.23,183,0.0225,2,4,2025-01-02,0.0,2.0,-2.0,183,Consumer,Social,0
9036.0,5,943.11,188.622,327,0.0978,5,7,2023-08-29,0.0,5.0,-5.0,675,Consumer,Organic,0
9037.0,2,1008.04,504.02,15,0.1325,2,8,2024-11-29,1.0,1.0,0.0,217,Small Business,Social,0
9038.0,3,871.96,290.65333333333336,110,0.10233333333333335,3,11,2025-01-23,0.0,3.0,-3.0,162,Small Business,Direct,0
9041.0,4,2112.02,528.005,11,0.027250000000000003,4,7,2024-08-26,1.0,3.0,-2.0,312,Consumer,Organic,0
9042.0,1,71.12,71.12,112,0.184,1,4,2025-03-14,0.0,1.0,-1.0,112,Small Business,Organic,0
9043.0,1,12.94,12.94,47,0.207,1,2,2025-05-18,1.0,0.0,1.0,47,Consumer,Social,0
9044.0,11,11782.11,1071.1009090909092,38,0.15554545454545454,11,76,2024-07-31,1.0,10.0,-9.0,338,Enterprise,Paid Search,0
9045.0,5,409.53000000000003,81.906,118,0.0528,5,7,2023-08-29,0.0,5.0,-5.0,675,Consumer,Organic,0
9046.0,19,6536.49,344.0257894736842,93,0.11257894736842104,17,75,2023-05-19,0.0,19.0,-19.0,777,Small Business,Email,0
9048.0,5,594.12,118.824,100,0.046799999999999994,5,8,2024-04-04,0.0,5.0,-5.0,456,Consumer,Affiliate,0
9049.0,4,784.79,196.1975,45,0.10675000000000001,4,6,2025-01-23,3.0,1.0,2.0,162,Consumer,Direct,1
9050.0,7,2326.3,332.3285714285715,44,0.009,6,12,2025-01-29,4.0,3.0,1.0,156,Consumer,Email,0
9051.0,2,444.53,222.265,98,0.077,2,3,2024-11-20,0.0,2.0,-2.0,226,Consumer,Direct,1
9054.0,2,352.64000000000004,176.32000000000002,159,0.1515,2,3,2024-09-29,0.0,2.0,-2.0,278,Consumer,Direct,0
9057.0,6,2760.4,460.06666666666666,51,0.06266666666666666,6,12,2024-12-31,3.0,3.0,0.0,185,Consumer,Paid Search,0
9060.0,9,6260.93,695.6588888888889,9,0.03955555555555555,9,34,2024-06-02,2.0,7.0,-5.0,397,Small Business,Social,0
9064.0,11,9515.31,865.0281818181818,59,0.13418181818181818,11,77,2023-11-27,1.0,10.0,-9.0,585,Enterprise,Paid Search,0
9065.0,1,150.57,150.57,30,0.075,1,1,2025-06-04,1.0,0.0,1.0,30,Consumer,Organic,0
9066.0,1,188.88,188.88,37,0.022,1,1,2025-05-28,1.0,0.0,1.0,37,Consumer,Social,0
9070.0,11,5490.97,499.1790909090909,56,0.09736363636363636,11,37,2024-04-19,2.0,9.0,-7.0,441,Small Business,Organic,0
9076.0,2,196.69,98.345,265,0.076,2,3,2024-03-11,0.0,2.0,-2.0,480,Consumer,Paid Search,0
9079.0,1,519.22,519.22,85,0.024,1,2,2025-04-10,1.0,0.0,1.0,85,Consumer,Direct,0
9080.0,7,1027.46,146.78,15,0.05228571428571428,7,8,2024-03-05,2.0,5.0,-3.0,486,Consumer,Paid Search,0
9082.0,7,3254.12,464.8742857142857,63,0.10714285714285714,7,26,2024-08-09,1.0,6.0,-5.0,329,Small Business,Organic,0
9083.0,4,727.26,181.815,65,0.06525,4,7,2024-06-23,1.0,3.0,-2.0,376,Consumer,Affiliate,0
9084.0,4,1891.73,472.9325,39,0.042,4,7,2024-02-10,1.0,3.0,-2.0,510,Consumer,Organic,0
9085.0,5,2133.0,426.6,64,0.0938,5,14,2024-11-05,1.0,4.0,-3.0,241,Small Business,Paid Search,1
9087.0,4,649.3,162.325,116,0.05975,4,6,2024-12-11,0.0,4.0,-4.0,205,Consumer,Organic,0
9089.0,2,569.95,284.975,120,0.035,2,2,2024-11-25,0.0,2.0,-2.0,221,Consumer,Affiliate,0
9090.0,4,2696.58,674.145,142,0.07125000000000001,4,13,2024-11-03,0.0,4.0,-4.0,243,Small Business,Paid Search,0
9093.0,3,302.68,100.89333333333333,137,0.09200000000000001,3,5,2024-09-30,0.0,3.0,-3.0,277,Consumer,Direct,0
9094.0,9,1904.1200000000001,211.5688888888889,40,0.07977777777777778,8,15,2023-07-29,2.0,7.0,-5.0,706,Consumer,Paid Search,0
9097.0,2,357.97,178.985,222,0.042499999999999996,2,3,2024-11-17,0.0,2.0,-2.0,229,Consumer,Paid Search,0
9098.0,4,901.39,225.3475,78,0.06325,4,6,2024-11-18,1.0,3.0,-2.0,228,Consumer,Direct,0
9101.0,3,142.64999999999998,47.54999999999999,51,0.06533333333333334,3,5,2025-02-19,2.0,1.0,1.0,135,Consumer,Affiliate,1
9108.0,2,106.91999999999999,53.459999999999994,118,0.01,2,4,2025-02-05,0.0,2.0,-2.0,149,Consumer,Organic,0
9110.0,1,269.48,269.48,109,0.131,1,1,2025-03-17,0.0,1.0,-1.0,109,Consumer,Organic,1
9111.0,6,647.53,107.92166666666667,2,0.043833333333333335,6,9,2024-11-05,2.0,4.0,-2.0,241,Consumer,Social,0
9112.0,4,159.05,39.7625,46,0.07325,4,5,2024-02-12,1.0,3.0,-2.0,508,Consumer,Paid Search,0
9115.0,3,2196.16,732.0533333333333,16,0.055,3,5,2025-03-25,2.0,1.0,1.0,101,Consumer,Social,0
9116.0,5,1118.3999999999999,223.67999999999998,165,0.0664,5,7,2024-09-20,0.0,5.0,-5.0,287,Consumer,Paid Search,0
9117.0,5,475.26,95.05199999999999,56,0.1092,5,8,2024-04-25,1.0,4.0,-3.0,435,Consumer,Direct,0
9121.0,7,3824.73,546.39,32,0.073,7,23,2024-09-26,1.0,6.0,-5.0,281,Small Business,Social,0
9123.0,4,1744.16,436.04,48,0.07925,4,14,2025-02-11,1.0,3.0,-2.0,143,Small Business,Paid Search,0
9125.0,6,982.66,163.77666666666667,36,0.04750000000000001,6,7,2023-08-06,2.0,4.0,-2.0,698,Consumer,Paid Search,1
9126.0,1,169.75,169.75,23,0.034,1,1,2025-06-11,1.0,0.0,1.0,23,Consumer,Social,0
9127.0,2,1033.54,516.77,147,0.1325,2,6,2024-12-31,0.0,2.0,-2.0,185,Small Business,Social,1
9128.0,4,458.28999999999996,114.57249999999999,16,0.0775,4,14,2024-10-16,2.0,2.0,0.0,261,Small Business,Email,1
9131.0,8,1918.38,239.7975,79,0.07325,8,12,2023-12-12,2.0,6.0,-4.0,570,Consumer,Paid Search,1
9132.0,3,571.48,190.49333333333334,43,0.09200000000000001,3,6,2025-04-18,3.0,0.0,3.0,77,Consumer,Paid Search,0
9135.0,1,22.78,22.78,133,0.0,1,2,2025-02-21,0.0,1.0,-1.0,133,Consumer,Social,0
9136.0,4,599.17,149.7925,216,0.08225,4,7,2024-07-25,0.0,4.0,-4.0,344,Consumer,Organic,0
9137.0,1,660.08,660.08,47,0.06,1,1,2025-05-18,1.0,0.0,1.0,47,Consumer,Social,0
9138.0,3,601.11,200.37,151,0.06,3,5,2024-12-20,0.0,3.0,-3.0,196,Consumer,Affiliate,0
9140.0,1,14.98,14.98,203,0.078,1,2,2024-12-13,0.0,1.0,-1.0,203,Consumer,Email,1
9141.0,5,1442.5500000000002,288.51000000000005,160,0.0632,5,7,2024-07-18,0.0,5.0,-5.0,351,Consumer,Paid Search,0
9143.0,1,859.5,859.5,54,0.017,1,1,2025-05-11,1.0,0.0,1.0,54,Consumer,Social,0
9144.0,4,668.23,167.0575,15,0.072,4,5,2024-09-30,2.0,2.0,0.0,277,Consumer,Paid Search,1
9145.0,5,6753.91,1350.782,57,0.0644,4,16,2025-02-03,1.0,4.0,-3.0,151,Small Business,Organic,0
9148.0,2,433.76,216.88,313,0.0285,2,4,2024-08-10,0.0,2.0,-2.0,328,Consumer,Direct,0
9150.0,2,712.29,356.145,94,0.0015,2,3,2024-10-27,0.0,2.0,-2.0,250,Consumer,Affiliate,1
9151.0,3,229.45999999999998,76.48666666666666,75,0.09600000000000002,3,5,2025-03-21,1.0,2.0,-1.0,105,Consumer,Social,0
9152.0,5,3780.9799999999996,756.1959999999999,8,0.094,5,21,2024-11-24,2.0,3.0,-1.0,222,Small Business,Paid Search,0
9154.0,10,3199.12,319.912,113,0.0809,10,33,2024-06-30,0.0,10.0,-10.0,369,Small Business,Organic,0
9156.0,3,995.99,331.99666666666667,77,0.07633333333333334,3,4,2024-04-04,1.0,2.0,-1.0,456,Consumer,Organic,1
9159.0,2,93.80000000000001,46.900000000000006,113,0.059500000000000004,2,2,2025-01-31,0.0,2.0,-2.0,154,Consumer,Email,0
9160.0,4,587.09,146.7725,26,0.06675,4,6,2024-02-26,2.0,2.0,0.0,494,Consumer,Affiliate,0
9161.0,1,315.71,315.71,324,0.04,1,1,2024-08-14,0.0,1.0,-1.0,324,Consumer,Social,0
9162.0,3,202.48,67.49333333333333,94,0.047999999999999994,3,3,2024-09-13,0.0,3.0,-3.0,294,Consumer,Affiliate,0
9166.0,4,571.52,142.88,96,0.05925,4,5,2023-10-10,0.0,4.0,-4.0,633,Consumer,Paid Search,0
9167.0,2,80.67,40.335,52,0.0,2,2,2025-03-17,1.0,1.0,0.0,109,Consumer,Paid Search,0
9168.0,14,15109.0,1079.2142857142858,14,0.14964285714285713,14,101,2024-01-17,4.0,10.0,-6.0,534,Enterprise,Email,0
9170.0,13,15041.42,1157.0323076923078,22,0.16876923076923075,13,92,2024-06-11,1.0,12.0,-11.0,388,Enterprise,Social,0
9171.0,2,125.54,62.77,63,0.0015,2,2,2025-02-17,1.0,1.0,0.0,137,Consumer,Paid Search,0
9172.0,1,250.78,250.78,34,0.019,1,2,2025-05-31,1.0,0.0,1.0,34,Consumer,Paid Search,0
9173.0,2,117.3,58.65,75,0.058499999999999996,2,3,2025-03-18,1.0,1.0,0.0,108,Consumer,Social,1
9174.0,2,1171.42,585.71,7,0.10350000000000001,2,3,2025-05-23,2.0,0.0,2.0,42,Consumer,Organic,0
9176.0,2,165.28,82.64,162,0.038000000000000006,2,2,2024-07-31,0.0,2.0,-2.0,338,Consumer,Paid Search,0
9177.0,5,1257.07,251.414,58,0.11479999999999999,5,12,2023-11-24,1.0,4.0,-3.0,588,Small Business,Email,0
9178.0,5,609.52,121.904,98,0.0448,5,7,2023-11-15,0.0,5.0,-5.0,597,Consumer,Paid Search,0
9183.0,5,1440.17,288.034,27,0.0864,5,9,2024-08-21,1.0,4.0,-3.0,317,Consumer,Paid Search,0
9186.0,7,6115.65,873.6642857142857,46,0.14742857142857144,7,50,2024-08-07,1.0,6.0,-5.0,331,Enterprise,Organic,0
9188.0,1,291.65,291.65,15,0.019,1,5,2025-06-19,1.0,0.0,1.0,15,Small Business,Paid Search,0
9190.0,6,1591.8400000000001,265.3066666666667,30,0.04700000000000001,6,9,2024-05-22,1.0,5.0,-4.0,408,Consumer,Affiliate,0
9191.0,2,136.48000000000002,68.24000000000001,90,0.056999999999999995,2,3,2025-03-15,0.0,2.0,-2.0,111,Consumer,Email,0
9192.0,2,1605.71,802.855,147,0.036500000000000005,2,3,2024-12-10,0.0,2.0,-2.0,206,Consumer,Organic,1
9195.0,4,637.19,159.2975,126,0.0365,3,6,2024-09-07,0.0,4.0,-4.0,300,Consumer,Email,1
9198.0,1,69.98,69.98,95,0.037,1,2,2025-03-31,0.0,1.0,-1.0,95,Consumer,Social,0
9199.0,7,2994.01,427.71571428571434,61,0.10371428571428572,7,28,2023-10-23,2.0,5.0,-3.0,620,Small Business,Organic,0
9200.0,8,1140.54,142.5675,30,0.07675000000000001,8,14,2024-05-15,1.0,7.0,-6.0,415,Consumer,Social,1
9201.0,2,507.17999999999995,253.58999999999997,424,0.061,2,4,2024-02-11,0.0,2.0,-2.0,509,Consumer,Paid Search,1
9202.0,5,503.27000000000004,100.65400000000001,66,0.09459999999999999,5,6,2024-06-18,1.0,4.0,-3.0,381,Consumer,Organic,0
9204.0,6,723.52,120.58666666666666,68,0.06283333333333334,6,9,2024-05-05,1.0,5.0,-4.0,425,Consumer,Social,0
9207.0,2,330.49,165.245,96,0.115,2,3,2025-01-07,0.0,2.0,-2.0,178,Consumer,Social,0
9208.0,2,525.66,262.83,381,0.0,2,4,2024-05-12,0.0,2.0,-2.0,418,Consumer,Email,0
9209.0,3,1970.52,656.84,59,0.011666666666666667,3,9,2025-01-08,1.0,2.0,-1.0,177,Small Business,Organic,0
9210.0,2,138.76999999999998,69.38499999999999,6,0.077,2,3,2025-03-28,1.0,1.0,0.0,98,Consumer,Direct,0
9211.0,1,93.8,93.8,179,0.123,1,1,2025-01-06,0.0,1.0,-1.0,179,Consumer,Organic,0
9212.0,8,2811.62,351.4525,9,0.05425,8,11,2024-04-17,2.0,6.0,-4.0,443,Consumer,Email,0
9214.0,7,1101.18,157.3114285714286,2,0.03742857142857143,7,9,2023-11-12,2.0,5.0,-3.0,600,Consumer,Paid Search,1
9215.0,2,6115.04,3057.52,15,0.126,2,18,2024-12-25,1.0,1.0,0.0,191,Enterprise,Affiliate,0
9216.0,2,453.23999999999995,226.61999999999998,112,0.043,2,3,2024-12-01,0.0,2.0,-2.0,215,Consumer,Organic,0
9217.0,6,2374.52,395.75333333333333,181,0.11216666666666668,6,23,2024-06-09,0.0,6.0,-6.0,390,Small Business,Affiliate,0
9219.0,3,678.99,226.33,406,0.026,2,4,2024-02-08,0.0,3.0,-3.0,512,Consumer,Social,0
9222.0,3,932.2,310.73333333333335,46,0.09466666666666668,3,10,2024-10-18,1.0,2.0,-1.0,259,Small Business,Organic,0
9223.0,3,1698.48,566.16,7,0.06166666666666667,3,6,2024-07-25,1.0,2.0,-1.0,344,Consumer,Direct,0
9224.0,10,4676.27,467.62700000000007,5,0.09519999999999999,10,41,2024-01-03,1.0,9.0,-8.0,548,Small Business,Affiliate,0
9227.0,7,1498.33,214.04714285714286,227,0.09828571428571428,5,22,2023-08-03,0.0,7.0,-7.0,701,Small Business,Paid Search,0
9228.0,1,28.7,28.7,92,0.0,1,2,2025-04-03,0.0,1.0,-1.0,92,Consumer,Social,0
9229.0,5,552.28,110.45599999999999,106,0.0436,5,7,2023-12-07,0.0,5.0,-5.0,575,Consumer,Direct,0
9230.0,2,264.26,132.13,81,0.0675,2,3,2025-03-02,1.0,1.0,0.0,124,Consumer,Email,0
9231.0,2,247.10000000000002,123.55000000000001,70,0.0205,2,2,2025-01-30,1.0,1.0,0.0,155,Consumer,Social,0
9232.0,10,5431.73,543.173,35,0.1095,10,33,2023-12-18,2.0,8.0,-6.0,564,Small Business,Affiliate,0
9234.0,8,1437.51,179.68875,47,0.0595,8,13,2024-05-26,3.0,5.0,-2.0,404,Consumer,Direct,0
9235.0,1,167.1,167.1,98,0.08,1,5,2025-03-28,0.0,1.0,-1.0,98,Small Business,Organic,0
9236.0,1,3.57,3.57,112,0.006,1,1,2025-03-14,0.0,1.0,-1.0,112,Consumer,Paid Search,0
9238.0,4,2535.63,633.9075,84,0.152,3,25,2024-10-10,1.0,3.0,-2.0,267,Enterprise,Paid Search,0
9240.0,2,825.86,412.93,180,0.0325,2,4,2024-09-29,0.0,2.0,-2.0,278,Consumer,Social,1
9242.0,6,2282.88,380.48,19,0.06266666666666666,6,10,2024-08-04,2.0,4.0,-2.0,334,Consumer,Organic,0
9244.0,12,4603.67,383.63916666666665,89,0.09475,12,47,2023-11-05,1.0,11.0,-10.0,607,Small Business,Paid Search,0
9247.0,3,973.06,324.3533333333333,91,0.04700000000000001,3,12,2024-12-06,0.0,3.0,-3.0,210,Small Business,Organic,0
9248.0,2,735.6700000000001,367.83500000000004,156,0.098,2,7,2024-12-21,0.0,2.0,-2.0,195,Small Business,Organic,0
9249.0,1,163.01,163.01,86,0.115,1,1,2025-04-09,1.0,0.0,1.0,86,Consumer,Paid Search,0
9250.0,7,2437.18,348.1685714285714,22,0.06771428571428571,7,9,2024-07-21,2.0,5.0,-3.0,348,Consumer,Direct,0
9253.0,1,194.32,194.32,145,0.083,1,2,2025-02-09,0.0,1.0,-1.0,145,Consumer,Social,0
9254.0,5,500.46999999999997,100.094,151,0.021200000000000004,5,7,2024-09-20,0.0,5.0,-5.0,287,Consumer,Organic,0
9256.0,10,8501.67,850.167,4,0.0905,9,41,2023-12-21,2.0,8.0,-6.0,561,Small Business,Social,1
9257.0,1,246.44,246.44,63,0.076,1,2,2025-05-02,1.0,0.0,1.0,63,Consumer,Social,0
9258.0,15,3905.13,260.342,28,0.09253333333333333,15,53,2023-11-05,2.0,13.0,-11.0,607,Small Business,Organic,0
9260.0,9,2432.24,270.24888888888887,1,0.061111111111111116,9,13,2024-03-03,2.0,7.0,-5.0,488,Consumer,Social,0
9261.0,5,1782.16,356.432,67,0.0442,5,6,2024-11-15,1.0,4.0,-3.0,231,Consumer,Paid Search,0
9262.0,1,158.85,158.85,58,0.071,1,1,2025-05-07,1.0,0.0,1.0,58,Consumer,Paid Search,0
9263.0,2,331.16,165.58,25,0.026000000000000002,2,4,2025-03-27,1.0,1.0,0.0,99,Consumer,Organic,0
9266.0,4,1468.8999999999999,367.22499999999997,40,0.063,4,6,2024-04-10,3.0,1.0,2.0,450,Consumer,Paid Search,0
9267.0,5,1734.4799999999998,346.89599999999996,39,0.027000000000000003,5,7,2024-05-01,1.0,4.0,-3.0,429,Consumer,Organic,0
9268.0,2,694.75,347.375,30,0.0685,2,3,2025-06-01,2.0,0.0,2.0,33,Consumer,Organic,0
9271.0,2,1272.49,636.245,15,0.092,2,8,2024-10-20,1.0,1.0,0.0,257,Small Business,Organic,0
9273.0,5,336.91999999999996,67.38399999999999,58,0.017400000000000002,5,6,2023-12-17,1.0,4.0,-3.0,565,Consumer,Social,0
9274.0,1,357.52,357.52,7,0.143,1,2,2025-06-27,1.0,0.0,1.0,7,Consumer,Paid Search,0
9275.0,2,479.64,239.82,156,0.036500000000000005,2,3,2024-10-14,0.0,2.0,-2.0,263,Consumer,Affiliate,0
9277.0,3,430.26,143.42,44,0.043000000000000003,3,5,2024-11-06,1.0,2.0,-1.0,240,Consumer,Social,1
9279.0,6,2874.55,479.0916666666667,47,0.06366666666666666,6,9,2023-08-06,2.0,4.0,-2.0,698,Consumer,Organic,1
9280.0,2,124.31,62.155,68,0.019,2,3,2025-03-28,1.0,1.0,0.0,98,Consumer,Email,0
9281.0,1,138.72,138.72,462,0.038,1,1,2024-03-29,0.0,1.0,-1.0,462,Consumer,Social,0
9283.0,7,1434.69,204.9557142857143,28,0.071,7,10,2024-03-05,1.0,6.0,-5.0,486,Consumer,Organic,0
9284.0,3,506.0,168.66666666666666,198,0.015333333333333332,3,4,2023-10-11,0.0,3.0,-3.0,632,Consumer,Email,0
9286.0,19,14799.09,778.8994736842105,5,0.13557894736842105,19,119,2023-08-26,4.0,15.0,-11.0,678,Enterprise,Organic,0
9287.0,7,633.92,90.55999999999999,31,0.04185714285714286,7,10,2024-06-05,2.0,5.0,-3.0,394,Consumer,Social,0
9291.0,10,3848.16,384.816,120,0.1341,10,36,2024-07-02,0.0,10.0,-10.0,367,Small Business,Paid Search,0
9292.0,1,26.24,26.24,104,0.086,1,2,2025-03-22,0.0,1.0,-1.0,104,Consumer,Social,0
9294.0,9,878.3,97.58888888888889,127,0.05244444444444444,9,13,2023-12-19,0.0,9.0,-9.0,563,Consumer,Paid Search,0
9296.0,4,2388.3100000000004,597.0775000000001,92,0.08324999999999999,4,5,2024-05-23,0.0,4.0,-4.0,407,Consumer,Organic,0
9298.0,1,87.84,87.84,148,0.086,1,2,2025-02-06,0.0,1.0,-1.0,148,Small Business,Direct,0
9299.0,2,153.28,76.64,43,0.087,2,4,2024-10-07,1.0,1.0,0.0,270,Consumer,Direct,0
9300.0,3,447.31,149.10333333333332,76,0.06033333333333333,3,4,2024-10-28,1.0,2.0,-1.0,249,Consumer,Paid Search,0
9301.0,17,18370.07,1080.5923529411764,16,0.12488235294117646,16,107,2024-02-25,2.0,15.0,-13.0,495,Enterprise,Social,0
9302.0,4,1546.49,386.6225,1,0.18825,4,29,2024-07-04,1.0,3.0,-2.0,365,Enterprise,Affiliate,0
9304.0,2,1290.6,645.3,56,0.052,2,4,2025-02-04,1.0,1.0,0.0,150,Consumer,Direct,0
9305.0,3,1592.74,530.9133333333333,113,0.026999999999999996,3,5,2024-12-01,0.0,3.0,-3.0,215,Consumer,Paid Search,0
9306.0,4,1211.31,302.8275,63,0.0535,4,7,2024-10-19,1.0,3.0,-2.0,258,Consumer,Email,1
9308.0,5,1671.56,334.312,105,0.082,5,7,2024-09-18,0.0,5.0,-5.0,289,Consumer,Social,0
9309.0,2,289.90999999999997,144.95499999999998,351,0.08700000000000001,2,3,2024-02-28,0.0,2.0,-2.0,492,Consumer,Organic,0
9311.0,1,44.53,44.53,192,0.119,1,1,2024-12-24,0.0,1.0,-1.0,192,Consumer,Paid Search,0
9312.0,4,5866.87,1466.7175,1,0.12525,4,24,2024-11-22,2.0,2.0,0.0,224,Enterprise,Paid Search,0
9314.0,2,248.49,124.245,280,0.125,2,2,2024-07-28,0.0,2.0,-2.0,341,Consumer,Paid Search,1
9318.0,5,511.87,102.374,63,0.0602,5,7,2024-10-14,1.0,4.0,-3.0,263,Consumer,Paid Search,0
9319.0,10,9218.81,921.881,75,0.1117,8,37,2023-08-17,1.0,9.0,-8.0,687,Small Business,Affiliate,0
9320.0,2,345.71000000000004,172.85500000000002,90,0.07400000000000001,2,2,2024-11-11,0.0,2.0,-2.0,235,Consumer,Paid Search,1
9321.0,9,7526.71,836.3011111111111,68,0.09566666666666666,9,28,2023-04-07,1.0,8.0,-7.0,819,Small Business,Email,0
9322.0,12,20470.36,1705.8633333333335,20,0.14866666666666667,12,93,2024-01-02,1.0,11.0,-10.0,549,Enterprise,Paid Search,0
9323.0,3,580.46,193.48666666666668,49,0.05433333333333334,3,5,2025-01-11,1.0,2.0,-1.0,174,Consumer,Paid Search,0
9325.0,7,2634.09,376.29857142857145,3,0.030857142857142857,7,10,2024-03-10,2.0,5.0,-3.0,481,Consumer,Social,1
9331.0,2,338.21999999999997,169.10999999999999,60,0.043,2,4,2024-09-27,1.0,1.0,0.0,280,Consumer,Paid Search,0
9332.0,3,142.56,47.52,267,0.07166666666666667,3,4,2024-09-05,0.0,3.0,-3.0,302,Consumer,Email,0
9337.0,1,30.76,30.76,11,0.095,1,4,2025-06-23,1.0,0.0,1.0,11,Small Business,Organic,0
9338.0,3,255.63,85.21,5,0.07033333333333333,3,4,2024-11-16,2.0,1.0,1.0,230,Consumer,Direct,1
9340.0,2,504.99,252.495,603,0.031,2,3,2023-07-10,0.0,2.0,-2.0,725,Consumer,Direct,0
9341.0,4,839.8499999999999,209.96249999999998,32,0.0865,4,6,2024-11-25,3.0,1.0,2.0,221,Consumer,Paid Search,1
9343.0,2,871.95,435.975,14,0.056499999999999995,2,3,2025-05-28,2.0,0.0,2.0,37,Consumer,Social,1
9344.0,4,347.10999999999996,86.77749999999999,8,0.09575,4,5,2024-06-08,1.0,3.0,-2.0,391,Consumer,Direct,0
9346.0,3,94.76,31.58666666666667,56,0.11599999999999999,3,4,2024-08-30,1.0,2.0,-1.0,308,Consumer,Email,0
9348.0,14,5521.92,394.42285714285714,43,0.08564285714285715,13,47,2023-11-26,3.0,11.0,-8.0,586,Small Business,Affiliate,0
9350.0,8,2998.42,374.8025,58,0.163125,8,65,2024-11-18,6.0,2.0,4.0,228,Enterprise,Organic,0
9351.0,2,706.92,353.46,2,0.0485,2,3,2025-05-11,2.0,0.0,2.0,54,Consumer,Organic,0
9352.0,4,2177.84,544.46,100,0.1365,4,28,2024-11-16,0.0,4.0,-4.0,230,Enterprise,Social,0
9353.0,6,783.27,130.545,99,0.11833333333333333,6,19,2024-02-28,0.0,6.0,-6.0,492,Small Business,Direct,0
9354.0,9,5281.36,586.8177777777778,44,0.12222222222222223,9,50,2024-09-21,3.0,6.0,-3.0,286,Enterprise,Organic,0
9357.0,7,2744.23,392.03285714285715,103,0.08885714285714286,7,26,2024-05-24,0.0,7.0,-7.0,406,Small Business,Organic,0
9361.0,8,3109.24,388.655,0,0.059875,8,28,2024-10-25,3.0,5.0,-2.0,252,Small Business,Social,1
9362.0,10,3203.13,320.313,37,0.0979,9,34,2023-09-11,2.0,8.0,-6.0,662,Small Business,Paid Search,0
9364.0,1,129.49,129.49,169,0.102,1,1,2025-01-16,0.0,1.0,-1.0,169,Consumer,Organic,0
9365.0,15,12937.17,862.478,7,0.15266666666666667,15,95,2024-07-14,3.0,12.0,-9.0,355,Enterprise,Affiliate,0
9367.0,1,140.12,140.12,297,0.12,1,1,2024-09-10,0.0,1.0,-1.0,297,Consumer,Direct,1
9369.0,8,1455.98,181.9975,56,0.088625,8,11,2023-09-25,3.0,5.0,-2.0,648,Consumer,Social,0
9375.0,3,140.56,46.85333333333333,79,0.06866666666666667,3,6,2024-10-11,1.0,2.0,-1.0,266,Consumer,Social,0
9378.0,4,1106.7,276.675,128,0.096,4,6,2024-11-03,0.0,4.0,-4.0,243,Consumer,Organic,0
9379.0,4,4675.889999999999,1168.9724999999999,90,0.0975,4,15,2024-10-10,0.0,4.0,-4.0,267,Small Business,Paid Search,0
9380.0,5,945.49,189.098,254,0.056600000000000004,5,7,2023-12-09,0.0,5.0,-5.0,573,Consumer,Social,0
9383.0,1,1270.78,1270.78,241,0.061,1,2,2024-11-05,0.0,1.0,-1.0,241,Consumer,Social,0
9384.0,3,986.09,328.69666666666666,145,0.17366666666666666,3,11,2024-10-24,0.0,3.0,-3.0,253,Small Business,Paid Search,0
9385.0,6,3621.79,603.6316666666667,105,0.13033333333333333,6,42,2025-01-01,0.0,6.0,-6.0,184,Enterprise,Paid Search,0
9388.0,2,309.24,154.62,119,0.067,2,2,2024-08-27,0.0,2.0,-2.0,311,Consumer,Social,0
9389.0,10,16829.46,1682.946,91,0.14850000000000002,9,70,2024-01-22,0.0,10.0,-10.0,529,Enterprise,Paid Search,0
9390.0,7,1170.23,167.1757142857143,292,0.08314285714285714,7,9,2023-07-19,0.0,7.0,-7.0,716,Consumer,Email,1
9393.0,5,1953.6399999999999,390.72799999999995,19,0.041999999999999996,4,6,2024-05-29,2.0,3.0,-1.0,401,Consumer,Affiliate,1
9394.0,4,1959.93,489.9825,34,0.10800000000000001,4,13,2024-03-09,1.0,3.0,-2.0,482,Small Business,Social,0
9395.0,8,6415.13,801.89125,38,0.145375,8,56,2024-10-27,3.0,5.0,-2.0,250,Enterprise,Paid Search,0
9396.0,1,119.15,119.15,353,0.114,1,1,2024-07-16,0.0,1.0,-1.0,353,Consumer,Affiliate,0
9398.0,16,11284.33,705.270625,31,0.14125,14,118,2023-09-19,2.0,14.0,-12.0,654,Enterprise,Direct,0
9400.0,2,268.74,134.37,85,0.10250000000000001,2,3,2024-07-25,1.0,1.0,0.0,344,Consumer,Affiliate,1
9401.0,4,994.86,248.715,8,0.07075000000000001,4,8,2024-11-05,1.0,3.0,-2.0,241,Consumer,Paid Search,0
9402.0,2,2773.08,1386.54,129,0.0875,2,8,2024-10-30,0.0,2.0,-2.0,247,Small Business,Social,0
9403.0,11,10522.11,956.5554545454546,16,0.1549090909090909,11,72,2024-01-18,1.0,10.0,-9.0,533,Enterprise,Affiliate,0
9404.0,3,526.86,175.62,249,0.04966666666666667,3,4,2024-04-08,0.0,3.0,-3.0,452,Consumer,Affiliate,1
9405.0,11,4272.18,388.38000000000005,44,0.10163636363636365,10,41,2023-10-21,2.0,9.0,-7.0,622,Small Business,Affiliate,0
9406.0,3,551.02,183.67333333333332,72,0.05266666666666667,3,6,2024-02-18,1.0,2.0,-1.0,502,Consumer,Paid Search,0
9408.0,6,2898.2799999999997,483.0466666666666,45,0.13349999999999998,6,19,2024-08-16,3.0,3.0,0.0,322,Small Business,Social,0
9409.0,2,607.36,303.68,310,0.0345,2,4,2024-07-10,0.0,2.0,-2.0,359,Consumer,Social,1
9410.0,7,1693.52,241.93142857142857,142,0.06671428571428571,7,10,2024-06-13,0.0,7.0,-7.0,386,Consumer,Social,0
9414.0,1,278.81,278.81,148,0.212,1,7,2025-02-06,0.0,1.0,-1.0,148,Enterprise,Email,0
9416.0,3,598.53,199.51,31,0.04766666666666667,3,3,2024-08-31,2.0,1.0,1.0,307,Consumer,Social,0
9419.0,10,2421.71,242.171,166,0.0591,10,15,2023-06-17,0.0,10.0,-10.0,748,Consumer,Paid Search,0
9420.0,3,3496.5699999999997,1165.5233333333333,103,0.15633333333333332,3,23,2024-10-19,0.0,3.0,-3.0,258,Enterprise,Organic,0
9421.0,2,478.2,239.1,139,0.079,2,4,2024-07-12,0.0,2.0,-2.0,357,Consumer,Direct,0
9422.0,4,1525.19,381.2975,2,0.076,4,6,2024-02-25,2.0,2.0,0.0,495,Consumer,Email,0
9424.0,6,1275.82,212.63666666666666,127,0.08266666666666667,5,10,2023-05-24,0.0,6.0,-6.0,772,Consumer,Organic,1
9427.0,2,123.75999999999999,61.879999999999995,119,0.0725,2,2,2024-12-24,0.0,2.0,-2.0,192,Consumer,Paid Search,0
9428.0,4,2675.46,668.865,46,0.0175,4,7,2024-12-14,1.0,3.0,-2.0,202,Consumer,Paid Search,0
9429.0,4,417.41,104.3525,23,0.041249999999999995,4,7,2025-01-14,3.0,1.0,2.0,171,Consumer,Email,0
9431.0,12,4351.32,362.60999999999996,7,0.10216666666666667,11,42,2024-04-18,2.0,10.0,-8.0,442,Small Business,Direct,0
9432.0,4,308.65999999999997,77.16499999999999,341,0.013999999999999999,4,5,2024-04-24,0.0,4.0,-4.0,436,Consumer,Social,0
9433.0,5,4385.95,877.1899999999999,6,0.11479999999999999,5,39,2025-01-13,2.0,3.0,-1.0,172,Enterprise,Affiliate,0
9435.0,4,955.4399999999999,238.85999999999999,296,0.16324999999999998,4,14,2024-05-22,0.0,4.0,-4.0,408,Small Business,Affiliate,0
9436.0,2,223.70000000000002,111.85000000000001,73,0.0105,2,4,2024-10-08,1.0,1.0,0.0,269,Consumer,Affiliate,0
9438.0,10,9475.130000000001,947.5130000000001,9,0.1472,10,66,2024-03-11,3.0,7.0,-4.0,480,Enterprise,Social,0
9439.0,5,1501.9,300.38,121,0.0472,5,8,2023-12-31,0.0,5.0,-5.0,551,Consumer,Affiliate,0
9440.0,1,81.61,81.61,13,0.0,1,1,2025-06-21,1.0,0.0,1.0,13,Consumer,Email,0
9441.0,10,6389.38,638.938,42,0.0884,10,34,2023-07-25,2.0,8.0,-6.0,710,Small Business,Organic,0
9442.0,9,1858.67,206.5188888888889,9,0.07411111111111111,9,14,2024-02-14,4.0,5.0,-1.0,506,Consumer,Social,0
9445.0,4,3317.88,829.47,72,0.055499999999999994,4,19,2024-11-13,1.0,3.0,-2.0,233,Small Business,Social,0
9446.0,2,167.78,83.89,181,0.1345,2,4,2024-09-08,0.0,2.0,-2.0,299,Consumer,Social,0
9447.0,1,15.37,15.37,129,0.087,1,1,2025-02-25,0.0,1.0,-1.0,129,Consumer,Paid Search,0
9448.0,2,353.38,176.69,9,0.0355,2,3,2025-06-07,2.0,0.0,2.0,27,Consumer,Email,0
9454.0,16,8381.710000000001,523.8568750000001,11,0.1370625,15,116,2023-12-02,3.0,13.0,-10.0,580,Enterprise,Direct,0
9457.0,5,1460.63,292.12600000000003,32,0.036199999999999996,5,7,2024-06-18,1.0,4.0,-3.0,381,Consumer,Paid Search,0
9458.0,5,1134.38,226.87600000000003,241,0.0304,5,9,2023-10-01,0.0,5.0,-5.0,642,Consumer,Paid Search,0
9459.0,2,402.34000000000003,201.17000000000002,73,0.011,2,4,2025-03-18,1.0,1.0,0.0,108,Consumer,Organic,0
9460.0,7,4118.63,588.3757142857143,117,0.16185714285714287,7,42,2024-09-16,0.0,7.0,-7.0,291,Enterprise,Paid Search,0
9462.0,4,981.43,245.3575,8,0.07050000000000001,4,6,2025-01-28,2.0,2.0,0.0,157,Consumer,Direct,0
9463.0,5,864.3199999999999,172.86399999999998,87,0.0436,5,10,2024-02-23,1.0,4.0,-3.0,497,Consumer,Organic,0
9464.0,7,2021.01,288.7157142857143,65,0.08428571428571428,7,12,2024-05-28,1.0,6.0,-5.0,402,Consumer,Email,0
9466.0,7,803.12,114.73142857142857,44,0.05642857142857143,7,12,2023-07-22,1.0,6.0,-5.0,713,Consumer,Social,0
9468.0,16,20489.36,1280.585,32,0.1505,16,140,2024-05-25,1.0,15.0,-14.0,405,Enterprise,Email,0
9469.0,5,1177.09,235.41799999999998,0,0.0618,5,6,2024-09-21,2.0,3.0,-1.0,286,Consumer,Email,0
9470.0,3,1158.2399999999998,386.0799999999999,43,0.035333333333333335,3,6,2024-12-08,1.0,2.0,-1.0,208,Consumer,Organic,0
9471.0,7,3523.23,503.31857142857143,66,0.1147142857142857,6,21,2024-04-30,1.0,6.0,-5.0,430,Small Business,Paid Search,0
9474.0,1,353.72,353.72,466,0.132,1,1,2024-03-25,0.0,1.0,-1.0,466,Consumer,Paid Search,0
9475.0,1,142.56,142.56,65,0.0,1,2,2025-04-30,1.0,0.0,1.0,65,Consumer,Social,0
9478.0,4,987.9,246.975,4,0.03225,4,7,2024-12-18,1.0,3.0,-2.0,198,Consumer,Paid Search,1
9480.0,12,3982.82,331.9016666666667,55,0.050499999999999996,11,18,2024-01-11,1.0,11.0,-10.0,540,Consumer,Affiliate,1
9481.0,15,3329.65,221.97666666666666,79,0.09493333333333334,14,59,2023-11-23,1.0,14.0,-13.0,589,Small Business,Direct,0
9485.0,11,2588.39,235.3081818181818,86,0.07209090909090908,10,39,2024-02-04,2.0,9.0,-7.0,516,Small Business,Paid Search,0
9486.0,2,295.24,147.62,51,0.0,2,4,2024-11-16,1.0,1.0,0.0,230,Consumer,Email,0
9488.0,1,786.34,786.34,472,0.048,1,2,2024-03-19,0.0,1.0,-1.0,472,Consumer,Organic,0
9489.0,4,4090.75,1022.6875,0,0.1505,4,34,2024-12-21,2.0,2.0,0.0,195,Enterprise,Paid Search,0
9490.0,1,682.02,682.02,43,0.013,1,1,2025-05-22,1.0,0.0,1.0,43,Consumer,Email,0
9491.0,4,1160.91,290.2275,147,0.05225,4,6,2024-09-17,0.0,4.0,-4.0,290,Consumer,Social,0
9492.0,3,462.21999999999997,154.07333333333332,194,0.08566666666666667,3,5,2024-08-24,0.0,3.0,-3.0,314,Consumer,Paid Search,1
9493.0,3,373.96,124.65333333333332,46,0.052,3,4,2024-12-28,1.0,2.0,-1.0,188,Consumer,Social,0
9495.0,3,441.03000000000003,147.01000000000002,163,0.079,3,5,2024-03-23,0.0,3.0,-3.0,468,Consumer,Direct,0
9496.0,12,5491.6,457.6333333333334,5,0.10149999999999999,11,45,2023-11-24,2.0,10.0,-8.0,588,Small Business,Social,0
9497.0,7,2134.05,304.86428571428576,91,0.03885714285714286,7,10,2023-11-21,0.0,7.0,-7.0,591,Consumer,Paid Search,0
9498.0,8,1893.7,236.7125,54,0.05025,8,11,2023-09-30,1.0,7.0,-6.0,643,Consumer,Organic,0
9499.0,12,8317.25,693.1041666666666,38,0.10708333333333335,10,42,2024-02-09,2.0,10.0,-8.0,511,Small Business,Paid Search,0
9500.0,2,231.47,115.735,4,0.024,2,7,2025-05-24,2.0,0.0,2.0,41,Small Business,Affiliate,0
9501.0,11,5687.389999999999,517.0354545454545,220,0.1280909090909091,10,43,2023-07-20,0.0,11.0,-11.0,715,Small Business,Affiliate,0
9502.0,3,104.13,34.71,269,0.07566666666666667,3,4,2024-07-02,0.0,3.0,-3.0,367,Consumer,Paid Search,0
9503.0,10,6771.17,677.117,212,0.1182,10,44,2023-08-30,0.0,10.0,-10.0,674,Small Business,Organic,0
9504.0,2,330.30999999999995,165.15499999999997,61,0.1375,2,2,2024-12-27,1.0,1.0,0.0,189,Consumer,Organic,0
9505.0,2,400.78999999999996,200.39499999999998,237,0.0225,2,3,2024-01-17,0.0,2.0,-2.0,534,Consumer,Paid Search,0
9506.0,2,152.64,76.32,43,0.0425,2,6,2025-05-07,2.0,0.0,2.0,58,Small Business,Organic,0
9509.0,3,1315.87,438.6233333333333,107,0.07566666666666666,3,5,2024-05-18,0.0,3.0,-3.0,412,Consumer,Organic,0
9512.0,11,4749.03,431.72999999999996,78,0.09745454545454546,11,39,2023-10-20,1.0,10.0,-9.0,623,Small Business,Social,0
9513.0,7,2472.5099999999998,353.2157142857142,6,0.06957142857142858,7,26,2024-12-07,2.0,5.0,-3.0,209,Small Business,Email,0
9515.0,2,243.07999999999998,121.53999999999999,88,0.0695,2,3,2024-10-03,1.0,1.0,0.0,274,Consumer,Organic,0
9517.0,1,430.71,430.71,79,0.118,1,3,2025-04-16,1.0,0.0,1.0,79,Small Business,Organic,0
9518.0,6,809.14,134.85666666666665,23,0.043000000000000003,6,9,2023-09-19,1.0,5.0,-4.0,654,Consumer,Social,0
9520.0,7,676.82,96.68857142857144,12,0.03828571428571429,7,10,2024-03-11,1.0,6.0,-5.0,480,Consumer,Paid Search,1
9521.0,9,1793.25,199.25,79,0.030444444444444448,7,15,2024-03-30,1.0,8.0,-7.0,461,Consumer,Social,0
9522.0,3,1665.86,555.2866666666666,391,0.026,3,5,2023-10-11,0.0,3.0,-3.0,632,Consumer,Paid Search,0
9523.0,4,133.75,33.4375,22,0.0665,4,6,2024-10-19,2.0,2.0,0.0,258,Consumer,Social,0
9528.0,4,722.8299999999999,180.70749999999998,44,0.02975,4,5,2024-09-22,2.0,2.0,0.0,285,Consumer,Direct,1
9529.0,7,4444.77,634.9671428571429,92,0.07828571428571429,7,28,2024-07-23,0.0,7.0,-7.0,346,Small Business,Direct,0
9530.0,5,220.22,44.044,221,0.11879999999999999,5,6,2024-01-11,0.0,5.0,-5.0,540,Consumer,Paid Search,0
9533.0,1,260.4,260.4,203,0.028,1,1,2024-12-13,0.0,1.0,-1.0,203,Consumer,Paid Search,0
9534.0,3,833.28,277.76,186,0.14233333333333334,3,10,2024-12-19,0.0,3.0,-3.0,197,Small Business,Affiliate,0
9536.0,4,574.5500000000001,143.63750000000002,207,0.042749999999999996,4,6,2024-03-10,0.0,4.0,-4.0,481,Consumer,Organic,0
9540.0,21,28486.13,1356.482380952381,4,0.13142857142857142,20,139,2023-04-16,1.0,20.0,-19.0,810,Enterprise,Paid Search,0
9541.0,9,1539.11,171.01222222222222,43,0.06777777777777777,9,15,2024-01-18,1.0,8.0,-7.0,533,Consumer,Direct,1
9542.0,2,92.67999999999999,46.339999999999996,112,0.055,2,4,2024-09-22,0.0,2.0,-2.0,285,Consumer,Organic,0
9545.0,1,14.41,14.41,35,0.089,1,1,2025-05-30,1.0,0.0,1.0,35,Consumer,Email,0
9546.0,2,151.98,75.99,134,0.0365,2,3,2024-04-03,0.0,2.0,-2.0,457,Consumer,Email,0
9547.0,4,4095.2999999999997,1023.8249999999999,90,0.07725,4,14,2024-02-27,0.0,4.0,-4.0,493,Small Business,Organic,0
9548.0,1,2221.84,2221.84,19,0.129,1,4,2025-06-15,1.0,0.0,1.0,19,Small Business,Direct,0
9549.0,4,399.77,99.9425,171,0.0265,4,6,2024-03-22,0.0,4.0,-4.0,469,Consumer,Social,0
9552.0,2,669.38,334.69,38,0.0425,2,3,2024-08-14,1.0,1.0,0.0,324,Consumer,Email,0
9553.0,4,542.26,135.565,60,0.047,4,8,2024-07-19,1.0,3.0,-2.0,350,Consumer,Affiliate,0
9554.0,13,2497.25,192.09615384615384,77,0.05153846153846154,13,20,2023-06-25,1.0,12.0,-11.0,740,Consumer,Affiliate,0
9555.0,3,484.64,161.54666666666665,21,0.066,3,5,2024-09-06,2.0,1.0,1.0,301,Consumer,Paid Search,0
9557.0,2,170.10000000000002,85.05000000000001,167,0.0075,2,4,2024-08-26,0.0,2.0,-2.0,312,Consumer,Social,0
9558.0,2,1502.69,751.345,485,0.0025,2,3,2024-01-04,0.0,2.0,-2.0,547,Consumer,Paid Search,0
9559.0,6,2842.79,473.79833333333335,12,0.11333333333333333,6,24,2024-01-28,1.0,5.0,-4.0,523,Small Business,Organic,0
9560.0,2,1406.68,703.34,368,0.0395,2,4,2024-01-19,0.0,2.0,-2.0,532,Consumer,Social,0
9562.0,2,697.5899999999999,348.79499999999996,61,0.03,2,2,2025-03-21,1.0,1.0,0.0,105,Consumer,Social,0
9563.0,3,434.84999999999997,144.95,107,0.06733333333333334,3,4,2024-12-17,0.0,3.0,-3.0,199,Consumer,Paid Search,0
9564.0,5,1298.17,259.634,30,0.1386,5,36,2024-11-05,2.0,3.0,-1.0,241,Enterprise,Paid Search,0
9565.0,1,815.02,815.02,422,0.0,1,2,2024-05-08,0.0,1.0,-1.0,422,Consumer,Email,0
9566.0,2,337.90000000000003,168.95000000000002,2,0.0375,2,2,2024-11-30,1.0,1.0,0.0,216,Consumer,Paid Search,0
9567.0,3,212.59,70.86333333333333,75,0.06333333333333334,3,5,2024-07-18,1.0,2.0,-1.0,351,Consumer,Organic,1
9569.0,8,1491.92,186.49,8,0.036125,8,11,2023-11-19,1.0,7.0,-6.0,593,Consumer,Paid Search,0
9570.0,6,2301.54,383.59,81,0.09949999999999999,6,19,2024-09-15,1.0,5.0,-4.0,292,Small Business,Paid Search,0
9571.0,17,8746.0,514.4705882352941,33,0.06741176470588235,14,62,2023-02-14,1.0,16.0,-15.0,871,Small Business,Social,0
9573.0,6,1806.25,301.0416666666667,0,0.03366666666666667,6,10,2024-05-17,2.0,4.0,-2.0,413,Consumer,Direct,0
9575.0,7,1193.8600000000001,170.5514285714286,7,0.053714285714285714,7,9,2023-10-13,1.0,6.0,-5.0,630,Consumer,Paid Search,0
9578.0,4,380.31,95.0775,121,0.061250000000000006,4,6,2024-04-03,0.0,4.0,-4.0,457,Consumer,Social,1
9579.0,4,1170.64,292.66,52,0.094,4,7,2024-07-11,1.0,3.0,-2.0,358,Consumer,Social,1
9580.0,2,263.48,131.74,295,0.0625,2,3,2024-07-10,0.0,2.0,-2.0,359,Consumer,Organic,0
9583.0,4,2501.2799999999997,625.3199999999999,229,0.08775,4,11,2024-03-15,0.0,4.0,-4.0,476,Small Business,Social,1
9584.0,7,2453.05,350.4357142857143,62,0.05228571428571428,7,20,2024-09-27,2.0,5.0,-3.0,280,Small Business,Social,0
9585.0,5,1814.57,362.914,210,0.06520000000000001,5,9,2024-06-17,0.0,5.0,-5.0,382,Consumer,Direct,0
9586.0,8,2900.46,362.5575,3,0.06225,8,14,2024-02-12,2.0,6.0,-4.0,508,Consumer,Social,0
9588.0,3,700.6199999999999,233.53999999999996,32,0.047999999999999994,3,6,2024-08-02,2.0,1.0,1.0,336,Consumer,Paid Search,1
9589.0,3,1863.44,621.1466666666666,77,0.036333333333333336,3,5,2024-09-03,1.0,2.0,-1.0,304,Consumer,Organic,0
9593.0,6,3197.42,532.9033333333333,148,0.11183333333333334,6,27,2023-07-26,0.0,6.0,-6.0,709,Small Business,Paid Search,0
9595.0,2,132.09,66.045,40,0.032,2,3,2025-04-04,1.0,1.0,0.0,91,Consumer,Social,1
9596.0,4,840.49,210.1225,168,0.11225,4,12,2024-10-25,0.0,4.0,-4.0,252,Small Business,Social,0
9597.0,8,1311.55,163.94375,6,0.0615,8,14,2023-04-29,1.0,7.0,-6.0,797,Consumer,Social,0
9599.0,3,1310.31,436.77,45,0.143,3,9,2024-12-16,1.0,2.0,-1.0,200,Small Business,Organic,0
9605.0,2,1163.22,581.61,14,0.0585,2,4,2024-10-12,1.0,1.0,0.0,265,Consumer,Organic,0
9606.0,10,5410.030000000001,541.003,75,0.0884,9,40,2024-04-06,2.0,8.0,-6.0,454,Small Business,Social,0
9608.0,4,5288.32,1322.08,26,0.17225000000000001,4,16,2025-01-28,1.0,3.0,-2.0,157,Small Business,Affiliate,0
9609.0,1,292.94,292.94,49,0.089,1,2,2025-05-16,1.0,0.0,1.0,49,Consumer,Social,0
9611.0,1,113.32,113.32,224,0.162,1,2,2024-11-22,0.0,1.0,-1.0,224,Small Business,Affiliate,0
9613.0,3,193.69,64.56333333333333,57,0.045000000000000005,3,3,2024-10-14,1.0,2.0,-1.0,263,Consumer,Social,1
9615.0,5,1040.3400000000001,208.06800000000004,11,0.048799999999999996,5,9,2024-02-22,1.0,4.0,-3.0,498,Consumer,Social,1
9618.0,10,4422.22,442.22200000000004,91,0.0751,10,34,2024-04-11,0.0,10.0,-10.0,449,Small Business,Email,1
9619.0,2,140.63,70.315,72,0.052,2,3,2025-04-12,2.0,0.0,2.0,83,Consumer,Social,0
9620.0,2,490.01,245.005,64,0.1065,2,3,2024-07-10,1.0,1.0,0.0,359,Consumer,Email,0
9621.0,4,2011.2,502.8,26,0.17325000000000002,4,37,2024-12-25,2.0,2.0,0.0,191,Enterprise,Affiliate,0
9622.0,4,1142.82,285.705,1,0.175,4,14,2024-09-03,1.0,3.0,-2.0,304,Small Business,Paid Search,1
9623.0,7,1707.85,243.97857142857143,49,0.062285714285714285,7,12,2024-05-21,3.0,4.0,-1.0,409,Consumer,Organic,0
9625.0,10,5817.9400000000005,581.7940000000001,16,0.06570000000000001,10,36,2024-03-28,4.0,6.0,-2.0,463,Small Business,Social,0
9626.0,5,1969.13,393.826,49,0.11699999999999999,5,38,2024-11-04,2.0,3.0,-1.0,242,Enterprise,Email,0
9627.0,2,488.73,244.365,190,0.0715,2,6,2024-12-19,0.0,2.0,-2.0,197,Small Business,Email,0
9628.0,5,1096.85,219.36999999999998,13,0.0368,4,6,2023-07-13,1.0,4.0,-3.0,722,Consumer,Affiliate,1
9629.0,12,6876.87,573.0725,134,0.06966666666666667,12,43,2023-11-11,0.0,12.0,-12.0,601,Small Business,Social,0
9632.0,11,13490.19,1226.3809090909092,65,0.10181818181818181,11,42,2023-07-30,1.0,10.0,-9.0,705,Small Business,Paid Search,0
9634.0,3,5194.5,1731.5,62,0.07533333333333334,3,13,2024-10-18,1.0,2.0,-1.0,259,Small Business,Social,0
9635.0,7,1210.48,172.9257142857143,85,0.05557142857142857,7,10,2023-11-05,1.0,6.0,-5.0,607,Consumer,Organic,1
9637.0,1,399.94,399.94,188,0.019,1,2,2024-12-28,0.0,1.0,-1.0,188,Consumer,Paid Search,0
9638.0,4,1215.03,303.7575,9,0.03125,4,6,2024-11-09,2.0,2.0,0.0,237,Consumer,Paid Search,0
9640.0,4,1266.84,316.71,30,0.1085,4,7,2024-05-13,1.0,3.0,-2.0,417,Consumer,Social,0
9641.0,5,744.87,148.974,190,0.0722,5,7,2024-07-17,0.0,5.0,-5.0,352,Consumer,Paid Search,0
9642.0,12,6078.74,506.56166666666667,24,0.15583333333333332,12,75,2024-05-03,2.0,10.0,-8.0,427,Enterprise,Social,0
9646.0,6,966.88,161.14666666666668,116,0.10166666666666667,6,26,2024-04-13,0.0,6.0,-6.0,447,Small Business,Social,0
9648.0,1,69.4,69.4,197,0.045,1,2,2024-12-19,0.0,1.0,-1.0,197,Consumer,Paid Search,0
9649.0,2,134.51999999999998,67.25999999999999,108,0.048,2,3,2024-10-24,0.0,2.0,-2.0,253,Consumer,Paid Search,0
9650.0,6,2191.57,365.2616666666667,27,0.019,5,10,2023-11-01,1.0,5.0,-4.0,611,Consumer,Affiliate,0
9652.0,3,545.17,181.72333333333333,228,0.06266666666666666,3,5,2024-04-18,0.0,3.0,-3.0,442,Consumer,Social,1
9653.0,1,163.31,163.31,18,0.01,1,1,2025-06-16,1.0,0.0,1.0,18,Consumer,Organic,0
9654.0,3,520.06,173.35333333333332,48,0.025666666666666667,3,6,2025-01-15,1.0,2.0,-1.0,170,Consumer,Paid Search,1
9655.0,5,1441.1,288.21999999999997,45,0.092,5,9,2023-08-28,1.0,4.0,-3.0,676,Consumer,Social,1
9658.0,1,99.39,99.39,161,0.088,1,3,2025-01-24,0.0,1.0,-1.0,161,Small Business,Email,0
9660.0,1,706.09,706.09,107,0.0,1,1,2025-03-19,0.0,1.0,-1.0,107,Consumer,Email,1
9662.0,11,4910.99,446.45363636363635,23,0.08136363636363636,11,41,2023-12-08,2.0,9.0,-7.0,574,Small Business,Paid Search,0
9663.0,4,582.88,145.72,19,0.0275,4,7,2024-10-01,3.0,1.0,2.0,276,Consumer,Paid Search,0
9664.0,1,149.96,149.96,156,0.014,1,2,2025-01-29,0.0,1.0,-1.0,156,Consumer,Paid Search,1
9665.0,7,2503.54,357.6485714285714,55,0.07928571428571429,7,28,2024-11-26,2.0,5.0,-3.0,220,Small Business,Paid Search,0
9666.0,4,1301.9,325.475,15,0.06525,4,6,2024-11-03,3.0,1.0,2.0,243,Consumer,Affiliate,0
9667.0,5,2434.26,486.85200000000003,11,0.08280000000000001,5,7,2024-09-04,2.0,3.0,-1.0,303,Consumer,Social,1
9669.0,7,1842.6100000000001,263.23,1,0.11414285714285713,7,10,2023-07-11,1.0,6.0,-5.0,724,Consumer,Paid Search,0
9670.0,4,2643.7200000000003,660.9300000000001,257,0.04075,4,7,2023-09-12,0.0,4.0,-4.0,661,Consumer,Paid Search,0
9671.0,4,1246.98,311.745,5,0.07175,4,5,2024-09-27,2.0,2.0,0.0,280,Consumer,Paid Search,0
9673.0,12,23470.649999999998,1955.8874999999998,5,0.15116666666666667,11,91,2024-01-27,3.0,9.0,-6.0,524,Enterprise,Social,0
9674.0,3,120.94999999999999,40.31666666666666,115,0.083,3,4,2024-11-20,0.0,3.0,-3.0,226,Consumer,Paid Search,0
9676.0,11,12851.47,1168.3154545454545,113,0.136,10,77,2023-10-09,0.0,11.0,-11.0,634,Enterprise,Organic,0
9678.0,4,596.05,149.0125,41,0.051750000000000004,4,5,2024-10-15,1.0,3.0,-2.0,262,Consumer,Paid Search,0
9679.0,3,903.62,301.20666666666665,43,0.114,3,8,2025-01-22,1.0,2.0,-1.0,163,Small Business,Organic,0
9680.0,4,480.29,120.0725,104,0.05675,4,5,2024-05-08,0.0,4.0,-4.0,422,Consumer,Organic,1
9683.0,8,2444.16,305.52,151,0.110125,8,29,2023-11-22,0.0,8.0,-8.0,590,Small Business,Social,1
9684.0,6,2308.55,384.7583333333334,35,0.11233333333333333,6,19,2024-04-25,1.0,5.0,-4.0,435,Small Business,Direct,0
9685.0,6,2097.01,349.5016666666667,98,0.10566666666666667,6,9,2024-05-29,0.0,6.0,-6.0,401,Consumer,Paid Search,0
9686.0,2,233.8,116.9,372,0.0765,2,2,2023-06-03,0.0,2.0,-2.0,762,Consumer,Social,0
9688.0,1,1272.4,1272.4,127,0.094,1,2,2025-02-27,0.0,1.0,-1.0,127,Consumer,Affiliate,0
9689.0,1,733.48,733.48,69,0.112,1,2,2025-04-26,1.0,0.0,1.0,69,Consumer,Social,0
9693.0,4,367.34999999999997,91.83749999999999,21,0.0405,4,6,2024-06-26,1.0,3.0,-2.0,373,Consumer,Email,0
9694.0,2,301.83000000000004,150.91500000000002,29,0.10099999999999999,2,3,2025-06-01,2.0,0.0,2.0,33,Consumer,Email,1
9695.0,6,4120.96,686.8266666666667,96,0.121,6,25,2024-05-16,0.0,6.0,-6.0,414,Small Business,Social,0
9696.0,4,503.67,125.9175,9,0.051250000000000004,4,6,2024-08-01,2.0,2.0,0.0,337,Consumer,Email,0
9697.0,5,572.91,114.582,24,0.058600000000000006,5,8,2024-09-12,1.0,4.0,-3.0,295,Consumer,Paid Search,0
9698.0,14,14737.5,1052.6785714285713,30,0.1282142857142857,14,95,2024-03-08,2.0,12.0,-10.0,483,Enterprise,Direct,0
9699.0,5,565.95,113.19000000000001,149,0.056600000000000004,5,7,2024-08-22,0.0,5.0,-5.0,316,Consumer,Affiliate,1
9700.0,7,3581.7400000000002,511.6771428571429,15,0.10428571428571429,7,24,2025-01-17,4.0,3.0,1.0,168,Small Business,Organic,0
9701.0,9,7290.8,810.088888888889,4,0.15466666666666667,8,53,2024-06-01,2.0,7.0,-5.0,398,Enterprise,Paid Search,0
9702.0,7,1950.02,278.57428571428574,10,0.13328571428571429,7,28,2024-03-07,3.0,4.0,-1.0,484,Small Business,Paid Search,0
9703.0,1,15.79,15.79,164,0.081,1,1,2025-01-21,0.0,1.0,-1.0,164,Consumer,Paid Search,1
9704.0,2,139.71,69.855,215,0.060000000000000005,2,3,2024-10-10,0.0,2.0,-2.0,267,Consumer,Paid Search,1
9707.0,4,635.87,158.9675,102,0.0295,4,5,2024-05-28,0.0,4.0,-4.0,402,Consumer,Organic,0
9708.0,3,1161.74,387.24666666666667,305,0.023000000000000003,3,4,2024-06-08,0.0,3.0,-3.0,391,Consumer,Social,0
9709.0,12,8120.88,676.74,7,0.167,12,72,2024-06-26,4.0,8.0,-4.0,373,Enterprise,Direct,0
9710.0,6,2744.8,457.4666666666667,210,0.056666666666666664,6,11,2024-01-19,0.0,6.0,-6.0,532,Consumer,Affiliate,0
9711.0,4,1756.8,439.2,28,0.043000000000000003,4,8,2024-07-30,2.0,2.0,0.0,339,Consumer,Organic,1
9713.0,2,669.96,334.98,33,0.020999999999999998,2,4,2025-02-28,1.0,1.0,0.0,126,Consumer,Organic,0
9714.0,5,1212.56,242.512,24,0.0522,5,9,2024-06-19,2.0,3.0,-1.0,380,Consumer,Social,1
9716.0,2,1462.42,731.21,164,0.0185,2,3,2024-10-17,0.0,2.0,-2.0,260,Consumer,Organic,0
9717.0,7,2801.4,400.2,79,0.12285714285714286,7,23,2023-08-17,1.0,6.0,-5.0,687,Small Business,Organic,0
9718.0,3,416.3,138.76666666666668,109,0.04766666666666667,3,4,2024-02-08,0.0,3.0,-3.0,512,Consumer,Social,0
9720.0,8,3343.85,417.98125,69,0.07425,8,13,2023-11-07,1.0,7.0,-6.0,605,Consumer,Affiliate,1
9721.0,3,410.24,136.74666666666667,168,0.05733333333333334,3,5,2025-01-05,0.0,3.0,-3.0,180,Consumer,Organic,1
9723.0,6,767.45,127.90833333333335,30,0.055333333333333325,6,7,2024-07-22,2.0,4.0,-2.0,347,Consumer,Paid Search,0
9725.0,6,1777.63,296.2716666666667,2,0.09533333333333333,6,9,2024-05-17,2.0,4.0,-2.0,413,Consumer,Email,0
9726.0,4,1779.0500000000002,444.76250000000005,254,0.11674999999999999,4,15,2024-05-07,0.0,4.0,-4.0,423,Small Business,Social,0
9727.0,6,581.75,96.95833333333333,143,0.05316666666666667,6,9,2024-06-10,0.0,6.0,-6.0,389,Consumer,Paid Search,1
9729.0,2,207.32,103.66,228,0.02,2,3,2024-09-22,0.0,2.0,-2.0,285,Consumer,Paid Search,1
9730.0,12,4878.36,406.53,18,0.04966666666666667,11,21,2024-03-20,2.0,10.0,-8.0,471,Consumer,Organic,0
9732.0,8,4725.57,590.69625,15,0.054125,8,14,2024-02-26,1.0,7.0,-6.0,494,Consumer,Paid Search,0
9735.0,1,181.4,181.4,63,0.044,1,1,2025-05-02,1.0,0.0,1.0,63,Consumer,Social,0
9738.0,14,8929.27,637.8050000000001,53,0.10585714285714286,13,47,2023-11-12,1.0,13.0,-12.0,600,Small Business,Direct,0
9742.0,1,38.12,38.12,93,0.1,1,1,2025-04-02,0.0,1.0,-1.0,93,Consumer,Social,0
9743.0,2,104.41,52.205,7,0.075,2,3,2024-12-14,1.0,1.0,0.0,202,Consumer,Affiliate,0
9744.0,7,12608.77,1801.2528571428572,53,0.16071428571428573,7,48,2024-11-05,1.0,6.0,-5.0,241,Enterprise,Organic,0
9745.0,2,382.1,191.05,234,0.0885,2,4,2023-06-27,0.0,2.0,-2.0,738,Consumer,Paid Search,1
9747.0,1,33.7,33.7,115,0.009,1,1,2025-03-11,0.0,1.0,-1.0,115,Consumer,Organic,1
9750.0,7,982.8100000000001,140.40142857142857,49,0.07714285714285715,7,10,2024-10-02,2.0,5.0,-3.0,275,Consumer,Organic,1
9752.0,3,446.55,148.85,47,0.03333333333333333,3,4,2025-01-21,2.0,1.0,1.0,164,Consumer,Paid Search,0
9755.0,10,2643.69,264.369,93,0.0375,9,15,2023-02-07,0.0,10.0,-10.0,878,Consumer,Social,1
9756.0,10,1764.02,176.402,90,0.045099999999999994,10,15,2023-07-19,0.0,10.0,-10.0,716,Consumer,Paid Search,0
9758.0,3,912.56,304.18666666666667,60,0.07066666666666667,3,8,2025-04-02,2.0,1.0,1.0,93,Small Business,Organic,0
9760.0,6,2936.0699999999997,489.34499999999997,78,0.0535,6,10,2024-04-09,1.0,5.0,-4.0,451,Consumer,Paid Search,0
9761.0,5,524.9,104.97999999999999,222,0.035800000000000005,5,10,2023-05-14,0.0,5.0,-5.0,782,Consumer,Paid Search,1
9762.0,1,163.81,163.81,106,0.042,1,1,2025-03-20,0.0,1.0,-1.0,106,Consumer,Organic,0
9766.0,2,365.28000000000003,182.64000000000001,142,0.096,2,8,2024-10-31,0.0,2.0,-2.0,246,Small Business,Organic,0
9768.0,6,2333.19,388.865,68,0.08833333333333333,6,11,2023-09-22,1.0,5.0,-4.0,651,Consumer,Paid Search,0
9769.0,4,1622.09,405.5225,22,0.07675,4,13,2025-02-01,3.0,1.0,2.0,153,Small Business,Affiliate,0
9771.0,1,1122.62,1122.62,329,0.046,1,2,2024-08-09,0.0,1.0,-1.0,329,Consumer,Social,1
9773.0,5,1568.09,313.618,79,0.0226,5,6,2024-04-19,1.0,4.0,-3.0,441,Consumer,Organic,0
9774.0,6,923.04,153.84,185,0.09649999999999999,6,8,2024-06-08,0.0,6.0,-6.0,391,Consumer,Direct,1
9775.0,3,1432.45,477.48333333333335,139,0.08033333333333333,3,9,2024-11-19,0.0,3.0,-3.0,227,Small Business,Direct,0
9777.0,5,2863.1400000000003,572.628,10,0.16,4,20,2024-12-23,3.0,2.0,1.0,193,Small Business,Social,0
9779.0,6,701.11,116.85166666666667,65,0.06433333333333334,6,9,2024-02-20,1.0,5.0,-4.0,500,Consumer,Social,0
9781.0,3,546.79,182.26333333333332,140,0.0,3,4,2024-11-24,0.0,3.0,-3.0,222,Consumer,Organic,0
9782.0,2,301.40000000000003,150.70000000000002,199,0.064,2,3,2024-08-19,0.0,2.0,-2.0,319,Consumer,Paid Search,0
9785.0,3,102.81,34.27,154,0.04133333333333333,3,4,2024-10-25,0.0,3.0,-3.0,252,Consumer,Paid Search,1
9786.0,5,764.5,152.9,114,0.0378,5,7,2024-04-04,0.0,5.0,-5.0,456,Consumer,Organic,1
9787.0,1,197.77,197.77,360,0.187,1,1,2024-07-09,0.0,1.0,-1.0,360,Consumer,Email,0
9793.0,3,1089.6399999999999,363.2133333333333,46,0.03766666666666666,3,5,2024-03-10,1.0,2.0,-1.0,481,Consumer,Social,0
9794.0,2,356.32,178.16,3,0.07100000000000001,2,3,2024-12-01,1.0,1.0,0.0,215,Consumer,Paid Search,1
9796.0,2,244.94,122.47,62,0.0275,2,4,2024-01-15,1.0,1.0,0.0,536,Consumer,Organic,1
9797.0,7,2379.2,339.88571428571424,41,0.1464285714285714,7,18,2024-06-13,1.0,6.0,-5.0,386,Small Business,Social,0
9798.0,2,804.11,402.055,18,0.012,2,3,2025-04-11,2.0,0.0,2.0,84,Consumer,Social,0
9801.0,12,10762.35,896.8625000000001,22,0.11983333333333333,12,44,2023-07-12,4.0,8.0,-4.0,723,Small Business,Social,0
9803.0,3,199.32,66.44,175,0.028999999999999998,3,4,2024-02-25,0.0,3.0,-3.0,495,Consumer,Email,1
9804.0,4,770.04,192.51,91,0.09425,4,17,2024-05-02,0.0,4.0,-4.0,428,Small Business,Direct,0
9810.0,3,589.37,196.45666666666668,239,0.012333333333333335,3,5,2024-05-16,0.0,3.0,-3.0,414,Consumer,Paid Search,1
9811.0,5,580.5,116.1,38,0.057999999999999996,5,8,2024-06-17,2.0,3.0,-1.0,382,Consumer,Social,0
9814.0,4,1505.81,376.4525,61,0.08025,4,6,2024-08-30,1.0,3.0,-2.0,308,Consumer,Social,0
9815.0,3,1300.52,433.50666666666666,144,0.09899999999999999,3,14,2024-08-25,0.0,3.0,-3.0,313,Small Business,Paid Search,1
9816.0,3,756.6600000000001,252.22000000000003,60,0.057,3,5,2024-05-30,1.0,2.0,-1.0,400,Consumer,Social,0
9817.0,4,1803.06,450.765,164,0.04875,4,8,2024-07-16,0.0,4.0,-4.0,353,Consumer,Paid Search,1
9819.0,10,1365.03,136.503,34,0.055499999999999994,10,11,2023-06-04,3.0,7.0,-4.0,761,Consumer,Paid Search,0
9820.0,7,1543.88,220.55428571428573,0,0.10114285714285713,7,24,2024-11-18,4.0,3.0,1.0,228,Small Business,Paid Search,0
9822.0,2,1526.24,763.12,52,0.031,2,3,2025-01-22,1.0,1.0,0.0,163,Consumer,Organic,0
9823.0,3,152.58,50.86000000000001,11,0.084,3,4,2025-01-09,2.0,1.0,1.0,176,Consumer,Paid Search,0
9824.0,3,398.36,132.78666666666666,80,0.07966666666666666,3,6,2024-06-26,1.0,2.0,-1.0,373,Consumer,Organic,1
9825.0,6,3113.96,518.9933333333333,151,0.07866666666666668,6,12,2023-12-07,0.0,6.0,-6.0,575,Consumer,Email,0
9826.0,1,33.52,33.52,129,0.008,1,2,2025-02-25,0.0,1.0,-1.0,129,Consumer,Social,0
9827.0,13,6188.74,476.05692307692306,48,0.10146153846153846,13,43,2023-10-27,1.0,12.0,-11.0,616,Small Business,Paid Search,0
9828.0,4,648.1600000000001,162.04000000000002,52,0.02175,4,8,2023-12-23,1.0,3.0,-2.0,559,Consumer,Organic,0
9829.0,7,1232.1399999999999,176.01999999999998,7,0.03642857142857143,7,12,2024-02-16,2.0,5.0,-3.0,504,Consumer,Paid Search,0
9830.0,3,1074.1499999999999,358.04999999999995,45,0.152,3,9,2024-09-10,1.0,2.0,-1.0,297,Small Business,Email,0
9831.0,5,2430.2799999999997,486.0559999999999,317,0.078,5,8,2023-12-08,0.0,5.0,-5.0,574,Consumer,Email,1
9833.0,6,997.13,166.18833333333333,133,0.022166666666666668,6,10,2024-02-04,0.0,6.0,-6.0,516,Consumer,Paid Search,0
9834.0,4,1762.52,440.63,79,0.06025,4,7,2024-09-02,1.0,3.0,-2.0,305,Consumer,Organic,0
9836.0,10,5708.43,570.8430000000001,25,0.0925,9,35,2023-11-07,3.0,7.0,-4.0,605,Small Business,Paid Search,0
9837.0,5,896.0,179.2,61,0.1072,5,15,2025-02-12,3.0,2.0,1.0,142,Small Business,Email,0
9840.0,7,1088.43,155.49,21,0.017857142857142856,7,10,2024-05-14,3.0,4.0,-1.0,416,Consumer,Affiliate,0
9843.0,6,1959.7500000000002,326.62500000000006,16,0.06583333333333333,6,9,2024-12-30,2.0,4.0,-2.0,186,Consumer,Social,1
9844.0,5,1100.54,220.108,44,0.065,5,8,2023-12-20,2.0,3.0,-1.0,562,Consumer,Email,0
9845.0,19,4682.96,246.4715789473684,12,0.10052631578947369,19,61,2023-04-18,2.0,17.0,-15.0,808,Small Business,Paid Search,1
9847.0,5,580.78,116.15599999999999,4,0.08120000000000001,4,8,2024-06-16,1.0,4.0,-3.0,383,Consumer,Organic,0
9848.0,4,767.24,191.81,142,0.06775,4,5,2024-06-15,0.0,4.0,-4.0,384,Consumer,Paid Search,0
9849.0,2,300.9,150.45,147,0.0195,2,4,2025-02-04,0.0,2.0,-2.0,150,Consumer,Paid Search,1
9851.0,2,361.22,180.61,233,0.0425,2,3,2023-05-07,0.0,2.0,-2.0,789,Consumer,Social,0
9852.0,10,3442.52,344.252,23,0.11710000000000001,9,34,2023-11-19,1.0,9.0,-8.0,593,Small Business,Organic,0
9853.0,2,135.8,67.9,59,0.0605,2,3,2025-04-05,1.0,1.0,0.0,90,Consumer,Paid Search,0
9855.0,1,90.32,90.32,117,0.0,1,2,2025-03-09,0.0,1.0,-1.0,117,Consumer,Organic,0
9857.0,6,1294.22,215.70333333333335,46,0.050833333333333335,5,11,2023-11-06,1.0,5.0,-4.0,606,Consumer,Direct,0
9858.0,1,158.94,158.94,295,0.086,1,2,2024-09-12,0.0,1.0,-1.0,295,Consumer,Paid Search,0
9859.0,2,110.02,55.01,65,0.1385,2,2,2024-08-22,1.0,1.0,0.0,316,Consumer,Social,0
9860.0,7,2508.4,358.34285714285716,40,0.10242857142857142,7,24,2024-07-25,2.0,5.0,-3.0,344,Small Business,Affiliate,0
9861.0,1,605.98,605.98,55,0.098,1,2,2025-05-10,1.0,0.0,1.0,55,Consumer,Paid Search,1
9863.0,4,514.01,128.5025,24,0.06375,4,5,2024-09-19,1.0,3.0,-2.0,288,Consumer,Social,0
9865.0,11,7066.59,642.4172727272727,91,0.096,11,29,2023-12-25,0.0,11.0,-11.0,557,Small Business,Paid Search,0
9866.0,7,4855.0599999999995,693.5799999999999,82,0.15414285714285714,7,36,2024-12-03,1.0,6.0,-5.0,213,Enterprise,Social,0
9867.0,2,1278.03,639.015,45,0.0965,2,3,2024-07-20,1.0,1.0,0.0,349,Consumer,Affiliate,0
9868.0,1,131.16,131.16,29,0.08,1,2,2025-06-05,1.0,0.0,1.0,29,Consumer,Direct,1
9869.0,5,822.39,164.478,209,0.0638,5,7,2023-12-04,0.0,5.0,-5.0,578,Consumer,Organic,0
9874.0,5,2059.2200000000003,411.84400000000005,67,0.034199999999999994,5,10,2024-01-12,1.0,4.0,-3.0,539,Consumer,Paid Search,1
9875.0,3,526.3199999999999,175.43999999999997,2,0.07633333333333332,3,6,2025-01-01,1.0,2.0,-1.0,184,Consumer,Social,0
9876.0,4,1027.06,256.765,138,0.03125,4,6,2024-11-02,0.0,4.0,-4.0,244,Consumer,Social,0
9878.0,1,230.58,230.58,33,0.098,1,2,2025-06-01,1.0,0.0,1.0,33,Consumer,Social,0
9879.0,5,2227.56,445.512,132,0.0426,5,8,2024-06-16,0.0,5.0,-5.0,383,Consumer,Paid Search,1
9881.0,6,3154.56,525.76,64,0.13466666666666668,6,17,2023-10-16,1.0,5.0,-4.0,627,Small Business,Organic,0
9883.0,10,7511.03,751.103,2,0.0989,10,41,2024-04-30,4.0,6.0,-2.0,430,Small Business,Paid Search,1
9886.0,2,86.23,43.115,40,0.0555,2,3,2025-02-07,1.0,1.0,0.0,147,Consumer,Paid Search,0
9887.0,9,4241.84,471.3155555555556,158,0.09188888888888888,8,32,2024-03-16,0.0,9.0,-9.0,475,Small Business,Paid Search,1
9888.0,7,1546.8600000000001,220.98000000000002,241,0.043,7,9,2023-07-24,0.0,7.0,-7.0,711,Consumer,Direct,0
9889.0,4,2332.29,583.0725,223,0.052500000000000005,4,5,2023-11-06,0.0,4.0,-4.0,606,Consumer,Social,1
9890.0,1,72.27,72.27,50,0.007,1,1,2025-05-15,1.0,0.0,1.0,50,Consumer,Paid Search,1
9891.0,1,600.57,600.57,190,0.079,1,3,2024-12-26,0.0,1.0,-1.0,190,Small Business,Social,0
9892.0,5,913.3,182.66,12,0.0496,5,8,2024-08-08,3.0,2.0,1.0,330,Consumer,Paid Search,0
9893.0,3,461.11,153.70333333333335,155,0.02266666666666667,3,5,2024-09-05,0.0,3.0,-3.0,302,Consumer,Email,0
9894.0,5,1058.58,211.71599999999998,180,0.059399999999999994,5,9,2024-07-09,0.0,5.0,-5.0,360,Consumer,Email,1
9896.0,4,774.89,193.7225,14,0.093,4,7,2024-02-04,2.0,2.0,0.0,516,Consumer,Organic,0
9897.0,4,926.29,231.5725,53,0.020999999999999998,4,5,2024-07-29,1.0,3.0,-2.0,340,Consumer,Organic,0
9898.0,4,784.97,196.2425,35,0.01575,4,7,2024-10-20,1.0,3.0,-2.0,257,Consumer,Social,0
9899.0,12,1236.6,103.05,23,0.04916666666666667,12,20,2023-03-24,2.0,10.0,-8.0,833,Consumer,Affiliate,0
9901.0,3,380.79,126.93,182,0.063,3,4,2024-09-09,0.0,3.0,-3.0,298,Consumer,Paid Search,1
9903.0,5,852.4,170.48,48,0.0664,4,9,2025-01-17,2.0,3.0,-1.0,168,Consumer,Direct,0
9907.0,2,335.7,167.85,159,0.0065,2,3,2024-12-07,0.0,2.0,-2.0,209,Consumer,Organic,0
9910.0,2,401.65999999999997,200.82999999999998,14,0.0405,2,2,2024-11-29,1.0,1.0,0.0,217,Consumer,Social,0
9911.0,3,859.62,286.54,66,0.085,3,3,2024-12-22,1.0,2.0,-1.0,194,Consumer,Affiliate,1
9912.0,7,868.88,124.12571428571428,70,0.054,7,11,2024-03-20,1.0,6.0,-5.0,471,Consumer,Direct,1
9913.0,1,60.72,60.72,108,0.046,1,2,2025-03-18,0.0,1.0,-1.0,108,Consumer,Direct,0
9914.0,4,274.57,68.6425,216,0.048,4,7,2024-08-03,0.0,4.0,-4.0,335,Consumer,Email,1
9915.0,7,1333.95,190.56428571428572,321,0.056,7,12,2023-07-29,0.0,7.0,-7.0,706,Consumer,Paid Search,0
9916.0,4,1059.1999999999998,264.79999999999995,81,0.11399999999999999,4,15,2024-08-23,1.0,3.0,-2.0,315,Small Business,Paid Search,0
9917.0,9,2621.23,291.2477777777778,4,0.044000000000000004,9,14,2023-03-08,2.0,7.0,-5.0,849,Consumer,Social,0
9918.0,4,9744.72,2436.18,4,0.11424999999999999,4,30,2024-12-15,3.0,1.0,2.0,201,Enterprise,Paid Search,0
9920.0,3,1918.8400000000001,639.6133333333333,28,0.08466666666666667,3,5,2025-04-01,2.0,1.0,1.0,94,Consumer,Social,0
9922.0,5,1151.8700000000001,230.37400000000002,194,0.0656,5,8,2023-01-28,0.0,5.0,-5.0,888,Consumer,Social,1
9923.0,8,4637.7300000000005,579.7162500000001,36,0.104125,8,25,2023-08-16,2.0,6.0,-4.0,688,Small Business,Social,0
9932.0,15,13905.42,927.028,58,0.13540000000000002,14,107,2023-09-26,1.0,14.0,-13.0,647,Enterprise,Paid Search,0
9933.0,6,2016.22,336.0366666666667,40,0.09283333333333332,6,11,2024-01-05,1.0,5.0,-4.0,546,Consumer,Social,0
9934.0,3,617.08,205.69333333333336,54,0.12533333333333332,3,6,2025-03-01,1.0,2.0,-1.0,125,Small Business,Paid Search,1
9935.0,1,688.88,688.88,208,0.068,1,2,2024-12-08,0.0,1.0,-1.0,208,Consumer,Social,1
9937.0,4,1772.4499999999998,443.11249999999995,113,0.07250000000000001,4,13,2024-09-30,0.0,4.0,-4.0,277,Small Business,Social,0
9938.0,1,47.62,47.62,243,0.009,1,1,2024-11-03,0.0,1.0,-1.0,243,Consumer,Affiliate,1
9940.0,7,11386.39,1626.6271428571429,12,0.13842857142857143,7,48,2024-06-02,1.0,6.0,-5.0,397,Enterprise,Paid Search,0
9942.0,6,3225.1400000000003,537.5233333333334,97,0.1665,6,46,2024-03-22,0.0,6.0,-6.0,469,Enterprise,Direct,0
9943.0,6,4039.08,673.18,5,0.074,6,21,2024-07-29,3.0,3.0,0.0,340,Small Business,Direct,0
9944.0,2,1041.0,520.5,87,0.0435,2,4,2024-09-26,1.0,1.0,0.0,281,Consumer,Organic,0
9945.0,8,5027.63,628.45375,59,0.09275,8,26,2024-07-04,1.0,7.0,-6.0,365,Small Business,Paid Search,0
9946.0,10,3444.1699999999996,344.417,53,0.0492,10,14,2023-03-16,1.0,9.0,-8.0,841,Consumer,Paid Search,0
9947.0,4,800.73,200.1825,48,0.06,4,6,2024-09-03,1.0,3.0,-2.0,304,Consumer,Paid Search,0
9948.0,3,483.52,161.17333333333332,14,0.108,3,5,2024-10-29,2.0,1.0,1.0,248,Consumer,Organic,0
9949.0,4,276.58,69.145,191,0.03925,4,7,2024-08-24,0.0,4.0,-4.0,314,Consumer,Social,0
9951.0,7,1520.54,217.22,25,0.10428571428571429,7,21,2023-10-04,2.0,5.0,-3.0,639,Small Business,Email,0
9952.0,3,789.06,263.02,4,0.104,3,8,2024-12-29,1.0,2.0,-1.0,187,Small Business,Paid Search,0
9953.0,4,1027.27,256.8175,57,0.03275,4,5,2023-07-13,1.0,3.0,-2.0,722,Consumer,Affiliate,1
9958.0,5,2767.29,553.458,24,0.1156,5,14,2024-06-22,1.0,4.0,-3.0,377,Small Business,Paid Search,0
9960.0,3,880.3,293.43333333333334,2,0.08166666666666667,3,10,2025-05-04,3.0,0.0,3.0,61,Small Business,Affiliate,0
9962.0,4,1394.6399999999999,348.65999999999997,59,0.05425,4,17,2024-09-07,1.0,3.0,-2.0,300,Small Business,Paid Search,0
9963.0,3,2233.39,744.4633333333333,234,0.09533333333333334,3,10,2024-09-12,0.0,3.0,-3.0,295,Small Business,Paid Search,1
9967.0,16,6007.04,375.44,35,0.1298125,14,54,2023-09-04,1.0,15.0,-14.0,669,Small Business,Paid Search,0
9968.0,7,4431.61,633.0871428571428,49,0.09685714285714286,7,24,2024-05-24,1.0,6.0,-5.0,406,Small Business,Email,0
9969.0,3,1497.36,499.11999999999995,135,0.07633333333333332,3,14,2024-06-18,0.0,3.0,-3.0,381,Small Business,Paid Search,0
9970.0,5,660.03,132.006,82,0.1436,5,6,2024-09-07,1.0,4.0,-3.0,300,Consumer,Organic,0
9971.0,1,405.16,405.16,221,0.053,1,4,2024-11-25,0.0,1.0,-1.0,221,Small Business,Paid Search,1
9972.0,4,847.8,211.95,143,0.09525,4,7,2024-08-21,0.0,4.0,-4.0,317,Consumer,Paid Search,0
9974.0,7,4880.3099999999995,697.1871428571428,38,0.10742857142857143,7,24,2024-08-01,1.0,6.0,-5.0,337,Small Business,Direct,1
9977.0,2,507.55999999999995,253.77999999999997,57,0.0485,1,4,2025-02-22,1.0,1.0,0.0,132,Consumer,Paid Search,0
9978.0,4,1896.8000000000002,474.20000000000005,105,0.084,4,16,2024-10-17,0.0,4.0,-4.0,260,Small Business,Email,0
9979.0,3,325.42999999999995,108.47666666666665,206,0.03833333333333333,3,5,2024-08-14,0.0,3.0,-3.0,324,Consumer,Organic,0
9980.0,15,9278.4,618.56,27,0.0942,14,62,2024-01-14,3.0,12.0,-9.0,537,Small Business,Social,0
9982.0,2,277.68,138.84,166,0.08549999999999999,1,2,2024-12-05,0.0,2.0,-2.0,211,Consumer,Affiliate,1
9983.0,6,1336.27,222.71166666666667,8,0.049166666666666664,6,9,2023-07-26,2.0,4.0,-2.0,709,Consumer,Direct,0
9987.0,3,717.4499999999999,239.14999999999998,159,0.06966666666666667,3,4,2024-09-16,0.0,3.0,-3.0,291,Consumer,Paid Search,1
9989.0,4,834.72,208.68,21,0.0535,4,6,2024-09-13,2.0,2.0,0.0,294,Consumer,Social,1
9990.0,8,6482.089999999999,810.2612499999999,2,0.11475,8,22,2024-02-20,4.0,4.0,0.0,500,Small Business,Social,0
9993.0,2,743.69,371.845,110,0.049999999999999996,2,3,2024-11-07,0.0,2.0,-2.0,239,Consumer,Organic,0
9994.0,4,1253.45,313.3625,245,0.09925,4,7,2024-03-26,0.0,4.0,-4.0,465,Consumer,Direct,0
9995.0,4,107.84,26.96,78,0.07375,4,4,2024-09-19,1.0,3.0,-2.0,288,Consumer,Paid Search,0
9998.0,8,1902.82,237.8525,19,0.045625,8,14,2024-08-23,2.0,6.0,-4.0,315,Consumer,Organic,0
9999.0,3,1492.8,497.59999999999997,231,0.016333333333333335,3,4,2024-02-15,0.0,3.0,-3.0,505,Consumer,Social,1
10002.0,2,1077.7,538.85,84,0.0485,2,4,2025-03-21,1.0,1.0,0.0,105,Consumer,Organic,1
10003.0,1,721.15,721.15,110,0.071,1,1,2025-03-16,0.0,1.0,-1.0,110,Consumer,Direct,0
10005.0,1,162.24,162.24,297,0.0,1,2,2024-09-10,0.0,1.0,-1.0,297,Consumer,Organic,0
10006.0,1,521.4,521.4,120,0.161,1,5,2025-03-06,0.0,1.0,-1.0,120,Small Business,Paid Search,0
10007.0,2,501.95,250.975,14,0.1215,2,7,2025-06-05,2.0,0.0,2.0,29,Small Business,Social,0
10008.0,1,16.22,16.22,10,0.016,1,1,2025-06-24,1.0,0.0,1.0,10,Consumer,Paid Search,0
10010.0,1,139.84,139.84,184,0.047,1,2,2025-01-01,0.0,1.0,-1.0,184,Consumer,Organic,0
10011.0,1,17.05,17.05,34,0.05,1,5,2025-05-31,1.0,0.0,1.0,34,Small Business,Direct,0
10012.0,5,1983.35,396.66999999999996,68,0.0174,5,8,2023-12-13,1.0,4.0,-3.0,569,Consumer,Organic,0
10014.0,6,1106.91,184.485,201,0.10366666666666667,6,22,2024-01-18,0.0,6.0,-6.0,533,Small Business,Affiliate,1
10015.0,8,643.26,80.4075,80,0.06725,8,11,2023-10-30,1.0,7.0,-6.0,613,Consumer,Social,0
10016.0,1,38.36,38.36,86,0.108,1,2,2025-04-09,1.0,0.0,1.0,86,Consumer,Organic,0
10021.0,3,421.24,140.41333333333333,120,0.016666666666666666,3,5,2024-09-01,0.0,3.0,-3.0,306,Consumer,Organic,0
10022.0,4,210.74,52.685,11,0.014499999999999999,4,8,2025-01-15,2.0,2.0,0.0,170,Consumer,Organic,0
10024.0,1,1368.18,1368.18,244,0.01,1,2,2024-11-02,0.0,1.0,-1.0,244,Consumer,Social,0
10026.0,1,291.91,291.91,61,0.131,1,1,2025-05-04,1.0,0.0,1.0,61,Consumer,Paid Search,1
10027.0,5,4161.77,832.354,132,0.11019999999999999,5,17,2024-05-06,0.0,5.0,-5.0,424,Small Business,Paid Search,0
10028.0,1,39.69,39.69,172,0.054,1,1,2025-01-13,0.0,1.0,-1.0,172,Consumer,Email,0
10029.0,9,4908.79,545.4211111111111,14,0.11033333333333334,9,25,2024-04-27,1.0,8.0,-7.0,433,Small Business,Organic,0
10030.0,7,1655.29,236.47,60,0.06085714285714285,7,12,2023-03-14,1.0,6.0,-5.0,843,Consumer,Paid Search,0
10031.0,5,2100.25,420.05,6,0.072,5,9,2024-04-24,1.0,4.0,-3.0,436,Consumer,Direct,1
10032.0,5,1181.66,236.33200000000002,26,0.1282,5,17,2024-03-08,1.0,4.0,-3.0,483,Small Business,Affiliate,0
10033.0,2,97.82000000000001,48.910000000000004,78,0.109,2,4,2024-09-01,1.0,1.0,0.0,306,Consumer,Direct,0
10035.0,2,440.49,220.245,48,0.0985,2,3,2024-08-07,1.0,1.0,0.0,331,Consumer,Paid Search,0
10037.0,2,510.36,255.18,2,0.0885,2,6,2025-07-01,2.0,0.0,2.0,3,Small Business,Direct,0
10038.0,20,22182.7,1109.135,1,0.14225,19,149,2023-04-19,4.0,16.0,-12.0,807,Enterprise,Affiliate,1
10039.0,3,597.27,199.09,50,0.084,3,4,2024-11-08,1.0,2.0,-1.0,238,Consumer,Email,0
10041.0,3,443.01,147.67,100,0.10966666666666668,3,10,2024-12-22,0.0,3.0,-3.0,194,Small Business,Social,1
10043.0,3,2753.37,917.79,112,0.06733333333333334,3,12,2024-09-07,0.0,3.0,-3.0,300,Small Business,Paid Search,0
10047.0,6,585.24,97.54,115,0.0405,6,8,2023-11-18,0.0,6.0,-6.0,594,Consumer,Social,0
10049.0,4,804.37,201.0925,3,0.081,4,5,2024-11-09,2.0,2.0,0.0,237,Consumer,Paid Search,0
10051.0,3,560.78,186.92666666666665,2,0.017333333333333333,3,3,2025-01-12,2.0,1.0,1.0,173,Consumer,Paid Search,0
10052.0,2,561.54,280.77,213,0.0025,2,4,2024-11-29,0.0,2.0,-2.0,217,Consumer,Social,0
10053.0,5,3009.29,601.858,33,0.06899999999999999,5,18,2024-08-18,1.0,4.0,-3.0,320,Small Business,Social,0
10055.0,6,3035.5499999999997,505.92499999999995,88,0.06283333333333334,6,23,2024-06-01,1.0,5.0,-4.0,398,Small Business,Social,0
10056.0,4,581.84,145.46,48,0.07575,4,5,2025-02-13,2.0,2.0,0.0,141,Consumer,Social,1
10057.0,1,78.58,78.58,22,0.033,1,2,2025-06-12,1.0,0.0,1.0,22,Consumer,Social,0
10059.0,1,128.68,128.68,125,0.116,1,2,2025-03-01,0.0,1.0,-1.0,125,Consumer,Paid Search,1
10061.0,6,1954.7500000000002,325.7916666666667,71,0.021166666666666667,6,7,2024-11-02,2.0,4.0,-2.0,244,Consumer,Paid Search,0
10066.0,2,760.18,380.09,17,0.0285,2,3,2025-01-03,1.0,1.0,0.0,182,Consumer,Social,1
10067.0,3,1590.67,530.2233333333334,102,0.073,3,5,2024-09-02,0.0,3.0,-3.0,305,Consumer,Paid Search,0
10069.0,2,481.86,240.93,559,0.0235,2,2,2023-10-03,0.0,2.0,-2.0,640,Consumer,Affiliate,0
10070.0,5,2616.36,523.272,268,0.0382,5,8,2024-05-17,0.0,5.0,-5.0,413,Consumer,Organic,0
10072.0,3,153.28,51.093333333333334,37,0.029333333333333333,3,5,2025-02-15,1.0,2.0,-1.0,139,Consumer,Affiliate,1
10075.0,6,1712.0500000000002,285.3416666666667,20,0.12716666666666668,6,19,2024-04-16,2.0,4.0,-2.0,444,Small Business,Organic,0
10076.0,4,1451.48,362.87,294,0.06125,4,8,2023-10-30,0.0,4.0,-4.0,613,Consumer,Email,0
10077.0,7,3602.0600000000004,514.58,111,0.09042857142857143,7,19,2023-11-20,0.0,7.0,-7.0,592,Small Business,Social,0
10078.0,9,3896.79,432.9766666666667,102,0.05722222222222222,9,29,2024-05-02,0.0,9.0,-9.0,428,Small Business,Organic,0
10081.0,2,2073.41,1036.705,25,0.038,2,5,2025-03-11,1.0,1.0,0.0,115,Small Business,Organic,1
10082.0,2,378.8,189.4,225,0.043,2,4,2024-06-13,0.0,2.0,-2.0,386,Consumer,Paid Search,0
10083.0,2,118.47,59.235,81,0.041999999999999996,2,2,2024-11-05,1.0,1.0,0.0,241,Consumer,Social,0
10084.0,6,1014.6700000000001,169.11166666666668,28,0.06383333333333334,6,9,2023-06-27,1.0,5.0,-4.0,738,Consumer,Social,1
10086.0,2,301.38,150.69,87,0.0265,2,4,2025-02-16,1.0,1.0,0.0,138,Consumer,Affiliate,0
10087.0,6,1174.18,195.6966666666667,31,0.05483333333333334,6,8,2023-07-25,1.0,5.0,-4.0,710,Consumer,Organic,0
10090.0,1,83.92,83.92,167,0.0,1,2,2025-01-18,0.0,1.0,-1.0,167,Consumer,Organic,0
10091.0,1,734.7,734.7,172,0.006,1,2,2025-01-13,0.0,1.0,-1.0,172,Consumer,Paid Search,0
10093.0,2,482.32,241.16,355,0.11199999999999999,2,3,2024-02-04,0.0,2.0,-2.0,516,Consumer,Organic,0
10094.0,4,698.0899999999999,174.52249999999998,124,0.0815,4,5,2024-03-01,0.0,4.0,-4.0,490,Consumer,Paid Search,0
10097.0,3,369.88,123.29333333333334,70,0.08533333333333333,3,4,2025-03-08,1.0,2.0,-1.0,118,Consumer,Organic,0
10098.0,5,284.62,56.924,58,0.05739999999999999,5,8,2024-12-30,2.0,3.0,-1.0,186,Consumer,Social,0
10100.0,1,100.07,100.07,203,0.057,1,1,2024-12-13,0.0,1.0,-1.0,203,Consumer,Organic,0
10101.0,5,1006.83,201.366,231,0.0632,5,7,2023-09-05,0.0,5.0,-5.0,668,Consumer,Paid Search,0
10102.0,4,228.01,57.0025,30,0.05025,4,5,2025-01-14,2.0,2.0,0.0,171,Consumer,Direct,1
10106.0,2,35.29,17.645,173,0.0405,2,2,2024-11-22,0.0,2.0,-2.0,224,Consumer,Paid Search,0
10107.0,1,130.86,130.86,43,0.101,1,2,2025-05-22,1.0,0.0,1.0,43,Consumer,Email,0
10108.0,2,1125.03,562.515,24,0.042,2,3,2025-04-26,2.0,0.0,2.0,69,Consumer,Social,0
10109.0,5,887.3,177.45999999999998,84,0.0516,4,7,2024-04-18,1.0,4.0,-3.0,442,Consumer,Email,0
10110.0,7,4888.5,698.3571428571429,209,0.11042857142857143,7,27,2024-04-11,0.0,7.0,-7.0,449,Small Business,Paid Search,0
10114.0,7,658.59,94.08428571428571,4,0.052142857142857144,6,10,2024-05-03,1.0,6.0,-5.0,427,Consumer,Email,1
10115.0,3,1464.27,488.09,37,0.053,3,5,2025-03-21,2.0,1.0,1.0,105,Consumer,Organic,0
10116.0,8,1612.69,201.58625,83,0.051875000000000004,8,11,2023-12-10,1.0,7.0,-6.0,572,Consumer,Social,0
10117.0,4,1380.16,345.04,5,0.12725,4,14,2023-12-16,1.0,3.0,-2.0,566,Small Business,Paid Search,0
10118.0,2,1369.26,684.63,11,0.1665,2,6,2025-02-06,1.0,1.0,0.0,148,Small Business,Organic,0
10119.0,1,142.56,142.56,266,0.0,1,2,2024-10-11,0.0,1.0,-1.0,266,Consumer,Organic,0
10121.0,4,479.03,119.7575,5,0.08800000000000001,4,6,2024-11-10,3.0,1.0,2.0,236,Consumer,Organic,0
10122.0,6,2185.38,364.23,86,0.029666666666666664,5,8,2023-12-24,1.0,5.0,-4.0,558,Consumer,Paid Search,0
10123.0,16,8137.32,508.5825,53,0.102875,15,58,2023-05-18,3.0,13.0,-10.0,778,Small Business,Organic,0
10125.0,2,146.51999999999998,73.25999999999999,301,0.014,2,4,2024-06-05,0.0,2.0,-2.0,394,Consumer,Affiliate,0
10126.0,3,528.22,176.07333333333335,329,0.06333333333333334,3,4,2024-06-30,0.0,3.0,-3.0,369,Consumer,Paid Search,0
10127.0,3,228.7,76.23333333333333,179,0.052,3,4,2024-11-04,0.0,3.0,-3.0,242,Consumer,Paid Search,0
10128.0,2,87.73,43.865,25,0.099,2,2,2025-04-21,2.0,0.0,2.0,74,Consumer,Organic,0
10129.0,1,15.48,15.48,187,0.18,1,2,2024-12-29,0.0,1.0,-1.0,187,Consumer,Social,0
10130.0,5,741.7800000000001,148.35600000000002,71,0.0836,5,8,2024-11-24,1.0,4.0,-3.0,222,Consumer,Paid Search,0
10131.0,21,11374.470000000001,541.6414285714286,13,0.13176190476190475,17,150,2023-11-22,4.0,17.0,-13.0,590,Enterprise,Organic,0
10133.0,3,668.06,222.68666666666664,30,0.045000000000000005,3,4,2024-10-21,1.0,2.0,-1.0,256,Consumer,Email,0
10134.0,2,371.87,185.935,2,0.1435,2,8,2025-02-24,1.0,1.0,0.0,130,Small Business,Paid Search,0
10135.0,12,2995.81,249.65083333333334,12,0.06091666666666667,12,17,2023-03-07,2.0,10.0,-8.0,850,Consumer,Paid Search,0
10136.0,2,915.6600000000001,457.83000000000004,39,0.011,2,4,2025-03-30,1.0,1.0,0.0,96,Consumer,Organic,0
10137.0,4,391.46999999999997,97.86749999999999,23,0.0195,4,7,2024-07-04,1.0,3.0,-2.0,365,Consumer,Organic,0
10138.0,3,357.33,119.11,76,0.04666666666666667,3,4,2025-01-20,2.0,1.0,1.0,165,Consumer,Direct,0
10139.0,1,167.74,167.74,115,0.019,1,1,2025-03-11,0.0,1.0,-1.0,115,Consumer,Paid Search,0
10141.0,5,2011.94,402.38800000000003,53,0.0502,4,8,2024-04-07,1.0,4.0,-3.0,453,Consumer,Direct,0
10144.0,3,411.22,137.07333333333335,40,0.071,3,4,2024-10-05,1.0,2.0,-1.0,272,Consumer,Social,1
10145.0,11,9621.57,874.6881818181818,8,0.15036363636363637,11,69,2024-09-16,4.0,7.0,-3.0,291,Enterprise,Organic,0
10148.0,2,348.25,174.125,169,0.0655,2,3,2025-01-08,0.0,2.0,-2.0,177,Consumer,Affiliate,0
10149.0,3,1565.39,521.7966666666667,68,0.06933333333333333,3,9,2024-11-08,1.0,2.0,-1.0,238,Small Business,Paid Search,0
10150.0,4,2264.37,566.0925,148,0.051750000000000004,4,6,2024-04-10,0.0,4.0,-4.0,450,Consumer,Email,0
10152.0,6,757.25,126.20833333333333,91,0.08,6,8,2023-12-06,0.0,6.0,-6.0,576,Consumer,Paid Search,0
10153.0,5,854.5799999999999,170.916,40,0.0372,5,9,2023-10-03,1.0,4.0,-3.0,640,Consumer,Organic,0
10154.0,4,1982.4,495.6,33,0.08625,4,14,2024-05-20,1.0,3.0,-2.0,410,Small Business,Organic,0
10155.0,1,27.35,27.35,109,0.029,1,1,2025-03-17,0.0,1.0,-1.0,109,Consumer,Social,0
10158.0,2,125.35000000000001,62.675000000000004,89,0.0585,2,3,2024-10-07,1.0,1.0,0.0,270,Consumer,Paid Search,0
10159.0,2,216.47,108.235,58,0.1205,2,3,2024-11-24,1.0,1.0,0.0,222,Consumer,Paid Search,0
10161.0,1,316.68,316.68,92,0.074,1,2,2025-04-03,0.0,1.0,-1.0,92,Consumer,Affiliate,0
10162.0,4,2446.56,611.64,116,0.08675000000000001,3,8,2024-03-16,0.0,4.0,-4.0,475,Consumer,Paid Search,1
10163.0,4,1135.31,283.8275,42,0.0845,4,11,2024-10-27,2.0,2.0,0.0,250,Small Business,Affiliate,0
10164.0,1,428.62,428.62,49,0.119,1,2,2025-05-16,1.0,0.0,1.0,49,Small Business,Paid Search,0
10167.0,9,1182.8799999999999,131.4311111111111,29,0.04022222222222222,8,13,2023-04-29,2.0,7.0,-5.0,797,Consumer,Paid Search,0
10169.0,5,1035.5700000000002,207.11400000000003,22,0.0624,5,6,2024-06-18,1.0,4.0,-3.0,381,Consumer,Social,1
10171.0,4,2410.1600000000003,602.5400000000001,29,0.037500000000000006,3,6,2025-02-08,3.0,1.0,2.0,146,Consumer,Social,0
10172.0,3,449.1,149.70000000000002,205,0.104,3,4,2024-06-13,0.0,3.0,-3.0,386,Consumer,Email,0
10173.0,5,2041.08,408.216,33,0.0308,5,8,2024-10-16,1.0,4.0,-3.0,261,Consumer,Social,1
10174.0,9,6776.929999999999,752.9922222222222,83,0.13377777777777777,9,60,2024-04-23,1.0,8.0,-7.0,437,Enterprise,Paid Search,0
10176.0,2,185.39999999999998,92.69999999999999,102,0.0335,2,4,2024-12-08,0.0,2.0,-2.0,208,Consumer,Organic,0
10179.0,2,412.94,206.47,174,0.0165,2,3,2024-09-14,0.0,2.0,-2.0,293,Consumer,Social,0
10180.0,5,724.02,144.804,73,0.0836,5,6,2024-02-23,1.0,4.0,-3.0,497,Consumer,Social,1
10182.0,2,317.90000000000003,158.95000000000002,203,0.019,2,4,2024-11-30,0.0,2.0,-2.0,216,Consumer,Paid Search,0
10183.0,3,206.20999999999998,68.73666666666666,56,0.062,3,4,2024-04-14,1.0,2.0,-1.0,446,Consumer,Email,0
10186.0,2,626.81,313.405,366,0.067,1,2,2023-12-21,0.0,2.0,-2.0,561,Consumer,Email,0
10189.0,3,55.58,18.526666666666667,306,0.032,3,3,2024-07-27,0.0,3.0,-3.0,342,Consumer,Paid Search,0
10190.0,3,875.87,291.95666666666665,14,0.09500000000000001,3,3,2025-01-22,1.0,2.0,-1.0,163,Consumer,Social,0
10191.0,4,1990.6499999999999,497.66249999999997,7,0.03625,4,7,2023-12-04,1.0,3.0,-2.0,578,Consumer,Social,0
10192.0,4,5163.52,1290.88,4,0.1075,4,17,2023-09-29,2.0,2.0,0.0,644,Small Business,Email,0
10194.0,1,150.24,150.24,127,0.145,1,1,2025-02-27,0.0,1.0,-1.0,127,Consumer,Email,0
10195.0,6,1406.75,234.45833333333334,114,0.09349999999999999,6,7,2024-04-22,0.0,6.0,-6.0,438,Consumer,Social,0
10196.0,3,323.68,107.89333333333333,11,0.066,3,3,2024-11-13,1.0,2.0,-1.0,233,Consumer,Social,0
10198.0,2,323.28999999999996,161.64499999999998,15,0.0455,2,2,2025-05-25,2.0,0.0,2.0,40,Consumer,Email,0
10201.0,5,542.01,108.402,0,0.096,5,8,2024-07-30,1.0,4.0,-3.0,339,Consumer,Organic,0
10205.0,3,516.98,172.32666666666668,126,0.04133333333333333,3,5,2024-08-25,0.0,3.0,-3.0,313,Consumer,Paid Search,1
10206.0,9,4694.780000000001,521.6422222222222,130,0.11933333333333335,9,26,2023-12-22,0.0,9.0,-9.0,560,Small Business,Email,0
10207.0,9,1674.72,186.08,7,0.06244444444444445,8,16,2024-02-22,4.0,5.0,-1.0,498,Consumer,Email,1
10211.0,3,347.08000000000004,115.69333333333334,70,0.02766666666666667,3,5,2025-01-24,1.0,2.0,-1.0,161,Consumer,Paid Search,0
10212.0,6,811.16,135.19333333333333,2,0.029833333333333333,6,10,2024-05-20,3.0,3.0,0.0,410,Consumer,Social,0
10213.0,12,3709.28,309.1066666666667,15,0.048916666666666664,12,16,2023-05-17,3.0,9.0,-6.0,779,Consumer,Direct,0
10217.0,3,1884.6000000000001,628.2,51,0.06,3,6,2024-04-24,1.0,2.0,-1.0,436,Consumer,Social,0
10218.0,1,193.13,193.13,14,0.0,1,1,2025-06-20,1.0,0.0,1.0,14,Consumer,Social,0
10220.0,1,60.18,60.18,214,0.156,1,2,2024-12-02,0.0,1.0,-1.0,214,Consumer,Organic,0
10221.0,5,389.97,77.994,55,0.0568,5,7,2023-08-17,1.0,4.0,-3.0,687,Consumer,Direct,0
10223.0,2,822.43,411.215,20,0.09999999999999999,2,9,2025-02-18,1.0,1.0,0.0,136,Small Business,Direct,1
10227.0,9,2929.03,325.4477777777778,119,0.05455555555555555,9,15,2023-06-14,0.0,9.0,-9.0,751,Consumer,Paid Search,0
10228.0,2,471.68000000000006,235.84000000000003,9,0.0895,2,3,2025-06-24,2.0,0.0,2.0,10,Consumer,Social,0
10230.0,4,400.25,100.0625,23,0.06625,4,4,2024-09-21,2.0,2.0,0.0,286,Consumer,Email,0
10233.0,23,18773.75,816.25,0,0.1462608695652174,22,162,2023-11-04,6.0,17.0,-11.0,608,Enterprise,Paid Search,0
10234.0,1,1146.16,1146.16,34,0.026,1,2,2025-05-31,1.0,0.0,1.0,34,Consumer,Paid Search,0
10236.0,2,87.09,43.545,221,0.09899999999999999,2,3,2024-08-21,0.0,2.0,-2.0,317,Consumer,Social,1
10237.0,5,2379.37,475.87399999999997,26,0.0994,5,20,2024-08-23,1.0,4.0,-3.0,315,Small Business,Social,0
10239.0,2,528.45,264.225,271,0.0035,2,2,2024-07-14,0.0,2.0,-2.0,355,Consumer,Affiliate,0
10240.0,2,60.099999999999994,30.049999999999997,52,0.051,2,3,2024-12-26,1.0,1.0,0.0,190,Consumer,Social,0
10246.0,5,916.97,183.394,92,0.0884,5,7,2024-09-28,0.0,5.0,-5.0,279,Consumer,Paid Search,0
10247.0,2,480.87,240.435,389,0.0415,2,3,2024-05-28,0.0,2.0,-2.0,402,Consumer,Direct,0
10249.0,9,4462.99,495.8877777777777,34,0.0891111111111111,9,33,2024-05-07,1.0,8.0,-7.0,423,Small Business,Social,0
10251.0,3,361.89,120.63,12,0.036333333333333336,3,4,2025-01-16,1.0,2.0,-1.0,169,Consumer,Affiliate,1
10252.0,2,107.86,53.93,39,0.0835,2,4,2025-03-02,1.0,1.0,0.0,124,Consumer,Organic,0
10253.0,3,1178.8400000000001,392.9466666666667,52,0.04,3,6,2025-01-09,1.0,2.0,-1.0,176,Consumer,Organic,1
10254.0,3,1083.2,361.06666666666666,55,0.10733333333333334,3,8,2024-11-15,1.0,2.0,-1.0,231,Small Business,Direct,0
10256.0,5,1337.01,267.402,189,0.05620000000000001,5,7,2024-08-13,0.0,5.0,-5.0,325,Consumer,Paid Search,0
10258.0,9,2207.02,245.22444444444443,1,0.07844444444444444,9,10,2023-10-02,2.0,7.0,-5.0,641,Consumer,Organic,0
10261.0,3,463.62,154.54,182,0.065,3,5,2024-08-29,0.0,3.0,-3.0,309,Consumer,Organic,0
10262.0,9,2050.86,227.87333333333333,61,0.11044444444444444,9,27,2023-09-27,1.0,8.0,-7.0,646,Small Business,Social,0
10266.0,2,347.52,173.76,48,0.068,2,4,2024-12-24,1.0,1.0,0.0,192,Consumer,Organic,0
10268.0,6,763.56,127.25999999999999,123,0.027,6,9,2024-03-30,0.0,6.0,-6.0,461,Consumer,Paid Search,0
10270.0,2,775.97,387.985,12,0.068,2,3,2025-04-02,1.0,1.0,0.0,93,Consumer,Social,0
10271.0,4,1949.1200000000001,487.28000000000003,43,0.10350000000000001,4,13,2024-02-21,1.0,3.0,-2.0,499,Small Business,Affiliate,0
10275.0,2,537.29,268.645,53,0.065,2,3,2025-03-01,1.0,1.0,0.0,125,Consumer,Organic,0
10276.0,5,1541.6200000000001,308.324,96,0.13440000000000002,5,27,2024-11-12,0.0,5.0,-5.0,234,Enterprise,Paid Search,0
10277.0,3,900.72,300.24,91,0.11166666666666665,3,9,2024-11-28,0.0,3.0,-3.0,218,Small Business,Social,0
10278.0,5,6197.160000000001,1239.4320000000002,126,0.11000000000000001,4,19,2024-10-01,0.0,5.0,-5.0,276,Small Business,Affiliate,0
10282.0,4,513.5,128.375,42,0.056499999999999995,4,6,2024-11-02,1.0,3.0,-2.0,244,Consumer,Organic,0
10283.0,5,1528.96,305.79200000000003,68,0.045799999999999993,5,7,2024-04-26,1.0,4.0,-3.0,434,Consumer,Social,0
10284.0,4,1043.33,260.8325,74,0.037250000000000005,4,5,2023-11-07,1.0,3.0,-2.0,605,Consumer,Social,0
10286.0,5,725.1600000000001,145.032,80,0.089,5,8,2024-10-30,2.0,3.0,-1.0,247,Consumer,Social,0
10287.0,1,117.04,117.04,257,0.058,1,4,2024-10-20,0.0,1.0,-1.0,257,Small Business,Paid Search,0
10288.0,2,194.45999999999998,97.22999999999999,72,0.0215,2,3,2025-02-15,1.0,1.0,0.0,139,Consumer,Social,1
10289.0,3,485.58,161.85999999999999,109,0.11199999999999999,3,5,2024-08-28,0.0,3.0,-3.0,310,Consumer,Email,1
10291.0,2,711.88,355.94,168,0.1,2,4,2025-01-03,0.0,2.0,-2.0,182,Consumer,Email,0
10293.0,7,1685.29,240.75571428571428,20,0.07885714285714286,7,11,2024-03-02,1.0,6.0,-5.0,489,Consumer,Organic,1
10294.0,3,2996.06,998.6866666666666,37,0.107,3,11,2025-01-22,1.0,2.0,-1.0,163,Small Business,Affiliate,0
10295.0,14,7328.66,523.4757142857143,176,0.1177142857142857,14,48,2023-10-02,0.0,14.0,-14.0,641,Small Business,Social,0
10297.0,1,314.72,314.72,103,0.043,1,1,2025-03-23,0.0,1.0,-1.0,103,Consumer,Organic,0
10298.0,5,5223.5599999999995,1044.712,132,0.119,5,16,2024-08-28,0.0,5.0,-5.0,310,Small Business,Email,0
10300.0,2,1440.3,720.15,67,0.091,2,4,2024-09-29,1.0,1.0,0.0,278,Consumer,Organic,0
10301.0,3,1562.66,520.8866666666667,17,0.06466666666666666,3,6,2024-03-15,1.0,2.0,-1.0,476,Consumer,Social,0
10302.0,8,5050.79,631.34875,19,0.1345,8,58,2024-10-27,2.0,6.0,-4.0,250,Enterprise,Social,0
10303.0,4,510.12,127.53,47,0.04675,4,7,2024-02-07,1.0,3.0,-2.0,513,Consumer,Social,1
10309.0,2,189.43,94.715,247,0.048,2,2,2024-08-28,0.0,2.0,-2.0,310,Consumer,Paid Search,1
10310.0,5,657.8399999999999,131.56799999999998,195,0.0754,5,9,2023-12-04,0.0,5.0,-5.0,578,Consumer,Organic,0
10311.0,10,7319.18,731.918,38,0.092,10,32,2024-11-21,4.0,6.0,-2.0,225,Small Business,Social,0
10315.0,13,5348.38,411.4138461538462,23,0.10230769230769231,12,47,2024-02-19,1.0,12.0,-11.0,501,Small Business,Paid Search,0
10316.0,5,2453.72,490.74399999999997,32,0.0742,5,17,2024-11-03,2.0,3.0,-1.0,243,Small Business,Organic,0
10318.0,5,811.59,162.318,172,0.11599999999999999,5,8,2024-05-14,0.0,5.0,-5.0,416,Consumer,Social,0
10319.0,3,1257.49,419.16333333333336,41,0.22966666666666669,3,24,2025-02-09,1.0,2.0,-1.0,145,Enterprise,Direct,0
10320.0,4,1775.15,443.7875,6,0.15575,4,15,2024-08-05,2.0,2.0,0.0,333,Small Business,Affiliate,0
10321.0,5,5677.15,1135.4299999999998,19,0.0762,5,19,2024-11-13,1.0,4.0,-3.0,233,Small Business,Paid Search,0
10325.0,2,532.74,266.37,98,0.10350000000000001,2,4,2025-01-05,0.0,2.0,-2.0,180,Consumer,Direct,1
10326.0,1,86.16,86.16,140,0.033,1,1,2025-02-14,0.0,1.0,-1.0,140,Consumer,Paid Search,0
10329.0,3,298.59,99.52999999999999,42,0.028666666666666663,3,4,2024-10-28,1.0,2.0,-1.0,249,Consumer,Social,0
10331.0,4,515.4,128.85,154,0.07225,4,7,2024-07-30,0.0,4.0,-4.0,339,Consumer,Social,0
10332.0,6,1055.55,175.92499999999998,38,0.049999999999999996,6,9,2023-12-01,1.0,5.0,-4.0,581,Consumer,Affiliate,0
10334.0,4,668.9100000000001,167.22750000000002,11,0.06425,4,6,2025-03-31,3.0,1.0,2.0,95,Consumer,Organic,0
10335.0,10,13408.260000000002,1340.8260000000002,12,0.16299999999999998,10,72,2024-03-17,2.0,8.0,-6.0,474,Enterprise,Paid Search,0
10336.0,1,79.22,79.22,168,0.025,1,2,2025-01-17,0.0,1.0,-1.0,168,Consumer,Organic,0
10338.0,7,9724.63,1389.232857142857,2,0.11814285714285713,7,52,2025-01-04,5.0,2.0,3.0,181,Enterprise,Organic,0
10339.0,4,923.33,230.8325,52,0.0685,4,9,2025-01-28,2.0,2.0,0.0,157,Small Business,Email,1
10340.0,1,53.5,53.5,630,0.0,1,1,2023-10-13,0.0,1.0,-1.0,630,Consumer,Affiliate,0
10343.0,1,328.86,328.86,56,0.0,1,1,2025-05-09,1.0,0.0,1.0,56,Consumer,Paid Search,0
10344.0,7,3727.7300000000005,532.5328571428572,94,0.1367142857142857,6,25,2024-11-18,0.0,7.0,-7.0,228,Small Business,Paid Search,0
10349.0,2,248.75,124.375,18,0.14300000000000002,2,9,2025-04-23,2.0,0.0,2.0,72,Small Business,Paid Search,0
10350.0,1,68.46,68.46,60,0.112,1,1,2025-05-05,1.0,0.0,1.0,60,Consumer,Paid Search,0
10351.0,1,32.09,32.09,84,0.029,1,1,2025-04-11,1.0,0.0,1.0,84,Consumer,Social,0
10353.0,1,311.92,311.92,76,0.053,1,1,2025-04-19,1.0,0.0,1.0,76,Consumer,Social,1
10354.0,4,572.01,143.0025,72,0.04975,4,6,2024-10-28,1.0,3.0,-2.0,249,Consumer,Paid Search,0
10356.0,3,327.72,109.24000000000001,62,0.041666666666666664,3,4,2024-09-28,1.0,2.0,-1.0,279,Consumer,Organic,0
10358.0,4,534.5799999999999,133.64499999999998,144,0.058499999999999996,4,8,2024-03-06,0.0,4.0,-4.0,485,Consumer,Paid Search,0
10359.0,4,233.38,58.345,30,0.0775,4,4,2024-10-30,1.0,3.0,-2.0,247,Consumer,Email,1
10360.0,10,2203.1099999999997,220.31099999999998,18,0.0791,10,18,2024-06-17,3.0,7.0,-4.0,382,Consumer,Paid Search,0
10363.0,5,3852.0199999999995,770.4039999999999,69,0.14379999999999998,5,16,2024-10-08,2.0,3.0,-1.0,269,Small Business,Direct,0
10364.0,3,459.64,153.21333333333334,12,0.05566666666666666,3,5,2024-11-06,2.0,1.0,1.0,240,Consumer,Email,1
10365.0,5,2067.4,413.48,138,0.049,5,10,2024-06-06,0.0,5.0,-5.0,393,Consumer,Affiliate,0
10369.0,5,1593.15,318.63,105,0.0744,4,19,2024-08-06,0.0,5.0,-5.0,332,Small Business,Email,0
10371.0,4,1454.68,363.67,103,0.18075,4,15,2024-05-21,0.0,4.0,-4.0,409,Small Business,Social,0
10372.0,9,1475.4,163.93333333333334,13,0.04055555555555555,9,13,2024-01-16,4.0,5.0,-1.0,535,Consumer,Organic,1
10373.0,4,1245.7700000000002,311.44250000000005,119,0.011,4,6,2024-02-01,0.0,4.0,-4.0,519,Consumer,Paid Search,0
10374.0,12,9059.43,754.9525,199,0.10291666666666667,12,43,2023-11-16,0.0,12.0,-12.0,596,Small Business,Social,0
10375.0,1,208.59,208.59,64,0.0,1,1,2025-05-01,1.0,0.0,1.0,64,Consumer,Paid Search,0
10377.0,4,2316.63,579.1575,118,0.14725,4,17,2024-05-11,0.0,4.0,-4.0,419,Small Business,Social,0
10380.0,4,934.94,233.735,20,0.10250000000000001,4,12,2025-02-04,1.0,3.0,-2.0,150,Small Business,Affiliate,0
10383.0,8,2912.2400000000002,364.03000000000003,8,0.071125,7,13,2023-10-26,1.0,7.0,-6.0,617,Consumer,Organic,1
10384.0,3,296.64,98.88,5,0.021,3,5,2025-01-12,2.0,1.0,1.0,173,Consumer,Paid Search,0
10385.0,2,218.23,109.115,96,0.0075,2,3,2024-12-27,0.0,2.0,-2.0,189,Consumer,Affiliate,0
10390.0,1,747.06,747.06,200,0.143,1,2,2024-12-16,0.0,1.0,-1.0,200,Consumer,Paid Search,0
10393.0,2,474.93,237.465,115,0.084,2,3,2024-10-03,0.0,2.0,-2.0,274,Consumer,Paid Search,1
10396.0,6,7233.3,1205.55,92,0.13266666666666668,6,48,2024-11-22,0.0,6.0,-6.0,224,Enterprise,Social,0
10397.0,5,1220.08,244.016,42,0.046,5,7,2024-02-16,2.0,3.0,-1.0,504,Consumer,Paid Search,0
10398.0,8,6379.53,797.44125,144,0.11624999999999999,8,29,2024-03-28,0.0,8.0,-8.0,463,Small Business,Paid Search,1
10400.0,8,1276.83,159.60375,49,0.035250000000000004,8,11,2024-01-24,2.0,6.0,-4.0,527,Consumer,Organic,0
10401.0,4,1117.25,279.3125,38,0.04125,3,6,2024-10-19,1.0,3.0,-2.0,258,Consumer,Social,0
10402.0,1,303.2,303.2,12,0.136,1,2,2025-06-22,1.0,0.0,1.0,12,Consumer,Affiliate,0
10406.0,6,1821.6100000000001,303.6016666666667,39,0.10599999999999998,6,18,2024-08-29,3.0,3.0,0.0,309,Small Business,Email,1
10407.0,2,294.79,147.395,217,0.059000000000000004,2,2,2024-01-15,0.0,2.0,-2.0,536,Consumer,Social,0
10409.0,4,1252.86,313.215,56,0.046,4,4,2024-06-16,1.0,3.0,-2.0,383,Consumer,Paid Search,0
10410.0,4,651.44,162.86,62,0.08225,4,14,2024-12-17,1.0,3.0,-2.0,199,Small Business,Email,0
10412.0,3,238.86,79.62,25,0.03666666666666667,3,4,2024-12-12,1.0,2.0,-1.0,204,Consumer,Social,1
10416.0,4,447.73,111.9325,18,0.052,4,6,2024-10-20,3.0,1.0,2.0,257,Consumer,Paid Search,0
10417.0,1,48.95,48.95,207,0.085,1,1,2024-12-09,0.0,1.0,-1.0,207,Consumer,Organic,0
10418.0,4,309.03,77.2575,210,0.05475,4,5,2024-02-28,0.0,4.0,-4.0,492,Consumer,Social,0
10420.0,2,239.01999999999998,119.50999999999999,35,0.028,2,3,2024-11-03,1.0,1.0,0.0,243,Consumer,Paid Search,0
10423.0,8,1269.2,158.65,15,0.057625,7,12,2023-07-06,1.0,7.0,-6.0,729,Consumer,Organic,0
10424.0,2,446.1,223.05,8,0.074,2,5,2024-12-26,1.0,1.0,0.0,190,Small Business,Social,0
10425.0,5,1551.98,310.396,63,0.0342,4,8,2024-08-28,1.0,4.0,-3.0,310,Consumer,Social,1
10426.0,3,3060.3,1020.1,82,0.04066666666666666,3,6,2024-06-27,1.0,2.0,-1.0,372,Consumer,Paid Search,0
10427.0,7,1303.41,186.20142857142858,42,0.05728571428571429,7,9,2024-03-11,1.0,6.0,-5.0,480,Consumer,Social,0
10428.0,6,1839.75,306.625,52,0.021,6,10,2024-05-08,2.0,4.0,-2.0,422,Consumer,Direct,0
10432.0,1,764.15,764.15,167,0.129,1,5,2025-01-18,0.0,1.0,-1.0,167,Small Business,Social,0
10435.0,1,77.42,77.42,134,0.0,1,2,2025-02-20,0.0,1.0,-1.0,134,Consumer,Paid Search,0
10436.0,5,1037.29,207.458,28,0.0434,5,8,2023-08-14,1.0,4.0,-3.0,690,Consumer,Social,0
10439.0,3,341.1,113.7,98,0.028999999999999998,3,4,2024-04-30,0.0,3.0,-3.0,430,Consumer,Email,0
10440.0,2,953.53,476.765,154,0.066,2,9,2024-11-16,0.0,2.0,-2.0,230,Small Business,Paid Search,1
10441.0,3,478.58,159.52666666666667,159,0.037333333333333336,3,3,2024-11-16,0.0,3.0,-3.0,230,Consumer,Social,1
10442.0,7,2949.89,421.41285714285715,16,0.09585714285714286,7,23,2024-07-26,2.0,5.0,-3.0,343,Small Business,Social,0
10444.0,2,189.87,94.935,82,0.041,2,2,2024-12-06,1.0,1.0,0.0,210,Consumer,Paid Search,1
10447.0,7,1354.22,193.46,172,0.035428571428571434,7,10,2023-06-13,0.0,7.0,-7.0,752,Consumer,Paid Search,0
10450.0,4,1141.63,285.4075,31,0.016,4,5,2025-01-31,3.0,1.0,2.0,154,Consumer,Paid Search,0
10451.0,1,1384.86,1384.86,257,0.108,1,2,2024-10-20,0.0,1.0,-1.0,257,Consumer,Direct,0
10453.0,2,134.48,67.24,91,0.049,2,4,2025-01-02,0.0,2.0,-2.0,183,Consumer,Affiliate,0
10454.0,8,2388.39,298.54875,70,0.082375,8,25,2024-01-23,2.0,6.0,-4.0,528,Small Business,Paid Search,0
10455.0,1,302.7,302.7,252,0.0,1,2,2024-10-25,0.0,1.0,-1.0,252,Consumer,Social,1
10456.0,3,2548.6600000000003,849.5533333333334,66,0.10833333333333334,3,8,2024-05-03,1.0,2.0,-1.0,427,Small Business,Email,0
10458.0,6,1836.6200000000001,306.10333333333335,6,0.052333333333333336,6,8,2024-03-13,1.0,5.0,-4.0,478,Consumer,Social,1
10460.0,2,110.68,55.34,248,0.0415,2,4,2024-10-10,0.0,2.0,-2.0,267,Consumer,Organic,0
10462.0,3,1656.6399999999999,552.2133333333333,11,0.06233333333333333,3,5,2024-11-22,1.0,2.0,-1.0,224,Consumer,Paid Search,0
10465.0,5,3023.67,604.734,275,0.1042,5,14,2024-07-07,0.0,5.0,-5.0,362,Small Business,Organic,1
10467.0,2,69.35,34.675,144,0.0865,2,2,2024-07-10,0.0,2.0,-2.0,359,Consumer,Email,0
10469.0,3,534.32,178.10666666666668,79,0.01333333333333333,3,4,2025-01-24,2.0,1.0,1.0,161,Consumer,Paid Search,0
10470.0,7,4448.7300000000005,635.5328571428572,9,0.09057142857142857,6,26,2024-05-20,1.0,6.0,-5.0,410,Small Business,Paid Search,0
10471.0,6,2372.7200000000003,395.4533333333334,58,0.1245,6,15,2024-04-10,1.0,5.0,-4.0,450,Small Business,Paid Search,0
10472.0,2,300.48,150.24,30,0.0245,2,4,2025-01-07,1.0,1.0,0.0,178,Consumer,Paid Search,0
10475.0,8,1794.53,224.31625,122,0.046625,8,11,2023-09-24,0.0,8.0,-8.0,649,Consumer,Social,0
10476.0,6,823.6099999999999,137.26833333333332,84,0.052,6,8,2024-08-07,1.0,5.0,-4.0,331,Consumer,Affiliate,1
10477.0,4,730.44,182.61,46,0.094,3,8,2024-12-13,1.0,3.0,-2.0,203,Consumer,Affiliate,0
10478.0,1,126.66,126.66,29,0.0,1,1,2025-06-05,1.0,0.0,1.0,29,Consumer,Social,0
10479.0,3,753.89,251.29666666666665,127,0.04066666666666666,3,3,2024-01-24,0.0,3.0,-3.0,527,Consumer,Social,0
10480.0,4,391.14,97.785,143,0.08399999999999999,4,5,2024-06-23,0.0,4.0,-4.0,376,Consumer,Paid Search,0
10482.0,3,1581.77,527.2566666666667,51,0.085,3,14,2025-02-18,1.0,2.0,-1.0,136,Small Business,Social,0
10484.0,2,154.5,77.25,40,0.015,2,3,2024-10-02,1.0,1.0,0.0,275,Consumer,Email,0
10485.0,2,523.26,261.63,212,0.0295,2,5,2024-11-03,0.0,2.0,-2.0,243,Small Business,Social,0
10486.0,2,722.1600000000001,361.08000000000004,59,0.054,2,3,2025-04-09,2.0,0.0,2.0,86,Consumer,Paid Search,0
10487.0,1,70.66,70.66,22,0.037,1,1,2025-06-12,1.0,0.0,1.0,22,Consumer,Organic,0
10488.0,10,2057.85,205.785,8,0.1242,10,32,2024-04-07,3.0,7.0,-4.0,453,Small Business,Social,0
10492.0,8,1972.94,246.6175,80,0.049124999999999995,8,9,2023-12-12,1.0,7.0,-6.0,570,Consumer,Social,0
10493.0,4,524.23,131.0575,108,0.035500000000000004,4,6,2024-06-18,0.0,4.0,-4.0,381,Consumer,Social,0
10494.0,11,7314.0,664.9090909090909,90,0.09463636363636363,11,42,2024-03-31,0.0,11.0,-11.0,460,Small Business,Paid Search,0
10497.0,4,1492.63,373.1575,51,0.15925,4,21,2025-01-26,3.0,1.0,2.0,159,Enterprise,Social,0
10499.0,9,6309.1900000000005,701.0211111111112,139,0.11288888888888889,8,32,2024-01-04,0.0,9.0,-9.0,547,Small Business,Social,0
10500.0,2,343.33,171.665,57,0.033,2,3,2025-04-16,2.0,0.0,2.0,79,Consumer,Paid Search,0
10501.0,9,11764.4,1307.1555555555556,3,0.10955555555555556,8,32,2024-02-20,2.0,7.0,-5.0,500,Small Business,Social,0
10502.0,4,1811.18,452.795,11,0.10825,4,6,2024-07-24,3.0,1.0,2.0,345,Consumer,Social,0
10505.0,8,1614.11,201.76375,23,0.05775,8,12,2024-06-04,2.0,6.0,-4.0,395,Consumer,Social,0
10506.0,3,2232.42,744.14,183,0.07933333333333333,3,5,2024-07-09,0.0,3.0,-3.0,360,Consumer,Paid Search,0
10507.0,4,1519.02,379.755,69,0.06525,4,15,2024-12-24,1.0,3.0,-2.0,192,Small Business,Paid Search,0
10508.0,7,1510.9399999999998,215.8485714285714,77,0.06285714285714286,7,9,2023-12-21,1.0,6.0,-5.0,561,Consumer,Affiliate,0
10509.0,2,111.41999999999999,55.709999999999994,29,0.032,2,4,2025-01-17,1.0,1.0,0.0,168,Consumer,Paid Search,0
10510.0,2,336.85,168.425,64,0.1155,2,3,2025-02-26,1.0,1.0,0.0,128,Consumer,Affiliate,0
10511.0,4,476.99,119.2475,18,0.06075,4,6,2024-06-29,2.0,2.0,0.0,370,Consumer,Paid Search,0
10512.0,2,116.64999999999999,58.324999999999996,30,0.038,2,3,2025-05-03,2.0,0.0,2.0,62,Consumer,Email,0
10513.0,6,1470.67,245.11166666666668,106,0.104,6,18,2024-06-12,0.0,6.0,-6.0,387,Small Business,Paid Search,0
10515.0,2,1060.19,530.095,157,0.0125,2,3,2024-12-24,0.0,2.0,-2.0,192,Consumer,Paid Search,0
10516.0,1,118.72,118.72,138,0.032,1,2,2025-02-16,0.0,1.0,-1.0,138,Consumer,Paid Search,0
10517.0,4,163.25,40.8125,118,0.057249999999999995,4,5,2024-06-09,0.0,4.0,-4.0,390,Consumer,Paid Search,0
10519.0,5,518.88,103.776,228,0.055400000000000005,5,8,2024-04-10,0.0,5.0,-5.0,450,Consumer,Organic,0
10520.0,6,1717.79,286.29833333333335,196,0.04966666666666667,6,7,2024-01-30,0.0,6.0,-6.0,521,Consumer,Organic,0
10523.0,6,1347.55,224.59166666666667,157,0.047499999999999994,6,8,2024-06-03,0.0,6.0,-6.0,396,Consumer,Email,1
10524.0,1,78.36,78.36,37,0.034,1,1,2025-05-28,1.0,0.0,1.0,37,Consumer,Direct,1
10526.0,6,1669.48,278.24666666666667,9,0.057166666666666664,5,8,2024-04-02,3.0,3.0,0.0,458,Consumer,Social,0
10527.0,2,1130.62,565.31,61,0.024,2,4,2024-09-03,1.0,1.0,0.0,304,Consumer,Direct,1
10529.0,2,1045.38,522.69,135,0.111,2,2,2024-11-24,0.0,2.0,-2.0,222,Consumer,Direct,0
10532.0,9,6597.29,733.0322222222222,4,0.14011111111111113,9,61,2025-01-04,2.0,7.0,-5.0,181,Enterprise,Direct,0
10533.0,2,76.44999999999999,38.224999999999994,60,0.0465,2,3,2024-12-17,1.0,1.0,0.0,199,Consumer,Social,0
10534.0,4,2918.03,729.5075,32,0.08225,4,15,2024-10-14,1.0,3.0,-2.0,263,Small Business,Paid Search,0
10536.0,4,442.01000000000005,110.50250000000001,258,0.028249999999999997,4,7,2023-09-06,0.0,4.0,-4.0,667,Consumer,Affiliate,1
10537.0,2,211.26,105.63,74,0.083,2,2,2024-07-23,1.0,1.0,0.0,346,Consumer,Paid Search,0
10539.0,1,122.9,122.9,252,0.058,1,1,2024-10-25,0.0,1.0,-1.0,252,Consumer,Affiliate,0
10540.0,10,9317.7,931.7700000000001,12,0.1001,10,38,2023-11-10,1.0,9.0,-8.0,602,Small Business,Social,0
10541.0,3,856.29,285.43,193,0.056333333333333326,3,4,2024-10-28,0.0,3.0,-3.0,249,Consumer,Organic,1
10543.0,8,2644.31,330.53875,38,0.114375,8,30,2024-01-14,1.0,7.0,-6.0,537,Small Business,Paid Search,0
10546.0,3,1948.87,649.6233333333333,98,0.102,3,10,2025-03-07,0.0,3.0,-3.0,119,Small Business,Social,1
10547.0,4,910.3199999999999,227.57999999999998,149,0.05925,4,7,2024-04-01,0.0,4.0,-4.0,459,Consumer,Paid Search,0
10549.0,4,908.63,227.1575,5,0.05424999999999999,4,6,2024-06-22,3.0,1.0,2.0,377,Consumer,Paid Search,0
10552.0,2,153.17000000000002,76.58500000000001,40,0.0405,2,3,2025-04-28,2.0,0.0,2.0,67,Consumer,Direct,0
10554.0,3,101.12,33.70666666666667,43,0.04566666666666667,3,5,2025-04-15,3.0,0.0,3.0,80,Consumer,Social,1
10555.0,3,240.91,80.30333333333333,82,0.055999999999999994,3,5,2024-12-25,1.0,2.0,-1.0,191,Consumer,Paid Search,0
10556.0,4,2414.31,603.5775,25,0.1205,4,16,2025-02-10,1.0,3.0,-2.0,144,Small Business,Direct,0
10557.0,2,2053.54,1026.77,19,0.1265,2,7,2025-03-06,1.0,1.0,0.0,120,Small Business,Paid Search,0
10560.0,6,4716.0599999999995,786.0099999999999,2,0.08666666666666667,6,21,2024-06-03,1.0,5.0,-4.0,396,Small Business,Social,0
10561.0,2,125.9,62.95,59,0.07500000000000001,2,3,2025-01-25,1.0,1.0,0.0,160,Consumer,Social,1
10564.0,1,1492.0,1492.0,237,0.039,1,2,2024-11-09,0.0,1.0,-1.0,237,Consumer,Organic,0
10565.0,4,2048.99,512.2475,22,0.1145,4,11,2024-08-10,1.0,3.0,-2.0,328,Small Business,Paid Search,0
10567.0,2,320.62,160.31,167,0.1345,2,4,2025-01-11,0.0,2.0,-2.0,174,Small Business,Social,0
10568.0,3,845.04,281.68,39,0.10933333333333334,3,5,2024-02-29,1.0,2.0,-1.0,491,Consumer,Direct,1
10569.0,6,1989.16,331.5266666666667,17,0.14100000000000001,6,25,2025-04-07,6.0,0.0,6.0,88,Small Business,Affiliate,0
10570.0,2,174.39,87.195,101,0.0515,2,2,2025-02-15,0.0,2.0,-2.0,139,Consumer,Organic,0
10571.0,7,848.72,121.24571428571429,151,0.05857142857142857,7,10,2023-08-05,0.0,7.0,-7.0,699,Consumer,Direct,1
10572.0,12,5061.55,421.79583333333335,9,0.09066666666666667,12,38,2023-09-17,2.0,10.0,-8.0,656,Small Business,Social,1
10575.0,2,1381.54,690.77,174,0.0625,2,4,2024-10-17,0.0,2.0,-2.0,260,Consumer,Affiliate,1
10576.0,8,3144.5699999999997,393.07124999999996,55,0.11175,8,31,2024-06-27,1.0,7.0,-6.0,372,Small Business,Social,0
10578.0,5,2626.7400000000002,525.3480000000001,303,0.0992,5,18,2024-04-23,0.0,5.0,-5.0,437,Small Business,Social,0
10581.0,3,673.22,224.40666666666667,108,0.08033333333333334,3,5,2024-12-17,0.0,3.0,-3.0,199,Consumer,Organic,0
10583.0,3,154.04,51.346666666666664,145,0.054,3,3,2024-08-28,0.0,3.0,-3.0,310,Consumer,Affiliate,0
10585.0,9,4354.19,483.7988888888888,107,0.11244444444444444,9,36,2024-01-30,0.0,9.0,-9.0,521,Small Business,Social,0
10590.0,8,4184.59,523.07375,9,0.06575,8,29,2024-03-17,2.0,6.0,-4.0,474,Small Business,Organic,0
10591.0,6,3794.82,632.47,27,0.1445,6,42,2024-11-24,3.0,3.0,0.0,222,Enterprise,Social,0
10593.0,3,1244.99,414.99666666666667,47,0.079,3,14,2024-10-28,1.0,2.0,-1.0,249,Enterprise,Organic,0
10594.0,7,775.4200000000001,110.77428571428572,71,0.03357142857142857,7,11,2023-09-24,1.0,6.0,-5.0,649,Consumer,Social,0
10595.0,8,2560.6,320.075,132,0.045125,8,10,2024-05-19,0.0,8.0,-8.0,411,Consumer,Organic,1
10596.0,2,375.30999999999995,187.65499999999997,91,0.029,2,3,2024-10-18,0.0,2.0,-2.0,259,Consumer,Social,1
10598.0,7,6946.92,992.4171428571428,67,0.16814285714285715,7,53,2024-09-22,1.0,6.0,-5.0,285,Enterprise,Paid Search,0
10601.0,4,1042.8600000000001,260.71500000000003,24,0.06325,4,6,2024-06-23,2.0,2.0,0.0,376,Consumer,Social,0
10603.0,7,1972.03,281.7185714285714,2,0.06942857142857142,6,10,2024-01-28,2.0,5.0,-3.0,523,Consumer,Social,0
10604.0,1,68.74,68.74,554,0.0,1,2,2023-12-28,0.0,1.0,-1.0,554,Consumer,Organic,0
10605.0,9,1824.71,202.74555555555557,14,0.132,9,27,2024-05-02,2.0,7.0,-5.0,428,Small Business,Affiliate,0
10606.0,3,426.58,142.19333333333333,129,0.042,3,4,2024-06-03,0.0,3.0,-3.0,396,Consumer,Organic,0
10607.0,2,704.86,352.43,95,0.0305,2,4,2024-12-05,0.0,2.0,-2.0,211,Consumer,Organic,1
10608.0,3,241.16,80.38666666666667,8,0.06033333333333333,3,5,2025-03-28,2.0,1.0,1.0,98,Consumer,Social,1
10609.0,4,1106.96,276.74,47,0.11225,4,10,2024-10-15,2.0,2.0,0.0,262,Small Business,Organic,0
10610.0,5,1687.8,337.56,70,0.08780000000000002,4,19,2023-11-04,1.0,4.0,-3.0,608,Small Business,Email,0
10612.0,9,2350.1099999999997,261.1233333333333,54,0.05877777777777778,8,10,2023-06-03,1.0,8.0,-7.0,762,Consumer,Organic,0
10616.0,1,157.02,157.02,35,0.038,1,2,2025-05-30,1.0,0.0,1.0,35,Consumer,Paid Search,0
10621.0,3,734.9000000000001,244.9666666666667,23,0.023999999999999997,3,5,2024-09-08,1.0,2.0,-1.0,299,Consumer,Paid Search,0
10622.0,4,3501.41,875.3525,15,0.124,4,32,2025-01-07,1.0,3.0,-2.0,178,Enterprise,Social,0
10624.0,6,1650.41,275.0683333333333,43,0.050833333333333335,6,8,2023-10-18,1.0,5.0,-4.0,625,Consumer,Organic,0
10625.0,1,143.82,143.82,25,0.012,1,2,2025-06-09,1.0,0.0,1.0,25,Consumer,Paid Search,0
10628.0,2,684.5899999999999,342.29499999999996,166,0.0145,2,2,2024-11-08,0.0,2.0,-2.0,238,Consumer,Paid Search,0
10629.0,8,2813.17,351.64625,67,0.075875,8,10,2024-05-17,1.0,7.0,-6.0,413,Consumer,Social,0
10630.0,3,238.45999999999998,79.48666666666666,25,0.03466666666666667,3,5,2024-02-29,1.0,2.0,-1.0,491,Consumer,Social,0
10631.0,1,230.38,230.38,50,0.057,1,2,2025-05-15,1.0,0.0,1.0,50,Consumer,Social,0
10634.0,7,2304.05,329.15000000000003,29,0.11599999999999999,7,23,2024-10-29,3.0,4.0,-1.0,248,Small Business,Paid Search,0
10635.0,5,708.23,141.64600000000002,168,0.0316,5,8,2024-07-09,0.0,5.0,-5.0,360,Consumer,Paid Search,0
10638.0,3,1467.2,489.06666666666666,17,0.1386666666666667,3,11,2024-10-25,1.0,2.0,-1.0,252,Small Business,Organic,1
10639.0,6,2436.51,406.08500000000004,36,0.109,6,21,2024-07-27,2.0,4.0,-2.0,342,Small Business,Affiliate,0
10640.0,18,33236.18,1846.4544444444446,7,0.13972222222222222,16,141,2023-12-06,3.0,15.0,-12.0,576,Enterprise,Organic,0
10642.0,2,136.31,68.155,68,0.0435,2,3,2025-02-22,1.0,1.0,0.0,132,Consumer,Organic,1
10643.0,8,13061.89,1632.73625,23,0.14575,8,59,2024-09-17,2.0,6.0,-4.0,290,Enterprise,Paid Search,0
10647.0,3,1236.88,412.29333333333335,122,0.103,3,4,2024-12-02,0.0,3.0,-3.0,214,Consumer,Paid Search,0
10648.0,6,3105.95,517.6583333333333,17,0.14116666666666666,6,26,2024-12-03,5.0,1.0,4.0,213,Enterprise,Social,0
10653.0,1,67.03,67.03,55,0.079,1,1,2025-05-10,1.0,0.0,1.0,55,Consumer,Email,0
10654.0,10,5706.03,570.603,32,0.10569999999999999,10,35,2024-05-01,4.0,6.0,-2.0,429,Small Business,Email,0
10655.0,3,1634.8300000000002,544.9433333333334,118,0.085,3,4,2024-12-18,0.0,3.0,-3.0,198,Consumer,Organic,0
10657.0,4,534.46,133.615,143,0.07200000000000001,4,6,2024-09-06,0.0,4.0,-4.0,301,Consumer,Social,0
10662.0,2,377.70000000000005,188.85000000000002,147,0.0945,2,6,2024-11-28,0.0,2.0,-2.0,218,Small Business,Social,0
10663.0,4,425.59,106.3975,10,0.0675,4,6,2024-12-12,2.0,2.0,0.0,204,Consumer,Paid Search,0
10665.0,5,605.38,121.076,48,0.0742,5,10,2024-03-19,1.0,4.0,-3.0,472,Consumer,Paid Search,1
10666.0,8,3276.52,409.565,47,0.0955,8,26,2024-05-28,2.0,6.0,-4.0,402,Small Business,Social,0
10669.0,2,101.81,50.905,137,0.0,2,3,2024-12-08,0.0,2.0,-2.0,208,Consumer,Organic,0
10670.0,7,2264.19,323.4557142857143,12,0.09071428571428572,6,10,2024-01-23,1.0,6.0,-5.0,528,Consumer,Affiliate,0
10671.0,2,323.18,161.59,37,0.044,2,3,2025-04-09,2.0,0.0,2.0,86,Consumer,Paid Search,0
10673.0,5,1581.99,316.398,9,0.1728,5,34,2025-02-05,3.0,2.0,1.0,149,Enterprise,Affiliate,0
10674.0,2,956.46,478.23,51,0.058499999999999996,2,4,2024-08-30,1.0,1.0,0.0,308,Consumer,Social,0
10675.0,1,30.94,30.94,235,0.081,1,2,2024-11-11,0.0,1.0,-1.0,235,Consumer,Email,1
10678.0,3,754.19,251.39666666666668,46,0.06066666666666667,3,4,2024-08-17,1.0,2.0,-1.0,321,Consumer,Paid Search,0
10679.0,3,777.31,259.1033333333333,50,0.035666666666666666,3,5,2025-02-16,1.0,2.0,-1.0,138,Consumer,Paid Search,0
10680.0,8,5866.53,733.31625,70,0.0925,8,31,2024-04-29,1.0,7.0,-6.0,431,Small Business,Organic,0
10681.0,2,497.5,248.75,144,0.013,2,4,2025-01-21,0.0,2.0,-2.0,164,Consumer,Affiliate,1
10682.0,8,3307.55,413.44375,83,0.090875,8,27,2024-06-02,1.0,7.0,-6.0,397,Small Business,Paid Search,0
10683.0,4,4895.25,1223.8125,14,0.14175,4,28,2025-03-27,3.0,1.0,2.0,99,Enterprise,Social,0
10684.0,6,3015.71,502.61833333333334,63,0.13816666666666666,6,39,2025-01-18,3.0,3.0,0.0,167,Enterprise,Paid Search,0
10685.0,1,310.74,310.74,157,0.0,1,2,2025-01-28,0.0,1.0,-1.0,157,Consumer,Social,0
10686.0,6,1604.87,267.4783333333333,23,0.049833333333333334,6,11,2024-05-15,2.0,4.0,-2.0,415,Consumer,Email,1
10687.0,4,2021.7800000000002,505.44500000000005,66,0.082,4,14,2024-01-16,1.0,3.0,-2.0,535,Small Business,Social,0
10688.0,5,3726.11,745.222,90,0.1606,5,17,2024-02-15,0.0,5.0,-5.0,505,Small Business,Social,0
10690.0,9,1612.45,179.16111111111113,31,0.10388888888888889,9,33,2024-03-10,1.0,8.0,-7.0,481,Small Business,Social,0
10691.0,12,7549.089999999999,629.0908333333333,5,0.09583333333333333,12,46,2023-12-28,2.0,10.0,-8.0,554,Small Business,Organic,0
10693.0,2,675.14,337.57,213,0.089,2,3,2024-05-31,0.0,2.0,-2.0,399,Consumer,Paid Search,0
10695.0,2,195.7,97.85,83,0.0985,2,3,2024-12-30,1.0,1.0,0.0,186,Consumer,Social,1
10698.0,3,383.3,127.76666666666667,147,0.028333333333333332,3,4,2024-11-17,0.0,3.0,-3.0,229,Consumer,Organic,0
10701.0,5,1594.88,318.976,87,0.041600000000000005,5,8,2024-11-03,1.0,4.0,-3.0,243,Consumer,Paid Search,0
10703.0,5,2312.8500000000004,462.57000000000005,30,0.1004,5,14,2025-01-25,3.0,2.0,1.0,160,Small Business,Organic,1
10706.0,9,1261.56,140.17333333333332,42,0.05511111111111111,9,14,2023-08-12,1.0,8.0,-7.0,692,Consumer,Email,0
10710.0,5,1789.51,357.902,62,0.06920000000000001,5,6,2023-12-09,1.0,4.0,-3.0,573,Consumer,Affiliate,1
10713.0,2,666.31,333.155,255,0.062,2,3,2024-10-04,0.0,2.0,-2.0,273,Consumer,Organic,0
10715.0,5,9028.029999999999,1805.6059999999998,4,0.11680000000000001,5,29,2025-01-29,2.0,3.0,-1.0,156,Enterprise,Email,0
10718.0,6,1420.8200000000002,236.80333333333337,150,0.03233333333333333,6,10,2024-09-01,0.0,6.0,-6.0,306,Consumer,Email,0
10720.0,2,193.54000000000002,96.77000000000001,3,0.077,2,3,2025-01-18,1.0,1.0,0.0,167,Consumer,Social,0
10721.0,4,2372.49,593.1225,34,0.065,4,15,2025-01-24,2.0,2.0,0.0,161,Small Business,Organic,0
10722.0,2,253.36,126.68,2,0.0335,2,4,2024-09-09,1.0,1.0,0.0,298,Consumer,Affiliate,1
10723.0,1,35.09,35.09,459,0.034,1,1,2024-04-01,0.0,1.0,-1.0,459,Consumer,Paid Search,0
10725.0,2,542.26,271.13,155,0.134,2,4,2024-11-29,0.0,2.0,-2.0,217,Consumer,Organic,0
10729.0,4,429.26,107.315,76,0.0955,4,6,2024-06-06,1.0,3.0,-2.0,393,Consumer,Paid Search,0
10731.0,10,3245.17,324.517,66,0.11120000000000001,10,36,2023-11-20,1.0,9.0,-8.0,592,Small Business,Affiliate,0
10735.0,5,1714.79,342.95799999999997,27,0.0774,5,8,2024-08-20,2.0,3.0,-1.0,318,Consumer,Social,0
10736.0,5,2919.1,583.8199999999999,1,0.1096,5,15,2024-05-17,3.0,2.0,1.0,413,Small Business,Social,0
10738.0,1,34.32,34.32,10,0.033,1,1,2025-06-24,1.0,0.0,1.0,10,Consumer,Social,0
10741.0,2,414.45,207.225,111,0.011,2,3,2024-12-28,0.0,2.0,-2.0,188,Consumer,Affiliate,0
10742.0,4,2943.6,735.9,18,0.067,4,17,2024-12-01,2.0,2.0,0.0,215,Small Business,Paid Search,0
10743.0,3,1493.56,497.8533333333333,54,0.01933333333333333,3,5,2024-12-25,1.0,2.0,-1.0,191,Consumer,Paid Search,1
10746.0,5,252.51,50.501999999999995,54,0.1056,5,6,2024-07-19,1.0,4.0,-3.0,350,Consumer,Organic,0
10748.0,2,496.98,248.49,147,0.057499999999999996,2,3,2024-06-19,0.0,2.0,-2.0,380,Consumer,Social,0
10752.0,1,37.64,37.64,72,0.026,1,1,2025-04-23,1.0,0.0,1.0,72,Consumer,Organic,0
10753.0,1,758.78,758.78,343,0.069,1,2,2024-07-26,0.0,1.0,-1.0,343,Consumer,Email,0
10754.0,3,1690.9,563.6333333333333,64,0.06433333333333334,3,6,2024-06-06,1.0,2.0,-1.0,393,Consumer,Organic,0
10755.0,9,3393.4300000000003,377.0477777777778,9,0.09766666666666667,8,32,2024-01-25,2.0,7.0,-5.0,526,Small Business,Paid Search,1
10756.0,2,1262.27,631.135,5,0.0535,2,2,2025-05-26,2.0,0.0,2.0,39,Consumer,Paid Search,0
10758.0,3,1477.46,492.4866666666667,2,0.07233333333333333,3,5,2024-11-25,1.0,2.0,-1.0,221,Consumer,Direct,1
10759.0,1,21.02,21.02,307,0.077,1,2,2024-08-31,0.0,1.0,-1.0,307,Consumer,Affiliate,1
10761.0,3,630.27,210.09,262,0.07266666666666667,3,8,2024-03-18,0.0,3.0,-3.0,473,Small Business,Affiliate,0
10762.0,6,1142.1599999999999,190.35999999999999,193,0.044000000000000004,6,8,2024-04-28,0.0,6.0,-6.0,432,Consumer,Paid Search,1
10764.0,7,1240.7,177.24285714285716,76,0.07171428571428572,7,9,2023-10-28,1.0,6.0,-5.0,615,Consumer,Paid Search,0
10765.0,4,558.5,139.625,15,0.066,4,6,2024-12-20,1.0,3.0,-2.0,196,Consumer,Affiliate,0
10766.0,2,118.17000000000002,59.08500000000001,53,0.0335,2,2,2025-05-06,2.0,0.0,2.0,59,Consumer,Paid Search,0
10767.0,2,160.97,80.485,291,0.051500000000000004,2,2,2024-08-08,0.0,2.0,-2.0,330,Consumer,Paid Search,0
10768.0,7,1604.8200000000002,229.26000000000002,77,0.07371428571428572,7,11,2024-06-16,1.0,6.0,-5.0,383,Consumer,Paid Search,1
10769.0,4,797.8199999999999,199.45499999999998,25,0.05025,4,6,2025-01-24,2.0,2.0,0.0,161,Consumer,Social,0
10770.0,7,3338.0,476.85714285714283,12,0.07957142857142856,7,27,2024-07-21,2.0,5.0,-3.0,348,Small Business,Social,0
10772.0,2,192.04,96.02,21,0.0895,2,3,2024-10-20,1.0,1.0,0.0,257,Consumer,Email,0
10773.0,4,3645.42,911.355,25,0.15375,4,19,2024-11-17,2.0,2.0,0.0,229,Enterprise,Direct,0
10774.0,4,804.54,201.135,110,0.054000000000000006,4,7,2024-08-01,0.0,4.0,-4.0,337,Consumer,Paid Search,0
10776.0,4,2207.94,551.985,33,0.045,4,6,2024-04-01,2.0,2.0,0.0,459,Consumer,Email,0
10778.0,3,1598.02,532.6733333333333,24,0.04466666666666667,3,6,2024-09-30,2.0,1.0,1.0,277,Consumer,Paid Search,0
10780.0,4,657.35,164.3375,49,0.0935,4,5,2024-06-09,1.0,3.0,-2.0,390,Consumer,Organic,0
10781.0,2,338.84999999999997,169.42499999999998,365,0.012,2,3,2023-12-27,0.0,2.0,-2.0,555,Consumer,Paid Search,1
10782.0,1,132.3,132.3,209,0.198,1,1,2024-12-07,0.0,1.0,-1.0,209,Consumer,Email,1
10783.0,3,1409.28,469.76,6,0.015666666666666666,3,5,2024-05-06,2.0,1.0,1.0,424,Consumer,Paid Search,0
10787.0,1,33.92,33.92,143,0.249,1,1,2025-02-11,0.0,1.0,-1.0,143,Consumer,Paid Search,0
10789.0,7,1771.9299999999998,253.13285714285712,23,0.12128571428571429,6,23,2024-09-27,3.0,4.0,-1.0,280,Small Business,Paid Search,0
10792.0,5,1506.6399999999999,301.328,23,0.13940000000000002,5,31,2025-01-14,2.0,3.0,-1.0,171,Enterprise,Paid Search,0
10795.0,1,222.25,222.25,12,0.075,1,5,2025-06-22,1.0,0.0,1.0,12,Small Business,Direct,0
10796.0,4,2762.8,690.7,19,0.029,4,8,2024-05-31,1.0,3.0,-2.0,399,Consumer,Paid Search,0
10798.0,1,147.04,147.04,48,0.081,1,1,2025-05-17,1.0,0.0,1.0,48,Consumer,Paid Search,0
10799.0,5,443.14,88.628,158,0.05840000000000001,5,7,2023-12-04,0.0,5.0,-5.0,578,Consumer,Email,0
10801.0,5,672.2900000000001,134.45800000000003,153,0.023,5,6,2023-11-07,0.0,5.0,-5.0,605,Consumer,Paid Search,0
10803.0,6,1027.18,171.1966666666667,153,0.06949999999999999,6,8,2024-01-27,0.0,6.0,-6.0,524,Consumer,Direct,0
10804.0,1,291.2,291.2,185,0.041,1,2,2024-12-31,0.0,1.0,-1.0,185,Consumer,Social,0
10806.0,6,4278.93,713.1550000000001,6,0.08816666666666667,6,19,2023-10-16,1.0,5.0,-4.0,627,Small Business,Paid Search,0
10808.0,1,138.68,138.68,98,0.0,1,1,2025-03-28,0.0,1.0,-1.0,98,Consumer,Organic,0
10810.0,5,777.96,155.592,75,0.0404,5,7,2024-04-16,1.0,4.0,-3.0,444,Consumer,Organic,0
10812.0,2,386.18,193.09,107,0.093,2,4,2025-02-04,0.0,2.0,-2.0,150,Consumer,Social,1
10813.0,2,472.32,236.16,108,0.0495,2,4,2025-03-03,0.0,2.0,-2.0,123,Consumer,Paid Search,0
10814.0,4,1199.6,299.9,37,0.039,4,7,2024-10-14,1.0,3.0,-2.0,263,Consumer,Paid Search,1
10815.0,1,144.2,144.2,25,0.0,1,1,2025-06-09,1.0,0.0,1.0,25,Consumer,Direct,0
10816.0,2,351.67,175.835,144,0.0765,2,3,2024-12-01,0.0,2.0,-2.0,215,Consumer,Social,0
10817.0,8,1681.72,210.215,18,0.051625,8,11,2023-12-28,3.0,5.0,-2.0,554,Consumer,Affiliate,0
10818.0,3,340.57,113.52333333333333,232,0.0013333333333333333,3,4,2024-09-24,0.0,3.0,-3.0,283,Consumer,Paid Search,1
10820.0,1,13.93,13.93,210,0.155,1,1,2024-12-06,0.0,1.0,-1.0,210,Consumer,Affiliate,0
10821.0,6,1236.24,206.04,40,0.0345,6,9,2024-02-03,1.0,5.0,-4.0,517,Consumer,Organic,0
10822.0,6,748.6700000000001,124.77833333333335,28,0.15583333333333335,6,23,2024-07-19,2.0,4.0,-2.0,350,Small Business,Paid Search,0
10823.0,3,488.34,162.78,5,0.04800000000000001,3,4,2025-02-04,1.0,2.0,-1.0,150,Consumer,Affiliate,0
10826.0,1,34.32,34.32,203,0.12,1,2,2024-12-13,0.0,1.0,-1.0,203,Consumer,Direct,0
10828.0,15,10278.65,685.2433333333333,17,0.13940000000000002,14,95,2023-11-27,2.0,13.0,-11.0,585,Enterprise,Paid Search,0
10830.0,4,1899.76,474.94,64,0.052500000000000005,4,7,2024-06-11,1.0,3.0,-2.0,388,Consumer,Social,0
10831.0,2,91.93,45.965,73,0.0805,2,3,2024-12-09,1.0,1.0,0.0,207,Consumer,Social,0
10832.0,7,4444.64,634.9485714285714,69,0.06957142857142858,7,27,2024-03-12,2.0,5.0,-3.0,479,Small Business,Affiliate,0
10833.0,5,385.12,77.024,81,0.0346,5,7,2023-10-06,1.0,4.0,-3.0,637,Consumer,Affiliate,0
10835.0,5,2465.32,493.064,46,0.0098,5,9,2024-07-24,3.0,2.0,1.0,345,Consumer,Organic,1
10836.0,3,260.39,86.79666666666667,25,0.07733333333333334,3,10,2024-08-07,1.0,2.0,-1.0,331,Small Business,Social,0
10837.0,11,5201.83,472.89363636363635,82,0.11563636363636363,11,40,2024-03-18,1.0,10.0,-9.0,473,Small Business,Social,1
10844.0,6,1929.44,321.5733333333333,117,0.10366666666666667,6,19,2024-02-18,0.0,6.0,-6.0,502,Small Business,Social,0
10845.0,6,1649.66,274.9433333333333,127,0.0565,6,10,2024-07-17,0.0,6.0,-6.0,352,Consumer,Direct,0
10846.0,2,121.55,60.775,80,0.1145,2,3,2024-08-31,1.0,1.0,0.0,307,Consumer,Affiliate,1
10848.0,5,1025.33,205.06599999999997,196,0.039,5,15,2023-09-26,0.0,5.0,-5.0,647,Small Business,Social,0
10849.0,9,1226.87,136.31888888888886,67,0.06511111111111112,9,12,2024-04-05,2.0,7.0,-5.0,455,Consumer,Organic,0
10851.0,1,148.08,148.08,342,0.069,1,1,2024-07-27,0.0,1.0,-1.0,342,Consumer,Social,0
10852.0,8,3043.7400000000002,380.46750000000003,36,0.115625,8,27,2023-09-27,2.0,6.0,-4.0,646,Small Business,Paid Search,0
10853.0,9,3419.4300000000003,379.9366666666667,36,0.10133333333333333,9,32,2024-01-16,1.0,8.0,-7.0,535,Small Business,Social,0
10855.0,5,2171.26,434.25200000000007,5,0.05639999999999999,5,21,2024-09-10,2.0,3.0,-1.0,297,Small Business,Direct,0
10856.0,5,3042.9,608.58,202,0.0688,5,15,2023-12-23,0.0,5.0,-5.0,559,Small Business,Email,0
10857.0,5,1545.6599999999999,309.13199999999995,115,0.0888,5,8,2024-06-02,0.0,5.0,-5.0,397,Consumer,Paid Search,0
10859.0,5,836.9200000000001,167.38400000000001,226,0.030199999999999998,5,9,2024-06-01,0.0,5.0,-5.0,398,Consumer,Social,1
10860.0,3,846.32,282.1066666666667,266,0.042333333333333334,3,6,2023-10-11,0.0,3.0,-3.0,632,Consumer,Social,1
10863.0,9,4355.15,483.9055555555555,215,0.07522222222222223,7,12,2024-04-11,0.0,9.0,-9.0,449,Consumer,Affiliate,0
10864.0,5,549.77,109.954,43,0.0548,5,6,2024-08-23,2.0,3.0,-1.0,315,Consumer,Direct,1
10867.0,1,136.0,136.0,68,0.0,1,2,2025-04-27,1.0,0.0,1.0,68,Consumer,Organic,0
10870.0,2,91.26,45.63,12,0.065,2,3,2025-06-01,2.0,0.0,2.0,33,Consumer,Paid Search,1
10871.0,7,1304.36,186.33714285714285,50,0.086,7,10,2023-06-14,1.0,6.0,-5.0,751,Consumer,Paid Search,0
10875.0,12,4740.36,395.03,69,0.12033333333333333,11,43,2023-09-08,1.0,11.0,-10.0,665,Small Business,Organic,1
10879.0,3,634.5,211.5,22,0.034333333333333334,3,6,2025-03-09,2.0,1.0,1.0,117,Consumer,Affiliate,0
10880.0,6,4073.58,678.93,51,0.042666666666666665,6,10,2024-10-25,1.0,5.0,-4.0,252,Consumer,Paid Search,1
10881.0,2,797.39,398.695,151,0.0365,2,3,2024-12-15,0.0,2.0,-2.0,201,Consumer,Paid Search,0
10884.0,1,47.84,47.84,29,0.11,1,2,2025-06-05,1.0,0.0,1.0,29,Consumer,Social,0
10885.0,2,302.82,151.41,208,0.0,2,3,2024-07-18,0.0,2.0,-2.0,351,Consumer,Paid Search,1
10886.0,7,3091.5600000000004,441.65142857142865,274,0.03428571428571429,7,9,2023-08-14,0.0,7.0,-7.0,690,Consumer,Email,0
10887.0,5,1374.24,274.848,34,0.0472,5,24,2024-12-30,2.0,3.0,-1.0,186,Small Business,Paid Search,0
10889.0,8,2045.1699999999998,255.64624999999998,46,0.066625,8,14,2023-09-01,2.0,6.0,-4.0,672,Consumer,Organic,0
10890.0,2,314.3,157.15,164,0.0455,2,2,2025-01-01,0.0,2.0,-2.0,184,Consumer,Paid Search,0
10892.0,1,266.05,266.05,38,0.061,1,5,2025-05-27,1.0,0.0,1.0,38,Small Business,Paid Search,0
10893.0,6,3099.2,516.5333333333333,14,0.10333333333333333,6,23,2024-06-01,3.0,3.0,0.0,398,Small Business,Paid Search,0
10894.0,2,887.36,443.68,134,0.0255,2,3,2024-12-02,0.0,2.0,-2.0,214,Consumer,Organic,0
10895.0,4,1171.16,292.79,33,0.0535,4,8,2025-03-09,3.0,1.0,2.0,117,Consumer,Paid Search,1
10896.0,8,1267.7,158.4625,22,0.027875,7,12,2024-01-30,2.0,6.0,-4.0,521,Consumer,Paid Search,0
10898.0,3,939.8299999999999,313.27666666666664,36,0.03,3,4,2025-03-16,2.0,1.0,1.0,110,Consumer,Email,0
10900.0,2,423.75,211.875,2,0.048,2,3,2025-03-02,1.0,1.0,0.0,124,Consumer,Affiliate,0
10901.0,3,441.64,147.21333333333334,101,0.04566666666666666,3,4,2023-12-21,0.0,3.0,-3.0,561,Consumer,Social,1
10902.0,6,1082.96,180.49333333333334,55,0.012333333333333333,6,9,2024-01-21,1.0,5.0,-4.0,530,Consumer,Social,1
10903.0,8,7355.73,919.46625,56,0.09425,8,33,2024-01-15,2.0,6.0,-4.0,536,Small Business,Organic,1
10904.0,5,1917.42,383.48400000000004,0,0.10500000000000001,5,8,2024-07-07,1.0,4.0,-3.0,362,Consumer,Email,0
10906.0,4,703.1,175.775,194,0.041749999999999995,4,4,2024-02-17,0.0,4.0,-4.0,503,Consumer,Direct,1
10908.0,1,856.9,856.9,62,0.017,1,2,2025-05-03,1.0,0.0,1.0,62,Consumer,Social,0
10909.0,5,802.2,160.44,220,0.0676,5,7,2024-01-24,0.0,5.0,-5.0,527,Consumer,Email,1
10910.0,3,451.08,150.35999999999999,235,0.064,3,5,2024-06-12,0.0,3.0,-3.0,387,Consumer,Paid Search,0
10911.0,3,562.37,187.45666666666668,34,0.05533333333333334,3,3,2025-03-08,2.0,1.0,1.0,118,Consumer,Direct,0
10914.0,4,346.92,86.73,12,0.083,4,5,2024-03-01,1.0,3.0,-2.0,490,Consumer,Organic,0
10915.0,3,1919.33,639.7766666666666,108,0.0026666666666666666,3,5,2025-01-21,0.0,3.0,-3.0,164,Consumer,Paid Search,0
10917.0,3,922.3899999999999,307.4633333333333,197,0.13333333333333333,3,9,2024-10-04,0.0,3.0,-3.0,273,Small Business,Social,0
10918.0,8,3113.9,389.2375,28,0.053625,8,11,2023-11-20,3.0,5.0,-2.0,592,Consumer,Social,1
10919.0,4,278.48,69.62,15,0.068,4,6,2024-02-04,1.0,3.0,-2.0,516,Consumer,Paid Search,0
10920.0,2,184.42,92.21,119,0.1245,2,3,2024-03-26,0.0,2.0,-2.0,465,Consumer,Email,0
10922.0,4,480.94,120.235,37,0.04125,4,6,2024-08-26,1.0,3.0,-2.0,312,Consumer,Paid Search,1
10923.0,2,502.45000000000005,251.22500000000002,151,0.059,2,3,2025-01-09,0.0,2.0,-2.0,176,Consumer,Email,0
10927.0,10,1975.2,197.52,17,0.0509,8,16,2023-10-31,1.0,9.0,-8.0,612,Consumer,Paid Search,1
10928.0,2,904.53,452.265,48,0.0135,2,3,2025-02-17,1.0,1.0,0.0,137,Consumer,Affiliate,0
10929.0,9,2965.79,329.53222222222223,81,0.08,9,15,2023-12-05,1.0,8.0,-7.0,577,Consumer,Organic,1
10930.0,5,2326.95,465.39,107,0.0246,5,7,2024-09-11,0.0,5.0,-5.0,296,Consumer,Direct,0
10931.0,5,1220.77,244.154,36,0.0658,5,8,2024-07-19,1.0,4.0,-3.0,350,Consumer,Social,0
10935.0,7,574.12,82.01714285714286,86,0.05542857142857143,7,8,2024-07-11,1.0,6.0,-5.0,358,Consumer,Organic,0
10937.0,9,2603.68,289.29777777777775,138,0.11588888888888887,9,27,2023-10-27,0.0,9.0,-9.0,616,Small Business,Organic,0
10941.0,1,57.98,57.98,65,0.0,1,2,2025-04-30,1.0,0.0,1.0,65,Consumer,Paid Search,0
10944.0,5,715.79,143.158,66,0.019200000000000002,5,7,2024-01-11,2.0,3.0,-1.0,540,Consumer,Social,1
10946.0,11,7124.68,647.6981818181819,2,0.15681818181818183,11,94,2024-02-12,2.0,9.0,-7.0,508,Enterprise,Affiliate,0
10947.0,2,318.5,159.25,31,0.033,2,4,2025-05-05,2.0,0.0,2.0,60,Consumer,Paid Search,1
10950.0,5,6216.9400000000005,1243.3880000000001,124,0.12,4,20,2024-09-22,0.0,5.0,-5.0,285,Small Business,Paid Search,0
10951.0,1,524.64,524.64,172,0.05,1,2,2025-01-13,0.0,1.0,-1.0,172,Consumer,Email,0
10952.0,3,139.82,46.60666666666666,34,0.07133333333333335,3,5,2025-01-22,2.0,1.0,1.0,163,Consumer,Social,0
10953.0,7,5534.68,790.6685714285715,23,0.102,7,24,2024-07-04,2.0,5.0,-3.0,365,Small Business,Email,1
10954.0,1,15.34,15.34,55,0.056,1,2,2025-05-10,1.0,0.0,1.0,55,Consumer,Paid Search,0
10955.0,4,583.2,145.8,25,0.049,4,6,2025-03-24,3.0,1.0,2.0,102,Consumer,Social,1
10957.0,3,284.61,94.87,38,0.034,3,4,2024-07-24,1.0,2.0,-1.0,345,Consumer,Organic,0
10958.0,3,482.49,160.83,32,0.09233333333333334,3,5,2024-10-04,2.0,1.0,1.0,273,Consumer,Affiliate,0
10959.0,8,3886.87,485.85875,4,0.14475,8,54,2024-10-24,2.0,6.0,-4.0,253,Enterprise,Paid Search,0
10960.0,7,1895.02,270.71714285714285,68,0.1337142857142857,6,21,2023-11-22,1.0,6.0,-5.0,590,Small Business,Organic,0
10961.0,5,425.12,85.024,183,0.041,5,7,2024-06-27,0.0,5.0,-5.0,372,Consumer,Paid Search,0
10962.0,7,2469.49,352.78428571428566,6,0.11385714285714287,7,22,2024-07-05,3.0,4.0,-1.0,364,Small Business,Email,0
10963.0,4,1698.67,424.6675,75,0.10625,4,18,2024-10-02,1.0,3.0,-2.0,275,Small Business,Direct,0
10964.0,4,1493.73,373.4325,38,0.043,4,5,2024-07-18,1.0,3.0,-2.0,351,Consumer,Paid Search,0
10965.0,2,124.60000000000001,62.300000000000004,12,0.1355,2,2,2025-01-13,1.0,1.0,0.0,172,Consumer,Paid Search,0
10967.0,2,525.5699999999999,262.78499999999997,102,0.0305,2,2,2025-02-04,0.0,2.0,-2.0,150,Consumer,Affiliate,0
10968.0,2,111.25,55.625,21,0.0765,2,3,2024-08-27,1.0,1.0,0.0,311,Consumer,Organic,0
10969.0,14,13930.47,995.0335714285713,58,0.12335714285714286,11,103,2023-08-24,2.0,12.0,-10.0,680,Enterprise,Social,0
10970.0,5,1536.85,307.37,178,0.039,5,7,2024-06-18,0.0,5.0,-5.0,381,Consumer,Email,1
10971.0,5,1792.32,358.464,44,0.0648,5,19,2024-12-05,2.0,3.0,-1.0,211,Small Business,Paid Search,0
10973.0,3,410.46999999999997,136.82333333333332,226,0.06433333333333334,3,5,2023-08-26,0.0,3.0,-3.0,678,Consumer,Affiliate,0
10974.0,5,774.67,154.934,123,0.0686,5,8,2024-04-16,0.0,5.0,-5.0,444,Consumer,Affiliate,0
10975.0,6,3325.79,554.2983333333333,111,0.054,6,10,2024-10-02,0.0,6.0,-6.0,275,Consumer,Affiliate,0
10976.0,1,153.55,153.55,289,0.102,1,1,2024-09-18,0.0,1.0,-1.0,289,Consumer,Direct,1
10978.0,8,3523.21,440.40125,140,0.095875,8,23,2024-03-01,0.0,8.0,-8.0,490,Small Business,Affiliate,0
10979.0,7,2285.15,326.45,196,0.07471428571428572,7,12,2024-03-10,0.0,7.0,-7.0,481,Consumer,Paid Search,0
10980.0,1,25.61,25.61,262,0.091,1,1,2024-10-15,0.0,1.0,-1.0,262,Consumer,Social,0
10981.0,6,2045.87,340.9783333333333,18,0.0515,6,8,2024-03-29,2.0,4.0,-2.0,462,Consumer,Social,0
10982.0,13,6441.1900000000005,495.47615384615386,23,0.1580769230769231,12,95,2023-12-09,2.0,11.0,-9.0,573,Enterprise,Paid Search,0
10983.0,1,293.96,293.96,328,0.109,1,2,2024-08-10,0.0,1.0,-1.0,328,Consumer,Social,1
10984.0,8,1908.36,238.545,23,0.032375,8,13,2024-08-12,2.0,6.0,-4.0,326,Consumer,Social,0
10985.0,14,18491.87,1320.847857142857,42,0.13699999999999998,13,91,2023-10-06,2.0,12.0,-10.0,637,Enterprise,Paid Search,0
10986.0,3,1932.83,644.2766666666666,61,0.106,3,19,2025-01-12,1.0,2.0,-1.0,173,Enterprise,Social,0
10987.0,2,188.37,94.185,191,0.034,2,3,2024-11-18,0.0,2.0,-2.0,228,Consumer,Social,1
10988.0,13,3036.69,233.59153846153848,1,0.08892307692307691,13,48,2023-09-30,2.0,11.0,-9.0,643,Small Business,Organic,0
10990.0,3,407.11,135.70333333333335,38,0.035333333333333335,3,5,2024-10-03,1.0,2.0,-1.0,274,Consumer,Organic,0
10993.0,4,310.81,77.7025,49,0.13424999999999998,4,9,2024-11-19,1.0,3.0,-2.0,227,Small Business,Paid Search,0
10994.0,3,793.46,264.4866666666667,82,0.03933333333333333,3,6,2024-06-18,1.0,2.0,-1.0,381,Consumer,Social,0
10996.0,6,3472.33,578.7216666666667,11,0.13899999999999998,6,26,2024-10-17,1.0,5.0,-4.0,260,Small Business,Paid Search,0
10997.0,6,711.99,118.665,66,0.044833333333333336,6,7,2024-03-23,3.0,3.0,0.0,468,Consumer,Affiliate,0
10998.0,5,2338.9700000000003,467.79400000000004,58,0.1106,5,16,2024-11-21,2.0,3.0,-1.0,225,Small Business,Paid Search,0
10999.0,1,61.68,61.68,140,0.007,1,2,2025-02-14,0.0,1.0,-1.0,140,Consumer,Direct,0
11010.0,3,1075.46,358.4866666666667,35,0.11866666666666666,3,4,2024-12-14,1.0,2.0,-1.0,202,Consumer,Direct,1
11011.0,2,46.54,23.27,71,0.044,2,4,2025-02-07,1.0,1.0,0.0,147,Consumer,Organic,0
11013.0,18,7565.57,420.3094444444444,76,0.09994444444444445,15,57,2023-05-21,1.0,17.0,-16.0,775,Small Business,Social,0
11014.0,2,152.66,76.33,199,0.07150000000000001,2,4,2024-05-19,0.0,2.0,-2.0,411,Consumer,Paid Search,0
11015.0,3,267.63,89.21,110,0.052,3,4,2024-08-17,0.0,3.0,-3.0,321,Consumer,Email,0
11016.0,1,154.3,154.3,190,0.049,1,2,2024-12-26,0.0,1.0,-1.0,190,Consumer,Paid Search,0
11017.0,2,638.1800000000001,319.09000000000003,1,0.083,2,7,2024-11-28,1.0,1.0,0.0,218,Small Business,Social,0
11018.0,13,10772.619999999999,828.6630769230768,12,0.14953846153846154,13,99,2024-03-26,3.0,10.0,-7.0,465,Enterprise,Paid Search,0
11019.0,4,1092.88,273.22,112,0.059750000000000004,4,7,2023-10-31,0.0,4.0,-4.0,612,Consumer,Direct,1
11020.0,18,10674.77,593.0427777777778,1,0.13516666666666666,17,113,2024-04-02,4.0,14.0,-10.0,458,Enterprise,Paid Search,0
11021.0,2,226.41,113.205,87,0.0195,2,2,2024-11-27,1.0,1.0,0.0,219,Consumer,Organic,0
11022.0,7,651.18,93.02571428571427,71,0.07028571428571428,7,11,2023-07-08,1.0,6.0,-5.0,727,Consumer,Social,1
11024.0,8,2630.6800000000003,328.83500000000004,37,0.033875,8,13,2024-04-15,1.0,7.0,-6.0,445,Consumer,Paid Search,0
11025.0,6,700.87,116.81166666666667,120,0.043666666666666666,6,9,2024-10-30,0.0,6.0,-6.0,247,Consumer,Affiliate,0
11026.0,2,262.96999999999997,131.48499999999999,243,0.07100000000000001,2,3,2024-10-20,0.0,2.0,-2.0,257,Consumer,Direct,0
11027.0,2,214.36,107.18,146,0.042,2,4,2025-01-13,0.0,2.0,-2.0,172,Consumer,Paid Search,0
11029.0,8,1132.8600000000001,141.60750000000002,53,0.064375,7,12,2024-02-06,2.0,6.0,-4.0,514,Consumer,Direct,0
11030.0,4,772.27,193.0675,185,0.0445,4,5,2024-06-25,0.0,4.0,-4.0,374,Consumer,Social,1
11032.0,3,294.0,98.0,118,0.12933333333333333,3,5,2023-11-10,0.0,3.0,-3.0,602,Consumer,Affiliate,1
11035.0,2,1904.78,952.39,2,0.064,2,7,2025-04-01,1.0,1.0,0.0,94,Small Business,Social,0
11037.0,5,1234.64,246.92800000000003,172,0.0374,5,8,2024-08-15,0.0,5.0,-5.0,323,Consumer,Social,1
11038.0,4,1749.48,437.37,105,0.02575,4,6,2024-12-12,0.0,4.0,-4.0,204,Consumer,Email,1
11039.0,7,3583.87,511.9814285714286,61,0.06257142857142857,6,13,2023-11-26,1.0,6.0,-5.0,586,Consumer,Organic,0
11040.0,3,1345.1399999999999,448.37999999999994,114,0.025666666666666667,3,6,2023-08-09,0.0,3.0,-3.0,695,Consumer,Email,0
11041.0,4,1912.67,478.1675,26,0.003,4,6,2024-07-25,1.0,3.0,-2.0,344,Consumer,Paid Search,0
11042.0,1,183.56,183.56,95,0.12,1,1,2025-03-31,0.0,1.0,-1.0,95,Consumer,Social,0
11044.0,5,5534.13,1106.826,62,0.08499999999999999,5,19,2024-04-14,1.0,4.0,-3.0,446,Small Business,Paid Search,0
11045.0,4,1068.08,267.02,35,0.061,4,6,2025-01-22,3.0,1.0,2.0,163,Consumer,Social,0
11046.0,6,1534.75,255.79166666666666,220,0.04566666666666667,6,7,2024-02-15,0.0,6.0,-6.0,505,Consumer,Affiliate,1
11047.0,6,2000.37,333.395,58,0.041833333333333333,6,9,2024-08-21,2.0,4.0,-2.0,317,Consumer,Social,1
11048.0,10,4710.4,471.03999999999996,11,0.1105,10,33,2024-02-21,2.0,8.0,-6.0,499,Small Business,Paid Search,0
11050.0,2,374.71,187.355,109,0.13,2,2,2024-12-20,0.0,2.0,-2.0,196,Consumer,Organic,0
11052.0,4,561.24,140.31,14,0.079,4,6,2024-01-16,2.0,2.0,0.0,535,Consumer,Paid Search,1
11053.0,2,541.5899999999999,270.79499999999996,239,0.0375,2,2,2024-09-01,0.0,2.0,-2.0,306,Consumer,Social,0
11055.0,3,2245.99,748.6633333333333,59,0.031,3,5,2023-10-28,1.0,2.0,-1.0,615,Consumer,Social,1
11056.0,5,2188.2,437.64,51,0.101,5,20,2024-09-03,2.0,3.0,-1.0,304,Small Business,Paid Search,0
11057.0,7,3426.54,489.5057142857143,163,0.14657142857142857,7,25,2023-12-19,0.0,7.0,-7.0,563,Small Business,Organic,0
11058.0,9,2139.0499999999997,237.6722222222222,13,0.13011111111111112,9,28,2024-01-31,1.0,8.0,-7.0,520,Small Business,Affiliate,0
11059.0,4,1159.21,289.8025,21,0.16849999999999998,4,14,2024-12-03,2.0,2.0,0.0,213,Small Business,Paid Search,0
11060.0,8,826.98,103.3725,21,0.06225,8,10,2024-01-28,3.0,5.0,-2.0,523,Consumer,Paid Search,1
11061.0,3,2458.87,819.6233333333333,149,0.104,3,11,2024-10-26,0.0,3.0,-3.0,251,Small Business,Affiliate,0
11063.0,8,7049.78,881.2225,118,0.10337500000000001,8,29,2024-03-24,0.0,8.0,-8.0,467,Small Business,Email,0
11064.0,4,368.07,92.0175,1,0.08249999999999999,4,5,2024-05-15,1.0,3.0,-2.0,415,Consumer,Affiliate,0
11066.0,3,596.97,198.99,0,0.07033333333333333,3,4,2025-03-13,2.0,1.0,1.0,113,Consumer,Email,1
11068.0,3,594.47,198.15666666666667,246,0.04466666666666667,3,3,2024-08-11,0.0,3.0,-3.0,327,Consumer,Direct,0
11069.0,1,128.29,128.29,188,0.046,1,1,2024-12-28,0.0,1.0,-1.0,188,Consumer,Organic,0
11071.0,7,3860.5099999999998,551.5014285714285,276,0.12228571428571429,7,30,2024-03-11,0.0,7.0,-7.0,480,Small Business,Organic,1
11073.0,2,613.3199999999999,306.65999999999997,89,0.08449999999999999,2,6,2025-01-07,1.0,1.0,0.0,178,Small Business,Social,0
11075.0,10,6492.97,649.297,49,0.093,10,39,2024-03-31,2.0,8.0,-6.0,460,Small Business,Organic,0
11076.0,8,3145.45,393.18125,2,0.102,8,24,2024-09-27,3.0,5.0,-2.0,280,Small Business,Social,0
11077.0,5,362.65999999999997,72.532,19,0.0506,5,8,2024-02-21,2.0,3.0,-1.0,499,Consumer,Organic,0
11079.0,3,1014.8199999999999,338.2733333333333,451,0.014333333333333332,3,4,2024-01-14,0.0,3.0,-3.0,537,Consumer,Paid Search,0
11080.0,6,1211.53,201.92166666666665,95,0.061,6,7,2024-05-18,0.0,6.0,-6.0,412,Consumer,Social,0
11082.0,2,181.54999999999998,90.77499999999999,141,0.012,2,3,2025-01-05,0.0,2.0,-2.0,180,Consumer,Organic,1
11083.0,2,668.64,334.32,130,0.0765,2,4,2024-12-22,0.0,2.0,-2.0,194,Consumer,Direct,0
11084.0,3,1185.1,395.0333333333333,98,0.032,3,4,2024-09-26,0.0,3.0,-3.0,281,Consumer,Social,0
11086.0,4,536.0500000000001,134.01250000000002,37,0.049,4,7,2024-03-18,1.0,3.0,-2.0,473,Consumer,Direct,0
11087.0,7,1687.75,241.10714285714286,4,0.12,7,21,2024-12-13,4.0,3.0,1.0,203,Small Business,Organic,0
11088.0,6,3049.1899999999996,508.19833333333327,16,0.10866666666666668,5,21,2024-11-10,2.0,4.0,-2.0,236,Small Business,Social,0
11089.0,4,779.79,194.9475,144,0.13625,4,14,2024-07-21,0.0,4.0,-4.0,348,Small Business,Social,1
11090.0,3,341.14,113.71333333333332,145,0.09666666666666666,3,9,2024-05-31,0.0,3.0,-3.0,399,Small Business,Affiliate,0
11091.0,13,13810.18,1062.3215384615385,83,0.15623076923076923,13,93,2024-01-06,1.0,12.0,-11.0,545,Enterprise,Social,0
11093.0,3,776.2,258.73333333333335,36,0.0036666666666666666,3,4,2024-12-28,1.0,2.0,-1.0,188,Consumer,Social,1
11094.0,4,607.64,151.91,249,0.0045000000000000005,4,6,2024-05-12,0.0,4.0,-4.0,418,Consumer,Paid Search,0
11095.0,1,81.28,81.28,91,0.004,1,1,2025-04-04,0.0,1.0,-1.0,91,Consumer,Organic,0
11096.0,5,701.0300000000001,140.20600000000002,34,0.1,5,7,2024-10-11,1.0,4.0,-3.0,266,Consumer,Direct,0
11098.0,8,6816.96,852.12,39,0.20575,8,50,2024-12-12,3.0,5.0,-2.0,204,Enterprise,Organic,0
11103.0,8,833.05,104.13125,28,0.033,8,12,2023-12-27,2.0,6.0,-4.0,555,Consumer,Affiliate,0
11106.0,1,45.06,45.06,102,0.067,1,2,2025-03-24,0.0,1.0,-1.0,102,Consumer,Paid Search,1
11107.0,6,823.05,137.17499999999998,124,0.08600000000000001,6,15,2024-01-27,0.0,6.0,-6.0,524,Small Business,Organic,0
11108.0,3,481.79999999999995,160.6,34,0.103,2,6,2024-08-16,1.0,2.0,-1.0,322,Consumer,Direct,0
11109.0,4,1462.49,365.6225,20,0.07024999999999999,4,19,2025-03-05,1.0,3.0,-2.0,121,Small Business,Direct,0
11110.0,3,852.1099999999999,284.03666666666663,136,0.06266666666666666,3,5,2024-08-17,0.0,3.0,-3.0,321,Consumer,Affiliate,0
11113.0,1,36.33,36.33,45,0.0,1,1,2025-05-20,1.0,0.0,1.0,45,Consumer,Social,0
11114.0,3,2055.0,685.0,155,0.069,3,8,2024-07-19,0.0,3.0,-3.0,350,Small Business,Organic,1
11115.0,3,391.90999999999997,130.63666666666666,180,0.043666666666666666,3,3,2024-05-26,0.0,3.0,-3.0,404,Consumer,Paid Search,0
11116.0,7,1864.07,266.29571428571427,15,0.10614285714285714,6,8,2023-09-14,2.0,5.0,-3.0,659,Consumer,Email,0
11118.0,3,554.06,184.68666666666664,16,0.13166666666666668,3,5,2025-05-31,3.0,0.0,3.0,34,Consumer,Paid Search,0
11122.0,2,70.62,35.31,145,0.027,2,2,2025-01-14,0.0,2.0,-2.0,171,Consumer,Affiliate,0
11126.0,9,4784.820000000001,531.6466666666668,44,0.11644444444444445,8,33,2023-11-06,1.0,8.0,-7.0,606,Small Business,Social,0
11128.0,6,1176.35,196.0583333333333,1,0.1445,6,21,2024-08-04,4.0,2.0,2.0,334,Small Business,Email,0
11129.0,7,1975.36,282.1942857142857,102,0.04214285714285714,7,11,2024-02-01,0.0,7.0,-7.0,519,Consumer,Affiliate,0
11132.0,6,1790.5699999999997,298.4283333333333,39,0.031166666666666665,6,10,2024-03-30,1.0,5.0,-4.0,461,Consumer,Affiliate,0
11133.0,11,4639.05,421.7318181818182,62,0.0890909090909091,10,36,2023-11-08,1.0,10.0,-9.0,604,Small Business,Direct,0
11135.0,6,736.1,122.68333333333334,82,0.05333333333333334,6,10,2024-02-14,1.0,5.0,-4.0,506,Consumer,Paid Search,0
11136.0,4,710.24,177.56,242,0.08374999999999999,4,14,2024-01-09,0.0,4.0,-4.0,542,Small Business,Social,0
11139.0,3,1730.54,576.8466666666667,4,0.10433333333333333,3,11,2025-01-20,1.0,2.0,-1.0,165,Small Business,Social,0
11141.0,5,2715.63,543.126,61,0.10740000000000001,5,16,2024-09-10,1.0,4.0,-3.0,297,Small Business,Social,0
11142.0,7,2643.14,377.59142857142854,16,0.09971428571428571,7,22,2024-05-10,2.0,5.0,-3.0,420,Small Business,Organic,0
11145.0,2,344.56,172.28,139,0.0755,2,2,2025-01-31,0.0,2.0,-2.0,154,Consumer,Paid Search,0
11146.0,6,1974.1599999999999,329.02666666666664,24,0.09683333333333333,6,22,2024-04-24,1.0,5.0,-4.0,436,Small Business,Paid Search,0
11147.0,15,9843.62,656.2413333333334,7,0.09926666666666667,13,54,2024-04-23,2.0,13.0,-11.0,437,Small Business,Organic,0
11148.0,12,7158.91,596.5758333333333,56,0.06775,10,44,2023-09-06,1.0,11.0,-10.0,667,Small Business,Paid Search,0
11149.0,7,3075.34,439.3342857142857,138,0.076,7,19,2024-06-18,0.0,7.0,-7.0,381,Small Business,Paid Search,0
11150.0,5,1702.25,340.45,204,0.0238,5,6,2023-07-17,0.0,5.0,-5.0,718,Consumer,Paid Search,0
11152.0,4,1784.78,446.195,61,0.0,4,6,2024-08-23,1.0,3.0,-2.0,315,Consumer,Affiliate,1
11154.0,1,201.0,201.0,232,0.047,1,1,2024-11-14,0.0,1.0,-1.0,232,Consumer,Email,0
11157.0,3,302.83,100.94333333333333,75,0.11766666666666666,3,10,2025-01-27,1.0,2.0,-1.0,158,Small Business,Organic,1
11158.0,3,1614.72,538.24,325,0.08466666666666667,3,6,2024-04-22,0.0,3.0,-3.0,438,Consumer,Paid Search,0
11160.0,6,1889.21,314.86833333333334,71,0.029333333333333333,6,10,2024-07-06,2.0,4.0,-2.0,363,Consumer,Paid Search,0
11161.0,13,13902.85,1069.45,6,0.1366923076923077,13,88,2024-03-19,3.0,10.0,-7.0,472,Enterprise,Social,0
11162.0,5,1645.44,329.088,35,0.11539999999999999,5,21,2023-11-19,1.0,4.0,-3.0,593,Small Business,Direct,1
11164.0,9,3074.19,341.57666666666665,46,0.04055555555555555,9,12,2023-09-06,1.0,8.0,-7.0,667,Consumer,Paid Search,0
11165.0,7,7242.02,1034.5742857142857,93,0.13485714285714284,7,45,2024-10-14,0.0,7.0,-7.0,263,Enterprise,Affiliate,0
11166.0,9,6941.03,771.2255555555555,15,0.14544444444444443,9,51,2024-09-06,4.0,5.0,-1.0,301,Enterprise,Direct,0
11172.0,5,3202.02,640.404,39,0.0708,5,17,2024-07-15,1.0,4.0,-3.0,354,Small Business,Organic,0
11176.0,4,717.08,179.27,4,0.07050000000000001,4,7,2024-08-17,3.0,1.0,2.0,321,Consumer,Paid Search,0
11177.0,8,1824.91,228.11375,126,0.0385,8,11,2023-07-12,0.0,8.0,-8.0,723,Consumer,Paid Search,0
11178.0,9,6458.3099999999995,717.5899999999999,67,0.05888888888888889,9,31,2023-09-23,1.0,8.0,-7.0,650,Small Business,Affiliate,0
11179.0,4,455.02,113.755,24,0.06025,4,5,2023-11-08,1.0,3.0,-2.0,604,Consumer,Social,1
11180.0,9,4918.84,546.5377777777778,109,0.013444444444444445,9,15,2023-05-28,0.0,9.0,-9.0,768,Consumer,Social,0
11181.0,6,1398.15,233.025,32,0.059,6,8,2024-05-21,1.0,5.0,-4.0,409,Consumer,Social,1
11186.0,2,531.52,265.76,45,0.068,2,4,2025-03-29,1.0,1.0,0.0,97,Consumer,Direct,0
11187.0,3,403.28,134.42666666666665,265,0.068,3,5,2024-03-25,0.0,3.0,-3.0,466,Consumer,Email,1
11189.0,3,1667.09,555.6966666666666,136,0.02266666666666667,3,4,2024-06-23,0.0,3.0,-3.0,376,Consumer,Affiliate,1
11190.0,8,2631.41,328.92625,3,0.082,7,33,2024-11-30,3.0,5.0,-2.0,216,Small Business,Organic,0
11193.0,5,634.28,126.856,217,0.0372,4,6,2024-04-16,0.0,5.0,-5.0,444,Consumer,Social,1
11195.0,5,969.96,193.99200000000002,8,0.071,5,8,2024-02-10,1.0,4.0,-3.0,510,Consumer,Organic,0
11196.0,11,4172.15,379.2863636363636,10,0.09636363636363637,11,40,2023-09-22,2.0,9.0,-7.0,651,Small Business,Paid Search,0
11197.0,15,21968.0,1464.5333333333333,21,0.11753333333333332,15,103,2023-08-22,3.0,12.0,-9.0,682,Enterprise,Organic,0
11198.0,2,42.78,21.39,98,0.0645,2,2,2025-01-30,0.0,2.0,-2.0,155,Consumer,Direct,0
11200.0,2,656.6,328.3,23,0.1605,2,5,2025-02-11,1.0,1.0,0.0,143,Small Business,Paid Search,1
11201.0,5,2251.56,450.312,146,0.11299999999999999,5,19,2023-05-29,0.0,5.0,-5.0,767,Small Business,Paid Search,0
11204.0,6,1735.63,289.2716666666667,52,0.07366666666666667,6,22,2024-12-16,1.0,5.0,-4.0,200,Small Business,Organic,0
11205.0,1,34.37,34.37,207,0.0,1,1,2024-12-09,0.0,1.0,-1.0,207,Consumer,Email,0
11206.0,1,154.32,154.32,126,0.052,1,1,2025-02-28,0.0,1.0,-1.0,126,Consumer,Organic,0
11207.0,3,563.28,187.76,67,0.11466666666666665,3,5,2024-10-27,1.0,2.0,-1.0,250,Consumer,Organic,0
11208.0,3,1180.67,393.5566666666667,54,0.13333333333333333,3,13,2025-01-02,1.0,2.0,-1.0,183,Small Business,Social,0
11210.0,4,1800.79,450.1975,138,0.0595,4,6,2024-06-19,0.0,4.0,-4.0,380,Consumer,Organic,0
11211.0,3,688.03,229.34333333333333,38,0.007333333333333333,3,5,2024-12-07,1.0,2.0,-1.0,209,Consumer,Social,0
11212.0,4,1086.54,271.635,95,0.023500000000000004,4,5,2023-06-11,0.0,4.0,-4.0,754,Consumer,Social,0
11214.0,5,491.0,98.2,87,0.0736,5,6,2024-10-04,1.0,4.0,-3.0,273,Consumer,Social,1
11215.0,3,901.26,300.42,214,0.08433333333333333,3,5,2024-05-16,0.0,3.0,-3.0,414,Consumer,Paid Search,0
11217.0,3,1201.82,400.6066666666666,67,0.084,3,9,2025-03-25,1.0,2.0,-1.0,101,Small Business,Paid Search,0
11218.0,5,1168.21,233.642,93,0.0892,5,20,2024-06-27,0.0,5.0,-5.0,372,Small Business,Email,0
11219.0,3,1721.15,573.7166666666667,6,0.104,3,5,2025-03-19,2.0,1.0,1.0,107,Consumer,Paid Search,0
11220.0,2,49.11,24.555,85,0.016,2,3,2024-12-25,1.0,1.0,0.0,191,Consumer,Affiliate,0
11222.0,2,294.26,147.13,133,0.081,2,4,2024-10-08,0.0,2.0,-2.0,269,Consumer,Paid Search,0
11223.0,3,1160.58,386.85999999999996,42,0.05333333333333334,3,5,2024-05-14,2.0,1.0,1.0,416,Consumer,Paid Search,0
11224.0,1,66.96,66.96,82,0.08,1,1,2025-04-13,1.0,0.0,1.0,82,Consumer,Direct,0
11225.0,10,5627.79,562.779,1,0.09419999999999999,10,31,2024-09-06,4.0,6.0,-2.0,301,Small Business,Social,0
11226.0,14,22726.35,1623.310714285714,23,0.11278571428571428,14,112,2023-12-07,2.0,12.0,-10.0,575,Enterprise,Email,0
11228.0,6,900.01,150.00166666666667,75,0.051833333333333335,6,9,2023-08-16,1.0,5.0,-4.0,688,Consumer,Social,0
11231.0,12,9269.48,772.4566666666666,105,0.10866666666666668,12,43,2023-10-13,0.0,12.0,-12.0,630,Small Business,Affiliate,0
11234.0,2,581.64,290.82,49,0.0365,2,4,2025-02-21,1.0,1.0,0.0,133,Consumer,Organic,1
11235.0,2,305.85,152.925,10,0.11499999999999999,2,3,2024-11-28,1.0,1.0,0.0,218,Consumer,Affiliate,1
11236.0,2,717.4200000000001,358.71000000000004,145,0.077,2,4,2023-07-26,0.0,2.0,-2.0,709,Consumer,Paid Search,0
11237.0,4,2768.06,692.015,284,0.08575,4,8,2023-11-14,0.0,4.0,-4.0,598,Consumer,Social,0
11239.0,10,3269.12,326.912,66,0.13520000000000001,10,31,2023-12-30,1.0,9.0,-8.0,552,Small Business,Affiliate,0
11240.0,6,1154.75,192.45833333333334,73,0.10783333333333334,6,8,2024-05-19,1.0,5.0,-4.0,411,Consumer,Paid Search,1
11241.0,4,194.9,48.725,100,0.0295,4,6,2024-12-15,0.0,4.0,-4.0,201,Consumer,Organic,1
11242.0,2,690.3299999999999,345.16499999999996,211,0.093,2,3,2024-01-12,0.0,2.0,-2.0,539,Consumer,Paid Search,0
11246.0,9,6192.34,688.0377777777778,43,0.08655555555555555,8,32,2023-08-11,2.0,7.0,-5.0,693,Small Business,Paid Search,0
11247.0,3,1119.05,373.01666666666665,84,0.05366666666666666,3,7,2024-10-16,1.0,2.0,-1.0,261,Small Business,Email,0
11251.0,2,231.67,115.835,66,0.1565,2,9,2025-04-23,2.0,0.0,2.0,72,Small Business,Organic,0
11252.0,8,1262.01,157.75125,60,0.06275,7,10,2024-08-18,2.0,6.0,-4.0,320,Consumer,Organic,1
11253.0,8,1425.25,178.15625,27,0.057625,7,13,2024-11-01,2.0,6.0,-4.0,245,Consumer,Paid Search,0
11255.0,8,1945.55,243.19375,22,0.037250000000000005,8,12,2024-01-11,2.0,6.0,-4.0,540,Consumer,Affiliate,0
11257.0,7,2922.46,417.4942857142857,11,0.11242857142857143,7,29,2025-01-27,4.0,3.0,1.0,158,Small Business,Paid Search,0
11258.0,15,11991.199999999999,799.4133333333333,6,0.13466666666666666,15,105,2024-03-29,3.0,12.0,-9.0,462,Enterprise,Organic,0
11260.0,7,2365.63,337.94714285714286,115,0.10642857142857143,7,24,2024-09-05,0.0,7.0,-7.0,302,Small Business,Social,0
11261.0,6,3571.51,595.2516666666667,14,0.06116666666666667,6,21,2024-05-04,1.0,5.0,-4.0,426,Small Business,Affiliate,0
11264.0,1,1041.42,1041.42,204,0.199,1,3,2024-12-12,0.0,1.0,-1.0,204,Small Business,Direct,0
11266.0,3,1371.1599999999999,457.0533333333333,17,0.08033333333333333,3,6,2025-04-09,3.0,0.0,3.0,86,Consumer,Organic,0
11267.0,4,1555.1999999999998,388.79999999999995,178,0.13674999999999998,3,14,2024-10-17,0.0,4.0,-4.0,260,Small Business,Direct,0
11268.0,8,784.11,98.01375,74,0.030875,8,11,2024-06-28,1.0,7.0,-6.0,371,Consumer,Paid Search,0
11269.0,5,1876.72,375.344,89,0.057999999999999996,4,9,2024-02-20,1.0,4.0,-3.0,500,Consumer,Paid Search,0
11270.0,5,1447.76,289.552,2,0.10800000000000001,5,20,2024-12-01,3.0,2.0,1.0,215,Small Business,Direct,0
11271.0,4,1737.8500000000001,434.46250000000003,39,0.068,4,7,2025-02-25,1.0,3.0,-2.0,129,Consumer,Organic,0
11273.0,2,291.58,145.79,27,0.035,2,3,2025-04-05,1.0,1.0,0.0,90,Consumer,Affiliate,0
11274.0,3,2241.9,747.3000000000001,7,0.09699999999999999,3,9,2025-01-17,2.0,1.0,1.0,168,Small Business,Organic,0
11277.0,3,485.09999999999997,161.7,93,0.023333333333333334,3,5,2024-08-03,0.0,3.0,-3.0,335,Consumer,Paid Search,1
11280.0,4,531.38,132.845,218,0.07975,4,7,2023-10-27,0.0,4.0,-4.0,616,Consumer,Direct,0
11281.0,3,294.07,98.02333333333333,60,0.043666666666666666,3,4,2024-09-14,1.0,2.0,-1.0,293,Consumer,Direct,0
11282.0,1,264.6,264.6,6,0.035,1,2,2025-06-28,1.0,0.0,1.0,6,Consumer,Direct,1
11284.0,1,481.02,481.02,19,0.129,1,2,2025-06-15,1.0,0.0,1.0,19,Consumer,Social,0
11285.0,6,3373.0399999999995,562.1733333333333,23,0.0805,6,22,2024-11-20,2.0,4.0,-2.0,226,Small Business,Paid Search,0
11287.0,8,547.28,68.41,40,0.055875,8,12,2024-08-29,2.0,6.0,-4.0,309,Consumer,Direct,0
11288.0,5,2248.3,449.66,13,0.0886,5,15,2024-08-27,1.0,4.0,-3.0,311,Small Business,Affiliate,1
11292.0,2,1764.67,882.335,43,0.0805,2,3,2024-07-02,1.0,1.0,0.0,367,Consumer,Paid Search,0
11293.0,8,1703.97,212.99625,50,0.066625,8,12,2024-01-23,3.0,5.0,-2.0,528,Consumer,Organic,0
11294.0,1,386.26,386.26,445,0.0,1,2,2024-04-15,0.0,1.0,-1.0,445,Consumer,Social,0
11295.0,4,722.6499999999999,180.66249999999997,28,0.10475000000000001,4,14,2024-09-01,1.0,3.0,-2.0,306,Small Business,Email,0
11296.0,3,590.44,196.81333333333336,70,0.028999999999999998,3,5,2025-01-03,1.0,2.0,-1.0,182,Consumer,Social,0
11299.0,3,627.23,209.07666666666668,52,0.08999999999999998,3,4,2024-12-02,1.0,2.0,-1.0,214,Consumer,Paid Search,0
11300.0,2,486.19000000000005,243.09500000000003,15,0.053000000000000005,2,3,2024-08-20,1.0,1.0,0.0,318,Consumer,Organic,0
11301.0,3,789.1600000000001,263.05333333333334,72,0.079,3,9,2024-10-16,1.0,2.0,-1.0,261,Small Business,Affiliate,0
11302.0,2,287.97,143.985,17,0.0385,2,3,2025-03-29,1.0,1.0,0.0,97,Consumer,Direct,1
11304.0,8,1932.1,241.5125,100,0.078125,8,12,2024-05-29,0.0,8.0,-8.0,401,Consumer,Organic,0
11306.0,6,2213.85,368.97499999999997,25,0.02266666666666667,6,9,2024-02-20,1.0,5.0,-4.0,500,Consumer,Paid Search,0
11307.0,6,874.99,145.83166666666668,5,0.09133333333333334,6,8,2024-07-02,1.0,5.0,-4.0,367,Consumer,Paid Search,0
11309.0,14,9912.43,708.0307142857143,22,0.1502857142857143,14,120,2024-03-05,4.0,10.0,-6.0,486,Enterprise,Social,0
11310.0,2,182.5,91.25,79,0.008,2,3,2024-01-05,1.0,1.0,0.0,546,Consumer,Organic,0
11311.0,1,230.52,230.52,156,0.09,1,2,2025-01-29,0.0,1.0,-1.0,156,Consumer,Paid Search,0
11312.0,2,2043.6100000000001,1021.8050000000001,178,0.156,2,7,2024-12-03,0.0,2.0,-2.0,213,Small Business,Paid Search,0
11313.0,3,217.75,72.58333333333333,315,0.06666666666666667,3,5,2023-10-07,0.0,3.0,-3.0,636,Consumer,Email,0
11314.0,16,7612.05,475.753125,93,0.1029375,15,59,2023-05-18,0.0,16.0,-16.0,778,Small Business,Paid Search,0
11315.0,4,1338.6200000000001,334.65500000000003,114,0.09425,4,6,2024-04-30,0.0,4.0,-4.0,430,Consumer,Paid Search,0
11316.0,2,577.88,288.94,13,0.039,2,2,2024-10-26,1.0,1.0,0.0,251,Consumer,Paid Search,0
11317.0,10,9733.88,973.3879999999999,31,0.1565,10,81,2024-04-02,2.0,8.0,-6.0,458,Enterprise,Social,0
11320.0,6,1531.81,255.30166666666665,97,0.0815,6,10,2024-04-17,0.0,6.0,-6.0,443,Consumer,Organic,0
11321.0,2,152.59,76.295,106,0.016,2,3,2024-09-03,0.0,2.0,-2.0,304,Consumer,Paid Search,0
11322.0,4,1766.8500000000001,441.71250000000003,100,0.042749999999999996,4,6,2024-02-16,0.0,4.0,-4.0,504,Consumer,Paid Search,0
11323.0,1,260.94,260.94,117,0.055,1,1,2025-03-09,0.0,1.0,-1.0,117,Consumer,Affiliate,1
11324.0,4,1365.57,341.3925,95,0.10250000000000001,4,13,2024-05-03,0.0,4.0,-4.0,427,Small Business,Paid Search,0
11326.0,3,1060.79,353.59666666666664,25,0.010333333333333333,3,5,2024-08-22,2.0,1.0,1.0,316,Consumer,Paid Search,0
11330.0,5,927.22,185.44400000000002,7,0.05740000000000001,5,7,2025-01-27,2.0,3.0,-1.0,158,Consumer,Paid Search,0
11331.0,4,1345.69,336.4225,91,0.0705,4,6,2024-10-06,0.0,4.0,-4.0,271,Consumer,Email,0
11333.0,12,15204.44,1267.0366666666666,36,0.14033333333333334,11,80,2024-06-14,4.0,8.0,-4.0,385,Enterprise,Social,0
11336.0,5,1009.79,201.958,7,0.0624,5,7,2025-01-16,4.0,1.0,3.0,169,Consumer,Social,0
11337.0,2,101.19999999999999,50.599999999999994,56,0.0345,2,3,2025-01-17,1.0,1.0,0.0,168,Consumer,Organic,0
11338.0,6,355.01,59.16833333333333,168,0.03316666666666667,6,7,2023-12-26,0.0,6.0,-6.0,556,Consumer,Organic,1
11339.0,1,630.54,630.54,244,0.107,1,1,2024-11-02,0.0,1.0,-1.0,244,Consumer,Social,1
11340.0,2,440.36,220.18,56,0.055999999999999994,2,2,2025-03-23,1.0,1.0,0.0,103,Consumer,Social,0
11346.0,6,923.72,153.95333333333335,88,0.03316666666666667,6,10,2023-09-11,1.0,5.0,-4.0,662,Consumer,Social,0
11347.0,2,245.74,122.87,156,0.15,2,4,2024-09-20,0.0,2.0,-2.0,287,Consumer,Social,0
11348.0,1,236.08,236.08,131,0.139,1,2,2025-02-23,0.0,1.0,-1.0,131,Consumer,Organic,0
11349.0,3,4292.16,1430.72,99,0.055333333333333325,3,12,2025-01-25,0.0,3.0,-3.0,160,Small Business,Organic,0
11350.0,11,6077.52,552.5018181818182,80,0.08572727272727272,11,37,2024-04-07,2.0,9.0,-7.0,453,Small Business,Direct,0
11352.0,2,396.85,198.425,185,0.052,2,3,2024-09-15,0.0,2.0,-2.0,292,Consumer,Email,0
11353.0,2,147.22000000000003,73.61000000000001,44,0.0135,2,3,2024-12-07,1.0,1.0,0.0,209,Consumer,Paid Search,0
11355.0,2,156.28,78.14,170,0.123,1,2,2024-09-30,0.0,2.0,-2.0,277,Consumer,Social,0
11356.0,3,419.25,139.75,69,0.06866666666666667,3,4,2024-12-25,1.0,2.0,-1.0,191,Consumer,Affiliate,1
11357.0,1,25.86,25.86,91,0.082,1,1,2025-04-04,0.0,1.0,-1.0,91,Consumer,Direct,0
11358.0,1,33.05,33.05,197,0.0,1,1,2024-12-19,0.0,1.0,-1.0,197,Consumer,Paid Search,0
11359.0,9,4908.5,545.3888888888889,76,0.09844444444444445,9,28,2024-06-17,1.0,8.0,-7.0,382,Small Business,Direct,0
11360.0,4,1365.12,341.28,45,0.15875,4,14,2024-12-19,1.0,3.0,-2.0,197,Small Business,Organic,0
11361.0,3,1258.77,419.59,115,0.04933333333333333,3,5,2024-09-26,0.0,3.0,-3.0,281,Consumer,Email,0
11363.0,4,901.8599999999999,225.46499999999997,76,0.06924999999999999,4,6,2024-07-12,1.0,3.0,-2.0,357,Consumer,Social,0
11366.0,2,54.68,27.34,35,0.009500000000000001,2,3,2025-03-24,1.0,1.0,0.0,102,Consumer,Organic,0
11367.0,9,4308.89,478.7655555555556,38,0.07566666666666667,9,33,2024-07-12,2.0,7.0,-5.0,357,Small Business,Paid Search,0
11368.0,1,155.37,155.37,5,0.0,1,1,2025-06-29,1.0,0.0,1.0,5,Consumer,Paid Search,0
11373.0,6,2554.7200000000003,425.7866666666667,27,0.12283333333333334,6,42,2024-11-16,2.0,4.0,-2.0,230,Enterprise,Organic,0
11375.0,4,769.52,192.38,72,0.0705,4,5,2024-12-07,1.0,3.0,-2.0,209,Consumer,Social,0
11377.0,2,942.3700000000001,471.18500000000006,20,0.0525,2,2,2024-09-24,1.0,1.0,0.0,283,Consumer,Affiliate,0
11379.0,5,463.52,92.704,214,0.0134,5,9,2023-05-14,0.0,5.0,-5.0,782,Consumer,Email,0
11380.0,7,1707.2800000000002,243.89714285714288,118,0.04928571428571429,6,11,2024-04-01,0.0,7.0,-7.0,459,Consumer,Social,1
11381.0,3,1187.99,395.99666666666667,216,0.15166666666666667,3,25,2024-08-07,0.0,3.0,-3.0,331,Enterprise,Social,0
11384.0,8,2888.6400000000003,361.08000000000004,64,0.054125,8,13,2024-07-21,1.0,7.0,-6.0,348,Consumer,Organic,0
11385.0,3,935.09,311.69666666666666,136,0.0003333333333333333,3,4,2024-12-09,0.0,3.0,-3.0,207,Consumer,Paid Search,0
11386.0,6,3314.06,552.3433333333334,22,0.09383333333333334,6,23,2024-10-07,4.0,2.0,2.0,270,Small Business,Paid Search,0
11391.0,5,1031.68,206.336,27,0.0636,4,8,2024-03-22,2.0,3.0,-1.0,469,Consumer,Paid Search,0
11392.0,4,1247.42,311.855,181,0.0345,4,7,2024-09-24,0.0,4.0,-4.0,283,Consumer,Affiliate,0
11395.0,3,1021.3599999999999,340.4533333333333,231,0.06666666666666667,3,4,2024-08-03,0.0,3.0,-3.0,335,Consumer,Paid Search,0
11397.0,2,237.3,118.65,89,0.06899999999999999,2,4,2025-03-14,1.0,1.0,0.0,112,Consumer,Paid Search,0
11398.0,6,1402.29,233.715,68,0.07166666666666667,6,8,2024-06-25,1.0,5.0,-4.0,374,Consumer,Paid Search,0
11399.0,2,274.19,137.095,286,0.0965,2,3,2024-08-07,0.0,2.0,-2.0,331,Consumer,Paid Search,0
11402.0,5,4860.34,972.068,4,0.0762,5,30,2024-11-26,1.0,4.0,-3.0,220,Enterprise,Email,0
11405.0,1,152.76,152.76,341,0.104,1,2,2024-07-28,0.0,1.0,-1.0,341,Consumer,Affiliate,0
11407.0,6,6553.6,1092.2666666666667,110,0.07133333333333333,6,21,2024-04-13,0.0,6.0,-6.0,447,Small Business,Social,0
11409.0,4,724.47,181.1175,187,0.0945,4,6,2024-07-05,0.0,4.0,-4.0,364,Consumer,Organic,0
11410.0,1,169.2,169.2,126,0.027,1,2,2025-02-28,0.0,1.0,-1.0,126,Consumer,Organic,0
11411.0,5,1279.42,255.88400000000001,0,0.0898,4,8,2025-02-18,3.0,2.0,1.0,136,Consumer,Direct,0
11412.0,20,26207.059999999998,1310.3529999999998,52,0.13125,19,150,2023-11-18,1.0,19.0,-18.0,594,Enterprise,Social,0
11413.0,2,130.94,65.47,102,0.001,2,4,2024-09-23,0.0,2.0,-2.0,284,Consumer,Social,0
11415.0,2,436.22,218.11,26,0.0195,2,3,2024-12-27,1.0,1.0,0.0,189,Consumer,Organic,0
11416.0,6,914.3699999999999,152.39499999999998,87,0.0535,6,8,2024-05-13,1.0,5.0,-4.0,417,Consumer,Direct,0
11417.0,13,4751.87,365.52846153846156,82,0.10461538461538462,12,38,2023-11-10,1.0,12.0,-11.0,602,Small Business,Email,0
11418.0,9,1803.6100000000001,200.40111111111113,19,0.060222222222222226,9,15,2024-08-31,1.0,8.0,-7.0,307,Consumer,Social,0
11421.0,3,328.89,109.63,81,0.049666666666666665,3,4,2024-07-01,1.0,2.0,-1.0,368,Consumer,Paid Search,0
11423.0,3,171.72,57.24,27,0.06833333333333334,2,3,2025-01-03,1.0,2.0,-1.0,182,Consumer,Paid Search,0
11425.0,4,588.44,147.11,378,0.04775,4,6,2023-10-31,0.0,4.0,-4.0,612,Consumer,Organic,0
11426.0,5,893.38,178.676,30,0.0428,5,7,2024-11-09,2.0,3.0,-1.0,237,Consumer,Direct,0
11427.0,2,489.25,244.625,33,0.07050000000000001,2,3,2025-05-05,2.0,0.0,2.0,60,Consumer,Paid Search,0
11428.0,4,1098.2,274.55,14,0.10049999999999999,4,13,2024-07-05,1.0,3.0,-2.0,364,Small Business,Social,0
11429.0,2,85.41,42.705,278,0.0355,2,2,2024-06-01,0.0,2.0,-2.0,398,Consumer,Social,0
11430.0,5,735.3199999999999,147.064,15,0.0464,5,7,2023-12-23,1.0,4.0,-3.0,559,Consumer,Social,0
11431.0,3,978.1600000000001,326.05333333333334,3,0.08900000000000001,3,6,2024-11-23,2.0,1.0,1.0,223,Consumer,Paid Search,0
11434.0,2,135.68,67.84,339,0.0185,2,2,2024-05-31,0.0,2.0,-2.0,399,Consumer,Social,0
11436.0,2,1706.28,853.14,103,0.12,2,13,2024-09-05,0.0,2.0,-2.0,302,Enterprise,Paid Search,0
11438.0,4,2535.32,633.83,270,0.056499999999999995,4,7,2024-02-24,0.0,4.0,-4.0,496,Consumer,Affiliate,0
11443.0,7,4428.81,632.6871428571429,66,0.13428571428571429,7,43,2024-08-01,1.0,6.0,-5.0,337,Enterprise,Social,0
11445.0,1,28.16,28.16,58,0.019,1,2,2025-05-07,1.0,0.0,1.0,58,Consumer,Organic,1
11446.0,5,1000.36,200.072,44,0.0738,5,7,2024-10-21,1.0,4.0,-3.0,256,Consumer,Organic,1
11448.0,5,3602.7799999999997,720.5559999999999,65,0.0808,5,16,2024-10-07,1.0,4.0,-3.0,270,Small Business,Direct,0
11449.0,4,3851.9300000000003,962.9825000000001,24,0.1295,4,15,2024-10-24,2.0,2.0,0.0,253,Small Business,Social,0
11451.0,2,192.11,96.055,60,0.088,2,3,2024-11-07,1.0,1.0,0.0,239,Consumer,Direct,0
11452.0,2,215.77,107.885,125,0.051000000000000004,2,2,2024-06-23,0.0,2.0,-2.0,376,Consumer,Paid Search,1
11453.0,3,345.91999999999996,115.30666666666666,66,0.11399999999999999,3,8,2024-06-23,1.0,2.0,-1.0,376,Small Business,Direct,0
11456.0,3,401.12,133.70666666666668,193,0.067,3,5,2023-11-08,0.0,3.0,-3.0,604,Consumer,Paid Search,1
11457.0,2,649.71,324.855,95,0.11049999999999999,2,7,2025-02-11,0.0,2.0,-2.0,143,Small Business,Organic,0
11458.0,2,347.78999999999996,173.89499999999998,106,0.041,2,3,2024-11-24,0.0,2.0,-2.0,222,Consumer,Affiliate,0
11463.0,2,1139.78,569.89,106,0.0615,2,4,2024-09-18,0.0,2.0,-2.0,289,Consumer,Affiliate,0
11465.0,3,725.46,241.82000000000002,6,0.025333333333333333,3,6,2024-09-21,2.0,1.0,1.0,286,Consumer,Paid Search,0
11467.0,16,3994.15,249.634375,97,0.099625,16,49,2023-09-04,0.0,16.0,-16.0,669,Small Business,Organic,0
11468.0,1,62.8,62.8,248,0.119,1,1,2024-10-29,0.0,1.0,-1.0,248,Consumer,Paid Search,1
11470.0,5,688.01,137.602,83,0.061,5,6,2024-01-16,1.0,4.0,-3.0,535,Consumer,Organic,0
11471.0,3,465.67999999999995,155.22666666666666,13,0.08233333333333333,3,6,2025-04-10,3.0,0.0,3.0,85,Consumer,Social,0
11473.0,4,259.92,64.98,107,0.083,4,6,2024-02-23,0.0,4.0,-4.0,497,Consumer,Paid Search,0
11474.0,5,596.67,119.33399999999999,11,0.0482,5,7,2024-05-16,1.0,4.0,-3.0,414,Consumer,Social,1
11475.0,3,460.49,153.49666666666667,169,0.09533333333333334,3,14,2024-11-02,0.0,3.0,-3.0,244,Small Business,Email,0
11476.0,2,771.2199999999999,385.60999999999996,48,0.0025,2,3,2024-10-24,1.0,1.0,0.0,253,Consumer,Paid Search,0
11477.0,5,2065.2400000000002,413.04800000000006,31,0.054200000000000005,5,7,2024-09-20,2.0,3.0,-1.0,287,Consumer,Paid Search,0
11479.0,3,1012.0000000000001,337.33333333333337,268,0.05933333333333334,3,4,2024-04-03,0.0,3.0,-3.0,457,Consumer,Paid Search,0
11480.0,19,8699.93,457.891052631579,5,0.0911578947368421,19,68,2023-05-29,7.0,12.0,-5.0,767,Small Business,Social,0
11481.0,9,3733.15,414.7944444444445,0,0.10033333333333333,9,36,2023-02-12,2.0,7.0,-5.0,873,Small Business,Affiliate,0
11482.0,4,629.49,157.3725,172,0.07250000000000001,4,4,2024-06-30,0.0,4.0,-4.0,369,Consumer,Paid Search,0
11483.0,3,766.96,255.65333333333334,43,0.03266666666666667,3,5,2024-12-01,1.0,2.0,-1.0,215,Consumer,Social,0
11485.0,5,2033.34,406.668,79,0.0616,5,9,2023-08-01,1.0,4.0,-3.0,703,Consumer,Organic,1
11486.0,5,1004.74,200.948,10,0.07339999999999999,4,8,2024-10-30,2.0,3.0,-1.0,247,Consumer,Social,1
11487.0,1,150.97,150.97,214,0.061,1,1,2024-12-02,0.0,1.0,-1.0,214,Consumer,Affiliate,0
11490.0,9,2570.32,285.5911111111111,35,0.051777777777777784,9,13,2023-04-12,1.0,8.0,-7.0,814,Consumer,Email,1
11491.0,4,3261.3999999999996,815.3499999999999,19,0.10725000000000001,4,15,2024-12-30,2.0,2.0,0.0,186,Small Business,Email,0
11492.0,3,422.52000000000004,140.84,229,0.032,3,6,2024-06-24,0.0,3.0,-3.0,375,Consumer,Email,0
11494.0,4,1446.17,361.5425,250,0.037250000000000005,4,5,2024-04-20,0.0,4.0,-4.0,440,Consumer,Social,0
11496.0,2,320.65,160.325,119,0.0945,2,3,2025-02-25,0.0,2.0,-2.0,129,Consumer,Paid Search,0
11498.0,8,2858.4700000000003,357.30875000000003,14,0.10775,8,32,2024-03-26,3.0,5.0,-2.0,465,Small Business,Organic,0
11501.0,3,1944.12,648.04,43,0.056666666666666664,3,6,2024-11-11,2.0,1.0,1.0,235,Consumer,Organic,0
11502.0,8,2563.59,320.44875,16,0.06825,7,11,2024-06-29,2.0,6.0,-4.0,370,Consumer,Social,0
11503.0,6,1557.49,259.58166666666665,11,0.07516666666666667,6,8,2024-09-28,4.0,2.0,2.0,279,Consumer,Social,0
11504.0,2,344.54,172.27,175,0.0435,2,3,2024-08-02,0.0,2.0,-2.0,336,Consumer,Organic,0
11506.0,3,647.41,215.8033333333333,104,0.08333333333333333,3,13,2024-11-20,0.0,3.0,-3.0,226,Small Business,Paid Search,0
11511.0,2,123.0,61.5,31,0.0885,2,3,2025-02-04,1.0,1.0,0.0,150,Consumer,Paid Search,0
11512.0,6,2730.13,455.0216666666667,43,0.06516666666666666,6,22,2024-10-31,1.0,5.0,-4.0,246,Small Business,Social,0
11513.0,5,1389.98,277.996,46,0.0344,4,7,2024-09-01,2.0,3.0,-1.0,306,Consumer,Paid Search,1
11516.0,4,776.94,194.235,43,0.1045,4,11,2024-11-26,1.0,3.0,-2.0,220,Small Business,Paid Search,0
11521.0,3,411.29,137.09666666666666,31,0.056333333333333326,3,4,2025-02-07,2.0,1.0,1.0,147,Consumer,Email,0
11522.0,4,574.52,143.63,142,0.0285,4,7,2024-10-11,0.0,4.0,-4.0,266,Consumer,Social,0
11523.0,11,9012.49,819.3172727272727,31,0.09236363636363637,10,40,2023-08-14,2.0,9.0,-7.0,690,Small Business,Paid Search,0
11524.0,4,2013.01,503.2525,22,0.09625,4,15,2025-02-24,2.0,2.0,0.0,130,Small Business,Email,0
11526.0,1,368.5,368.5,115,0.046,1,2,2025-03-11,0.0,1.0,-1.0,115,Consumer,Social,0
11530.0,7,1722.35,246.04999999999998,20,0.07928571428571429,7,10,2024-05-26,2.0,5.0,-3.0,404,Consumer,Paid Search,0
11531.0,3,147.47,49.156666666666666,82,0.07833333333333334,3,3,2024-12-16,1.0,2.0,-1.0,200,Consumer,Social,0
11532.0,5,357.90000000000003,71.58000000000001,54,0.0786,5,10,2024-06-09,1.0,4.0,-3.0,390,Consumer,Affiliate,0
11533.0,3,424.89,141.63,95,0.056999999999999995,3,4,2024-12-07,0.0,3.0,-3.0,209,Consumer,Email,0
11534.0,16,10111.71,631.981875,18,0.157,16,109,2024-01-26,2.0,14.0,-12.0,525,Enterprise,Email,0
11535.0,2,1329.54,664.77,26,0.097,2,3,2024-07-11,1.0,1.0,0.0,358,Consumer,Paid Search,0
11536.0,2,242.95,121.475,72,0.063,2,2,2025-02-09,1.0,1.0,0.0,145,Consumer,Direct,0
11537.0,1,295.74,295.74,132,0.006,1,2,2025-02-22,0.0,1.0,-1.0,132,Consumer,Paid Search,0
11538.0,3,373.52000000000004,124.50666666666667,22,0.057333333333333326,3,5,2024-09-13,1.0,2.0,-1.0,294,Consumer,Social,0
11539.0,1,135.22,135.22,163,0.091,1,1,2025-01-22,0.0,1.0,-1.0,163,Consumer,Affiliate,0
11544.0,12,2404.82,200.40166666666667,194,0.05291666666666667,11,18,2023-09-07,0.0,12.0,-12.0,666,Consumer,Paid Search,1
11547.0,1,313.1,313.1,70,0.051,1,2,2025-04-25,1.0,0.0,1.0,70,Consumer,Affiliate,0
11548.0,5,805.5799999999999,161.11599999999999,3,0.0992,5,15,2025-01-05,2.0,3.0,-1.0,180,Small Business,Direct,1
11549.0,4,895.26,223.815,41,0.0755,4,6,2024-11-29,1.0,3.0,-2.0,217,Consumer,Social,0
11550.0,8,2988.27,373.53375,147,0.16675,7,47,2024-10-12,0.0,8.0,-8.0,265,Enterprise,Email,0
11552.0,2,803.74,401.87,125,0.15300000000000002,2,5,2024-12-22,0.0,2.0,-2.0,194,Small Business,Social,0
11553.0,3,200.45,66.81666666666666,236,0.128,3,3,2024-04-21,0.0,3.0,-3.0,439,Consumer,Paid Search,1
11554.0,10,11957.14,1195.714,24,0.089,10,34,2023-09-24,1.0,9.0,-8.0,649,Small Business,Paid Search,0
11555.0,4,735.01,183.7525,159,0.07200000000000001,4,5,2023-11-30,0.0,4.0,-4.0,582,Consumer,Paid Search,0
11556.0,4,1594.7600000000002,398.69000000000005,66,0.08424999999999999,4,7,2024-11-28,2.0,2.0,0.0,218,Consumer,Paid Search,0
11557.0,2,99.78,49.89,113,0.0,2,4,2025-01-20,0.0,2.0,-2.0,165,Consumer,Paid Search,0
11559.0,3,390.0,130.0,72,0.043000000000000003,3,3,2025-01-26,2.0,1.0,1.0,159,Consumer,Paid Search,1
11561.0,1,61.62,61.62,29,0.042,1,2,2025-06-05,1.0,0.0,1.0,29,Consumer,Affiliate,0
11562.0,3,665.0600000000001,221.6866666666667,17,0.06999999999999999,3,6,2025-02-15,1.0,2.0,-1.0,139,Consumer,Social,0
11563.0,1,1661.28,1661.28,90,0.05,1,2,2025-04-05,0.0,1.0,-1.0,90,Consumer,Email,0
11564.0,4,1676.5900000000001,419.14750000000004,110,0.0445,4,5,2024-11-24,0.0,4.0,-4.0,222,Consumer,Social,1
11569.0,1,310.1,310.1,246,0.0,1,1,2024-10-31,0.0,1.0,-1.0,246,Consumer,Affiliate,0
11570.0,2,239.83999999999997,119.91999999999999,11,0.077,2,3,2024-12-29,1.0,1.0,0.0,187,Consumer,Email,0
11571.0,4,1860.69,465.1725,112,0.10775,4,15,2024-07-17,0.0,4.0,-4.0,352,Small Business,Social,0
11573.0,3,911.9,303.96666666666664,122,0.063,3,4,2024-04-25,0.0,3.0,-3.0,435,Consumer,Affiliate,0
11574.0,7,1950.25,278.60714285714283,50,0.06914285714285714,7,12,2024-04-27,1.0,6.0,-5.0,433,Consumer,Direct,0
11575.0,8,2126.71,265.83875,12,0.061875,8,14,2023-11-21,4.0,4.0,0.0,591,Consumer,Organic,0
11576.0,2,1964.0,982.0,40,0.0545,2,8,2025-03-21,1.0,1.0,0.0,105,Small Business,Email,0
11578.0,5,761.62,152.324,103,0.052000000000000005,5,7,2023-05-03,0.0,5.0,-5.0,793,Consumer,Paid Search,0
11579.0,4,1346.96,336.74,40,0.0685,4,5,2024-12-04,1.0,3.0,-2.0,212,Consumer,Affiliate,0
11580.0,5,652.1800000000001,130.436,18,0.0656,4,7,2024-12-24,4.0,1.0,3.0,192,Consumer,Organic,0
11582.0,9,1353.94,150.4377777777778,6,0.06055555555555556,9,15,2024-01-11,2.0,7.0,-5.0,540,Consumer,Organic,0
11583.0,5,1384.0,276.8,107,0.028600000000000004,5,7,2024-06-20,0.0,5.0,-5.0,379,Consumer,Social,0
11584.0,1,695.1,695.1,76,0.126,1,5,2025-04-19,1.0,0.0,1.0,76,Small Business,Paid Search,0
11585.0,2,790.08,395.04,20,0.146,1,12,2025-06-14,2.0,0.0,2.0,20,Enterprise,Organic,0
11587.0,1,310.74,310.74,115,0.0,1,2,2025-03-11,0.0,1.0,-1.0,115,Consumer,Paid Search,0
11589.0,3,850.49,283.49666666666667,122,0.057333333333333326,3,4,2024-08-21,0.0,3.0,-3.0,317,Consumer,Social,1
11590.0,9,8922.91,991.4344444444445,0,0.1408888888888889,9,64,2024-08-23,5.0,4.0,1.0,315,Enterprise,Affiliate,0
11592.0,1,1498.2,1498.2,364,0.035,1,2,2024-07-05,0.0,1.0,-1.0,364,Consumer,Social,0
11594.0,12,1303.91,108.65916666666668,0,0.05375,12,17,2023-07-08,1.0,11.0,-10.0,727,Consumer,Affiliate,0
11595.0,2,269.94,134.97,119,0.073,2,4,2024-12-08,0.0,2.0,-2.0,208,Consumer,Email,0
11596.0,7,730.69,104.38428571428572,29,0.044,7,9,2024-04-14,1.0,6.0,-5.0,446,Consumer,Direct,0
11597.0,4,695.83,173.9575,81,0.04075,4,6,2024-12-10,1.0,3.0,-2.0,206,Consumer,Organic,0
11599.0,3,1458.0700000000002,486.02333333333337,214,0.08,3,5,2023-08-06,0.0,3.0,-3.0,698,Consumer,Social,0
11600.0,4,1473.36,368.34,34,0.11925,4,16,2024-02-17,1.0,3.0,-2.0,503,Small Business,Social,0
11601.0,2,381.18,190.59,156,0.0165,2,3,2025-01-17,0.0,2.0,-2.0,168,Consumer,Social,0
11603.0,1,1332.6,1332.6,48,0.032,1,2,2025-05-17,1.0,0.0,1.0,48,Consumer,Organic,0
11605.0,11,7618.14,692.5581818181819,44,0.1398181818181818,11,88,2023-11-04,1.0,10.0,-9.0,608,Enterprise,Organic,0
11606.0,2,1941.6200000000001,970.8100000000001,8,0.0805,2,4,2024-10-31,1.0,1.0,0.0,246,Consumer,Email,0
11607.0,6,4916.91,819.485,61,0.1605,6,44,2024-09-28,1.0,5.0,-4.0,279,Enterprise,Paid Search,0
11608.0,3,229.33,76.44333333333334,21,0.071,3,3,2024-07-28,1.0,2.0,-1.0,341,Consumer,Social,0
11609.0,3,2324.94,774.98,55,0.0,3,6,2024-05-08,1.0,2.0,-1.0,422,Consumer,Organic,0
11611.0,6,6879.03,1146.5049999999999,19,0.13399999999999998,6,46,2025-02-03,3.0,3.0,0.0,151,Enterprise,Affiliate,0
11613.0,4,926.42,231.605,32,0.025,4,7,2024-08-27,2.0,2.0,0.0,311,Consumer,Paid Search,0
11614.0,5,743.4200000000001,148.68400000000003,37,0.0536,4,8,2025-01-18,3.0,2.0,1.0,167,Consumer,Organic,0
11618.0,9,8268.86,918.7622222222222,39,0.11666666666666667,8,71,2024-07-11,1.0,8.0,-7.0,358,Enterprise,Paid Search,0
11624.0,2,909.94,454.97,57,0.0515,2,4,2025-05-03,2.0,0.0,2.0,62,Small Business,Social,0
11629.0,11,4225.27,384.1154545454546,36,0.07563636363636363,11,38,2024-02-27,2.0,9.0,-7.0,493,Small Business,Email,0
11630.0,2,322.38,161.19,31,0.0315,2,2,2024-11-02,1.0,1.0,0.0,244,Consumer,Organic,0
11631.0,4,1376.77,344.1925,166,0.149,4,19,2024-08-06,0.0,4.0,-4.0,332,Small Business,Paid Search,0
11636.0,2,1543.0800000000002,771.5400000000001,122,0.045,2,4,2025-02-04,0.0,2.0,-2.0,150,Consumer,Paid Search,0
11637.0,4,784.21,196.0525,37,0.0675,4,5,2024-03-25,1.0,3.0,-2.0,466,Consumer,Email,0
11638.0,1,159.23,159.23,78,0.0,1,1,2025-04-17,1.0,0.0,1.0,78,Consumer,Email,0
11640.0,2,215.93,107.965,60,0.033,2,3,2025-02-28,1.0,1.0,0.0,126,Consumer,Organic,1
11643.0,15,13268.27,884.5513333333333,9,0.14066666666666666,14,107,2024-07-12,4.0,11.0,-7.0,357,Enterprise,Affiliate,0
11645.0,3,434.78,144.92666666666665,8,0.167,3,24,2025-02-26,1.0,2.0,-1.0,128,Enterprise,Paid Search,0
11646.0,2,3659.29,1829.645,61,0.10400000000000001,2,9,2024-12-16,1.0,1.0,0.0,200,Small Business,Paid Search,0
11647.0,7,2962.28,423.1828571428572,16,0.11057142857142857,7,22,2024-05-24,2.0,5.0,-3.0,406,Small Business,Affiliate,0
11648.0,4,3557.33,889.3325,16,0.093,4,13,2024-07-21,1.0,3.0,-2.0,348,Small Business,Paid Search,0
11649.0,2,515.62,257.81,98,0.089,2,4,2024-09-15,0.0,2.0,-2.0,292,Consumer,Organic,1
11650.0,1,227.14,227.14,51,0.004,1,2,2025-05-14,1.0,0.0,1.0,51,Consumer,Email,0
11651.0,4,1716.28,429.07,125,0.032,4,7,2024-03-11,0.0,4.0,-4.0,480,Consumer,Email,1
11652.0,3,1105.63,368.54333333333335,145,0.08666666666666667,3,5,2024-10-15,0.0,3.0,-3.0,262,Consumer,Paid Search,0
11653.0,2,130.72,65.36,190,0.0735,2,3,2024-10-30,0.0,2.0,-2.0,247,Consumer,Paid Search,0
11654.0,4,457.45,114.3625,63,0.019,4,6,2025-01-31,1.0,3.0,-2.0,154,Consumer,Direct,0
11656.0,2,568.5,284.25,145,0.076,2,4,2024-12-14,0.0,2.0,-2.0,202,Small Business,Paid Search,0
11657.0,3,609.62,203.20666666666668,4,0.043666666666666666,3,4,2024-06-15,1.0,2.0,-1.0,384,Consumer,Paid Search,1
11662.0,4,1050.84,262.71,186,0.0665,4,6,2024-01-11,0.0,4.0,-4.0,540,Consumer,Organic,1
11664.0,4,1385.73,346.4325,184,0.059,4,6,2024-06-04,0.0,4.0,-4.0,395,Consumer,Affiliate,0
11665.0,2,329.48,164.74,60,0.115,2,4,2025-04-16,2.0,0.0,2.0,79,Consumer,Paid Search,1
11668.0,6,501.34999999999997,83.55833333333332,67,0.052833333333333336,6,8,2024-06-11,1.0,5.0,-4.0,388,Consumer,Paid Search,1
11669.0,8,1336.87,167.10875,138,0.13524999999999998,7,23,2024-05-19,0.0,8.0,-8.0,411,Small Business,Social,0
11670.0,4,769.8599999999999,192.46499999999997,94,0.07400000000000001,4,7,2024-03-05,0.0,4.0,-4.0,486,Consumer,Organic,0
11672.0,3,837.02,279.00666666666666,244,0.0,3,5,2024-08-20,0.0,3.0,-3.0,318,Consumer,Organic,0
11673.0,1,48.06,48.06,41,0.0,1,2,2025-05-24,1.0,0.0,1.0,41,Small Business,Paid Search,0
11674.0,1,127.74,127.74,199,0.063,1,2,2024-12-17,0.0,1.0,-1.0,199,Consumer,Social,1
11676.0,7,7966.219999999999,1138.0314285714285,33,0.13328571428571429,7,58,2024-05-03,1.0,6.0,-5.0,427,Enterprise,Organic,0
11678.0,5,1501.52,300.304,36,0.0264,4,8,2024-07-05,3.0,2.0,1.0,364,Consumer,Email,0
11679.0,9,1804.3999999999999,200.48888888888888,71,0.03866666666666667,9,14,2024-01-23,1.0,8.0,-7.0,528,Consumer,Paid Search,0
11680.0,4,414.23,103.5575,96,0.07425,4,7,2024-09-23,0.0,4.0,-4.0,284,Consumer,Paid Search,1
11681.0,10,4503.12,450.312,220,0.1075,10,36,2023-11-14,0.0,10.0,-10.0,598,Small Business,Paid Search,0
11682.0,6,1761.0,293.5,17,0.07816666666666668,6,21,2024-10-06,3.0,3.0,0.0,271,Small Business,Organic,0
11683.0,5,1788.85,357.77,12,0.0856,5,8,2024-04-20,2.0,3.0,-1.0,440,Consumer,Paid Search,0
11685.0,1,36.42,36.42,56,0.153,1,2,2025-05-09,1.0,0.0,1.0,56,Consumer,Social,0
11686.0,10,5919.97,591.9970000000001,211,0.152,10,83,2024-03-30,0.0,10.0,-10.0,461,Enterprise,Social,0
11687.0,5,1207.98,241.596,79,0.058600000000000006,4,9,2024-11-14,1.0,4.0,-3.0,232,Consumer,Paid Search,1
11688.0,3,146.04,48.68,107,0.021333333333333333,3,4,2024-04-18,0.0,3.0,-3.0,442,Consumer,Organic,0
11689.0,4,1532.5300000000002,383.13250000000005,18,0.01575,4,7,2024-09-06,1.0,3.0,-2.0,301,Consumer,Organic,0
11690.0,4,1036.5500000000002,259.13750000000005,53,0.012499999999999999,4,6,2024-07-11,1.0,3.0,-2.0,358,Consumer,Paid Search,0
11691.0,6,748.0799999999999,124.67999999999999,62,0.062,6,7,2023-11-25,1.0,5.0,-4.0,587,Consumer,Paid Search,1
11692.0,3,640.6700000000001,213.5566666666667,96,0.06266666666666666,3,3,2024-03-08,0.0,3.0,-3.0,483,Consumer,Social,0
11698.0,2,314.0,157.0,44,0.097,2,3,2025-03-02,1.0,1.0,0.0,124,Consumer,Social,0
11699.0,6,755.8,125.96666666666665,114,0.026166666666666668,6,8,2024-02-22,0.0,6.0,-6.0,498,Consumer,Direct,0
11701.0,8,2274.92,284.365,16,0.068,8,9,2024-01-28,3.0,5.0,-2.0,523,Consumer,Organic,0
11702.0,3,1059.7900000000002,353.2633333333334,126,0.06966666666666667,3,4,2024-10-01,0.0,3.0,-3.0,276,Consumer,Organic,0
11704.0,2,357.7,178.85,6,0.0485,2,2,2025-01-12,1.0,1.0,0.0,173,Consumer,Paid Search,0
11705.0,6,1330.83,221.80499999999998,30,0.043000000000000003,6,10,2024-11-02,1.0,5.0,-4.0,244,Consumer,Social,1
11706.0,2,495.75,247.875,89,0.063,2,3,2024-12-08,1.0,1.0,0.0,208,Consumer,Social,0
11707.0,5,3088.63,617.726,129,0.0364,5,8,2023-10-06,0.0,5.0,-5.0,637,Consumer,Direct,0
11709.0,5,1627.29,325.45799999999997,0,0.0608,5,8,2024-07-30,2.0,3.0,-1.0,339,Consumer,Paid Search,0
11710.0,2,323.4,161.7,167,0.112,2,4,2024-06-06,0.0,2.0,-2.0,393,Consumer,Social,0
11711.0,11,8005.9400000000005,727.8127272727273,26,0.13836363636363636,10,80,2024-06-13,3.0,8.0,-5.0,386,Enterprise,Paid Search,0
11714.0,3,635.7,211.9,14,0.06,3,3,2025-02-10,1.0,2.0,-1.0,144,Consumer,Affiliate,1
11716.0,13,11078.93,852.2253846153847,123,0.132,13,94,2023-09-14,0.0,13.0,-13.0,659,Enterprise,Social,0
11718.0,10,2062.94,206.294,39,0.044700000000000004,9,17,2023-11-01,2.0,8.0,-6.0,611,Consumer,Paid Search,0
11719.0,3,3225.66,1075.22,116,0.123,3,13,2024-12-09,0.0,3.0,-3.0,207,Enterprise,Organic,0
11720.0,4,1259.18,314.795,83,0.05275,4,8,2023-10-07,1.0,3.0,-2.0,636,Consumer,Organic,0
11723.0,1,100.86,100.86,45,0.061,1,1,2025-05-20,1.0,0.0,1.0,45,Consumer,Social,0
11724.0,4,944.59,236.1475,26,0.02875,4,6,2025-02-24,2.0,2.0,0.0,130,Consumer,Social,0
11725.0,2,1481.22,740.61,131,0.064,2,6,2024-05-31,0.0,2.0,-2.0,399,Small Business,Organic,0
11726.0,3,474.82000000000005,158.27333333333334,13,0.05433333333333334,3,5,2024-10-14,1.0,2.0,-1.0,263,Consumer,Paid Search,1
11727.0,5,1590.75,318.15,27,0.05800000000000001,5,9,2024-07-10,3.0,2.0,1.0,359,Consumer,Paid Search,0
11728.0,11,3610.85,328.2590909090909,182,0.11281818181818183,11,39,2023-07-06,0.0,11.0,-11.0,729,Small Business,Direct,0
11730.0,2,95.45,47.725,6,0.07200000000000001,2,3,2025-02-24,1.0,1.0,0.0,130,Consumer,Direct,0
11732.0,3,841.7900000000001,280.5966666666667,62,0.023000000000000003,3,5,2024-10-06,1.0,2.0,-1.0,271,Consumer,Organic,0
11733.0,5,954.0300000000001,190.806,1,0.07039999999999999,5,7,2024-07-12,2.0,3.0,-1.0,357,Consumer,Social,1
11734.0,7,3081.43,440.2042857142857,21,0.1417142857142857,7,23,2024-12-23,3.0,4.0,-1.0,193,Small Business,Affiliate,0
11735.0,3,187.36,62.45333333333334,19,0.072,3,4,2024-02-13,1.0,2.0,-1.0,507,Consumer,Affiliate,0
11736.0,1,42.54,42.54,2,0.115,1,2,2025-07-02,1.0,0.0,1.0,2,Consumer,Email,0
11738.0,3,717.48,239.16,10,0.06866666666666667,3,4,2024-10-17,1.0,2.0,-1.0,260,Consumer,Social,0
11739.0,2,193.73000000000002,96.86500000000001,117,0.0485,2,3,2025-01-19,0.0,2.0,-2.0,166,Consumer,Paid Search,1
11741.0,2,1628.05,814.025,44,0.087,2,9,2024-11-06,1.0,1.0,0.0,240,Small Business,Paid Search,0
11742.0,3,596.52,198.84,28,0.06866666666666667,2,12,2024-11-30,1.0,2.0,-1.0,216,Small Business,Social,0
11744.0,2,336.31,168.155,15,0.0665,2,3,2025-01-17,1.0,1.0,0.0,168,Consumer,Email,0
11745.0,6,1997.94,332.99,145,0.07816666666666666,6,11,2023-11-21,0.0,6.0,-6.0,591,Consumer,Email,0
11748.0,7,2931.02,418.71714285714285,103,0.09057142857142857,6,28,2023-10-28,0.0,7.0,-7.0,615,Small Business,Paid Search,0
11749.0,9,3619.0299999999997,402.1144444444444,40,0.10533333333333333,9,29,2023-11-20,3.0,6.0,-3.0,592,Small Business,Paid Search,1
11751.0,1,89.1,89.1,17,0.0,1,1,2025-06-17,1.0,0.0,1.0,17,Consumer,Paid Search,0
11752.0,3,791.3199999999999,263.7733333333333,31,0.06233333333333333,3,4,2024-11-15,1.0,2.0,-1.0,231,Consumer,Direct,1
11753.0,1,67.0,67.0,147,0.131,1,1,2025-02-07,0.0,1.0,-1.0,147,Consumer,Paid Search,1
11755.0,4,3751.76,937.94,21,0.15675,4,22,2025-02-05,2.0,2.0,0.0,149,Enterprise,Organic,0
11756.0,15,12132.4,808.8266666666666,82,0.12073333333333333,14,98,2023-12-23,1.0,14.0,-13.0,559,Enterprise,Affiliate,0
11757.0,9,9411.93,1045.77,39,0.16755555555555557,9,57,2023-11-08,2.0,7.0,-5.0,604,Enterprise,Organic,0
11758.0,5,1416.67,283.334,8,0.12,5,18,2024-12-02,2.0,3.0,-1.0,214,Small Business,Email,0
11760.0,2,286.03,143.015,193,0.0235,2,3,2024-12-03,0.0,2.0,-2.0,213,Consumer,Paid Search,0
11761.0,12,13865.89,1155.4908333333333,37,0.12333333333333334,12,93,2024-08-10,2.0,10.0,-8.0,328,Enterprise,Direct,0
11763.0,4,513.4000000000001,128.35000000000002,58,0.07975,4,5,2024-11-27,3.0,1.0,2.0,219,Consumer,Paid Search,0
11764.0,2,94.18,47.09,182,0.0,2,3,2024-12-27,0.0,2.0,-2.0,189,Consumer,Social,0
11765.0,8,5637.14,704.6425,280,0.102375,8,31,2024-02-25,0.0,8.0,-8.0,495,Small Business,Social,0
11769.0,1,72.24,72.24,64,0.067,1,2,2025-05-01,1.0,0.0,1.0,64,Consumer,Organic,0
11770.0,3,5243.6,1747.8666666666668,59,0.08666666666666667,3,15,2024-11-04,1.0,2.0,-1.0,242,Small Business,Paid Search,0
11771.0,12,3550.08,295.84,8,0.08441666666666665,12,42,2024-03-16,2.0,10.0,-8.0,475,Small Business,Social,0
11773.0,7,1979.49,282.7842857142857,162,0.04357142857142857,7,10,2023-11-30,0.0,7.0,-7.0,582,Consumer,Paid Search,1
11776.0,4,836.8900000000001,209.22250000000003,53,0.048,4,7,2024-04-27,1.0,3.0,-2.0,433,Consumer,Paid Search,1
11777.0,4,3948.64,987.16,109,0.11975,4,15,2024-07-14,0.0,4.0,-4.0,355,Small Business,Paid Search,0
11778.0,8,1474.65,184.33125,23,0.032375,7,15,2024-01-25,1.0,7.0,-6.0,526,Consumer,Paid Search,0
11779.0,1,237.67,237.67,36,0.023,1,1,2025-05-29,1.0,0.0,1.0,36,Consumer,Social,0
11781.0,1,130.11,130.11,292,0.051,1,1,2024-09-15,0.0,1.0,-1.0,292,Consumer,Paid Search,0
11783.0,6,1750.63,291.7716666666667,0,0.049666666666666665,6,10,2024-06-18,3.0,3.0,0.0,381,Consumer,Organic,0
11784.0,8,7339.66,917.4575,21,0.06625,8,31,2024-10-06,3.0,5.0,-2.0,271,Small Business,Paid Search,0
11787.0,6,5486.950000000001,914.4916666666668,3,0.1335,6,24,2024-10-04,2.0,4.0,-2.0,273,Small Business,Email,0
11791.0,1,18.12,18.12,81,0.071,1,1,2025-04-14,1.0,0.0,1.0,81,Consumer,Paid Search,0
11792.0,14,11212.81,800.915,22,0.12978571428571428,14,94,2024-01-23,4.0,10.0,-6.0,528,Enterprise,Organic,0
11793.0,6,768.38,128.06333333333333,7,0.041666666666666664,6,9,2023-10-12,1.0,5.0,-4.0,631,Consumer,Paid Search,1
11794.0,2,599.72,299.86,31,0.107,2,14,2025-04-06,2.0,0.0,2.0,89,Enterprise,Social,0
11796.0,3,279.94,93.31333333333333,234,0.15366666666666667,3,4,2024-08-14,0.0,3.0,-3.0,324,Consumer,Organic,0
11797.0,1,106.12,106.12,361,0.0,1,1,2024-07-08,0.0,1.0,-1.0,361,Consumer,Paid Search,0
11798.0,1,2413.23,2413.23,296,0.08,1,3,2024-09-11,0.0,1.0,-1.0,296,Small Business,Social,0
11799.0,4,459.55000000000007,114.88750000000002,9,0.0815,4,6,2024-11-03,3.0,1.0,2.0,243,Consumer,Social,0
11800.0,1,6.66,6.66,66,0.073,1,2,2025-04-29,1.0,0.0,1.0,66,Consumer,Affiliate,1
11801.0,9,9062.23,1006.9144444444444,10,0.16033333333333333,9,71,2024-09-07,3.0,6.0,-3.0,300,Enterprise,Social,0
11802.0,3,862.7299999999999,287.57666666666665,170,0.07166666666666667,3,5,2023-12-03,0.0,3.0,-3.0,579,Consumer,Social,0
11804.0,3,136.52,45.50666666666667,30,0.10333333333333333,3,5,2024-12-18,2.0,1.0,1.0,198,Consumer,Organic,1
11805.0,5,3113.5699999999997,622.7139999999999,60,0.0694,5,16,2024-04-16,2.0,3.0,-1.0,444,Small Business,Organic,0
11806.0,2,787.76,393.88,193,0.089,2,4,2024-09-14,0.0,2.0,-2.0,293,Small Business,Organic,0
11807.0,9,1927.3799999999999,214.1533333333333,72,0.10688888888888888,8,29,2024-10-05,2.0,7.0,-5.0,272,Small Business,Organic,0
11812.0,5,3279.85,655.97,288,0.0686,5,15,2023-10-28,0.0,5.0,-5.0,615,Small Business,Direct,0
11813.0,1,1959.65,1959.65,223,0.051,1,5,2024-11-23,0.0,1.0,-1.0,223,Small Business,Organic,0
11814.0,5,459.89,91.978,262,0.046,5,7,2023-10-08,0.0,5.0,-5.0,635,Consumer,Direct,1
11815.0,2,107.94,53.97,1,0.062,2,3,2024-09-19,1.0,1.0,0.0,288,Consumer,Social,1
11816.0,3,758.88,252.96,84,0.11366666666666665,3,10,2024-12-23,1.0,2.0,-1.0,193,Small Business,Direct,0
11818.0,3,221.73999999999998,73.91333333333333,0,0.05566666666666667,3,4,2024-05-14,1.0,2.0,-1.0,416,Consumer,Organic,0
11819.0,3,3186.06,1062.02,20,0.10666666666666667,3,10,2024-12-29,1.0,2.0,-1.0,187,Small Business,Social,1
11820.0,2,137.8,68.9,255,0.16049999999999998,2,4,2024-08-25,0.0,2.0,-2.0,313,Consumer,Paid Search,0
11821.0,6,1665.32,277.55333333333334,10,0.14049999999999999,6,21,2024-07-22,1.0,5.0,-4.0,347,Small Business,Paid Search,0
11823.0,4,817.12,204.28,13,0.04875,4,8,2024-11-18,1.0,3.0,-2.0,228,Consumer,Paid Search,1
11824.0,5,3958.3,791.6600000000001,38,0.099,5,20,2024-07-31,1.0,4.0,-3.0,338,Small Business,Direct,0
11825.0,3,1805.2,601.7333333333333,52,0.043666666666666666,2,6,2024-12-15,2.0,1.0,1.0,201,Consumer,Direct,1
11827.0,15,15625.9,1041.7266666666667,52,0.15273333333333333,14,104,2024-02-27,3.0,12.0,-9.0,493,Enterprise,Direct,0
11831.0,2,62.69,31.345,93,0.02,2,2,2025-01-20,0.0,2.0,-2.0,165,Consumer,Paid Search,0
11833.0,6,1132.7,188.78333333333333,70,0.0765,6,9,2024-01-17,1.0,5.0,-4.0,534,Consumer,Social,0
11835.0,3,550.11,183.37,132,0.10533333333333333,2,4,2024-11-30,0.0,3.0,-3.0,216,Consumer,Organic,0
11836.0,16,6646.34,415.39625,35,0.11775,15,59,2024-01-31,1.0,15.0,-14.0,520,Small Business,Social,0
11837.0,11,6139.92,558.1745454545454,1,0.12081818181818181,11,35,2024-06-11,1.0,10.0,-9.0,388,Small Business,Paid Search,0
11840.0,1,81.4,81.4,148,0.03,1,2,2025-02-06,0.0,1.0,-1.0,148,Consumer,Social,0
11841.0,2,104.26,52.13,167,0.0505,2,3,2024-10-19,0.0,2.0,-2.0,258,Consumer,Organic,0
11845.0,6,1857.25,309.5416666666667,112,0.044500000000000005,6,7,2024-08-30,0.0,6.0,-6.0,308,Consumer,Social,0
11846.0,4,3256.4000000000005,814.1000000000001,53,0.07350000000000001,4,13,2025-01-08,2.0,2.0,0.0,177,Small Business,Direct,0
11848.0,5,791.06,158.212,74,0.0632,5,7,2024-02-03,1.0,4.0,-3.0,517,Consumer,Direct,0
11849.0,8,6615.84,826.98,1,0.1045,8,52,2024-08-19,3.0,5.0,-2.0,319,Enterprise,Affiliate,0
11850.0,5,2437.12,487.424,154,0.0706,5,21,2023-09-12,0.0,5.0,-5.0,661,Small Business,Affiliate,0
11853.0,6,2565.8900000000003,427.64833333333337,27,0.12716666666666668,5,18,2024-06-25,1.0,5.0,-4.0,374,Small Business,Social,0
11854.0,3,280.13,93.37666666666667,77,0.062,3,5,2025-02-26,2.0,1.0,1.0,128,Consumer,Organic,0
11855.0,4,430.56,107.64,214,0.06,4,8,2023-11-13,0.0,4.0,-4.0,599,Consumer,Paid Search,0
11858.0,2,46.32,23.16,55,0.0485,2,2,2024-11-16,1.0,1.0,0.0,230,Consumer,Email,0
11860.0,9,2596.92,288.5466666666667,30,0.123,9,34,2023-10-27,2.0,7.0,-5.0,616,Small Business,Organic,0
11863.0,10,5587.76,558.7760000000001,24,0.1278,10,69,2024-06-13,4.0,6.0,-2.0,386,Enterprise,Social,0
11865.0,5,1890.66,378.132,245,0.045599999999999995,5,7,2023-09-02,0.0,5.0,-5.0,671,Consumer,Social,0
11866.0,3,710.33,236.77666666666667,12,0.06733333333333333,3,12,2025-03-15,2.0,1.0,1.0,111,Small Business,Affiliate,0
11867.0,4,533.28,133.32,193,0.07175000000000001,4,6,2024-01-31,0.0,4.0,-4.0,520,Consumer,Paid Search,0
11869.0,5,856.6,171.32,5,0.0856,5,5,2024-05-16,1.0,4.0,-3.0,414,Consumer,Paid Search,1
11870.0,7,3230.55,461.50714285714287,5,0.14257142857142857,6,23,2023-11-10,1.0,6.0,-5.0,602,Small Business,Social,0
11871.0,2,148.3,74.15,234,0.052000000000000005,2,3,2024-10-08,0.0,2.0,-2.0,269,Consumer,Paid Search,1
11873.0,3,427.4,142.46666666666667,163,0.06266666666666666,3,4,2024-06-01,0.0,3.0,-3.0,398,Consumer,Organic,0
11874.0,4,897.3199999999999,224.32999999999998,7,0.024,4,5,2024-12-22,2.0,2.0,0.0,194,Consumer,Organic,1
11875.0,4,2438.5,609.625,25,0.10625,4,16,2024-12-27,1.0,3.0,-2.0,189,Small Business,Paid Search,0
11877.0,1,17.15,17.15,418,0.002,1,1,2024-05-12,0.0,1.0,-1.0,418,Consumer,Organic,0
11878.0,5,674.04,134.808,11,0.1096,5,9,2025-01-18,4.0,1.0,3.0,167,Consumer,Social,0
11880.0,5,524.49,104.898,68,0.0402,5,8,2024-07-19,1.0,4.0,-3.0,350,Consumer,Paid Search,0
11881.0,2,834.24,417.12,25,0.0615,2,3,2025-05-26,2.0,0.0,2.0,39,Consumer,Affiliate,0
11883.0,10,17705.82,1770.5819999999999,27,0.1288,10,62,2024-06-24,4.0,6.0,-2.0,375,Enterprise,Paid Search,0
11884.0,5,575.3199999999999,115.064,42,0.05519999999999999,5,9,2024-07-25,2.0,3.0,-1.0,344,Consumer,Paid Search,1
11885.0,4,178.57,44.6425,22,0.08499999999999999,4,5,2025-01-14,1.0,3.0,-2.0,171,Consumer,Paid Search,1
11888.0,2,741.19,370.595,36,0.046,2,3,2025-02-03,1.0,1.0,0.0,151,Consumer,Direct,0
11889.0,3,1543.54,514.5133333333333,18,0.08666666666666667,3,4,2025-04-14,3.0,0.0,3.0,81,Consumer,Paid Search,0
11890.0,2,254.96,127.48,18,0.097,2,4,2024-07-26,1.0,1.0,0.0,343,Consumer,Social,0
11891.0,10,4065.48,406.548,233,0.0558,9,17,2023-06-02,0.0,10.0,-10.0,763,Consumer,Paid Search,0
11892.0,5,1406.97,281.394,38,0.09659999999999999,4,16,2024-01-23,2.0,3.0,-1.0,528,Small Business,Social,0
11893.0,2,1252.53,626.265,232,0.033,2,3,2024-01-09,0.0,2.0,-2.0,542,Consumer,Organic,0
11894.0,6,1595.6399999999999,265.94,110,0.049499999999999995,6,11,2024-03-19,0.0,6.0,-6.0,472,Consumer,Direct,0
11896.0,13,8593.72,661.0553846153846,3,0.096,13,46,2023-12-10,2.0,11.0,-9.0,572,Small Business,Paid Search,0
11897.0,9,2241.5499999999997,249.06111111111107,2,0.08333333333333333,9,31,2024-06-22,2.0,7.0,-5.0,377,Small Business,Affiliate,0
11898.0,6,2346.7200000000003,391.12000000000006,13,0.09483333333333333,6,18,2024-08-01,5.0,1.0,4.0,337,Small Business,Affiliate,0
11899.0,9,2439.91,271.1011111111111,61,0.09733333333333333,7,34,2024-07-05,2.0,7.0,-5.0,364,Small Business,Paid Search,0
11900.0,3,184.86,61.620000000000005,49,0.06033333333333333,3,5,2024-04-03,1.0,2.0,-1.0,457,Consumer,Direct,1
11901.0,11,2505.65,227.78636363636363,92,0.06563636363636363,10,19,2024-03-08,0.0,11.0,-11.0,483,Consumer,Organic,0
11902.0,3,391.47,130.49,238,0.05366666666666667,3,5,2024-08-17,0.0,3.0,-3.0,321,Consumer,Email,0
11903.0,2,467.99,233.995,127,0.08700000000000001,2,2,2024-11-30,0.0,2.0,-2.0,216,Consumer,Social,1
11909.0,3,496.85,165.61666666666667,15,0.151,3,8,2024-11-07,2.0,1.0,1.0,239,Small Business,Social,0
11910.0,3,1113.41,371.1366666666667,63,0.13633333333333333,3,12,2025-02-10,1.0,2.0,-1.0,144,Small Business,Email,0
11911.0,3,540.3,180.1,46,0.07033333333333334,3,5,2024-11-09,2.0,1.0,1.0,237,Consumer,Organic,0
11912.0,7,3180.34,454.3342857142857,1,0.06685714285714286,7,28,2024-09-09,2.0,5.0,-3.0,298,Small Business,Social,0
11913.0,8,5033.91,629.23875,3,0.10137499999999999,8,31,2024-08-25,4.0,4.0,0.0,313,Small Business,Organic,0
11914.0,4,558.72,139.68,32,0.037250000000000005,4,8,2024-06-09,1.0,3.0,-2.0,390,Consumer,Email,1
11916.0,11,3240.5299999999997,294.59363636363634,16,0.04218181818181818,10,18,2023-08-16,3.0,8.0,-5.0,688,Consumer,Social,0
11919.0,2,103.99,51.995,164,0.07100000000000001,2,2,2024-12-29,0.0,2.0,-2.0,187,Consumer,Email,0
11920.0,6,1156.18,192.6966666666667,26,0.043166666666666666,6,11,2023-09-16,1.0,5.0,-4.0,657,Consumer,Organic,0
11922.0,11,16139.0,1467.1818181818182,2,0.11718181818181818,10,75,2024-07-14,5.0,6.0,-1.0,355,Enterprise,Paid Search,0
11926.0,1,31.82,31.82,101,0.0,1,1,2025-03-25,0.0,1.0,-1.0,101,Consumer,Email,1
11929.0,4,218.69,54.6725,102,0.06675,4,6,2024-01-19,0.0,4.0,-4.0,532,Consumer,Email,1
11930.0,4,447.13,111.7825,47,0.0495,4,6,2024-10-11,1.0,3.0,-2.0,266,Consumer,Organic,0
11931.0,9,3641.73,404.63666666666666,46,0.025444444444444443,9,14,2023-12-11,1.0,8.0,-7.0,571,Consumer,Social,1
11932.0,6,555.74,92.62333333333333,11,0.05416666666666667,4,9,2024-10-31,1.0,5.0,-4.0,246,Consumer,Organic,0
11934.0,2,176.91,88.455,124,0.11049999999999999,2,8,2024-12-23,0.0,2.0,-2.0,193,Small Business,Social,0
11935.0,4,509.70000000000005,127.42500000000001,63,0.04125,4,6,2024-11-17,1.0,3.0,-2.0,229,Consumer,Affiliate,1
11937.0,3,989.38,329.79333333333335,59,0.08633333333333333,3,5,2025-04-23,3.0,0.0,3.0,72,Consumer,Paid Search,0
11938.0,9,1579.77,175.53,28,0.059222222222222225,9,11,2023-12-16,2.0,7.0,-5.0,566,Consumer,Social,0
11942.0,9,4834.39,537.1544444444445,62,0.09144444444444444,8,26,2024-08-04,1.0,8.0,-7.0,334,Small Business,Direct,0
11946.0,6,3304.2200000000003,550.7033333333334,5,0.12466666666666666,5,19,2024-04-29,2.0,4.0,-2.0,431,Small Business,Paid Search,0
11947.0,2,915.5600000000001,457.78000000000003,31,0.0195,2,3,2025-03-02,1.0,1.0,0.0,124,Consumer,Social,0
11951.0,2,109.14,54.57,18,0.0235,2,4,2025-02-12,1.0,1.0,0.0,142,Consumer,Social,0
11953.0,5,882.7099999999999,176.54199999999997,62,0.0534,5,9,2024-11-01,2.0,3.0,-1.0,245,Consumer,Social,0
11954.0,1,48.06,48.06,84,0.0,1,2,2025-04-11,1.0,0.0,1.0,84,Consumer,Social,0
11955.0,5,1237.77,247.554,19,0.048799999999999996,5,8,2024-01-12,1.0,4.0,-3.0,539,Consumer,Direct,0
11956.0,5,1303.0,260.6,68,0.044,5,7,2023-12-03,1.0,4.0,-3.0,579,Consumer,Social,1
11958.0,11,3755.73,341.43,33,0.1010909090909091,11,39,2023-08-06,2.0,9.0,-7.0,698,Small Business,Organic,0
11959.0,8,2180.35,272.54375,37,0.052625,8,14,2023-08-28,1.0,7.0,-6.0,676,Consumer,Paid Search,1
11962.0,9,1483.35,164.81666666666666,80,0.050222222222222224,9,16,2023-04-18,1.0,8.0,-7.0,808,Consumer,Paid Search,1
11963.0,4,452.4200000000001,113.10500000000002,30,0.0235,4,4,2024-06-09,1.0,3.0,-2.0,390,Consumer,Organic,0
11965.0,3,219.56,73.18666666666667,100,0.05299999999999999,3,4,2024-08-31,0.0,3.0,-3.0,307,Consumer,Social,0
11966.0,1,146.96,146.96,207,0.032,1,1,2024-12-09,0.0,1.0,-1.0,207,Consumer,Social,0
11967.0,1,301.42,301.42,7,0.028,1,1,2025-06-27,1.0,0.0,1.0,7,Consumer,Direct,1
11968.0,6,2582.87,430.4783333333333,91,0.09549999999999999,6,19,2024-02-19,0.0,6.0,-6.0,501,Small Business,Paid Search,0
11970.0,5,2712.1,542.42,26,0.1298,5,16,2024-07-02,2.0,3.0,-1.0,367,Small Business,Paid Search,0
11971.0,8,4390.42,548.8025,46,0.08,7,26,2024-10-30,2.0,6.0,-4.0,247,Small Business,Social,1
11972.0,12,8000.249999999999,666.6874999999999,53,0.10083333333333333,11,44,2024-01-27,1.0,11.0,-10.0,524,Small Business,Affiliate,0
11973.0,13,11918.18,916.7830769230769,130,0.09876923076923078,13,50,2023-11-03,0.0,13.0,-13.0,609,Small Business,Organic,0
11974.0,8,2339.71,292.46375,133,0.078125,8,11,2024-03-26,0.0,8.0,-8.0,465,Consumer,Organic,1
11976.0,1,31.08,31.08,133,0.057,1,2,2025-02-21,0.0,1.0,-1.0,133,Consumer,Affiliate,0
11977.0,3,1560.74,520.2466666666667,235,0.048999999999999995,3,5,2024-09-26,0.0,3.0,-3.0,281,Consumer,Paid Search,0
11978.0,5,1964.04,392.808,66,0.0586,5,8,2024-01-22,1.0,4.0,-3.0,529,Consumer,Social,1
11980.0,2,43.67,21.835,74,0.095,2,2,2025-04-02,1.0,1.0,0.0,93,Consumer,Social,0
11983.0,2,116.12,58.06,59,0.141,2,3,2024-11-25,1.0,1.0,0.0,221,Consumer,Social,1
11985.0,6,2235.4300000000003,372.5716666666667,56,0.056333333333333326,6,8,2023-12-03,2.0,4.0,-2.0,579,Consumer,Organic,1
11988.0,5,1699.0800000000002,339.81600000000003,38,0.1234,5,16,2024-05-14,1.0,4.0,-3.0,416,Small Business,Paid Search,0
11989.0,1,1372.64,1372.64,114,0.028,1,2,2025-03-12,0.0,1.0,-1.0,114,Consumer,Paid Search,0
11990.0,7,2877.07,411.01000000000005,141,0.09442857142857143,7,26,2024-02-23,0.0,7.0,-7.0,497,Small Business,Paid Search,0
11991.0,2,79.79,39.895,62,0.08,2,3,2025-01-13,1.0,1.0,0.0,172,Consumer,Paid Search,0
11994.0,5,518.71,103.742,95,0.0626,5,7,2024-07-28,0.0,5.0,-5.0,341,Consumer,Paid Search,0
11997.0,10,5021.2,502.12,58,0.10110000000000001,10,37,2024-06-05,3.0,7.0,-4.0,394,Small Business,Organic,0
11998.0,1,1552.54,1552.54,4,0.0,1,2,2025-06-30,1.0,0.0,1.0,4,Consumer,Social,0
