customer_id,signup_date,region_id,acquisition_channel,segment
1,2025-10-07,3,Paid Search,Consumer
2,2025-04-08,6,Social,Consumer
3,2025-03-25,6,Email,Small Business
4,2025-01-05,1,Paid Search,Consumer
5,2025-03-24,3,Email,Enterprise
6,2023-12-03,2,Paid Search,Consumer
7,2024-11-02,3,Paid Search,Consumer
8,2024-10-19,1,Social,Consumer
9,2025-05-19,4,Email,Consumer
10,2024-09-15,1,Email,Consumer
11,2024-07-23,4,Organic,Small Business
12,2025-01-03,3,Paid Search,Small Business
13,2024-04-18,6,Social,Consumer
14,2023-12-09,6,Paid Search,Consumer
15,2024-09-25,4,Paid Search,Consumer
16,2024-08-15,3,Social,Small Business
17,2024-03-18,5,Organic,Consumer
18,2024-07-09,5,Paid Search,Consumer
19,2024-07-09,1,Paid Search,Consumer
20,2024-06-08,3,Organic,Small Business
21,2024-07-18,6,Paid Search,Consumer
22,2025-01-29,2,Direct,Consumer
23,2024-05-14,1,Social,Enterprise
24,2025-08-18,6,Paid Search,Small Business
25,2025-07-11,6,Affiliate,Consumer
26,2024-09-27,4,Organic,Small Business
27,2024-06-09,4,Email,Consumer
28,2024-11-01,3,Social,Consumer
29,2025-05-12,3,Social,Consumer
30,2025-01-10,6,Organic,Consumer
31,2025-04-10,6,Social,Consumer
32,2024-10-31,3,Organic,Consumer
33,2024-12-30,2,Paid Search,Consumer
34,2024-05-07,2,Social,Small Business
35,2025-02-25,1,Paid Search,Consumer
36,2024-02-17,3,Email,Consumer
37,2025-02-03,4,Social,Consumer
38,2025-05-21,5,Direct,Small Business
39,2023-11-30,5,Paid Search,Consumer
40,2024-12-19,3,Social,Enterprise
41,2023-10-10,2,Social,Small Business
42,2025-02-20,6,Organic,Small Business
43,2023-09-24,5,Email,Small Business
44,2025-08-02,4,Social,Consumer
45,2023-12-06,1,Social,Small Business
46,2025-09-01,3,Email,Consumer
47,2025-04-08,4,Paid Search,Consumer
48,2024-12-07,6,Organic,Consumer
49,2025-03-27,4,Email,Small Business
50,2025-04-04,3,Paid Search,Consumer
51,2025-08-14,3,Organic,Small Business
52,2024-04-06,3,Email,Enterprise
53,2024-12-05,1,Paid Search,Consumer
54,2023-10-10,1,Social,Consumer
55,2024-12-20,5,Social,Consumer
56,2024-01-15,3,Email,Consumer
57,2024-11-20,6,Organic,Consumer
58,2024-11-24,3,Social,Consumer
59,2024-09-17,6,Social,Consumer
60,2024-10-24,2,Paid Search,Consumer
61,2025-03-15,2,Paid Search,Consumer
62,2025-04-07,4,Paid Search,Consumer
63,2024-10-05,5,Paid Search,Consumer
64,2024-12-11,1,Paid Search,Small Business
65,2025-07-27,4,Organic,Consumer
66,2023-11-14,2,Organic,Consumer
67,2023-11-10,5,Paid Search,Consumer
68,2023-09-29,4,Organic,Consumer
69,2025-01-13,4,Paid Search,Small Business
70,2024-08-16,2,Social,Consumer
71,2025-03-21,2,Direct,Consumer
72,2025-01-21,4,Social,Small Business
73,2024-06-13,3,Paid Search,Small Business
74,2025-06-23,5,Social,Consumer
75,2025-03-14,1,Organic,Consumer
76,2024-04-21,2,Paid Search,Consumer
77,2024-07-07,1,Direct,Consumer
78,2024-05-29,1,Social,Small Business
79,2023-12-31,2,Paid Search,Consumer
80,2023-12-19,3,Organic,Consumer
81,2025-08-02,1,Organic,Consumer
82,2024-08-29,1,Social,Small Business
83,2024-07-21,6,Direct,Consumer
84,2025-02-22,4,Affiliate,Small Business
85,2024-11-12,5,Paid Search,Consumer
86,2025-08-02,5,Paid Search,Small Business
87,2025-03-25,1,Social,Small Business
88,2024-09-26,4,Organic,Small Business
89,2024-07-16,6,Organic,Small Business
90,2025-10-23,3,Paid Search,Enterprise
91,2025-02-16,6,Direct,Small Business
92,2025-08-21,6,Social,Consumer
93,2023-11-12,4,Email,Consumer
94,2025-05-13,1,Affiliate,Consumer
95,2025-01-01,4,Paid Search,Consumer
96,2023-11-17,6,Paid Search,Consumer
97,2024-12-04,4,Paid Search,Consumer
98,2025-01-29,5,Affiliate,Enterprise
99,2023-04-12,4,Social,Consumer
100,2024-09-10,3,Affiliate,Consumer
101,2025-04-25,6,Social,Consumer
102,2024-05-13,1,Social,Consumer
103,2024-09-12,3,Affiliate,Consumer
104,2024-09-01,1,Social,Consumer
105,2024-05-18,4,Email,Consumer
106,2025-07-13,6,Social,Small Business
107,2025-03-26,6,Paid Search,Consumer
108,2023-11-01,2,Paid Search,Consumer
109,2025-11-29,5,Paid Search,Consumer
110,2025-06-06,6,Email,Consumer
111,2024-05-03,6,Social,Consumer
112,2025-05-03,4,Social,Small Business
113,2023-10-27,2,Paid Search,Consumer
114,2025-12-14,3,Organic,Consumer
115,2025-01-18,5,Email,Consumer
116,2025-01-09,4,Organic,Consumer
117,2023-10-03,3,Direct,Consumer
118,2025-06-22,2,Paid Search,Consumer
119,2023-06-06,4,Paid Search,Small Business
120,2024-03-26,3,Social,Consumer
121,2023-12-13,3,Paid Search,Consumer
122,2025-03-23,6,Organic,Consumer
123,2024-02-13,1,Email,Consumer
124,2025-07-05,2,Paid Search,Consumer
125,2025-01-12,6,Affiliate,Consumer
126,2023-06-24,6,Paid Search,Small Business
127,2023-03-09,2,Organic,Small Business
128,2023-07-28,6,Social,Consumer
129,2024-12-14,2,Organic,Consumer
130,2025-04-08,1,Paid Search,Consumer
131,2024-03-23,2,Direct,Small Business
132,2025-05-13,4,Direct,Consumer
133,2023-08-08,1,Social,Small Business
134,2025-04-08,2,Social,Consumer
135,2025-07-23,5,Organic,Consumer
136,2025-03-20,4,Organic,Consumer
137,2025-02-05,4,Organic,Consumer
138,2025-05-04,6,Organic,Consumer
139,2023-07-03,2,Affiliate,Consumer
140,2024-02-16,6,Organic,Consumer
141,2023-11-21,3,Paid Search,Enterprise
142,2024-10-13,6,Affiliate,Consumer
143,2025-03-03,5,Paid Search,Small Business
144,2024-12-28,2,Paid Search,Enterprise
145,2025-05-14,2,Direct,Consumer
146,2023-12-28,4,Paid Search,Consumer
147,2025-02-25,4,Paid Search,Consumer
148,2024-02-07,2,Organic,Small Business
149,2024-04-22,2,Affiliate,Small Business
150,2025-02-11,6,Paid Search,Enterprise
151,2025-10-08,5,Social,Consumer
152,2024-12-18,2,Paid Search,Small Business
153,2023-08-03,5,Social,Consumer
154,2024-12-20,1,Social,Consumer
155,2023-07-08,3,Paid Search,Consumer
156,2025-06-10,1,Direct,Consumer
157,2025-02-11,4,Organic,Consumer
158,2024-01-17,2,Affiliate,Consumer
159,2023-10-05,2,Affiliate,Enterprise
160,2024-01-28,2,Direct,Consumer
161,2025-10-08,2,Email,Small Business
162,2024-09-12,1,Social,Consumer
163,2025-03-28,4,Affiliate,Consumer
164,2025-01-01,6,Social,Consumer
165,2024-11-24,2,Paid Search,Small Business
166,2023-12-16,5,Social,Small Business
167,2025-08-14,4,Social,Consumer
168,2024-05-18,2,Social,Consumer
169,2024-11-28,1,Email,Consumer
170,2025-02-06,5,Social,Consumer
171,2025-01-08,1,Paid Search,Consumer
172,2025-08-07,3,Paid Search,Small Business
173,2023-12-20,1,Affiliate,Consumer
174,2024-10-15,5,Social,Consumer
175,2024-08-05,6,Social,Consumer
176,2024-09-23,2,Email,Small Business
177,2023-11-13,2,Affiliate,Consumer
178,2023-12-02,4,Social,Consumer
179,2024-04-28,4,Organic,Small Business
180,2024-05-21,3,Paid Search,Consumer
181,2024-08-22,3,Direct,Consumer
182,2024-12-17,2,Organic,Consumer
183,2024-12-31,2,Organic,Small Business
184,2024-08-11,4,Paid Search,Consumer
185,2024-08-09,5,Organic,Consumer
186,2024-03-03,5,Social,Consumer
187,2024-12-04,4,Social,Consumer
188,2024-05-31,5,Organic,Consumer
189,2023-06-24,4,Email,Consumer
190,2024-08-16,3,Social,Consumer
191,2024-09-23,3,Affiliate,Consumer
192,2024-03-11,4,Paid Search,Enterprise
193,2024-11-24,2,Organic,Consumer
194,2024-11-20,5,Paid Search,Consumer
195,2025-02-07,2,Paid Search,Consumer
196,2025-01-08,1,Affiliate,Consumer
197,2025-01-10,3,Paid Search,Small Business
198,2024-05-30,1,Affiliate,Enterprise
199,2025-03-30,2,Social,Consumer
200,2024-11-10,3,Organic,Consumer
201,2024-08-25,1,Paid Search,Consumer
202,2024-12-26,2,Organic,Small Business
203,2024-07-04,4,Affiliate,Consumer
204,2024-10-18,3,Organic,Consumer
205,2025-02-26,6,Social,Consumer
206,2025-06-12,1,Email,Consumer
207,2025-07-16,5,Organic,Consumer
208,2024-10-12,4,Paid Search,Consumer
209,2024-10-23,4,Organic,Consumer
210,2025-04-07,5,Organic,Consumer
211,2024-05-29,1,Email,Consumer
212,2025-05-03,5,Social,Consumer
213,2024-10-06,2,Social,Small Business
214,2023-11-09,4,Direct,Consumer
215,2023-09-04,2,Organic,Consumer
216,2025-05-07,3,Social,Consumer
217,2023-08-05,5,Direct,Small Business
218,2024-04-30,6,Paid Search,Small Business
219,2024-06-14,6,Social,Consumer
220,2024-01-17,5,Email,Consumer
221,2024-05-28,4,Organic,Small Business
222,2025-03-02,4,Direct,Small Business
223,2023-04-22,6,Organic,Consumer
224,2025-04-26,2,Social,Consumer
225,2025-05-18,6,Social,Consumer
226,2024-07-13,4,Paid Search,Small Business
227,2023-12-26,4,Direct,Consumer
228,2024-12-11,4,Paid Search,Enterprise
229,2023-11-14,5,Organic,Consumer
230,2024-07-07,5,Social,Consumer
231,2025-08-31,1,Paid Search,Small Business
232,2025-11-21,5,Paid Search,Small Business
233,2025-03-20,5,Organic,Small Business
234,2024-05-26,6,Paid Search,Consumer
235,2025-01-30,6,Direct,Enterprise
236,2025-02-09,6,Affiliate,Enterprise
237,2024-07-25,1,Paid Search,Enterprise
238,2025-01-04,4,Affiliate,Consumer
239,2023-04-05,6,Social,Small Business
240,2024-02-24,6,Paid Search,Consumer
241,2024-10-26,4,Social,Consumer
242,2024-01-07,6,Email,Consumer
243,2024-01-09,6,Organic,Consumer
244,2025-05-03,1,Paid Search,Enterprise
245,2025-10-30,6,Organic,Consumer
246,2024-11-14,4,Organic,Consumer
247,2025-05-05,4,Email,Small Business
248,2025-11-02,2,Organic,Consumer
249,2023-12-12,6,Email,Consumer
250,2024-09-05,2,Organic,Consumer
251,2024-07-28,3,Paid Search,Consumer
252,2023-09-17,2,Email,Consumer
253,2025-03-10,6,Social,Small Business
254,2024-08-26,3,Organic,Consumer
255,2024-09-20,1,Organic,Consumer
256,2023-12-22,1,Social,Consumer
257,2024-01-26,6,Paid Search,Small Business
258,2025-07-02,2,Organic,Consumer
259,2023-07-13,5,Affiliate,Small Business
260,2024-03-18,1,Affiliate,Consumer
261,2024-05-10,6,Organic,Consumer
262,2024-10-04,4,Paid Search,Consumer
263,2024-12-03,2,Social,Consumer
264,2024-10-06,6,Email,Consumer
265,2023-09-23,2,Social,Consumer
266,2024-03-28,6,Email,Consumer
267,2025-05-08,4,Social,Consumer
268,2025-01-02,3,Paid Search,Consumer
269,2025-01-08,1,Organic,Consumer
270,2025-01-20,2,Organic,Consumer
271,2025-03-14,1,Organic,Small Business
272,2023-08-10,6,Paid Search,Small Business
273,2024-07-09,1,Email,Small Business
274,2024-11-04,1,Social,Consumer
275,2024-06-17,1,Email,Small Business
276,2025-05-09,6,Organic,Small Business
277,2024-09-29,6,Social,Consumer
278,2025-03-18,5,Organic,Consumer
279,2025-05-15,1,Organic,Consumer
280,2024-10-13,4,Social,Small Business
281,2025-07-04,6,Organic,Consumer
282,2024-12-03,1,Paid Search,Consumer
283,2025-05-13,5,Affiliate,Consumer
284,2024-06-19,1,Social,Consumer
285,2024-10-09,5,Paid Search,Consumer
286,2024-10-30,4,Email,Consumer
287,2023-10-25,6,Paid Search,Consumer
288,2024-08-01,3,Direct,Consumer
289,2025-07-12,5,Social,Enterprise
290,2024-12-29,6,Paid Search,Consumer
291,2024-01-22,2,Paid Search,Consumer
292,2024-06-17,4,Paid Search,Consumer
293,2024-02-06,3,Paid Search,Consumer
294,2023-05-25,3,Paid Search,Small Business
295,2025-07-23,5,Social,Enterprise
296,2024-09-05,2,Social,Consumer
297,2024-05-23,1,Social,Consumer
298,2024-12-10,3,Paid Search,Consumer
299,2023-03-20,5,Paid Search,Consumer
300,2024-04-28,1,Paid Search,Consumer
301,2025-02-07,3,Paid Search,Consumer
302,2024-12-31,5,Social,Consumer
303,2025-10-12,3,Paid Search,Consumer
304,2024-12-23,4,Social,Small Business
305,2024-09-25,4,Direct,Consumer
306,2025-03-13,5,Paid Search,Small Business
307,2025-06-28,6,Paid Search,Small Business
308,2025-02-17,3,Organic,Consumer
309,2025-09-07,3,Social,Small Business
310,2025-03-26,2,Paid Search,Consumer
311,2025-05-26,3,Email,Consumer
312,2023-11-06,6,Organic,Consumer
313,2025-02-24,4,Direct,Consumer
314,2024-08-31,5,Direct,Consumer
315,2024-11-12,3,Organic,Consumer
316,2025-01-11,5,Organic,Small Business
317,2025-09-18,5,Social,Small Business
318,2025-10-18,4,Affiliate,Consumer
319,2024-05-07,6,Organic,Consumer
320,2025-02-25,6,Social,Consumer
321,2025-03-06,1,Paid Search,Small Business
322,2024-06-23,2,Organic,Consumer
323,2023-11-19,6,Social,Small Business
324,2023-07-05,3,Email,Consumer
325,2025-03-23,2,Paid Search,Consumer
326,2024-10-03,5,Email,Consumer
327,2025-10-20,4,Paid Search,Consumer
328,2024-09-17,1,Organic,Consumer
329,2025-10-03,1,Social,Small Business
330,2024-08-11,5,Social,Consumer
331,2025-04-03,5,Social,Consumer
332,2023-09-25,3,Paid Search,Consumer
333,2024-11-14,6,Paid Search,Consumer
334,2025-04-08,1,Email,Consumer
335,2025-07-20,6,Paid Search,Small Business
336,2025-04-23,1,Email,Enterprise
337,2023-06-26,4,Organic,Consumer
338,2024-07-13,6,Paid Search,Consumer
339,2023-07-22,4,Affiliate,Consumer
340,2023-10-31,5,Email,Consumer
341,2025-01-23,3,Email,Consumer
342,2025-02-13,2,Email,Consumer
343,2025-03-21,2,Organic,Consumer
344,2025-05-25,1,Direct,Enterprise
345,2025-02-28,2,Paid Search,Small Business
346,2025-04-08,2,Paid Search,Consumer
347,2023-07-22,5,Organic,Enterprise
348,2024-03-20,2,Paid Search,Small Business
349,2024-12-24,1,Organic,Consumer
350,2025-05-19,5,Social,Small Business
351,2023-03-03,4,Social,Enterprise
352,2024-10-19,2,Affiliate,Consumer
353,2025-01-24,5,Paid Search,Small Business
354,2023-06-07,2,Paid Search,Consumer
355,2024-08-03,5,Organic,Consumer
356,2025-06-21,1,Email,Small Business
357,2025-01-21,4,Affiliate,Consumer
358,2024-03-23,4,Paid Search,Consumer
359,2025-05-15,3,Affiliate,Consumer
360,2024-06-24,5,Organic,Small Business
361,2025-05-16,3,Affiliate,Small Business
362,2024-05-16,4,Paid Search,Consumer
363,2024-12-05,2,Social,Consumer
364,2024-07-31,4,Social,Consumer
365,2024-04-25,5,Organic,Consumer
366,2025-06-12,6,Paid Search,Consumer
367,2024-02-02,3,Social,Small Business
368,2023-09-25,3,Organic,Consumer
369,2024-06-20,3,Social,Consumer
370,2025-02-16,6,Social,Small Business
371,2025-04-12,6,Paid Search,Consumer
372,2025-12-10,4,Affiliate,Consumer
373,2024-05-14,5,Organic,Consumer
374,2024-08-08,1,Organic,Consumer
375,2023-12-06,5,Direct,Small Business
376,2024-11-26,5,Organic,Consumer
377,2025-12-02,5,Paid Search,Small Business
378,2025-02-06,4,Organic,Consumer
379,2024-12-08,6,Direct,Consumer
380,2024-07-28,4,Paid Search,Consumer
381,2025-07-10,6,Organic,Small Business
382,2024-10-08,2,Paid Search,Enterprise
383,2023-12-03,4,Email,Consumer
384,2024-07-08,3,Organic,Consumer
385,2023-08-26,6,Direct,Consumer
386,2024-02-17,6,Organic,Consumer
387,2023-05-02,6,Paid Search,Small Business
388,2024-09-09,2,Social,Consumer
389,2024-12-31,3,Affiliate,Consumer
390,2024-06-21,1,Paid Search,Consumer
391,2024-08-17,6,Paid Search,Consumer
392,2025-09-01,2,Organic,Small Business
393,2025-03-08,4,Social,Consumer
394,2024-11-05,3,Paid Search,Small Business
395,2024-05-04,6,Paid Search,Consumer
396,2025-06-22,5,Social,Small Business
397,2024-03-20,5,Organic,Consumer
398,2024-06-07,4,Social,Consumer
399,2025-07-03,1,Social,Consumer
400,2024-10-29,6,Email,Consumer
401,2025-03-02,1,Paid Search,Enterprise
402,2024-12-05,3,Organic,Small Business
403,2025-01-11,3,Social,Consumer
404,2024-05-16,3,Social,Consumer
405,2024-03-26,6,Organic,Consumer
406,2024-06-04,2,Organic,Consumer
407,2023-12-28,4,Direct,Consumer
408,2025-06-02,2,Paid Search,Consumer
409,2024-05-03,6,Paid Search,Consumer
410,2024-11-18,5,Social,Small Business
411,2025-04-02,3,Organic,Consumer
412,2025-03-27,1,Paid Search,Small Business
413,2024-08-30,1,Affiliate,Small Business
414,2024-09-24,2,Email,Consumer
415,2025-11-18,3,Social,Consumer
416,2025-01-23,6,Social,Consumer
417,2025-04-17,1,Paid Search,Consumer
418,2025-06-27,4,Social,Consumer
419,2025-03-30,3,Organic,Consumer
420,2024-01-30,1,Affiliate,Consumer
421,2024-11-18,4,Social,Consumer
422,2023-10-20,5,Paid Search,Small Business
423,2025-01-10,6,Paid Search,Consumer
424,2025-08-27,4,Paid Search,Small Business
425,2024-10-18,2,Direct,Consumer
426,2024-08-26,6,Email,Consumer
427,2023-06-23,2,Affiliate,Consumer
428,2025-09-02,5,Affiliate,Small Business
429,2023-10-22,6,Paid Search,Consumer
430,2023-07-05,1,Organic,Consumer
431,2024-03-30,6,Organic,Consumer
432,2023-08-23,2,Paid Search,Consumer
433,2024-09-10,3,Social,Consumer
434,2024-10-20,2,Organic,Consumer
435,2024-05-27,1,Affiliate,Consumer
436,2023-07-27,5,Paid Search,Consumer
437,2023-11-03,3,Affiliate,Consumer
438,2024-07-22,4,Direct,Consumer
439,2023-08-14,3,Direct,Consumer
440,2025-02-05,5,Paid Search,Consumer
441,2024-02-22,6,Paid Search,Consumer
442,2024-05-18,4,Organic,Consumer
443,2024-07-29,1,Social,Consumer
444,2024-08-14,2,Paid Search,Consumer
445,2023-02-07,3,Email,Consumer
446,2023-11-03,1,Paid Search,Consumer
447,2025-05-23,2,Social,Small Business
448,2023-02-02,2,Direct,Consumer
449,2024-10-15,6,Social,Consumer
450,2024-10-03,3,Affiliate,Consumer
451,2024-06-13,6,Social,Consumer
452,2024-08-25,4,Social,Small Business
453,2025-03-25,4,Paid Search,Enterprise
454,2025-05-06,6,Social,Consumer
455,2024-04-12,5,Social,Consumer
456,2024-06-04,2,Affiliate,Consumer
457,2024-03-27,2,Affiliate,Consumer
458,2024-09-27,4,Paid Search,Consumer
459,2025-01-27,1,Paid Search,Consumer
460,2024-03-14,1,Organic,Consumer
461,2024-06-11,1,Social,Consumer
462,2025-07-26,5,Paid Search,Consumer
463,2023-07-22,3,Paid Search,Consumer
464,2024-09-14,1,Paid Search,Small Business
465,2025-02-12,5,Social,Consumer
466,2023-12-22,4,Paid Search,Small Business
467,2023-07-19,5,Email,Consumer
468,2023-12-07,1,Social,Consumer
469,2025-07-13,6,Social,Consumer
470,2023-03-30,2,Social,Consumer
471,2024-02-02,4,Paid Search,Small Business
472,2023-06-12,4,Affiliate,Small Business
473,2023-11-01,2,Organic,Consumer
474,2024-12-23,3,Affiliate,Consumer
475,2024-03-26,1,Social,Consumer
476,2024-11-22,3,Social,Small Business
477,2024-12-05,5,Paid Search,Consumer
478,2025-05-13,2,Organic,Small Business
479,2023-03-05,4,Organic,Consumer
480,2025-05-16,6,Social,Consumer
481,2024-12-22,2,Paid Search,Consumer
482,2024-01-05,2,Paid Search,Small Business
483,2025-03-20,1,Paid Search,Consumer
484,2025-05-17,4,Social,Consumer
485,2024-04-07,2,Organic,Consumer
486,2025-07-13,6,Direct,Consumer
487,2024-09-10,2,Paid Search,Consumer
488,2024-12-13,4,Paid Search,Small Business
489,2025-10-18,2,Paid Search,Consumer
490,2024-07-05,2,Paid Search,Small Business
491,2025-04-16,2,Organic,Consumer
492,2024-06-01,4,Paid Search,Small Business
493,2025-04-07,1,Direct,Small Business
494,2024-12-11,1,Affiliate,Consumer
495,2024-03-02,4,Social,Enterprise
496,2024-08-13,4,Direct,Consumer
497,2024-05-31,2,Organic,Consumer
498,2023-09-14,3,Direct,Consumer
499,2023-06-08,3,Paid Search,Consumer
500,2024-06-23,5,Direct,Consumer
501,2023-05-07,3,Paid Search,Small Business
502,2024-01-09,6,Social,Enterprise
503,2025-02-20,2,Direct,Consumer
504,2025-02-10,2,Social,Small Business
505,2025-02-28,3,Paid Search,Small Business
506,2024-05-31,1,Paid Search,Small Business
507,2025-06-15,5,Paid Search,Consumer
508,2024-12-07,3,Social,Consumer
509,2023-11-22,3,Social,Consumer
510,2023-12-14,4,Organic,Small Business
511,2025-02-02,1,Email,Consumer
512,2024-01-17,3,Paid Search,Small Business
513,2024-10-15,6,Affiliate,Enterprise
514,2025-11-07,4,Organic,Consumer
515,2023-02-28,4,Email,Small Business
516,2023-04-29,4,Email,Consumer
517,2025-11-12,3,Affiliate,Consumer
518,2024-12-02,6,Paid Search,Consumer
519,2023-11-23,6,Organic,Enterprise
520,2025-06-22,3,Affiliate,Small Business
521,2025-06-07,6,Organic,Small Business
522,2024-11-02,1,Paid Search,Consumer
523,2024-12-24,2,Organic,Consumer
524,2024-04-24,2,Email,Small Business
525,2023-07-26,5,Paid Search,Small Business
526,2024-12-08,4,Organic,Enterprise
527,2024-05-12,3,Affiliate,Small Business
528,2025-01-16,2,Social,Small Business
529,2025-05-03,4,Paid Search,Consumer
530,2023-05-04,2,Organic,Small Business
531,2024-12-08,3,Organic,Consumer
532,2024-03-16,3,Social,Small Business
533,2025-06-01,6,Organic,Consumer
534,2024-04-06,5,Social,Small Business
535,2024-12-17,2,Affiliate,Consumer
536,2024-11-13,6,Email,Consumer
537,2024-07-31,4,Email,Consumer
538,2025-01-24,3,Social,Consumer
539,2025-02-20,4,Paid Search,Small Business
540,2024-11-21,2,Email,Consumer
541,2025-03-11,1,Paid Search,Consumer
542,2025-10-15,3,Social,Consumer
543,2024-08-16,5,Paid Search,Small Business
544,2024-10-19,3,Social,Enterprise
545,2023-04-13,3,Organic,Small Business
546,2025-04-04,6,Social,Consumer
547,2024-10-23,6,Social,Small Business
548,2024-08-08,3,Paid Search,Consumer
549,2023-10-09,1,Social,Enterprise
550,2025-06-15,5,Social,Consumer
551,2024-07-30,5,Affiliate,Consumer
552,2025-01-27,6,Affiliate,Consumer
553,2023-12-21,6,Direct,Small Business
554,2025-09-05,4,Paid Search,Consumer
555,2024-01-23,1,Paid Search,Small Business
556,2024-02-14,2,Social,Consumer
557,2025-05-20,5,Organic,Small Business
558,2025-07-07,4,Organic,Consumer
559,2024-02-27,3,Email,Consumer
560,2024-09-20,3,Social,Small Business
561,2025-02-25,5,Organic,Consumer
562,2025-06-05,3,Direct,Consumer
563,2024-07-18,1,Paid Search,Consumer
564,2024-10-21,6,Email,Consumer
565,2025-03-01,3,Organic,Consumer
566,2025-02-23,2,Paid Search,Consumer
567,2025-03-27,1,Direct,Consumer
568,2024-11-23,3,Affiliate,Small Business
569,2023-10-24,6,Email,Consumer
570,2025-06-28,1,Paid Search,Consumer
571,2025-05-25,2,Paid Search,Consumer
572,2025-04-06,2,Organic,Consumer
573,2023-10-17,1,Paid Search,Consumer
574,2024-02-19,4,Paid Search,Consumer
575,2025-03-03,2,Social,Consumer
576,2023-05-20,5,Paid Search,Consumer
577,2025-10-06,3,Email,Consumer
578,2024-07-17,4,Organic,Consumer
579,2025-02-16,1,Paid Search,Consumer
580,2025-06-13,2,Organic,Consumer
581,2024-07-30,3,Paid Search,Small Business
582,2024-06-02,1,Paid Search,Consumer
583,2024-12-16,3,Social,Consumer
584,2024-11-29,3,Social,Consumer
585,2024-08-09,3,Social,Consumer
586,2024-12-12,4,Organic,Small Business
587,2025-08-01,5,Social,Consumer
588,2024-09-19,5,Organic,Consumer
589,2024-02-11,1,Social,Consumer
590,2024-07-17,4,Organic,Consumer
591,2024-07-29,6,Organic,Small Business
592,2023-11-29,6,Paid Search,Consumer
593,2024-01-06,2,Organic,Small Business
594,2025-01-28,5,Email,Small Business
595,2024-06-18,5,Paid Search,Small Business
596,2025-08-26,3,Organic,Consumer
597,2024-03-28,6,Email,Consumer
598,2023-10-16,4,Paid Search,Consumer
599,2025-03-08,5,Affiliate,Small Business
600,2025-06-07,5,Social,Consumer
601,2024-04-28,5,Email,Consumer
602,2024-02-17,6,Affiliate,Consumer
603,2024-01-31,6,Direct,Small Business
604,2024-10-24,3,Organic,Consumer
605,2024-09-19,4,Organic,Consumer
606,2024-04-12,4,Paid Search,Small Business
607,2023-07-14,6,Paid Search,Small Business
608,2024-09-28,3,Affiliate,Small Business
609,2025-09-01,2,Social,Consumer
610,2025-01-10,5,Affiliate,Consumer
611,2024-10-07,6,Paid Search,Consumer
612,2023-11-02,6,Paid Search,Consumer
613,2024-04-05,1,Paid Search,Consumer
614,2024-05-12,6,Social,Consumer
615,2025-03-15,5,Paid Search,Consumer
616,2025-06-04,1,Social,Consumer
617,2025-06-26,1,Direct,Small Business
618,2025-10-18,2,Email,Consumer
619,2025-10-13,6,Email,Enterprise
620,2025-08-23,5,Paid Search,Small Business
621,2023-09-03,4,Social,Consumer
622,2023-12-07,4,Organic,Consumer
623,2024-05-20,3,Paid Search,Enterprise
624,2024-11-12,6,Social,Small Business
625,2023-10-13,1,Direct,Consumer
626,2025-05-10,2,Paid Search,Consumer
627,2024-12-21,2,Affiliate,Enterprise
628,2024-11-06,6,Paid Search,Consumer
629,2024-01-08,4,Paid Search,Consumer
630,2024-04-06,5,Paid Search,Consumer
631,2024-01-03,6,Direct,Small Business
632,2025-05-15,2,Organic,Consumer
633,2024-12-01,6,Email,Consumer
634,2025-02-26,1,Social,Small Business
635,2024-05-13,5,Affiliate,Consumer
636,2024-07-12,5,Organic,Consumer
637,2024-08-06,5,Organic,Consumer
638,2025-03-12,1,Email,Consumer
639,2025-03-20,6,Email,Enterprise
640,2024-02-22,5,Organic,Consumer
641,2025-08-08,1,Paid Search,Consumer
642,2023-11-15,4,Affiliate,Consumer
643,2025-06-21,5,Paid Search,Consumer
644,2023-10-18,3,Direct,Consumer
645,2024-04-16,3,Social,Consumer
646,2025-05-10,2,Paid Search,Consumer
647,2024-01-24,4,Social,Consumer
648,2024-08-12,6,Organic,Consumer
649,2024-09-07,4,Social,Consumer
650,2024-03-30,5,Affiliate,Consumer
651,2025-02-11,5,Organic,Consumer
652,2025-05-14,5,Paid Search,Consumer
653,2025-06-02,3,Social,Small Business
654,2024-06-18,5,Email,Consumer
655,2024-10-30,2,Affiliate,Small Business
656,2024-04-02,4,Social,Small Business
657,2024-03-29,2,Direct,Small Business
658,2024-01-04,6,Paid Search,Small Business
659,2025-08-06,5,Organic,Consumer
660,2025-06-14,4,Email,Consumer
661,2025-03-23,3,Social,Consumer
662,2024-10-21,4,Paid Search,Consumer
663,2024-10-04,5,Organic,Consumer
664,2024-10-29,2,Social,Consumer
665,2024-11-02,5,Paid Search,Consumer
666,2024-08-27,2,Paid Search,Consumer
667,2023-11-29,1,Email,Consumer
668,2023-11-22,5,Paid Search,Consumer
669,2025-08-22,5,Social,Small Business
670,2024-09-28,3,Direct,Consumer
671,2025-08-24,4,Email,Consumer
672,2024-01-06,5,Organic,Consumer
673,2024-11-13,5,Social,Consumer
674,2024-02-22,6,Paid Search,Consumer
675,2024-04-06,6,Social,Small Business
676,2023-06-08,3,Paid Search,Consumer
677,2023-11-13,2,Paid Search,Small Business
678,2025-07-11,1,Paid Search,Consumer
679,2024-06-03,4,Organic,Consumer
680,2024-12-16,4,Paid Search,Consumer
681,2024-09-17,5,Paid Search,Consumer
682,2024-08-03,1,Affiliate,Consumer
683,2024-10-30,5,Paid Search,Consumer
684,2024-02-01,5,Organic,Consumer
685,2025-10-28,5,Social,Consumer
686,2025-04-20,4,Organic,Small Business
687,2025-03-01,1,Paid Search,Consumer
688,2024-09-19,3,Paid Search,Consumer
689,2023-12-25,4,Email,Consumer
690,2025-07-15,4,Social,Consumer
691,2024-06-19,4,Paid Search,Consumer
692,2023-07-25,4,Social,Consumer
693,2024-06-20,4,Social,Consumer
694,2025-04-03,2,Paid Search,Small Business
695,2024-12-24,4,Organic,Consumer
696,2025-03-07,2,Social,Consumer
697,2025-04-03,3,Organic,Consumer
698,2024-02-27,3,Email,Consumer
699,2025-07-19,5,Social,Consumer
700,2024-08-29,6,Affiliate,Consumer
701,2025-01-03,4,Social,Consumer
702,2023-02-14,1,Social,Consumer
703,2025-11-13,5,Organic,Consumer
704,2024-04-30,2,Organic,Small Business
705,2023-08-17,1,Paid Search,Small Business
706,2024-09-12,2,Direct,Consumer
707,2023-11-26,6,Direct,Small Business
708,2023-12-24,3,Paid Search,Consumer
709,2024-12-30,2,Organic,Consumer
710,2024-07-28,1,Email,Small Business
711,2025-07-17,4,Direct,Small Business
712,2024-06-02,5,Organic,Small Business
713,2025-02-20,3,Paid Search,Small Business
714,2024-09-14,1,Organic,Consumer
715,2025-01-14,3,Paid Search,Enterprise
716,2024-12-11,4,Organic,Consumer
717,2024-09-22,1,Organic,Consumer
718,2025-08-19,2,Organic,Consumer
719,2024-06-20,1,Paid Search,Consumer
720,2024-01-22,3,Social,Consumer
721,2025-01-25,2,Organic,Consumer
722,2025-05-10,2,Social,Consumer
723,2023-07-03,1,Paid Search,Consumer
724,2024-09-06,5,Paid Search,Consumer
725,2025-06-18,3,Affiliate,Consumer
726,2025-03-06,6,Social,Consumer
727,2025-11-07,3,Organic,Small Business
728,2024-10-30,2,Social,Consumer
729,2025-01-14,2,Affiliate,Consumer
730,2024-05-19,6,Social,Enterprise
731,2025-08-16,4,Paid Search,Small Business
732,2024-07-09,2,Paid Search,Consumer
733,2025-02-28,4,Paid Search,Consumer
734,2024-08-05,4,Affiliate,Consumer
735,2024-11-18,1,Organic,Small Business
736,2025-02-17,5,Email,Small Business
737,2024-10-16,1,Organic,Small Business
738,2025-07-02,2,Affiliate,Enterprise
739,2024-08-16,5,Direct,Consumer
740,2025-01-07,3,Organic,Consumer
741,2024-06-20,2,Paid Search,Consumer
742,2024-08-08,1,Paid Search,Consumer
743,2024-08-31,4,Organic,Consumer
744,2023-11-22,5,Email,Consumer
745,2023-10-05,2,Organic,Consumer
746,2025-01-19,3,Social,Small Business
747,2025-01-12,3,Organic,Consumer
748,2025-01-16,6,Social,Small Business
749,2023-05-09,5,Paid Search,Small Business
750,2024-06-08,2,Affiliate,Consumer
751,2024-02-12,4,Organic,Consumer
752,2025-03-24,6,Paid Search,Consumer
753,2025-05-21,3,Social,Small Business
754,2024-03-31,1,Organic,Small Business
755,2025-01-19,2,Social,Consumer
756,2023-11-26,4,Paid Search,Consumer
757,2024-04-26,6,Organic,Small Business
758,2023-12-08,2,Organic,Consumer
759,2024-05-03,1,Paid Search,Consumer
760,2025-01-23,2,Social,Consumer
761,2025-07-05,3,Organic,Consumer
762,2024-02-17,1,Social,Small Business
763,2024-11-06,1,Social,Consumer
764,2025-02-06,4,Social,Small Business
765,2025-08-23,5,Social,Consumer
766,2024-12-17,2,Email,Consumer
767,2024-04-08,4,Social,Consumer
768,2024-12-26,4,Direct,Consumer
769,2024-06-03,5,Social,Consumer
770,2025-09-30,6,Organic,Consumer
771,2024-08-02,6,Organic,Small Business
772,2025-01-29,2,Email,Small Business
773,2023-05-20,6,Affiliate,Consumer
774,2024-08-02,1,Social,Consumer
775,2025-06-02,6,Social,Enterprise
776,2024-12-17,1,Direct,Consumer
777,2024-09-02,1,Direct,Consumer
778,2025-08-02,1,Direct,Consumer
779,2025-05-16,1,Paid Search,Consumer
780,2024-06-04,3,Paid Search,Consumer
781,2024-11-07,4,Social,Consumer
782,2024-10-03,5,Email,Small Business
783,2024-12-30,1,Paid Search,Consumer
784,2024-06-14,2,Social,Consumer
785,2024-03-29,1,Organic,Small Business
786,2025-07-07,1,Paid Search,Consumer
787,2025-07-19,5,Email,Small Business
788,2025-05-08,4,Paid Search,Consumer
789,2025-10-04,2,Affiliate,Consumer
790,2025-03-03,2,Social,Consumer
791,2025-03-15,6,Organic,Consumer
792,2025-03-14,4,Organic,Consumer
793,2024-09-27,2,Paid Search,Consumer
794,2024-09-11,6,Social,Consumer
795,2024-03-25,2,Affiliate,Consumer
796,2025-01-06,2,Organic,Consumer
797,2024-05-08,5,Paid Search,Consumer
798,2024-04-10,4,Organic,Small Business
799,2024-12-02,1,Paid Search,Small Business
800,2024-08-10,5,Social,Small Business
801,2024-03-04,2,Social,Consumer
802,2025-04-18,5,Social,Small Business
803,2025-05-21,3,Paid Search,Consumer
804,2024-01-11,5,Paid Search,Consumer
805,2023-03-21,6,Paid Search,Enterprise
806,2024-06-15,5,Social,Consumer
807,2025-04-05,6,Organic,Consumer
808,2025-05-05,4,Organic,Consumer
809,2023-12-08,1,Paid Search,Enterprise
810,2025-03-21,4,Paid Search,Consumer
811,2023-11-08,3,Organic,Small Business
812,2024-07-26,5,Social,Consumer
813,2025-12-09,2,Affiliate,Consumer
814,2024-02-07,5,Paid Search,Consumer
815,2023-12-26,3,Paid Search,Small Business
816,2024-08-19,5,Social,Consumer
817,2024-12-22,3,Organic,Small Business
818,2025-07-29,3,Social,Consumer
819,2025-10-09,2,Paid Search,Small Business
820,2023-08-30,5,Paid Search,Consumer
821,2023-12-07,1,Organic,Consumer
822,2025-04-01,2,Paid Search,Consumer
823,2024-04-22,3,Organic,Consumer
824,2025-06-11,1,Paid Search,Consumer
825,2025-01-16,6,Social,Consumer
826,2023-11-03,3,Paid Search,Enterprise
827,2025-04-30,2,Direct,Consumer
828,2024-01-21,2,Paid Search,Consumer
829,2024-08-19,2,Paid Search,Consumer
830,2024-11-12,4,Affiliate,Consumer
831,2024-10-10,3,Paid Search,Consumer
832,2025-01-29,2,Paid Search,Enterprise
833,2025-01-10,6,Paid Search,Consumer
834,2025-11-08,4,Organic,Consumer
835,2025-12-17,3,Social,Consumer
836,2024-10-20,4,Affiliate,Consumer
837,2023-10-10,4,Email,Consumer
838,2025-02-21,1,Social,Small Business
839,2025-10-01,5,Paid Search,Consumer
840,2024-06-01,2,Email,Consumer
841,2024-09-14,1,Affiliate,Consumer
842,2024-08-20,4,Affiliate,Enterprise
843,2023-07-27,6,Paid Search,Consumer
844,2025-01-21,5,Organic,Consumer
845,2024-06-29,2,Organic,Consumer
846,2025-03-30,3,Direct,Consumer
847,2025-04-30,4,Paid Search,Consumer
848,2025-04-22,2,Email,Consumer
849,2024-08-14,5,Organic,Consumer
850,2024-06-03,2,Affiliate,Consumer
851,2025-03-06,2,Organic,Small Business
852,2025-04-08,1,Affiliate,Consumer
853,2024-10-04,5,Social,Consumer
854,2025-06-18,1,Paid Search,Consumer
855,2023-12-14,5,Social,Consumer
856,2025-06-06,6,Email,Consumer
857,2023-10-12,1,Paid Search,Consumer
858,2023-12-26,1,Organic,Consumer
859,2024-10-31,6,Direct,Consumer
860,2023-08-27,1,Affiliate,Consumer
861,2023-07-30,3,Organic,Consumer
862,2023-01-21,6,Email,Consumer
863,2024-08-28,1,Paid Search,Consumer
864,2025-03-22,4,Social,Consumer
865,2023-06-21,3,Social,Consumer
866,2025-01-10,3,Email,Consumer
867,2025-04-23,6,Paid Search,Enterprise
868,2024-01-11,4,Paid Search,Consumer
869,2023-12-18,2,Organic,Consumer
870,2025-05-22,6,Social,Small Business
871,2025-04-23,4,Affiliate,Consumer
872,2024-11-04,1,Social,Consumer
873,2025-04-20,3,Affiliate,Small Business
874,2023-10-07,2,Social,Consumer
875,2024-07-29,4,Email,Consumer
876,2025-02-27,6,Email,Consumer
877,2024-04-10,1,Paid Search,Consumer
878,2025-03-08,5,Social,Consumer
879,2024-10-13,6,Affiliate,Small Business
880,2025-03-07,6,Paid Search,Consumer
881,2024-09-17,4,Organic,Consumer
882,2024-07-10,2,Paid Search,Small Business
883,2024-03-05,1,Email,Enterprise
884,2024-02-23,6,Paid Search,Consumer
885,2025-03-07,3,Organic,Consumer
886,2023-11-13,3,Organic,Consumer
887,2023-09-26,5,Paid Search,Small Business
888,2024-01-21,5,Social,Small Business
889,2024-01-19,5,Affiliate,Small Business
890,2025-04-23,6,Organic,Consumer
891,2024-08-01,6,Direct,Consumer
892,2025-11-03,2,Email,Consumer
893,2023-12-06,2,Organic,Consumer
894,2025-01-11,2,Organic,Consumer
895,2024-09-06,4,Direct,Consumer
896,2024-07-28,4,Social,Consumer
897,2025-06-02,6,Social,Consumer
898,2025-09-29,6,Affiliate,Enterprise
899,2025-05-31,5,Direct,Consumer
900,2024-02-07,1,Social,Small Business
901,2024-03-06,5,Paid Search,Consumer
902,2025-01-12,6,Organic,Consumer
903,2024-05-08,6,Email,Consumer
904,2025-02-25,3,Social,Consumer
905,2024-11-21,5,Email,Small Business
906,2024-11-11,3,Social,Consumer
907,2025-04-27,1,Social,Small Business
908,2025-02-12,3,Organic,Small Business
909,2023-05-30,2,Social,Consumer
910,2023-07-23,6,Email,Consumer
911,2024-12-12,2,Paid Search,Consumer
912,2024-10-01,1,Email,Consumer
913,2024-04-12,4,Social,Consumer
914,2024-08-16,4,Direct,Consumer
915,2025-03-11,4,Email,Enterprise
916,2025-04-26,1,Paid Search,Consumer
917,2024-11-17,3,Direct,Small Business
918,2024-07-23,6,Social,Consumer
919,2024-04-22,1,Social,Consumer
920,2024-10-24,5,Affiliate,Small Business
921,2024-05-29,1,Affiliate,Consumer
922,2024-11-19,2,Organic,Consumer
923,2025-01-24,6,Direct,Small Business
924,2023-08-24,2,Social,Small Business
925,2023-01-30,4,Paid Search,Consumer
926,2024-02-27,3,Paid Search,Small Business
927,2025-06-20,4,Social,Consumer
928,2025-01-07,3,Organic,Consumer
929,2024-01-16,3,Social,Consumer
930,2025-06-16,5,Organic,Consumer
931,2024-09-20,4,Paid Search,Consumer
932,2024-09-24,4,Social,Consumer
933,2025-08-01,5,Email,Consumer
934,2023-08-12,3,Paid Search,Small Business
935,2024-03-01,5,Organic,Small Business
936,2024-12-02,5,Email,Small Business
937,2024-02-10,6,Organic,Consumer
938,2025-01-25,3,Affiliate,Small Business
939,2024-02-29,4,Direct,Consumer
940,2023-10-16,1,Paid Search,Consumer
941,2024-02-22,1,Organic,Consumer
942,2024-08-19,1,Paid Search,Consumer
943,2024-01-20,4,Social,Consumer
944,2023-12-03,2,Organic,Consumer
945,2025-05-21,2,Organic,Enterprise
946,2024-06-03,4,Affiliate,Consumer
947,2024-07-04,3,Organic,Consumer
948,2023-08-04,1,Email,Consumer
949,2024-07-02,4,Organic,Consumer
950,2024-04-16,4,Paid Search,Enterprise
951,2024-12-17,1,Paid Search,Consumer
952,2024-02-20,2,Social,Consumer
953,2025-06-14,2,Organic,Consumer
954,2025-07-25,5,Paid Search,Consumer
955,2023-10-17,2,Social,Consumer
956,2023-10-28,1,Paid Search,Consumer
957,2023-11-08,2,Organic,Consumer
958,2024-12-22,3,Social,Consumer
959,2023-11-17,5,Paid Search,Small Business
960,2025-05-15,1,Paid Search,Consumer
961,2025-03-09,6,Social,Consumer
962,2025-04-21,2,Social,Consumer
963,2024-10-27,3,Direct,Consumer
964,2025-11-27,1,Paid Search,Consumer
965,2023-07-12,2,Social,Consumer
966,2024-08-03,3,Organic,Consumer
967,2024-06-05,4,Organic,Consumer
968,2025-08-17,5,Social,Consumer
969,2024-11-27,4,Paid Search,Consumer
970,2025-04-11,1,Direct,Small Business
971,2024-01-14,3,Direct,Consumer
972,2025-10-05,5,Social,Enterprise
973,2024-10-09,4,Organic,Consumer
974,2024-10-06,4,Paid Search,Consumer
975,2025-09-20,4,Paid Search,Consumer
976,2024-07-19,4,Paid Search,Consumer
977,2024-08-01,6,Email,Enterprise
978,2024-12-02,4,Paid Search,Consumer
979,2023-11-25,4,Paid Search,Consumer
980,2024-06-03,3,Paid Search,Consumer
981,2024-02-08,3,Paid Search,Consumer
982,2023-10-22,5,Social,Small Business
983,2025-05-26,6,Organic,Small Business
984,2024-12-04,5,Organic,Consumer
985,2024-07-03,4,Social,Small Business
986,2024-08-09,5,Social,Consumer
987,2024-08-25,1,Email,Consumer
988,2024-12-30,2,Paid Search,Consumer
989,2025-07-22,2,Paid Search,Small Business
990,2025-07-29,4,Affiliate,Small Business
991,2024-07-27,5,Organic,Consumer
992,2024-06-10,1,Social,Consumer
993,2024-09-07,2,Paid Search,Consumer
994,2024-11-22,3,Paid Search,Small Business
995,2024-09-15,6,Paid Search,Consumer
996,2025-01-14,1,Affiliate,Small Business
997,2024-11-13,6,Organic,Consumer
998,2024-06-03,2,Paid Search,Consumer
999,2024-06-23,2,Paid Search,Consumer
1000,2024-07-18,4,Paid Search,Consumer
1001,2023-10-10,5,Paid Search,Consumer
1002,2024-01-09,6,Organic,Small Business
1003,2025-02-19,1,Social,Consumer
1004,2024-07-25,1,Affiliate,Consumer
1005,2024-02-29,3,Organic,Consumer
1006,2024-11-18,4,Affiliate,Consumer
1007,2025-03-10,2,Affiliate,Consumer
1008,2024-04-10,4,Direct,Consumer
1009,2025-04-26,2,Direct,Small Business
1010,2025-07-23,6,Social,Consumer
1011,2024-12-09,2,Paid Search,Consumer
1012,2025-01-19,4,Paid Search,Consumer
1013,2023-07-30,4,Organic,Consumer
1014,2025-08-13,1,Organic,Small Business
1015,2024-07-28,4,Paid Search,Consumer
1016,2025-07-19,1,Affiliate,Small Business
1017,2024-11-28,4,Email,Consumer
1018,2023-03-04,4,Organic,Consumer
1019,2023-06-30,1,Social,Consumer
1020,2025-01-26,2,Paid Search,Consumer
1021,2024-11-18,2,Social,Small Business
1022,2023-05-30,6,Paid Search,Consumer
1023,2025-03-02,2,Organic,Consumer
1024,2025-05-15,6,Social,Consumer
1025,2024-10-08,4,Paid Search,Consumer
1026,2024-09-17,6,Social,Small Business
1027,2023-03-09,5,Organic,Consumer
1028,2025-03-29,2,Social,Enterprise
1029,2024-06-11,4,Direct,Consumer
1030,2025-06-05,5,Paid Search,Small Business
1031,2024-07-14,1,Affiliate,Small Business
1032,2024-11-20,4,Paid Search,Small Business
1033,2024-04-21,3,Paid Search,Small Business
1034,2024-01-03,1,Direct,Consumer
1035,2025-03-22,6,Email,Consumer
1036,2024-10-08,2,Organic,Small Business
1037,2024-11-02,6,Email,Small Business
1038,2025-09-11,2,Social,Consumer
1039,2025-09-08,4,Email,Consumer
1040,2025-05-17,3,Paid Search,Consumer
1041,2024-02-02,6,Email,Consumer
1042,2024-12-07,6,Direct,Consumer
1043,2025-06-05,5,Affiliate,Consumer
1044,2024-07-15,6,Email,Consumer
1045,2023-10-19,5,Organic,Consumer
1046,2025-04-14,2,Social,Consumer
1047,2024-09-28,6,Social,Consumer
1048,2024-11-19,4,Affiliate,Consumer
1049,2025-10-12,3,Organic,Consumer
1050,2024-12-15,2,Social,Consumer
1051,2024-08-20,5,Email,Consumer
1052,2024-07-11,2,Paid Search,Small Business
1053,2024-08-15,4,Email,Small Business
1054,2023-11-12,1,Email,Consumer
1055,2025-04-04,4,Paid Search,Small Business
1056,2025-05-04,4,Paid Search,Consumer
1057,2024-05-04,4,Organic,Consumer
1058,2024-05-20,4,Paid Search,Small Business
1059,2025-06-02,6,Direct,Enterprise
1060,2023-05-22,6,Paid Search,Consumer
1061,2024-10-23,3,Paid Search,Consumer
1062,2024-09-16,6,Paid Search,Consumer
1063,2025-01-31,6,Email,Consumer
1064,2024-01-06,1,Organic,Consumer
1065,2025-01-19,3,Affiliate,Consumer
1066,2024-07-16,5,Direct,Small Business
1067,2024-12-22,4,Organic,Consumer
1068,2023-07-03,1,Paid Search,Consumer
1069,2024-09-15,3,Paid Search,Small Business
1070,2024-10-24,3,Affiliate,Small Business
1071,2024-02-29,5,Paid Search,Consumer
1072,2023-12-09,4,Affiliate,Consumer
1073,2024-02-03,1,Affiliate,Consumer
1074,2024-06-21,1,Organic,Consumer
1075,2023-10-13,2,Organic,Consumer
1076,2025-08-16,1,Direct,Consumer
1077,2024-08-06,6,Email,Consumer
1078,2025-04-13,2,Organic,Consumer
1079,2025-09-26,4,Social,Consumer
1080,2023-09-18,1,Social,Small Business
1081,2025-01-10,3,Social,Enterprise
1082,2025-05-30,6,Direct,Consumer
1083,2024-12-31,4,Organic,Consumer
1084,2024-08-23,2,Email,Consumer
1085,2024-08-25,5,Paid Search,Consumer
1086,2023-06-23,4,Affiliate,Small Business
1087,2024-11-01,2,Social,Consumer
1088,2025-11-13,6,Email,Consumer
1089,2025-09-01,6,Paid Search,Consumer
1090,2023-07-04,4,Affiliate,Consumer
1091,2025-02-09,1,Organic,Small Business
1092,2024-05-18,3,Social,Small Business
1093,2025-06-28,4,Social,Consumer
1094,2023-07-14,6,Social,Consumer
1095,2025-08-01,5,Social,Consumer
1096,2025-05-03,2,Paid Search,Small Business
1097,2023-11-11,4,Social,Consumer
1098,2023-08-13,2,Social,Consumer
1099,2025-05-01,3,Social,Consumer
1100,2023-12-28,4,Organic,Consumer
1101,2024-11-01,4,Social,Consumer
1102,2025-07-10,3,Paid Search,Consumer
1103,2024-11-21,3,Affiliate,Small Business
1104,2024-07-31,5,Social,Consumer
1105,2024-09-03,4,Organic,Small Business
1106,2023-08-19,1,Direct,Consumer
1107,2025-09-16,5,Email,Consumer
1108,2024-05-26,4,Social,Consumer
1109,2024-02-04,5,Organic,Small Business
1110,2024-05-05,5,Affiliate,Consumer
1111,2025-09-09,2,Affiliate,Consumer
1112,2023-10-09,6,Paid Search,Consumer
1113,2025-05-27,6,Organic,Small Business
1114,2025-02-10,1,Affiliate,Consumer
1115,2025-04-28,2,Email,Consumer
1116,2025-09-29,2,Paid Search,Consumer
1117,2025-05-07,6,Social,Consumer
1118,2025-08-11,6,Social,Consumer
1119,2023-11-23,2,Paid Search,Consumer
1120,2025-04-04,4,Organic,Consumer
1121,2024-11-08,2,Social,Enterprise
1122,2024-11-07,1,Paid Search,Consumer
1123,2025-06-24,2,Social,Consumer
1124,2025-09-22,1,Affiliate,Consumer
1125,2025-02-08,6,Affiliate,Consumer
1126,2024-09-29,5,Email,Small Business
1127,2024-09-11,2,Affiliate,Small Business
1128,2024-07-23,4,Direct,Consumer
1129,2024-07-05,2,Social,Small Business
1130,2024-07-27,4,Paid Search,Consumer
1131,2023-10-02,6,Email,Small Business
1132,2023-09-13,6,Organic,Consumer
1133,2025-03-25,5,Social,Small Business
1134,2024-09-04,2,Direct,Small Business
1135,2025-07-26,2,Social,Consumer
1136,2024-12-18,1,Affiliate,Consumer
1137,2023-06-21,1,Organic,Enterprise
1138,2023-12-30,4,Paid Search,Consumer
1139,2024-02-21,4,Affiliate,Consumer
1140,2025-09-29,6,Email,Consumer
1141,2024-03-04,1,Organic,Consumer
1142,2024-10-20,2,Organic,Consumer
1143,2025-08-02,5,Paid Search,Small Business
1144,2025-10-02,5,Paid Search,Small Business
1145,2024-03-21,3,Paid Search,Consumer
1146,2023-07-23,1,Paid Search,Enterprise
1147,2023-12-26,3,Social,Consumer
1148,2023-08-19,2,Organic,Consumer
1149,2024-02-10,4,Paid Search,Consumer
1150,2024-11-22,6,Organic,Consumer
1151,2025-07-07,2,Paid Search,Consumer
1152,2024-11-03,1,Paid Search,Consumer
1153,2024-12-26,5,Direct,Consumer
1154,2024-02-16,1,Direct,Consumer
1155,2025-04-07,6,Email,Consumer
1156,2024-12-21,5,Paid Search,Consumer
1157,2025-05-24,3,Email,Consumer
1158,2025-08-18,3,Paid Search,Enterprise
1159,2024-06-24,3,Organic,Consumer
1160,2023-10-03,3,Affiliate,Small Business
1161,2024-03-11,6,Social,Enterprise
1162,2024-08-29,5,Direct,Small Business
1163,2025-08-14,2,Organic,Consumer
1164,2024-07-18,2,Social,Consumer
1165,2025-03-19,4,Paid Search,Consumer
1166,2024-11-05,4,Email,Consumer
1167,2024-01-28,5,Social,Consumer
1168,2024-06-03,2,Paid Search,Consumer
1169,2025-01-11,3,Paid Search,Consumer
1170,2025-01-22,1,Direct,Small Business
1171,2024-08-27,3,Paid Search,Consumer
1172,2024-03-14,5,Direct,Enterprise
1173,2025-02-18,2,Organic,Small Business
1174,2024-01-12,2,Social,Small Business
1175,2025-08-02,3,Social,Consumer
1176,2024-02-02,6,Email,Enterprise
1177,2023-10-28,4,Social,Consumer
1178,2024-10-08,6,Paid Search,Small Business
1179,2024-10-22,1,Paid Search,Consumer
1180,2024-10-15,6,Affiliate,Consumer
1181,2024-08-28,1,Organic,Consumer
1182,2025-11-18,2,Social,Small Business
1183,2024-10-01,3,Paid Search,Small Business
1184,2024-09-25,2,Social,Consumer
1185,2024-08-18,6,Email,Small Business
1186,2023-08-26,6,Paid Search,Consumer
1187,2024-12-07,4,Direct,Enterprise
1188,2024-03-13,3,Affiliate,Consumer
1189,2025-01-02,5,Social,Small Business
1190,2023-07-26,5,Affiliate,Small Business
1191,2025-10-11,3,Organic,Consumer
1192,2024-09-19,5,Organic,Consumer
1193,2025-06-22,2,Paid Search,Consumer
1194,2024-09-24,2,Affiliate,Enterprise
1195,2023-08-14,1,Social,Consumer
1196,2025-04-22,1,Email,Small Business
1197,2025-01-08,2,Paid Search,Enterprise
1198,2025-03-26,4,Social,Consumer
1199,2024-08-23,6,Direct,Consumer
1200,2025-01-02,4,Social,Consumer
1201,2025-05-18,3,Paid Search,Consumer
1202,2024-12-29,2,Affiliate,Small Business
1203,2024-06-24,1,Paid Search,Consumer
1204,2025-01-16,4,Affiliate,Consumer
1205,2025-01-21,1,Affiliate,Consumer
1206,2025-09-03,5,Paid Search,Small Business
1207,2024-07-12,3,Organic,Consumer
1208,2024-08-20,3,Direct,Consumer
1209,2025-04-15,1,Direct,Consumer
1210,2024-10-14,2,Social,Small Business
1211,2025-02-26,1,Organic,Consumer
1212,2024-09-13,5,Organic,Consumer
1213,2024-03-01,3,Paid Search,Small Business
1214,2025-03-03,5,Organic,Consumer
1215,2023-11-29,4,Social,Consumer
1216,2024-02-13,6,Social,Consumer
1217,2024-12-26,5,Social,Consumer
1218,2025-03-05,1,Affiliate,Consumer
1219,2025-06-20,1,Paid Search,Consumer
1220,2024-04-23,6,Paid Search,Consumer
1221,2023-11-02,2,Paid Search,Consumer
1222,2025-08-28,5,Paid Search,Consumer
1223,2023-12-27,4,Direct,Consumer
1224,2024-02-12,5,Social,Consumer
1225,2024-05-09,2,Paid Search,Consumer
1226,2024-10-29,2,Direct,Consumer
1227,2025-06-09,4,Paid Search,Small Business
1228,2025-03-13,1,Social,Consumer
1229,2025-02-10,2,Email,Small Business
1230,2024-01-19,4,Email,Consumer
1231,2024-07-02,2,Paid Search,Consumer
1232,2024-09-26,2,Organic,Small Business
1233,2023-12-19,6,Organic,Consumer
1234,2024-04-24,2,Organic,Enterprise
1235,2024-05-24,6,Paid Search,Consumer
1236,2023-11-24,6,Email,Consumer
1237,2024-11-11,5,Organic,Consumer
1238,2025-02-08,1,Email,Consumer
1239,2023-08-31,2,Direct,Consumer
1240,2024-09-28,6,Affiliate,Consumer
1241,2025-03-26,1,Email,Small Business
1242,2025-03-05,4,Paid Search,Consumer
1243,2025-04-17,4,Paid Search,Consumer
1244,2024-09-05,6,Organic,Consumer
1245,2025-04-21,6,Paid Search,Consumer
1246,2024-03-25,2,Organic,Consumer
1247,2024-07-04,4,Email,Consumer
1248,2024-01-21,4,Organic,Enterprise
1249,2024-09-18,6,Paid Search,Consumer
1250,2024-07-28,4,Affiliate,Consumer
1251,2024-03-26,1,Organic,Consumer
1252,2025-03-07,6,Social,Consumer
1253,2024-05-28,4,Organic,Consumer
1254,2024-04-23,2,Paid Search,Consumer
1255,2023-11-28,2,Email,Small Business
1256,2024-08-30,2,Paid Search,Consumer
1257,2024-05-19,5,Organic,Small Business
1258,2024-07-11,6,Paid Search,Small Business
1259,2024-03-21,3,Paid Search,Consumer
1260,2025-03-14,1,Paid Search,Small Business
1261,2025-07-26,6,Paid Search,Consumer
1262,2024-10-09,4,Affiliate,Consumer
1263,2025-01-05,4,Email,Consumer
1264,2025-05-27,1,Paid Search,Consumer
1265,2025-12-11,6,Paid Search,Consumer
1266,2024-12-19,1,Email,Small Business
1267,2025-06-15,4,Paid Search,Consumer
1268,2025-07-03,4,Social,Consumer
1269,2025-04-01,4,Paid Search,Consumer
1270,2024-09-14,4,Organic,Enterprise
1271,2023-09-19,3,Direct,Consumer
1272,2023-04-26,4,Paid Search,Consumer
1273,2024-09-25,3,Direct,Consumer
1274,2024-10-06,3,Affiliate,Enterprise
1275,2024-08-08,5,Direct,Consumer
1276,2024-11-22,5,Email,Consumer
1277,2024-11-12,1,Affiliate,Consumer
1278,2025-05-03,6,Organic,Consumer
1279,2023-10-30,1,Affiliate,Consumer
1280,2024-03-11,2,Paid Search,Small Business
1281,2025-04-02,3,Email,Consumer
1282,2025-05-11,2,Organic,Consumer
1283,2025-11-18,3,Paid Search,Enterprise
1284,2025-05-31,2,Paid Search,Consumer
1285,2025-06-15,3,Paid Search,Consumer
1286,2024-05-29,5,Social,Consumer
1287,2024-08-04,5,Paid Search,Consumer
1288,2024-04-19,3,Paid Search,Consumer
1289,2024-12-15,2,Paid Search,Consumer
1290,2025-08-05,5,Organic,Consumer
1291,2024-06-22,1,Paid Search,Enterprise
1292,2024-11-15,3,Paid Search,Consumer
1293,2024-05-14,2,Social,Consumer
1294,2024-01-13,4,Social,Consumer
1295,2024-02-10,1,Paid Search,Small Business
1296,2023-08-09,5,Direct,Consumer
1297,2025-08-18,2,Social,Consumer
1298,2024-08-05,4,Paid Search,Small Business
1299,2025-05-01,4,Organic,Consumer
1300,2025-01-26,3,Affiliate,Small Business
1301,2024-02-06,3,Social,Consumer
1302,2024-01-20,2,Paid Search,Small Business
1303,2025-04-15,5,Organic,Consumer
1304,2024-04-16,4,Social,Enterprise
1305,2025-07-08,2,Social,Consumer
1306,2023-12-10,2,Direct,Consumer
1307,2025-01-24,3,Direct,Small Business
1308,2025-04-17,6,Organic,Consumer
1309,2024-03-20,6,Paid Search,Consumer
1310,2024-04-26,3,Organic,Consumer
1311,2025-09-09,3,Direct,Consumer
1312,2024-04-16,1,Direct,Consumer
1313,2024-08-24,4,Paid Search,Consumer
1314,2024-08-26,2,Paid Search,Consumer
1315,2024-04-06,5,Paid Search,Consumer
1316,2025-03-22,4,Email,Small Business
1317,2025-03-20,2,Social,Consumer
1318,2024-07-18,6,Social,Consumer
1319,2025-05-02,5,Social,Consumer
1320,2024-02-28,2,Paid Search,Consumer
1321,2023-03-02,1,Affiliate,Consumer
1322,2024-11-24,2,Social,Consumer
1323,2025-11-15,3,Paid Search,Consumer
1324,2023-06-30,3,Organic,Consumer
1325,2024-02-23,5,Organic,Consumer
1326,2024-10-22,6,Organic,Consumer
1327,2025-04-14,5,Affiliate,Consumer
1328,2023-10-01,6,Paid Search,Consumer
1329,2024-07-30,1,Paid Search,Consumer
1330,2025-03-05,1,Paid Search,Consumer
1331,2024-07-12,6,Organic,Enterprise
1332,2024-02-03,4,Direct,Consumer
1333,2024-02-10,2,Social,Consumer
1334,2024-08-10,5,Email,Small Business
1335,2024-09-26,2,Email,Small Business
1336,2025-05-22,5,Direct,Consumer
1337,2025-01-04,6,Social,Consumer
1338,2025-01-31,3,Paid Search,Consumer
1339,2025-10-14,4,Email,Consumer
1340,2024-08-11,5,Email,Consumer
1341,2024-08-05,6,Organic,Consumer
1342,2025-07-18,4,Affiliate,Enterprise
1343,2024-03-30,2,Social,Consumer
1344,2025-02-22,2,Organic,Small Business
1345,2025-03-09,3,Paid Search,Consumer
1346,2023-10-14,1,Social,Consumer
1347,2024-09-19,5,Paid Search,Small Business
1348,2024-02-15,3,Paid Search,Consumer
1349,2024-01-30,5,Paid Search,Consumer
1350,2024-09-16,1,Organic,Consumer
1351,2024-05-08,2,Affiliate,Consumer
1352,2025-04-04,3,Social,Small Business
1353,2025-07-02,1,Social,Consumer
1354,2025-04-09,5,Paid Search,Small Business
1355,2024-04-17,4,Social,Consumer
1356,2024-04-25,6,Paid Search,Small Business
1357,2024-04-07,5,Organic,Consumer
1358,2023-12-03,1,Affiliate,Consumer
1359,2025-08-11,6,Social,Small Business
1360,2024-08-04,1,Organic,Consumer
1361,2024-03-10,6,Organic,Consumer
1362,2025-05-10,5,Paid Search,Small Business
1363,2024-08-02,5,Social,Consumer
1364,2023-06-21,3,Paid Search,Consumer
1365,2024-01-05,1,Social,Consumer
1366,2025-01-03,1,Affiliate,Small Business
1367,2025-03-27,1,Social,Consumer
1368,2024-02-26,5,Social,Consumer
1369,2025-07-12,4,Paid Search,Consumer
1370,2025-05-14,2,Social,Consumer
1371,2025-05-12,1,Direct,Consumer
1372,2024-03-13,1,Social,Small Business
1373,2023-07-26,2,Email,Small Business
1374,2025-05-27,5,Paid Search,Small Business
1375,2024-05-22,6,Paid Search,Small Business
1376,2024-12-22,4,Social,Consumer
1377,2025-03-12,6,Affiliate,Consumer
1378,2023-11-25,3,Paid Search,Consumer
1379,2025-03-25,2,Email,Consumer
1380,2025-08-05,5,Paid Search,Consumer
1381,2025-02-22,1,Organic,Consumer
1382,2024-09-01,6,Organic,Consumer
1383,2025-06-04,5,Organic,Consumer
1384,2024-10-27,1,Paid Search,Consumer
1385,2025-03-03,2,Paid Search,Enterprise
1386,2025-04-21,4,Affiliate,Consumer
1387,2025-03-06,5,Organic,Consumer
1388,2024-05-06,2,Paid Search,Consumer
1389,2023-11-11,5,Social,Consumer
1390,2024-03-23,3,Paid Search,Consumer
1391,2024-10-12,5,Social,Enterprise
1392,2024-10-13,3,Social,Small Business
1393,2024-11-30,3,Paid Search,Consumer
1394,2024-07-30,3,Social,Small Business
1395,2025-03-29,1,Organic,Consumer
1396,2025-07-08,2,Direct,Small Business
1397,2024-03-31,2,Organic,Consumer
1398,2025-02-26,5,Social,Consumer
1399,2025-01-25,3,Email,Enterprise
1400,2024-10-25,3,Paid Search,Consumer
1401,2024-02-03,6,Organic,Consumer
1402,2025-04-04,6,Paid Search,Small Business
1403,2025-09-03,2,Paid Search,Consumer
1404,2025-02-18,3,Organic,Consumer
1405,2025-07-12,3,Paid Search,Consumer
1406,2025-10-17,6,Organic,Consumer
1407,2024-06-28,5,Organic,Consumer
1408,2025-01-02,4,Paid Search,Consumer
1409,2024-09-23,2,Social,Consumer
1410,2025-10-23,3,Organic,Consumer
1411,2023-10-08,1,Organic,Consumer
1412,2024-08-11,5,Email,Consumer
1413,2025-06-03,6,Social,Consumer
1414,2024-05-03,5,Affiliate,Consumer
1415,2025-03-30,2,Social,Consumer
1416,2024-07-21,3,Paid Search,Consumer
1417,2025-10-08,6,Organic,Small Business
1418,2025-06-10,3,Paid Search,Consumer
1419,2024-05-18,6,Paid Search,Consumer
1420,2025-03-19,4,Paid Search,Consumer
1421,2024-06-16,3,Affiliate,Consumer
1422,2024-12-15,4,Affiliate,Consumer
1423,2025-01-14,2,Direct,Consumer
1424,2025-04-28,3,Social,Consumer
1425,2023-05-24,2,Social,Consumer
1426,2024-03-06,5,Email,Consumer
1427,2025-02-12,4,Social,Enterprise
1428,2024-11-19,3,Social,Consumer
1429,2024-10-07,5,Paid Search,Consumer
1430,2023-08-04,3,Organic,Consumer
1431,2024-06-25,6,Organic,Consumer
1432,2025-05-25,4,Social,Small Business
1433,2023-06-11,6,Paid Search,Consumer
1434,2024-07-31,6,Email,Consumer
1435,2025-08-13,2,Organic,Consumer
1436,2023-07-26,2,Paid Search,Small Business
1437,2025-03-06,6,Social,Consumer
1438,2024-04-10,2,Direct,Consumer
1439,2025-05-26,5,Organic,Consumer
1440,2025-03-04,2,Organic,Consumer
1441,2025-06-12,6,Organic,Consumer
1442,2024-03-02,5,Direct,Consumer
1443,2024-10-30,4,Social,Enterprise
1444,2025-03-24,3,Paid Search,Consumer
1445,2024-03-30,4,Social,Consumer
1446,2024-03-16,3,Email,Enterprise
1447,2023-06-01,3,Paid Search,Consumer
1448,2025-08-31,2,Paid Search,Consumer
1449,2025-02-11,1,Paid Search,Consumer
1450,2025-01-01,6,Organic,Small Business
1451,2025-03-03,5,Organic,Consumer
1452,2024-10-30,3,Social,Consumer
1453,2024-09-24,5,Paid Search,Consumer
1454,2024-09-06,4,Email,Consumer
1455,2025-01-03,4,Paid Search,Small Business
1456,2024-02-16,1,Email,Consumer
1457,2025-06-14,4,Paid Search,Consumer
1458,2025-04-15,1,Affiliate,Consumer
1459,2024-06-26,5,Social,Consumer
1460,2024-11-28,1,Organic,Small Business
1461,2023-12-11,4,Paid Search,Consumer
1462,2025-09-23,3,Paid Search,Consumer
1463,2025-06-27,1,Organic,Consumer
1464,2025-07-17,3,Organic,Small Business
1465,2024-06-12,2,Email,Consumer
1466,2024-01-13,2,Organic,Consumer
1467,2024-02-26,6,Organic,Consumer
1468,2023-10-03,3,Affiliate,Small Business
1469,2023-11-14,3,Social,Small Business
1470,2023-09-02,1,Affiliate,Consumer
1471,2025-11-01,2,Social,Consumer
1472,2023-09-07,3,Social,Consumer
1473,2023-11-30,5,Email,Consumer
1474,2025-04-26,1,Paid Search,Consumer
1475,2024-11-29,6,Paid Search,Consumer
1476,2025-03-21,1,Paid Search,Consumer
1477,2024-12-29,4,Social,Consumer
1478,2025-06-08,1,Organic,Consumer
1479,2025-01-02,5,Paid Search,Consumer
1480,2024-10-24,5,Paid Search,Small Business
1481,2025-02-13,6,Social,Consumer
1482,2024-09-05,6,Paid Search,Consumer
1483,2024-06-23,6,Paid Search,Small Business
1484,2024-09-19,4,Paid Search,Small Business
1485,2024-01-13,6,Affiliate,Small Business
1486,2025-04-05,1,Organic,Small Business
1487,2024-04-13,4,Paid Search,Consumer
1488,2023-12-26,6,Paid Search,Consumer
1489,2024-03-31,3,Paid Search,Small Business
1490,2025-05-07,6,Social,Consumer
1491,2024-06-10,4,Social,Consumer
1492,2025-01-29,3,Affiliate,Consumer
1493,2025-05-18,2,Email,Consumer
1494,2023-09-13,1,Social,Consumer
1495,2025-03-16,6,Paid Search,Consumer
1496,2024-05-23,5,Organic,Consumer
1497,2024-03-02,3,Direct,Consumer
1498,2025-01-31,6,Paid Search,Consumer
1499,2025-07-04,2,Affiliate,Consumer
1500,2024-05-13,5,Paid Search,Small Business
1501,2024-11-22,3,Organic,Consumer
1502,2024-05-08,4,Paid Search,Consumer
1503,2024-11-13,1,Organic,Consumer
1504,2024-12-24,4,Paid Search,Consumer
1505,2024-12-17,5,Organic,Consumer
1506,2024-12-25,6,Organic,Consumer
1507,2023-12-04,3,Organic,Small Business
1508,2025-02-02,1,Organic,Consumer
1509,2025-01-23,1,Paid Search,Consumer
1510,2025-01-27,1,Organic,Consumer
1511,2023-09-07,2,Paid Search,Enterprise
1512,2024-09-04,5,Organic,Small Business
1513,2024-08-09,2,Paid Search,Consumer
1514,2023-09-28,1,Social,Enterprise
1515,2024-03-08,1,Social,Consumer
1516,2024-08-31,3,Direct,Small Business
1517,2025-03-02,4,Organic,Small Business
1518,2024-03-22,2,Paid Search,Small Business
1519,2025-04-28,3,Organic,Consumer
1520,2024-11-08,2,Paid Search,Consumer
1521,2025-03-13,5,Paid Search,Consumer
1522,2024-09-22,1,Social,Consumer
1523,2024-10-09,2,Email,Small Business
1524,2024-12-22,4,Direct,Consumer
1525,2025-07-23,6,Direct,Consumer
1526,2024-10-05,3,Paid Search,Consumer
1527,2024-10-28,1,Paid Search,Consumer
1528,2024-12-12,4,Affiliate,Consumer
1529,2025-02-27,2,Paid Search,Consumer
1530,2023-09-03,2,Organic,Consumer
1531,2024-10-20,6,Direct,Consumer
1532,2024-09-28,6,Paid Search,Consumer
1533,2025-07-17,2,Social,Enterprise
1534,2024-10-06,4,Affiliate,Consumer
1535,2024-09-19,4,Organic,Consumer
1536,2025-09-06,6,Direct,Small Business
1537,2024-09-07,6,Organic,Consumer
1538,2024-01-25,3,Social,Consumer
1539,2024-03-03,1,Email,Consumer
1540,2023-10-10,1,Email,Consumer
1541,2023-01-22,1,Direct,Consumer
1542,2024-08-25,5,Social,Small Business
1543,2025-03-18,5,Social,Consumer
1544,2025-02-25,5,Social,Consumer
1545,2023-06-14,1,Paid Search,Small Business
1546,2024-11-23,1,Direct,Consumer
1547,2023-12-27,2,Direct,Consumer
1548,2025-08-08,4,Social,Consumer
1549,2024-01-11,1,Direct,Consumer
1550,2024-12-26,4,Social,Consumer
1551,2024-06-07,6,Affiliate,Consumer
1552,2025-01-04,1,Organic,Small Business
1553,2024-08-11,5,Organic,Small Business
1554,2025-03-12,4,Organic,Small Business
1555,2024-03-16,6,Organic,Consumer
1556,2025-06-30,2,Affiliate,Consumer
1557,2024-10-10,2,Social,Consumer
1558,2025-03-10,1,Affiliate,Consumer
1559,2025-05-13,5,Paid Search,Consumer
1560,2025-12-11,6,Paid Search,Consumer
1561,2024-03-09,1,Organic,Consumer
1562,2024-05-06,3,Email,Consumer
1563,2024-04-03,5,Affiliate,Consumer
1564,2024-04-15,5,Paid Search,Enterprise
1565,2024-11-30,6,Paid Search,Consumer
1566,2025-11-13,5,Social,Consumer
1567,2025-11-02,6,Affiliate,Consumer
1568,2024-10-27,6,Direct,Consumer
1569,2025-01-03,6,Affiliate,Consumer
1570,2025-05-21,3,Social,Consumer
1571,2025-07-29,3,Affiliate,Consumer
1572,2024-02-19,3,Paid Search,Consumer
1573,2024-10-28,6,Direct,Consumer
1574,2025-04-30,2,Organic,Consumer
1575,2024-05-19,5,Social,Consumer
1576,2024-08-31,4,Organic,Consumer
1577,2025-10-21,1,Email,Consumer
1578,2025-10-19,3,Paid Search,Consumer
1579,2025-07-01,2,Paid Search,Consumer
1580,2025-04-06,5,Email,Consumer
1581,2024-04-20,3,Direct,Enterprise
1582,2024-06-03,3,Organic,Enterprise
1583,2024-11-09,1,Paid Search,Small Business
1584,2024-11-17,1,Organic,Consumer
1585,2024-10-13,5,Paid Search,Consumer
1586,2025-01-01,6,Social,Consumer
1587,2024-08-08,2,Paid Search,Consumer
1588,2025-03-06,5,Social,Consumer
1589,2024-06-13,4,Social,Enterprise
1590,2024-06-11,3,Paid Search,Small Business
1591,2023-11-24,3,Social,Consumer
1592,2024-02-03,5,Organic,Consumer
1593,2025-05-13,6,Paid Search,Small Business
1594,2024-09-04,3,Paid Search,Small Business
1595,2024-03-13,3,Organic,Consumer
1596,2025-03-12,5,Email,Consumer
1597,2024-11-13,4,Affiliate,Consumer
1598,2023-05-14,3,Social,Consumer
1599,2024-05-30,3,Organic,Consumer
1600,2024-01-21,4,Affiliate,Consumer
1601,2025-01-12,1,Organic,Consumer
1602,2024-04-25,1,Social,Consumer
1603,2023-08-22,4,Paid Search,Small Business
1604,2023-08-03,2,Paid Search,Consumer
1605,2024-11-30,4,Social,Consumer
1606,2023-05-16,5,Social,Consumer
1607,2025-05-12,2,Direct,Small Business
1608,2023-12-28,3,Paid Search,Consumer
1609,2024-12-15,6,Organic,Consumer
1610,2024-09-03,1,Direct,Consumer
1611,2024-09-02,5,Organic,Consumer
1612,2023-09-03,2,Paid Search,Small Business
1613,2025-04-09,6,Direct,Consumer
1614,2025-06-18,3,Social,Consumer
1615,2023-04-07,1,Paid Search,Consumer
1616,2024-01-23,5,Social,Consumer
1617,2025-06-28,1,Paid Search,Small Business
1618,2024-11-10,3,Email,Consumer
1619,2023-12-22,4,Paid Search,Small Business
1620,2024-02-17,5,Email,Consumer
1621,2025-01-14,3,Paid Search,Consumer
1622,2025-02-20,6,Direct,Enterprise
1623,2024-12-10,3,Paid Search,Consumer
1624,2025-08-24,3,Direct,Small Business
1625,2024-10-06,3,Paid Search,Consumer
1626,2024-05-17,5,Affiliate,Consumer
1627,2024-09-25,4,Affiliate,Enterprise
1628,2024-07-03,1,Organic,Consumer
1629,2024-03-10,5,Paid Search,Consumer
1630,2023-07-16,3,Organic,Consumer
1631,2024-06-28,3,Organic,Consumer
1632,2025-02-12,1,Organic,Consumer
1633,2023-05-05,6,Organic,Consumer
1634,2024-08-30,1,Direct,Enterprise
1635,2025-01-05,6,Direct,Consumer
1636,2024-12-17,1,Social,Consumer
1637,2025-03-23,4,Paid Search,Consumer
1638,2025-04-14,1,Paid Search,Consumer
1639,2025-02-12,3,Email,Consumer
1640,2023-10-22,6,Direct,Consumer
1641,2024-09-23,4,Social,Consumer
1642,2024-12-13,4,Paid Search,Small Business
1643,2024-03-30,1,Social,Enterprise
1644,2023-07-09,6,Social,Small Business
1645,2024-03-09,3,Direct,Consumer
1646,2024-09-10,4,Organic,Small Business
1647,2024-08-12,6,Paid Search,Consumer
1648,2024-01-21,4,Social,Consumer
1649,2025-04-24,5,Paid Search,Consumer
1650,2025-07-21,2,Organic,Consumer
1651,2024-02-16,3,Organic,Consumer
1652,2025-07-25,4,Paid Search,Consumer
1653,2023-05-03,2,Social,Consumer
1654,2025-07-20,3,Affiliate,Enterprise
1655,2025-08-22,5,Affiliate,Consumer
1656,2023-04-11,6,Organic,Consumer
1657,2025-03-14,5,Social,Consumer
1658,2025-09-19,6,Direct,Consumer
1659,2025-06-30,6,Email,Enterprise
1660,2025-09-20,2,Direct,Consumer
1661,2024-11-11,6,Paid Search,Consumer
1662,2023-09-14,4,Paid Search,Consumer
1663,2025-05-13,6,Paid Search,Consumer
1664,2024-12-19,4,Affiliate,Consumer
1665,2024-12-19,1,Organic,Enterprise
1666,2024-08-15,4,Paid Search,Consumer
1667,2024-11-24,5,Direct,Consumer
1668,2023-12-26,1,Direct,Consumer
1669,2025-02-28,4,Paid Search,Small Business
1670,2023-09-09,4,Organic,Consumer
1671,2025-02-22,3,Organic,Consumer
1672,2025-05-12,5,Paid Search,Consumer
1673,2024-09-22,1,Organic,Small Business
1674,2024-10-16,3,Paid Search,Consumer
1675,2024-05-27,6,Affiliate,Small Business
1676,2025-09-18,4,Affiliate,Small Business
1677,2025-02-24,2,Affiliate,Consumer
1678,2024-07-11,1,Email,Consumer
1679,2024-01-19,4,Paid Search,Consumer
1680,2024-03-05,6,Social,Small Business
1681,2024-09-16,1,Organic,Consumer
1682,2025-08-10,1,Social,Enterprise
1683,2025-02-25,3,Organic,Consumer
1684,2024-03-01,2,Social,Consumer
1685,2025-05-21,1,Paid Search,Small Business
1686,2024-07-17,2,Social,Small Business
1687,2025-05-14,4,Organic,Consumer
1688,2024-03-26,5,Social,Small Business
1689,2024-12-22,2,Organic,Consumer
1690,2025-07-22,5,Social,Consumer
1691,2024-04-10,5,Email,Consumer
1692,2025-02-02,1,Organic,Consumer
1693,2025-10-25,6,Organic,Consumer
1694,2023-12-22,2,Social,Consumer
1695,2023-09-30,5,Social,Small Business
1696,2025-01-22,5,Paid Search,Consumer
1697,2024-06-18,6,Organic,Consumer
1698,2023-09-02,3,Paid Search,Consumer
1699,2024-09-24,4,Affiliate,Consumer
1700,2025-03-09,1,Email,Consumer
1701,2024-05-04,3,Social,Enterprise
1702,2024-06-14,6,Affiliate,Enterprise
1703,2025-05-10,1,Organic,Consumer
1704,2024-10-23,1,Paid Search,Consumer
1705,2025-05-07,5,Email,Consumer
1706,2024-09-04,4,Direct,Consumer
1707,2025-08-23,3,Paid Search,Consumer
1708,2025-01-09,2,Paid Search,Small Business
1709,2023-11-09,2,Organic,Consumer
1710,2025-06-11,5,Social,Consumer
1711,2024-10-03,3,Organic,Enterprise
1712,2023-12-12,5,Organic,Consumer
1713,2023-12-25,3,Email,Consumer
1714,2025-01-30,3,Paid Search,Small Business
1715,2023-07-19,2,Social,Consumer
1716,2024-05-05,4,Affiliate,Consumer
1717,2023-12-09,2,Social,Consumer
1718,2024-08-31,6,Social,Consumer
1719,2024-08-13,3,Paid Search,Consumer
1720,2024-10-24,5,Paid Search,Small Business
1721,2024-04-29,3,Social,Consumer
1722,2023-06-14,3,Social,Consumer
1723,2024-12-19,3,Organic,Enterprise
1724,2024-07-14,3,Organic,Enterprise
1725,2025-01-10,3,Affiliate,Small Business
1726,2023-10-30,6,Affiliate,Small Business
1727,2023-04-18,5,Paid Search,Enterprise
1728,2024-04-01,1,Paid Search,Small Business
1729,2024-09-11,1,Affiliate,Consumer
1730,2024-07-29,1,Social,Consumer
1731,2025-04-14,5,Social,Consumer
1732,2024-07-17,2,Paid Search,Consumer
1733,2024-10-29,3,Organic,Consumer
1734,2024-12-07,5,Paid Search,Consumer
1735,2023-05-16,1,Paid Search,Consumer
1736,2024-10-20,1,Social,Consumer
1737,2024-06-22,1,Email,Consumer
1738,2024-08-18,2,Paid Search,Consumer
1739,2023-10-18,1,Email,Consumer
1740,2025-03-27,4,Social,Consumer
1741,2025-08-09,5,Social,Consumer
1742,2023-05-17,2,Social,Consumer
1743,2024-12-12,4,Paid Search,Consumer
1744,2025-03-15,2,Social,Small Business
1745,2024-05-04,1,Affiliate,Consumer
1746,2025-03-30,3,Paid Search,Small Business
1747,2024-12-30,5,Direct,Small Business
1748,2025-07-25,2,Paid Search,Enterprise
1749,2025-10-10,5,Social,Small Business
1750,2023-07-08,6,Organic,Consumer
1751,2024-09-03,1,Affiliate,Consumer
1752,2024-11-09,1,Paid Search,Consumer
1753,2023-12-18,2,Paid Search,Consumer
1754,2024-06-15,6,Organic,Consumer
1755,2025-10-26,1,Paid Search,Enterprise
1756,2023-04-27,3,Organic,Consumer
1757,2024-09-08,4,Affiliate,Consumer
1758,2025-05-07,1,Paid Search,Enterprise
1759,2024-06-05,1,Affiliate,Consumer
1760,2024-09-27,1,Paid Search,Consumer
1761,2025-10-04,1,Affiliate,Consumer
1762,2024-09-23,4,Direct,Consumer
1763,2023-11-28,6,Organic,Consumer
1764,2023-07-28,3,Direct,Consumer
1765,2025-08-13,2,Affiliate,Consumer
1766,2024-04-17,2,Paid Search,Consumer
1767,2024-10-13,6,Paid Search,Consumer
1768,2023-10-04,6,Paid Search,Consumer
1769,2024-08-19,4,Social,Consumer
1770,2025-07-26,3,Organic,Consumer
1771,2024-10-11,1,Social,Small Business
1772,2025-09-21,6,Organic,Consumer
1773,2024-04-11,1,Social,Consumer
1774,2024-10-13,1,Paid Search,Consumer
1775,2025-05-21,5,Paid Search,Consumer
1776,2024-09-05,2,Direct,Small Business
1777,2024-04-29,1,Social,Enterprise
1778,2025-05-17,4,Social,Consumer
1779,2024-07-26,1,Paid Search,Consumer
1780,2024-10-30,2,Direct,Consumer
1781,2025-10-01,4,Paid Search,Small Business
1782,2024-01-31,2,Organic,Consumer
1783,2024-05-18,5,Paid Search,Consumer
1784,2023-06-11,1,Paid Search,Small Business
1785,2024-07-28,4,Organic,Consumer
1786,2024-02-15,1,Organic,Small Business
1787,2025-01-26,5,Organic,Consumer
1788,2024-01-26,5,Paid Search,Small Business
1789,2025-01-23,5,Direct,Small Business
1790,2024-04-15,2,Organic,Consumer
1791,2024-06-30,2,Direct,Consumer
1792,2024-06-25,6,Paid Search,Consumer
1793,2025-02-15,5,Social,Consumer
1794,2024-09-18,2,Social,Consumer
1795,2024-07-05,1,Email,Small Business
1796,2025-05-15,3,Email,Small Business
1797,2024-11-24,4,Social,Enterprise
1798,2024-02-29,3,Paid Search,Consumer
1799,2025-06-25,5,Paid Search,Consumer
1800,2024-06-20,4,Paid Search,Consumer
1801,2023-07-01,6,Affiliate,Consumer
1802,2024-10-06,6,Paid Search,Consumer
1803,2023-11-19,3,Paid Search,Consumer
1804,2024-03-23,6,Social,Consumer
1805,2025-03-05,3,Paid Search,Consumer
1806,2023-11-28,1,Direct,Consumer
1807,2025-04-12,2,Social,Consumer
1808,2025-08-03,3,Direct,Consumer
1809,2024-12-15,6,Organic,Small Business
1810,2025-02-11,5,Organic,Consumer
1811,2025-02-13,1,Social,Consumer
1812,2025-11-11,1,Organic,Consumer
1813,2024-06-19,4,Organic,Consumer
1814,2024-01-06,4,Paid Search,Consumer
1815,2024-10-22,5,Affiliate,Consumer
1816,2024-10-31,2,Social,Small Business
1817,2024-01-22,5,Social,Consumer
1818,2024-12-19,3,Social,Consumer
1819,2023-04-19,3,Organic,Consumer
1820,2025-07-23,3,Social,Small Business
1821,2024-04-16,6,Social,Consumer
1822,2023-07-02,3,Paid Search,Enterprise
1823,2023-10-29,4,Social,Small Business
1824,2024-03-25,6,Paid Search,Small Business
1825,2024-04-24,1,Affiliate,Consumer
1826,2023-06-16,4,Social,Consumer
1827,2024-04-29,5,Direct,Small Business
1828,2024-02-07,6,Organic,Enterprise
1829,2024-07-18,1,Email,Small Business
1830,2024-07-23,5,Direct,Enterprise
1831,2024-06-17,5,Paid Search,Consumer
1832,2024-06-09,3,Organic,Consumer
1833,2023-10-02,5,Paid Search,Consumer
1834,2023-05-26,3,Paid Search,Consumer
1835,2024-02-17,4,Social,Consumer
1836,2025-03-10,3,Organic,Consumer
1837,2025-11-04,2,Affiliate,Consumer
1838,2025-07-24,5,Paid Search,Consumer
1839,2024-10-13,2,Email,Consumer
1840,2024-10-30,2,Paid Search,Consumer
1841,2024-05-29,6,Paid Search,Consumer
1842,2025-03-21,6,Paid Search,Consumer
1843,2025-03-15,4,Organic,Small Business
1844,2025-05-09,4,Social,Consumer
1845,2025-06-20,3,Paid Search,Consumer
1846,2024-08-27,4,Paid Search,Consumer
1847,2025-03-17,4,Organic,Consumer
1848,2025-04-11,4,Email,Consumer
1849,2024-05-24,4,Paid Search,Small Business
1850,2025-07-25,4,Email,Consumer
1851,2023-10-09,6,Organic,Small Business
1852,2025-11-16,5,Social,Consumer
1853,2025-03-19,3,Paid Search,Consumer
1854,2023-10-08,4,Direct,Small Business
1855,2025-01-12,2,Social,Small Business
1856,2023-06-19,2,Social,Consumer
1857,2025-03-19,5,Affiliate,Consumer
1858,2025-04-07,4,Affiliate,Consumer
1859,2024-12-12,1,Email,Consumer
1860,2025-05-18,3,Affiliate,Consumer
1861,2023-10-14,6,Paid Search,Consumer
1862,2024-04-26,4,Email,Consumer
1863,2024-08-13,6,Social,Enterprise
1864,2023-07-08,4,Affiliate,Consumer
1865,2024-09-05,1,Social,Small Business
1866,2024-04-17,2,Paid Search,Consumer
1867,2024-07-28,1,Social,Consumer
1868,2024-08-20,5,Email,Consumer
1869,2025-06-06,5,Social,Consumer
1870,2024-04-21,3,Email,Consumer
1871,2025-06-19,5,Paid Search,Consumer
1872,2024-08-21,4,Paid Search,Consumer
1873,2024-06-09,5,Organic,Consumer
1874,2024-10-12,5,Social,Consumer
1875,2024-08-15,3,Organic,Consumer
1876,2024-04-10,4,Direct,Consumer
1877,2024-10-12,2,Organic,Consumer
1878,2023-12-24,5,Social,Consumer
1879,2024-06-27,6,Organic,Consumer
1880,2024-11-20,2,Affiliate,Small Business
1881,2024-08-12,5,Organic,Enterprise
1882,2025-04-24,1,Email,Consumer
1883,2024-04-09,3,Social,Consumer
1884,2025-09-18,5,Email,Enterprise
1885,2025-03-28,2,Paid Search,Consumer
1886,2025-09-14,2,Email,Consumer
1887,2025-05-04,3,Affiliate,Consumer
1888,2023-12-12,1,Affiliate,Consumer
1889,2024-10-27,4,Paid Search,Consumer
1890,2024-01-14,1,Affiliate,Small Business
1891,2025-04-20,2,Paid Search,Consumer
1892,2024-12-01,2,Social,Consumer
1893,2024-04-15,6,Organic,Consumer
1894,2025-07-25,6,Social,Consumer
1895,2023-11-08,1,Social,Small Business
1896,2024-11-19,1,Organic,Small Business
1897,2025-02-17,5,Organic,Small Business
1898,2023-08-11,2,Organic,Consumer
1899,2024-12-10,4,Social,Small Business
1900,2025-04-18,6,Organic,Consumer
1901,2023-08-27,1,Social,Consumer
1902,2024-10-18,6,Paid Search,Consumer
1903,2024-04-11,1,Social,Consumer
1904,2025-01-16,2,Email,Consumer
1905,2023-11-12,4,Paid Search,Small Business
1906,2025-08-03,6,Paid Search,Small Business
1907,2025-06-20,4,Affiliate,Consumer
1908,2024-01-31,1,Affiliate,Consumer
1909,2024-06-05,2,Organic,Consumer
1910,2024-12-03,5,Email,Consumer
1911,2025-02-16,4,Direct,Consumer
1912,2024-09-02,1,Organic,Consumer
1913,2023-12-29,4,Paid Search,Consumer
1914,2023-10-23,3,Organic,Consumer
1915,2025-12-22,1,Affiliate,Enterprise
1916,2024-09-10,2,Organic,Small Business
1917,2025-05-31,6,Paid Search,Consumer
1918,2024-09-28,5,Affiliate,Consumer
1919,2025-07-17,1,Email,Consumer
1920,2023-09-29,1,Social,Consumer
1921,2023-11-06,3,Direct,Small Business
1922,2025-07-25,3,Email,Consumer
1923,2025-08-16,3,Affiliate,Consumer
1924,2024-05-29,5,Direct,Consumer
1925,2024-06-30,2,Paid Search,Small Business
1926,2024-09-08,1,Email,Small Business
1927,2024-08-14,5,Social,Consumer
1928,2024-02-04,6,Affiliate,Enterprise
1929,2025-06-23,2,Affiliate,Consumer
1930,2024-04-06,3,Affiliate,Consumer
1931,2025-02-09,4,Email,Small Business
1932,2023-08-26,1,Email,Consumer
1933,2023-06-30,6,Paid Search,Consumer
1934,2025-01-11,2,Social,Consumer
1935,2024-06-17,4,Paid Search,Consumer
1936,2025-01-12,3,Affiliate,Consumer
1937,2023-10-09,5,Organic,Consumer
1938,2025-08-19,2,Organic,Consumer
1939,2025-03-05,1,Paid Search,Consumer
1940,2025-06-03,4,Organic,Consumer
1941,2023-12-05,6,Social,Small Business
1942,2024-06-02,4,Direct,Enterprise
1943,2024-07-10,5,Affiliate,Consumer
1944,2024-11-03,3,Social,Consumer
1945,2024-05-14,1,Email,Consumer
1946,2023-08-14,3,Paid Search,Consumer
1947,2024-07-10,6,Paid Search,Consumer
1948,2024-04-07,5,Organic,Consumer
1949,2024-07-23,5,Email,Consumer
1950,2024-02-11,2,Paid Search,Enterprise
1951,2024-04-14,4,Paid Search,Consumer
1952,2024-12-27,4,Social,Consumer
1953,2024-07-25,4,Paid Search,Small Business
1954,2024-06-22,6,Social,Small Business
1955,2024-11-01,5,Social,Consumer
1956,2025-03-20,2,Direct,Consumer
1957,2024-07-18,2,Social,Consumer
1958,2024-12-03,4,Paid Search,Consumer
1959,2025-09-12,6,Paid Search,Small Business
1960,2024-10-24,6,Paid Search,Consumer
1961,2025-07-04,4,Email,Consumer
1962,2025-04-03,4,Social,Consumer
1963,2023-08-11,5,Paid Search,Consumer
1964,2024-08-23,6,Direct,Small Business
1965,2025-02-05,1,Email,Consumer
1966,2025-10-23,2,Paid Search,Small Business
1967,2024-09-12,3,Paid Search,Small Business
1968,2023-10-07,4,Affiliate,Consumer
1969,2024-11-18,2,Organic,Consumer
1970,2023-11-23,2,Direct,Consumer
1971,2025-03-07,1,Paid Search,Consumer
1972,2024-10-15,1,Email,Consumer
1973,2025-02-19,3,Paid Search,Consumer
1974,2025-05-29,6,Social,Consumer
1975,2024-12-28,2,Email,Small Business
1976,2024-12-18,2,Organic,Consumer
1977,2025-03-09,2,Paid Search,Small Business
1978,2025-05-07,6,Paid Search,Enterprise
1979,2025-05-28,4,Email,Consumer
1980,2023-06-25,4,Paid Search,Consumer
1981,2024-11-14,2,Social,Consumer
1982,2024-03-02,6,Paid Search,Small Business
1983,2025-05-21,2,Paid Search,Small Business
1984,2025-01-08,6,Affiliate,Small Business
1985,2024-08-17,6,Paid Search,Consumer
1986,2024-02-02,4,Social,Small Business
1987,2024-06-17,6,Organic,Consumer
1988,2025-02-08,6,Paid Search,Consumer
1989,2024-02-19,4,Organic,Consumer
1990,2023-10-08,5,Social,Consumer
1991,2025-06-14,4,Affiliate,Consumer
1992,2025-03-15,4,Email,Small Business
1993,2024-02-14,3,Email,Consumer
1994,2024-05-10,4,Social,Small Business
1995,2025-09-22,2,Affiliate,Consumer
1996,2025-02-10,2,Organic,Consumer
1997,2024-12-17,2,Social,Consumer
1998,2024-05-23,1,Paid Search,Consumer
1999,2024-05-16,6,Paid Search,Consumer
2000,2023-07-02,2,Paid Search,Consumer
2001,2025-02-22,5,Paid Search,Consumer
2002,2023-07-10,3,Direct,Consumer
2003,2023-03-05,3,Direct,Consumer
2004,2025-02-22,2,Paid Search,Consumer
2005,2025-08-18,5,Direct,Consumer
2006,2025-03-10,4,Organic,Consumer
2007,2024-09-21,3,Social,Consumer
2008,2024-10-01,4,Direct,Small Business
2009,2024-08-28,5,Organic,Consumer
2010,2024-06-06,4,Organic,Consumer
2011,2024-10-24,3,Paid Search,Small Business
2012,2024-08-25,6,Paid Search,Consumer
2013,2024-12-10,6,Affiliate,Small Business
2014,2025-06-23,6,Paid Search,Small Business
2015,2025-11-19,1,Paid Search,Small Business
2016,2023-09-15,6,Paid Search,Small Business
2017,2024-07-22,2,Social,Consumer
2018,2024-01-25,4,Social,Consumer
2019,2024-06-28,4,Direct,Consumer
2020,2024-05-06,2,Social,Consumer
2021,2024-01-19,1,Affiliate,Consumer
2022,2025-03-15,6,Organic,Consumer
2023,2024-10-07,6,Social,Enterprise
2024,2025-07-14,2,Paid Search,Consumer
2025,2023-06-15,4,Paid Search,Consumer
2026,2023-08-26,1,Affiliate,Consumer
2027,2024-08-05,4,Email,Consumer
2028,2023-09-17,2,Social,Consumer
2029,2024-04-15,5,Affiliate,Consumer
2030,2025-10-22,4,Email,Enterprise
2031,2024-02-24,3,Paid Search,Consumer
2032,2024-02-13,5,Organic,Consumer
2033,2024-11-25,3,Email,Consumer
2034,2024-10-09,1,Email,Consumer
2035,2024-11-29,4,Paid Search,Consumer
2036,2024-07-16,5,Paid Search,Consumer
2037,2025-04-26,3,Social,Consumer
2038,2023-12-08,2,Paid Search,Consumer
2039,2024-08-23,1,Paid Search,Small Business
2040,2025-01-31,2,Organic,Small Business
2041,2025-05-28,5,Social,Consumer
2042,2024-07-11,2,Paid Search,Consumer
2043,2024-11-21,6,Organic,Small Business
2044,2023-08-30,2,Paid Search,Consumer
2045,2024-01-14,3,Social,Consumer
2046,2023-08-30,5,Email,Consumer
2047,2025-02-21,4,Affiliate,Consumer
2048,2024-05-07,1,Paid Search,Enterprise
2049,2025-02-19,1,Affiliate,Consumer
2050,2023-08-25,2,Affiliate,Consumer
2051,2025-05-23,6,Organic,Consumer
2052,2025-05-02,1,Direct,Consumer
2053,2023-10-01,1,Paid Search,Small Business
2054,2023-05-22,5,Paid Search,Consumer
2055,2023-08-06,4,Affiliate,Small Business
2056,2025-05-16,6,Social,Consumer
2057,2024-03-20,2,Social,Small Business
2058,2024-11-09,4,Paid Search,Small Business
2059,2024-08-21,1,Paid Search,Consumer
2060,2025-04-04,4,Paid Search,Small Business
2061,2024-10-03,1,Paid Search,Consumer
2062,2024-10-10,6,Direct,Consumer
2063,2025-10-30,3,Paid Search,Consumer
2064,2023-12-22,2,Email,Consumer
2065,2025-04-29,6,Paid Search,Enterprise
2066,2023-07-28,1,Social,Small Business
2067,2024-09-25,5,Affiliate,Consumer
2068,2025-06-12,4,Paid Search,Small Business
2069,2025-01-17,5,Paid Search,Consumer
2070,2025-01-29,2,Affiliate,Consumer
2071,2024-04-15,6,Paid Search,Small Business
2072,2024-08-16,3,Paid Search,Consumer
2073,2024-07-09,3,Direct,Small Business
2074,2024-10-24,3,Social,Consumer
2075,2024-09-15,2,Organic,Consumer
2076,2024-06-08,2,Paid Search,Consumer
2077,2024-05-21,1,Paid Search,Consumer
2078,2024-04-04,3,Social,Consumer
2079,2024-07-08,3,Organic,Consumer
2080,2023-12-22,3,Paid Search,Consumer
2081,2025-05-31,6,Affiliate,Small Business
2082,2024-12-12,1,Email,Consumer
2083,2023-12-02,6,Organic,Consumer
2084,2025-02-02,6,Social,Consumer
2085,2025-05-11,1,Organic,Consumer
2086,2024-03-22,5,Email,Consumer
2087,2023-12-22,2,Paid Search,Consumer
2088,2023-03-27,1,Affiliate,Consumer
2089,2023-07-19,6,Social,Enterprise
2090,2025-03-14,1,Direct,Consumer
2091,2025-10-25,2,Direct,Consumer
2092,2023-07-14,1,Paid Search,Consumer
2093,2025-03-05,1,Social,Consumer
2094,2023-09-03,1,Social,Consumer
2095,2024-12-06,6,Social,Consumer
2096,2025-03-10,1,Affiliate,Consumer
2097,2024-07-03,5,Paid Search,Small Business
2098,2023-04-06,1,Organic,Consumer
2099,2024-12-08,6,Direct,Small Business
2100,2025-11-05,6,Direct,Consumer
2101,2024-04-10,4,Paid Search,Consumer
2102,2024-02-04,5,Direct,Consumer
2103,2023-11-19,2,Paid Search,Small Business
2104,2024-11-14,5,Social,Consumer
2105,2024-12-09,2,Paid Search,Consumer
2106,2025-04-02,4,Organic,Consumer
2107,2025-03-08,6,Paid Search,Enterprise
2108,2025-06-18,5,Paid Search,Consumer
2109,2025-04-11,2,Social,Consumer
2110,2024-03-31,5,Affiliate,Enterprise
2111,2024-11-14,6,Organic,Small Business
2112,2024-05-15,6,Organic,Consumer
2113,2024-06-10,5,Organic,Consumer
2114,2025-07-28,5,Social,Consumer
2115,2025-01-27,5,Paid Search,Enterprise
2116,2025-09-27,5,Paid Search,Consumer
2117,2024-08-15,1,Social,Small Business
2118,2024-11-03,5,Direct,Consumer
2119,2024-10-01,2,Paid Search,Enterprise
2120,2023-10-28,4,Organic,Consumer
2121,2024-03-22,3,Affiliate,Consumer
2122,2024-10-28,2,Affiliate,Small Business
2123,2023-08-27,2,Paid Search,Enterprise
2124,2025-07-27,1,Direct,Small Business
2125,2023-11-19,3,Organic,Consumer
2126,2024-02-13,3,Social,Consumer
2127,2025-03-16,3,Email,Small Business
2128,2023-10-13,1,Paid Search,Consumer
2129,2025-06-25,4,Email,Consumer
2130,2025-02-20,2,Organic,Consumer
2131,2023-08-29,6,Email,Consumer
2132,2025-02-01,1,Affiliate,Consumer
2133,2024-12-29,1,Organic,Consumer
2134,2025-03-11,2,Paid Search,Enterprise
2135,2025-04-27,3,Paid Search,Consumer
2136,2025-02-16,6,Affiliate,Consumer
2137,2024-12-03,4,Organic,Consumer
2138,2024-06-04,3,Affiliate,Consumer
2139,2025-02-04,6,Social,Small Business
2140,2025-08-29,2,Social,Small Business
2141,2024-12-03,6,Affiliate,Consumer
2142,2025-01-17,3,Email,Enterprise
2143,2024-08-29,2,Social,Consumer
2144,2025-03-10,2,Paid Search,Small Business
2145,2025-12-03,1,Affiliate,Small Business
2146,2024-01-03,5,Email,Small Business
2147,2024-02-17,4,Social,Consumer
2148,2024-11-04,4,Organic,Consumer
2149,2024-09-28,4,Paid Search,Consumer
2150,2024-11-24,1,Social,Consumer
2151,2023-07-23,6,Paid Search,Consumer
2152,2024-08-06,4,Paid Search,Consumer
2153,2024-12-01,5,Affiliate,Consumer
2154,2024-12-02,1,Social,Consumer
2155,2025-01-13,5,Email,Consumer
2156,2025-02-17,5,Social,Consumer
2157,2025-01-04,3,Paid Search,Consumer
2158,2025-04-01,6,Social,Consumer
2159,2024-12-25,4,Paid Search,Small Business
2160,2024-11-03,6,Organic,Consumer
2161,2024-12-14,5,Affiliate,Consumer
2162,2023-10-19,2,Email,Small Business
2163,2024-04-24,6,Email,Consumer
2164,2024-10-27,5,Affiliate,Consumer
2165,2025-06-01,2,Email,Small Business
2166,2025-01-25,5,Organic,Small Business
2167,2023-10-03,3,Organic,Consumer
2168,2024-12-06,6,Social,Consumer
2169,2024-03-07,2,Paid Search,Small Business
2170,2025-02-25,2,Organic,Consumer
2171,2025-04-26,3,Email,Consumer
2172,2024-12-07,3,Paid Search,Consumer
2173,2024-12-06,4,Direct,Consumer
2174,2024-06-17,2,Paid Search,Consumer
2175,2024-09-04,5,Email,Small Business
2176,2025-05-24,1,Direct,Consumer
2177,2025-02-19,2,Social,Enterprise
2178,2024-10-23,4,Affiliate,Small Business
2179,2024-07-10,2,Affiliate,Small Business
2180,2023-07-25,3,Email,Small Business
2181,2023-12-13,4,Direct,Consumer
2182,2024-02-07,2,Organic,Consumer
2183,2024-07-14,6,Social,Consumer
2184,2025-08-12,6,Organic,Consumer
2185,2024-10-13,6,Social,Consumer
2186,2024-03-20,3,Social,Small Business
2187,2023-10-26,3,Paid Search,Small Business
2188,2024-06-17,6,Social,Consumer
2189,2025-04-18,5,Email,Consumer
2190,2024-07-21,5,Direct,Consumer
2191,2025-03-20,2,Direct,Small Business
2192,2025-04-09,6,Paid Search,Enterprise
2193,2023-11-02,4,Organic,Consumer
2194,2024-12-16,5,Organic,Consumer
2195,2025-09-01,5,Paid Search,Small Business
2196,2024-08-04,1,Organic,Consumer
2197,2023-07-26,1,Social,Small Business
2198,2025-07-18,1,Direct,Consumer
2199,2025-06-10,4,Paid Search,Consumer
2200,2024-10-24,6,Affiliate,Consumer
2201,2024-11-12,1,Affiliate,Small Business
2202,2024-02-26,1,Email,Consumer
2203,2025-04-20,3,Paid Search,Small Business
2204,2024-10-09,3,Paid Search,Small Business
2205,2023-06-18,1,Direct,Small Business
2206,2025-01-27,4,Paid Search,Small Business
2207,2025-08-20,6,Paid Search,Small Business
2208,2025-04-27,2,Direct,Small Business
2209,2024-04-27,1,Email,Consumer
2210,2023-07-31,2,Email,Small Business
2211,2025-08-07,2,Paid Search,Enterprise
2212,2025-08-03,3,Social,Consumer
2213,2024-10-31,1,Affiliate,Consumer
2214,2025-01-04,3,Social,Consumer
2215,2024-09-15,1,Paid Search,Small Business
2216,2024-08-17,5,Paid Search,Enterprise
2217,2023-11-13,3,Organic,Consumer
2218,2023-10-13,1,Paid Search,Enterprise
2219,2024-03-18,1,Affiliate,Consumer
2220,2025-05-03,3,Paid Search,Consumer
2221,2023-12-17,4,Paid Search,Small Business
2222,2024-03-12,2,Direct,Enterprise
2223,2024-11-10,2,Direct,Consumer
2224,2024-03-01,4,Organic,Enterprise
2225,2024-01-06,3,Direct,Small Business
2226,2024-11-19,1,Paid Search,Small Business
2227,2024-07-10,3,Social,Small Business
2228,2024-12-26,2,Paid Search,Consumer
2229,2025-07-07,6,Social,Consumer
2230,2023-12-23,5,Email,Consumer
2231,2025-07-08,2,Affiliate,Consumer
2232,2025-06-27,2,Paid Search,Consumer
2233,2025-04-27,1,Social,Consumer
2234,2024-12-29,5,Direct,Consumer
2235,2024-12-23,6,Organic,Consumer
2236,2025-01-03,2,Paid Search,Consumer
2237,2025-01-31,4,Social,Consumer
2238,2023-04-28,2,Social,Consumer
2239,2025-08-31,6,Social,Consumer
2240,2024-12-02,2,Social,Consumer
2241,2025-03-26,1,Social,Small Business
2242,2024-07-17,6,Social,Consumer
2243,2023-04-13,6,Social,Consumer
2244,2024-10-16,3,Paid Search,Enterprise
2245,2024-10-15,6,Paid Search,Small Business
2246,2024-08-29,2,Social,Consumer
2247,2024-06-18,2,Affiliate,Consumer
2248,2024-04-03,4,Email,Consumer
2249,2024-10-28,4,Paid Search,Consumer
2250,2024-07-15,3,Social,Small Business
2251,2025-09-18,5,Organic,Consumer
2252,2024-01-17,5,Social,Enterprise
2253,2024-06-02,1,Organic,Consumer
2254,2024-05-12,6,Direct,Small Business
2255,2024-11-06,1,Paid Search,Consumer
2256,2024-10-09,4,Social,Consumer
2257,2025-01-05,3,Social,Consumer
2258,2025-08-19,3,Organic,Consumer
2259,2024-05-04,1,Paid Search,Consumer
2260,2025-02-02,3,Organic,Small Business
2261,2023-05-26,1,Paid Search,Consumer
2262,2024-04-14,6,Email,Consumer
2263,2024-09-16,1,Organic,Consumer
2264,2023-06-11,3,Social,Consumer
2265,2024-12-21,2,Direct,Consumer
2266,2025-01-25,2,Affiliate,Consumer
2267,2025-03-04,3,Social,Small Business
2268,2024-10-21,6,Direct,Consumer
2269,2024-12-13,3,Affiliate,Small Business
2270,2024-07-31,6,Paid Search,Consumer
2271,2023-07-06,5,Organic,Consumer
2272,2023-10-17,3,Organic,Consumer
2273,2025-01-12,6,Organic,Consumer
2274,2025-11-21,3,Direct,Consumer
2275,2023-04-26,4,Social,Consumer
2276,2024-11-15,5,Paid Search,Consumer
2277,2025-03-07,4,Social,Small Business
2278,2025-04-26,5,Email,Enterprise
2279,2024-11-08,1,Social,Consumer
2280,2024-12-22,3,Paid Search,Consumer
2281,2025-02-04,4,Social,Consumer
2282,2025-05-20,2,Organic,Consumer
2283,2023-11-17,6,Paid Search,Consumer
2284,2025-07-21,2,Social,Consumer
2285,2023-05-28,2,Paid Search,Small Business
2286,2025-05-03,2,Social,Consumer
2287,2023-09-12,5,Paid Search,Enterprise
2288,2024-02-09,1,Paid Search,Small Business
2289,2023-02-27,1,Organic,Consumer
2290,2024-09-03,5,Paid Search,Consumer
2291,2024-06-14,2,Paid Search,Consumer
2292,2024-01-09,1,Organic,Consumer
2293,2024-09-07,2,Paid Search,Consumer
2294,2024-08-04,3,Paid Search,Consumer
2295,2025-03-17,1,Social,Consumer
2296,2025-06-18,6,Social,Consumer
2297,2025-01-10,1,Organic,Consumer
2298,2023-11-20,3,Direct,Small Business
2299,2024-05-13,2,Social,Enterprise
2300,2025-07-08,2,Organic,Small Business
2301,2023-10-01,1,Affiliate,Consumer
2302,2024-08-07,6,Social,Consumer
2303,2025-08-10,6,Email,Consumer
2304,2025-08-20,1,Organic,Enterprise
2305,2024-08-11,2,Organic,Consumer
2306,2025-01-19,6,Direct,Consumer
2307,2024-09-11,3,Paid Search,Small Business
2308,2025-03-08,1,Affiliate,Consumer
2309,2023-06-12,1,Social,Enterprise
2310,2023-12-15,3,Organic,Consumer
2311,2024-12-19,4,Social,Consumer
2312,2024-03-18,4,Paid Search,Enterprise
2313,2025-01-18,1,Paid Search,Consumer
2314,2024-06-27,3,Direct,Consumer
2315,2025-06-12,2,Organic,Consumer
2316,2025-04-20,4,Affiliate,Consumer
2317,2024-10-05,2,Paid Search,Consumer
2318,2025-03-20,2,Paid Search,Consumer
2319,2024-04-22,5,Social,Consumer
2320,2024-10-06,4,Paid Search,Consumer
2321,2024-02-12,3,Social,Consumer
2322,2025-05-22,1,Direct,Consumer
2323,2025-04-23,1,Affiliate,Small Business
2324,2025-06-27,5,Social,Consumer
2325,2025-06-04,6,Social,Consumer
2326,2025-09-02,4,Organic,Consumer
2327,2024-03-14,1,Organic,Consumer
2328,2025-07-28,3,Organic,Consumer
2329,2024-11-24,2,Social,Enterprise
2330,2024-08-19,1,Paid Search,Consumer
2331,2024-11-17,1,Paid Search,Small Business
2332,2024-06-20,3,Direct,Consumer
2333,2024-05-07,3,Email,Small Business
2334,2024-03-26,4,Direct,Small Business
2335,2023-09-21,5,Social,Small Business
2336,2024-10-08,2,Social,Consumer
2337,2025-06-13,2,Social,Consumer
2338,2024-12-28,5,Affiliate,Consumer
2339,2024-10-23,2,Paid Search,Consumer
2340,2024-08-23,1,Organic,Consumer
2341,2024-09-16,6,Paid Search,Small Business
2342,2024-02-24,2,Paid Search,Consumer
2343,2025-04-23,1,Paid Search,Consumer
2344,2024-02-13,5,Social,Small Business
2345,2025-02-15,4,Affiliate,Consumer
2346,2025-03-12,1,Direct,Small Business
2347,2024-11-26,6,Organic,Small Business
2348,2025-05-23,2,Social,Consumer
2349,2024-05-09,5,Email,Consumer
2350,2025-06-08,4,Paid Search,Enterprise
2351,2025-02-22,5,Email,Consumer
2352,2025-04-06,5,Email,Enterprise
2353,2025-01-17,5,Social,Consumer
2354,2025-05-10,1,Paid Search,Consumer
2355,2025-11-12,6,Paid Search,Consumer
2356,2024-08-17,1,Social,Consumer
2357,2025-04-17,2,Direct,Consumer
2358,2025-03-03,3,Organic,Consumer
2359,2024-09-09,2,Social,Consumer
2360,2025-07-22,4,Social,Consumer
2361,2024-07-29,1,Email,Small Business
2362,2024-11-20,3,Social,Consumer
2363,2023-10-26,3,Paid Search,Consumer
2364,2024-03-11,4,Organic,Consumer
2365,2025-05-06,4,Social,Consumer
2366,2024-07-31,5,Social,Consumer
2367,2024-07-29,1,Social,Small Business
2368,2024-03-30,6,Paid Search,Consumer
2369,2024-10-04,3,Direct,Small Business
2370,2025-04-11,3,Affiliate,Small Business
2371,2025-06-20,4,Direct,Small Business
2372,2023-08-31,1,Direct,Consumer
2373,2024-11-26,5,Social,Consumer
2374,2024-09-18,2,Social,Consumer
2375,2024-12-19,6,Organic,Consumer
2376,2024-09-05,1,Paid Search,Consumer
2377,2024-08-01,6,Direct,Consumer
2378,2024-09-21,3,Paid Search,Consumer
2379,2024-11-30,4,Social,Consumer
2380,2024-10-11,6,Organic,Consumer
2381,2024-09-22,1,Affiliate,Consumer
2382,2025-04-19,3,Organic,Consumer
2383,2025-03-04,6,Organic,Consumer
2384,2024-06-19,1,Social,Consumer
2385,2025-04-07,1,Organic,Consumer
2386,2025-05-16,4,Email,Small Business
2387,2023-12-26,1,Social,Consumer
2388,2024-11-30,6,Email,Consumer
2389,2024-05-04,6,Paid Search,Consumer
2390,2025-02-28,2,Social,Consumer
2391,2024-03-24,2,Direct,Consumer
2392,2025-01-21,5,Social,Small Business
2393,2024-04-08,4,Organic,Small Business
2394,2024-10-17,5,Social,Consumer
2395,2025-08-17,6,Direct,Consumer
2396,2024-07-20,3,Paid Search,Small Business
2397,2025-06-03,2,Paid Search,Consumer
2398,2025-10-24,4,Affiliate,Consumer
2399,2025-06-02,4,Organic,Small Business
2400,2024-01-09,3,Organic,Consumer
2401,2025-04-21,2,Social,Small Business
2402,2023-06-14,2,Social,Consumer
2403,2024-07-29,4,Direct,Small Business
2404,2025-05-30,3,Organic,Consumer
2405,2025-01-31,3,Direct,Consumer
2406,2024-10-31,1,Direct,Consumer
2407,2024-07-25,6,Organic,Consumer
2408,2025-04-15,5,Organic,Consumer
2409,2025-02-11,6,Organic,Consumer
2410,2024-09-19,5,Affiliate,Consumer
2411,2025-06-18,4,Organic,Consumer
2412,2024-03-15,2,Paid Search,Consumer
2413,2024-01-14,4,Direct,Small Business
2414,2025-01-05,4,Organic,Consumer
2415,2025-09-22,6,Affiliate,Consumer
2416,2024-03-31,2,Social,Small Business
2417,2024-04-03,1,Social,Consumer
2418,2023-12-09,1,Organic,Consumer
2419,2025-05-21,2,Email,Consumer
2420,2024-03-12,4,Paid Search,Consumer
2421,2024-10-12,1,Social,Small Business
2422,2025-11-04,1,Email,Small Business
2423,2023-04-12,3,Direct,Consumer
2424,2024-11-15,5,Paid Search,Enterprise
2425,2024-10-18,3,Paid Search,Consumer
2426,2025-04-12,2,Social,Consumer
2427,2024-06-30,2,Paid Search,Consumer
2428,2024-08-10,5,Paid Search,Consumer
2429,2024-01-11,3,Social,Consumer
2430,2025-03-01,3,Organic,Consumer
2431,2025-03-28,5,Social,Consumer
2432,2023-12-05,3,Social,Consumer
2433,2024-07-29,3,Direct,Consumer
2434,2025-06-18,5,Social,Small Business
2435,2023-02-17,2,Email,Small Business
2436,2024-05-16,4,Paid Search,Consumer
2437,2024-11-14,4,Affiliate,Consumer
2438,2024-06-14,2,Affiliate,Consumer
2439,2024-04-23,1,Paid Search,Consumer
2440,2024-09-13,6,Organic,Consumer
2441,2024-01-26,2,Organic,Small Business
2442,2024-10-29,3,Social,Consumer
2443,2025-02-09,4,Email,Small Business
2444,2024-11-26,1,Social,Small Business
2445,2023-10-07,1,Social,Consumer
2446,2025-05-09,3,Direct,Small Business
2447,2024-01-19,6,Paid Search,Consumer
2448,2025-03-15,4,Paid Search,Small Business
2449,2024-07-04,4,Paid Search,Consumer
2450,2025-03-27,4,Direct,Consumer
2451,2024-02-21,6,Paid Search,Consumer
2452,2024-02-01,6,Paid Search,Consumer
2453,2024-10-08,1,Organic,Small Business
2454,2023-06-16,4,Email,Small Business
2455,2024-03-11,4,Social,Consumer
2456,2025-02-19,2,Direct,Small Business
2457,2025-05-03,6,Paid Search,Consumer
2458,2023-09-18,2,Organic,Consumer
2459,2025-06-08,6,Organic,Consumer
2460,2025-04-05,1,Social,Small Business
2461,2025-05-29,4,Affiliate,Consumer
2462,2025-02-05,5,Organic,Consumer
2463,2025-01-22,4,Paid Search,Consumer
2464,2024-10-26,1,Paid Search,Small Business
2465,2025-01-10,1,Paid Search,Consumer
2466,2025-07-14,4,Affiliate,Consumer
2467,2023-10-18,6,Paid Search,Consumer
2468,2024-05-30,4,Affiliate,Consumer
2469,2023-09-04,1,Paid Search,Consumer
2470,2025-08-12,5,Direct,Small Business
2471,2024-09-03,3,Affiliate,Consumer
2472,2025-01-23,1,Paid Search,Small Business
2473,2025-05-06,3,Paid Search,Enterprise
2474,2025-11-05,2,Email,Consumer
2475,2024-01-04,6,Paid Search,Consumer
2476,2025-04-07,6,Paid Search,Consumer
2477,2025-06-13,1,Email,Consumer
2478,2023-07-22,4,Affiliate,Consumer
2479,2025-03-09,1,Email,Consumer
2480,2024-06-30,3,Affiliate,Small Business
2481,2025-01-08,1,Organic,Small Business
2482,2024-10-19,5,Email,Consumer
2483,2024-04-12,1,Social,Small Business
2484,2023-12-04,6,Email,Small Business
2485,2023-11-10,2,Organic,Consumer
2486,2023-10-22,2,Organic,Consumer
2487,2025-01-02,6,Direct,Small Business
2488,2024-06-27,6,Social,Small Business
2489,2024-03-02,1,Organic,Consumer
2490,2025-02-01,1,Social,Consumer
2491,2025-01-29,6,Paid Search,Consumer
2492,2024-11-04,6,Social,Consumer
2493,2025-07-31,3,Direct,Small Business
2494,2024-07-23,1,Social,Small Business
2495,2025-05-02,1,Organic,Consumer
2496,2023-09-09,2,Organic,Consumer
2497,2025-02-28,5,Affiliate,Consumer
2498,2025-10-28,1,Email,Consumer
2499,2025-05-10,4,Paid Search,Small Business
2500,2024-11-29,5,Social,Consumer
2501,2024-12-26,1,Organic,Small Business
2502,2024-06-29,6,Paid Search,Consumer
2503,2025-01-25,6,Social,Consumer
2504,2025-03-19,2,Social,Consumer
2505,2025-12-06,1,Paid Search,Small Business
2506,2024-10-05,2,Direct,Consumer
2507,2023-08-16,2,Direct,Consumer
2508,2024-12-08,2,Email,Consumer
2509,2023-11-13,6,Paid Search,Consumer
2510,2024-03-29,1,Direct,Consumer
2511,2024-06-09,2,Organic,Small Business
2512,2025-02-23,5,Direct,Small Business
2513,2024-01-29,1,Paid Search,Consumer
2514,2024-01-09,1,Paid Search,Small Business
2515,2023-07-14,2,Organic,Consumer
2516,2025-06-01,6,Affiliate,Consumer
2517,2025-02-02,6,Paid Search,Consumer
2518,2023-07-03,6,Social,Consumer
2519,2023-06-04,6,Organic,Consumer
2520,2024-11-16,1,Direct,Consumer
2521,2024-05-02,3,Email,Consumer
2522,2024-12-09,4,Direct,Consumer
2523,2024-08-27,1,Organic,Consumer
2524,2025-07-18,6,Affiliate,Consumer
2525,2024-05-06,4,Social,Consumer
2526,2025-01-25,6,Paid Search,Consumer
2527,2023-08-02,2,Organic,Consumer
2528,2025-08-27,5,Organic,Consumer
2529,2025-10-09,1,Social,Consumer
2530,2025-02-28,1,Paid Search,Small Business
2531,2024-09-17,4,Email,Consumer
2532,2024-03-06,1,Affiliate,Consumer
2533,2025-04-16,2,Social,Consumer
2534,2025-02-26,5,Direct,Consumer
2535,2024-03-08,3,Social,Consumer
2536,2024-09-07,3,Paid Search,Enterprise
2537,2024-09-15,2,Paid Search,Consumer
2538,2025-04-25,5,Social,Consumer
2539,2025-01-28,6,Paid Search,Consumer
2540,2025-01-05,5,Organic,Small Business
2541,2025-01-09,3,Email,Consumer
2542,2024-04-21,3,Organic,Consumer
2543,2024-07-13,1,Affiliate,Consumer
2544,2023-07-15,1,Direct,Small Business
2545,2025-03-29,2,Social,Small Business
2546,2024-08-26,3,Paid Search,Small Business
2547,2024-08-30,6,Paid Search,Small Business
2548,2024-03-30,6,Organic,Consumer
2549,2024-02-24,1,Social,Consumer
2550,2024-12-04,2,Organic,Small Business
2551,2024-03-18,1,Organic,Consumer
2552,2023-08-21,1,Organic,Consumer
2553,2025-03-17,3,Paid Search,Consumer
2554,2024-07-16,6,Paid Search,Consumer
2555,2024-07-19,2,Social,Consumer
2556,2024-08-25,5,Affiliate,Consumer
2557,2025-04-17,3,Organic,Consumer
2558,2024-06-03,4,Organic,Consumer
2559,2025-03-11,6,Organic,Consumer
2560,2025-08-06,5,Social,Small Business
2561,2025-01-15,5,Paid Search,Small Business
2562,2024-08-25,3,Paid Search,Small Business
2563,2025-03-05,1,Paid Search,Consumer
2564,2024-09-12,6,Paid Search,Small Business
2565,2024-08-13,6,Social,Small Business
2566,2024-10-26,6,Email,Consumer
2567,2024-05-31,3,Paid Search,Consumer
2568,2023-10-24,2,Paid Search,Consumer
2569,2024-08-13,2,Paid Search,Consumer
2570,2023-11-19,3,Paid Search,Small Business
2571,2024-08-10,3,Paid Search,Consumer
2572,2024-11-15,2,Paid Search,Consumer
2573,2025-07-26,6,Paid Search,Consumer
2574,2023-06-24,4,Direct,Small Business
2575,2024-12-23,2,Social,Consumer
2576,2024-09-12,4,Paid Search,Consumer
2577,2023-05-11,5,Social,Enterprise
2578,2024-04-03,4,Paid Search,Consumer
2579,2023-11-12,6,Organic,Consumer
2580,2024-03-02,6,Social,Consumer
2581,2024-04-25,3,Affiliate,Small Business
2582,2024-08-03,3,Direct,Small Business
2583,2024-10-28,2,Organic,Small Business
2584,2023-01-29,5,Paid Search,Small Business
2585,2024-01-04,6,Social,Consumer
2586,2023-10-08,4,Social,Consumer
2587,2024-11-10,2,Email,Consumer
2588,2024-06-10,4,Paid Search,Consumer
2589,2024-11-10,5,Organic,Consumer
2590,2024-03-07,1,Social,Consumer
2591,2023-05-23,4,Social,Consumer
2592,2025-08-08,4,Social,Consumer
2593,2023-10-29,4,Social,Consumer
2594,2023-11-23,4,Organic,Enterprise
2595,2023-12-18,6,Organic,Consumer
2596,2025-10-10,1,Paid Search,Small Business
2597,2024-12-21,4,Paid Search,Consumer
2598,2024-12-17,5,Affiliate,Small Business
2599,2025-10-23,5,Social,Consumer
2600,2023-09-30,3,Organic,Consumer
2601,2025-09-27,6,Social,Consumer
2602,2024-02-19,2,Organic,Consumer
2603,2024-12-24,3,Organic,Small Business
2604,2024-08-17,5,Paid Search,Consumer
2605,2024-07-22,3,Social,Consumer
2606,2025-07-27,3,Social,Consumer
2607,2023-12-21,4,Paid Search,Consumer
2608,2025-11-29,4,Email,Consumer
2609,2024-07-18,6,Paid Search,Consumer
2610,2025-01-08,4,Paid Search,Consumer
2611,2025-09-15,2,Email,Consumer
2612,2023-08-09,1,Affiliate,Consumer
2613,2025-07-18,6,Paid Search,Consumer
2614,2024-11-21,3,Organic,Enterprise
2615,2025-02-08,2,Paid Search,Consumer
2616,2023-12-21,2,Email,Consumer
2617,2024-10-31,1,Social,Small Business
2618,2025-01-22,2,Email,Enterprise
2619,2024-09-11,5,Social,Small Business
2620,2023-12-27,4,Social,Consumer
2621,2024-03-29,4,Affiliate,Small Business
2622,2025-05-16,1,Paid Search,Consumer
2623,2023-06-20,5,Paid Search,Small Business
2624,2025-02-11,6,Social,Consumer
2625,2025-12-17,6,Organic,Consumer
2626,2023-03-21,3,Paid Search,Small Business
2627,2024-01-03,4,Organic,Consumer
2628,2025-01-22,2,Social,Consumer
2629,2023-08-13,6,Organic,Small Business
2630,2024-12-05,6,Affiliate,Consumer
2631,2025-01-28,2,Social,Consumer
2632,2024-12-04,3,Organic,Consumer
2633,2024-07-08,2,Social,Consumer
2634,2025-02-04,4,Paid Search,Consumer
2635,2024-12-07,2,Email,Consumer
2636,2024-02-22,5,Affiliate,Small Business
2637,2024-11-19,6,Email,Consumer
2638,2025-06-08,6,Direct,Small Business
2639,2025-01-18,2,Social,Small Business
2640,2024-09-21,1,Organic,Enterprise
2641,2024-06-04,5,Paid Search,Consumer
2642,2023-09-26,1,Direct,Consumer
2643,2024-03-29,3,Organic,Consumer
2644,2023-04-07,6,Paid Search,Small Business
2645,2025-10-23,3,Email,Small Business
2646,2024-03-08,1,Organic,Small Business
2647,2025-04-17,6,Direct,Consumer
2648,2024-01-12,5,Email,Consumer
2649,2024-05-03,2,Affiliate,Consumer
2650,2024-08-16,4,Organic,Consumer
2651,2024-06-06,4,Social,Enterprise
2652,2025-04-06,4,Email,Small Business
2653,2025-08-30,6,Paid Search,Small Business
2654,2025-06-03,5,Paid Search,Small Business
2655,2023-12-26,2,Direct,Consumer
2656,2025-03-23,6,Affiliate,Consumer
2657,2023-12-19,6,Direct,Consumer
2658,2025-07-08,1,Paid Search,Small Business
2659,2024-10-21,2,Paid Search,Small Business
2660,2024-06-15,4,Affiliate,Consumer
2661,2023-12-30,6,Paid Search,Consumer
2662,2023-04-10,5,Social,Consumer
2663,2024-04-01,4,Social,Consumer
2664,2025-07-08,2,Affiliate,Enterprise
2665,2025-04-05,1,Social,Consumer
2666,2025-09-18,6,Paid Search,Consumer
2667,2023-10-19,4,Social,Consumer
2668,2024-12-06,3,Paid Search,Small Business
2669,2024-04-10,6,Email,Consumer
2670,2024-11-06,1,Organic,Consumer
2671,2024-06-03,2,Organic,Consumer
2672,2024-05-03,6,Social,Consumer
2673,2024-11-25,2,Paid Search,Consumer
2674,2024-01-28,6,Paid Search,Small Business
2675,2024-09-20,6,Direct,Small Business
2676,2025-01-09,1,Social,Consumer
2677,2023-11-25,3,Social,Consumer
2678,2025-07-26,5,Social,Consumer
2679,2024-10-14,3,Direct,Consumer
2680,2025-04-20,2,Email,Consumer
2681,2025-01-11,1,Paid Search,Small Business
2682,2025-02-11,1,Organic,Consumer
2683,2025-02-15,2,Social,Consumer
2684,2025-06-02,2,Email,Consumer
2685,2024-12-19,2,Direct,Consumer
2686,2024-04-28,6,Email,Consumer
2687,2023-10-17,4,Affiliate,Consumer
2688,2024-12-14,1,Social,Small Business
2689,2023-08-25,1,Social,Consumer
2690,2024-03-26,1,Organic,Consumer
2691,2023-08-14,2,Email,Small Business
2692,2024-11-10,5,Paid Search,Consumer
2693,2024-01-03,1,Social,Small Business
2694,2024-12-17,3,Paid Search,Consumer
2695,2025-04-01,3,Paid Search,Consumer
2696,2025-04-22,1,Affiliate,Consumer
2697,2024-05-25,1,Paid Search,Small Business
2698,2024-11-10,2,Email,Small Business
2699,2024-11-19,1,Social,Consumer
2700,2024-09-22,5,Organic,Consumer
2701,2025-01-12,6,Affiliate,Consumer
2702,2024-02-25,4,Email,Consumer
2703,2025-10-06,5,Affiliate,Consumer
2704,2023-10-15,5,Paid Search,Enterprise
2705,2025-04-27,6,Social,Consumer
2706,2024-12-07,1,Email,Consumer
2707,2024-03-29,6,Email,Consumer
2708,2025-03-04,3,Email,Consumer
2709,2023-09-24,4,Email,Enterprise
2710,2025-03-21,5,Paid Search,Consumer
2711,2024-12-05,3,Paid Search,Small Business
2712,2023-11-02,2,Direct,Consumer
2713,2023-09-16,1,Organic,Consumer
2714,2025-03-07,2,Email,Consumer
2715,2024-05-11,1,Organic,Small Business
2716,2025-06-15,3,Direct,Consumer
2717,2025-03-14,5,Affiliate,Consumer
2718,2025-02-05,3,Paid Search,Consumer
2719,2024-04-29,4,Affiliate,Consumer
2720,2025-02-11,2,Social,Small Business
2721,2025-08-17,4,Social,Small Business
2722,2023-10-05,6,Affiliate,Consumer
2723,2024-06-07,2,Social,Consumer
2724,2024-03-20,3,Paid Search,Consumer
2725,2024-07-29,6,Organic,Consumer
2726,2025-03-02,4,Direct,Consumer
2727,2024-09-23,3,Paid Search,Consumer
2728,2024-11-23,1,Organic,Consumer
2729,2024-05-28,6,Social,Small Business
2730,2023-12-11,4,Social,Consumer
2731,2024-04-18,1,Email,Small Business
2732,2025-05-21,4,Organic,Small Business
2733,2024-12-12,6,Email,Small Business
2734,2024-07-17,6,Email,Enterprise
2735,2025-03-31,2,Direct,Consumer
2736,2023-08-21,3,Email,Consumer
2737,2024-04-07,6,Paid Search,Small Business
2738,2024-03-15,5,Email,Small Business
2739,2025-10-20,4,Organic,Consumer
2740,2025-02-09,2,Paid Search,Consumer
2741,2024-12-21,5,Organic,Small Business
2742,2023-03-06,4,Email,Consumer
2743,2024-01-29,4,Paid Search,Consumer
2744,2025-01-01,6,Social,Consumer
2745,2024-07-19,3,Organic,Consumer
2746,2025-07-19,4,Social,Consumer
2747,2025-03-15,1,Affiliate,Consumer
2748,2024-09-05,5,Paid Search,Small Business
2749,2025-03-06,4,Email,Consumer
2750,2025-09-28,6,Email,Small Business
2751,2024-09-14,2,Social,Consumer
2752,2025-01-05,6,Social,Small Business
2753,2025-07-13,4,Paid Search,Consumer
2754,2024-04-02,2,Paid Search,Consumer
2755,2025-06-12,1,Social,Consumer
2756,2023-10-14,2,Paid Search,Consumer
2757,2025-01-08,2,Email,Consumer
2758,2025-03-27,4,Organic,Consumer
2759,2024-12-19,6,Paid Search,Small Business
2760,2024-10-07,6,Social,Consumer
2761,2024-12-21,5,Affiliate,Small Business
2762,2023-12-24,3,Paid Search,Consumer
2763,2024-03-01,4,Organic,Consumer
2764,2024-04-21,2,Paid Search,Enterprise
2765,2024-12-09,2,Direct,Consumer
2766,2024-09-01,4,Social,Small Business
2767,2024-03-29,5,Social,Consumer
2768,2025-06-09,1,Organic,Consumer
2769,2024-07-14,1,Social,Small Business
2770,2024-09-04,2,Email,Consumer
2771,2024-08-09,2,Paid Search,Consumer
2772,2024-01-27,1,Paid Search,Consumer
2773,2025-02-24,1,Paid Search,Consumer
2774,2024-09-06,1,Organic,Consumer
2775,2023-04-27,3,Affiliate,Consumer
2776,2025-09-09,5,Paid Search,Consumer
2777,2025-04-18,1,Affiliate,Consumer
2778,2025-02-19,2,Email,Enterprise
2779,2025-05-28,6,Paid Search,Enterprise
2780,2025-07-01,2,Paid Search,Small Business
2781,2024-06-16,6,Social,Small Business
2782,2024-12-17,4,Paid Search,Small Business
2783,2024-12-16,5,Email,Consumer
2784,2024-04-19,2,Social,Consumer
2785,2024-03-08,2,Social,Consumer
2786,2023-11-06,3,Email,Consumer
2787,2025-01-14,1,Paid Search,Small Business
2788,2025-03-26,2,Affiliate,Consumer
2789,2025-03-13,6,Organic,Consumer
2790,2024-05-30,1,Social,Small Business
2791,2024-02-20,4,Social,Consumer
2792,2024-09-09,5,Paid Search,Enterprise
2793,2024-11-09,1,Direct,Enterprise
2794,2025-07-14,1,Social,Consumer
2795,2025-06-02,4,Affiliate,Consumer
2796,2025-07-11,2,Direct,Consumer
2797,2025-05-13,6,Social,Consumer
2798,2025-09-10,2,Email,Small Business
2799,2024-09-17,1,Organic,Consumer
2800,2023-07-19,2,Paid Search,Consumer
2801,2023-09-23,2,Direct,Consumer
2802,2024-07-26,1,Social,Consumer
2803,2024-04-10,4,Affiliate,Consumer
2804,2024-01-14,3,Organic,Consumer
2805,2025-08-24,4,Paid Search,Consumer
2806,2024-02-10,2,Social,Small Business
2807,2025-09-02,1,Paid Search,Consumer
2808,2025-03-13,1,Paid Search,Consumer
2809,2025-01-04,1,Organic,Consumer
2810,2025-01-23,6,Paid Search,Small Business
2811,2024-06-11,2,Direct,Consumer
2812,2025-01-07,2,Social,Consumer
2813,2024-02-01,4,Social,Consumer
2814,2025-08-04,1,Paid Search,Consumer
2815,2024-05-18,4,Paid Search,Enterprise
2816,2024-04-08,4,Organic,Small Business
2817,2025-02-12,5,Social,Consumer
2818,2025-01-12,1,Organic,Consumer
2819,2024-09-08,1,Organic,Consumer
2820,2024-12-30,5,Paid Search,Consumer
2821,2024-01-02,3,Social,Consumer
2822,2025-01-22,1,Social,Consumer
2823,2024-04-22,4,Paid Search,Consumer
2824,2024-04-23,3,Email,Consumer
2825,2024-01-05,6,Paid Search,Consumer
2826,2024-06-12,6,Paid Search,Consumer
2827,2024-06-11,4,Social,Consumer
2828,2024-09-09,1,Social,Consumer
2829,2024-02-05,5,Direct,Consumer
2830,2024-02-07,2,Affiliate,Consumer
2831,2024-11-05,6,Email,Enterprise
2832,2023-11-26,4,Social,Consumer
2833,2025-01-31,3,Social,Consumer
2834,2025-08-11,6,Paid Search,Consumer
2835,2024-08-22,4,Affiliate,Consumer
2836,2025-06-26,3,Social,Small Business
2837,2023-10-15,2,Social,Consumer
2838,2023-07-10,4,Organic,Small Business
2839,2025-02-18,2,Email,Consumer
2840,2025-03-13,1,Social,Consumer
2841,2025-05-08,1,Paid Search,Consumer
2842,2023-08-07,4,Direct,Consumer
2843,2025-03-23,6,Paid Search,Consumer
2844,2024-07-16,2,Direct,Consumer
2845,2024-05-20,2,Social,Consumer
2846,2024-01-17,4,Direct,Consumer
2847,2025-11-24,1,Affiliate,Consumer
2848,2023-08-20,1,Social,Consumer
2849,2025-04-26,4,Email,Small Business
2850,2025-01-03,4,Paid Search,Consumer
2851,2025-02-26,1,Paid Search,Consumer
2852,2025-02-12,2,Social,Consumer
2853,2025-05-20,2,Organic,Consumer
2854,2024-01-29,5,Paid Search,Consumer
2855,2023-01-27,4,Social,Consumer
2856,2024-12-10,5,Direct,Small Business
2857,2024-06-29,1,Affiliate,Consumer
2858,2023-11-19,6,Paid Search,Consumer
2859,2024-01-31,2,Social,Consumer
2860,2024-06-12,6,Paid Search,Consumer
2861,2023-09-01,6,Paid Search,Consumer
2862,2023-08-07,3,Direct,Consumer
2863,2025-07-11,5,Direct,Consumer
2864,2024-05-27,5,Paid Search,Consumer
2865,2025-10-12,5,Paid Search,Consumer
2866,2025-09-09,1,Social,Consumer
2867,2023-12-13,1,Social,Consumer
2868,2025-02-14,6,Paid Search,Consumer
2869,2024-12-11,5,Paid Search,Consumer
2870,2025-02-01,4,Social,Consumer
2871,2023-10-12,2,Paid Search,Consumer
2872,2024-02-03,3,Affiliate,Consumer
2873,2023-09-11,3,Email,Consumer
2874,2024-12-13,3,Social,Small Business
2875,2025-10-23,4,Social,Small Business
2876,2025-01-21,5,Affiliate,Consumer
2877,2025-02-12,3,Paid Search,Consumer
2878,2025-10-18,6,Affiliate,Small Business
2879,2025-01-25,1,Paid Search,Consumer
2880,2023-07-03,5,Direct,Consumer
2881,2025-05-27,5,Paid Search,Consumer
2882,2024-07-07,4,Email,Consumer
2883,2023-03-02,3,Paid Search,Consumer
2884,2024-10-15,3,Email,Consumer
2885,2025-08-03,3,Organic,Consumer
2886,2024-04-10,6,Paid Search,Consumer
2887,2024-10-04,1,Email,Consumer
2888,2024-01-18,4,Paid Search,Consumer
2889,2023-08-09,6,Social,Consumer
2890,2023-09-18,4,Social,Consumer
2891,2025-02-21,4,Email,Consumer
2892,2025-05-24,4,Affiliate,Enterprise
2893,2023-12-14,4,Social,Consumer
2894,2024-05-07,4,Email,Consumer
2895,2024-02-09,6,Affiliate,Consumer
2896,2023-05-31,5,Organic,Consumer
2897,2024-11-13,6,Social,Consumer
2898,2025-02-06,4,Social,Consumer
2899,2025-01-08,5,Paid Search,Enterprise
2900,2024-07-25,6,Social,Consumer
2901,2024-11-14,2,Paid Search,Consumer
2902,2023-10-09,6,Email,Small Business
2903,2023-12-27,5,Organic,Consumer
2904,2025-07-28,3,Organic,Consumer
2905,2025-03-13,5,Paid Search,Consumer
2906,2025-07-18,2,Paid Search,Consumer
2907,2025-07-11,5,Email,Consumer
2908,2025-01-08,4,Organic,Small Business
2909,2025-07-24,6,Direct,Consumer
2910,2024-08-14,4,Social,Consumer
2911,2023-02-25,4,Paid Search,Consumer
2912,2023-08-18,4,Organic,Consumer
2913,2023-10-31,4,Organic,Enterprise
2914,2023-10-11,6,Paid Search,Consumer
2915,2024-06-27,5,Organic,Consumer
2916,2025-02-06,1,Paid Search,Consumer
2917,2025-04-01,4,Paid Search,Small Business
2918,2024-12-05,2,Paid Search,Consumer
2919,2023-12-17,1,Organic,Consumer
2920,2025-03-05,6,Email,Consumer
2921,2024-06-30,6,Paid Search,Consumer
2922,2023-04-15,6,Email,Consumer
2923,2024-04-30,3,Email,Consumer
2924,2024-06-11,3,Social,Small Business
2925,2024-04-25,5,Paid Search,Small Business
2926,2025-04-15,2,Paid Search,Enterprise
2927,2025-03-12,1,Paid Search,Consumer
2928,2025-02-03,3,Direct,Small Business
2929,2023-12-08,4,Email,Consumer
2930,2025-04-12,3,Paid Search,Consumer
2931,2025-01-24,2,Social,Small Business
2932,2024-02-09,4,Paid Search,Small Business
2933,2025-01-08,6,Paid Search,Small Business
2934,2024-09-29,2,Social,Consumer
2935,2024-08-30,3,Paid Search,Consumer
2936,2023-11-04,2,Paid Search,Small Business
2937,2024-10-22,2,Social,Enterprise
2938,2023-10-17,4,Social,Consumer
2939,2024-01-07,3,Social,Consumer
2940,2023-11-30,4,Social,Consumer
2941,2025-08-25,1,Social,Consumer
2942,2024-05-04,4,Social,Consumer
2943,2024-06-30,1,Social,Enterprise
2944,2024-06-04,3,Direct,Consumer
2945,2025-06-23,6,Paid Search,Small Business
2946,2024-11-19,3,Organic,Consumer
2947,2025-07-14,5,Paid Search,Consumer
2948,2024-05-17,3,Social,Consumer
2949,2023-11-07,6,Organic,Consumer
2950,2024-11-14,6,Email,Small Business
2951,2024-06-23,6,Direct,Consumer
2952,2025-04-08,3,Social,Small Business
2953,2025-06-06,2,Paid Search,Consumer
2954,2024-09-22,4,Email,Enterprise
2955,2025-09-21,5,Paid Search,Consumer
2956,2024-11-12,4,Social,Consumer
2957,2024-04-22,5,Affiliate,Consumer
2958,2024-10-03,6,Social,Consumer
2959,2023-06-27,5,Organic,Consumer
2960,2025-04-10,3,Paid Search,Small Business
2961,2023-10-20,2,Paid Search,Small Business
2962,2024-05-24,3,Direct,Consumer
2963,2024-11-20,4,Paid Search,Consumer
2964,2023-07-10,6,Social,Consumer
2965,2023-09-16,2,Social,Small Business
2966,2025-02-04,1,Social,Small Business
2967,2023-09-03,2,Paid Search,Consumer
2968,2024-09-25,4,Paid Search,Consumer
2969,2024-06-17,2,Social,Consumer
2970,2024-03-13,3,Social,Consumer
2971,2024-02-03,2,Email,Consumer
2972,2025-03-15,6,Social,Consumer
2973,2025-08-21,4,Direct,Small Business
2974,2023-12-10,5,Paid Search,Consumer
2975,2025-09-02,4,Social,Enterprise
2976,2024-12-08,1,Direct,Small Business
2977,2025-01-04,2,Affiliate,Consumer
2978,2025-02-11,6,Social,Consumer
2979,2025-02-08,4,Social,Consumer
2980,2025-04-21,5,Affiliate,Consumer
2981,2024-09-29,5,Paid Search,Consumer
2982,2024-10-31,4,Paid Search,Small Business
2983,2024-06-05,4,Social,Small Business
2984,2023-10-25,2,Affiliate,Consumer
2985,2025-01-17,2,Organic,Consumer
2986,2023-06-18,1,Social,Consumer
2987,2024-04-26,2,Direct,Consumer
2988,2023-10-09,4,Paid Search,Consumer
2989,2024-02-05,6,Email,Small Business
2990,2025-01-02,3,Paid Search,Consumer
2991,2024-12-27,4,Email,Consumer
2992,2024-08-18,6,Organic,Small Business
2993,2023-10-03,5,Paid Search,Consumer
2994,2024-08-26,2,Organic,Consumer
2995,2024-06-28,2,Affiliate,Consumer
2996,2025-02-17,4,Social,Consumer
2997,2024-11-28,2,Paid Search,Consumer
2998,2024-10-04,2,Paid Search,Consumer
2999,2024-10-01,4,Organic,Consumer
3000,2025-09-12,4,Organic,Consumer
3001,2025-03-10,2,Social,Consumer
3002,2024-10-08,1,Paid Search,Consumer
3003,2024-09-26,5,Organic,Consumer
3004,2023-05-30,3,Social,Consumer
3005,2025-08-10,4,Paid Search,Enterprise
3006,2024-06-02,2,Social,Consumer
3007,2024-04-08,2,Social,Small Business
3008,2025-12-17,4,Direct,Enterprise
3009,2025-02-16,1,Organic,Consumer
3010,2023-07-19,2,Paid Search,Consumer
3011,2023-08-17,5,Affiliate,Consumer
3012,2023-05-27,5,Paid Search,Consumer
3013,2024-12-11,3,Direct,Enterprise
3014,2023-09-03,1,Social,Enterprise
3015,2025-07-30,1,Affiliate,Consumer
3016,2025-08-03,4,Affiliate,Small Business
3017,2024-11-08,5,Affiliate,Small Business
3018,2024-12-21,4,Paid Search,Consumer
3019,2024-05-10,3,Affiliate,Small Business
3020,2023-08-20,1,Email,Consumer
3021,2025-02-27,2,Social,Enterprise
3022,2023-10-20,1,Social,Small Business
3023,2023-09-26,3,Organic,Consumer
3024,2024-05-26,2,Direct,Consumer
3025,2023-04-13,1,Email,Enterprise
3026,2024-08-27,4,Social,Consumer
3027,2025-02-10,3,Organic,Consumer
3028,2025-04-08,6,Paid Search,Consumer
3029,2024-12-13,3,Social,Consumer
3030,2025-05-11,1,Email,Consumer
3031,2024-08-07,5,Organic,Consumer
3032,2025-05-12,5,Email,Enterprise
3033,2024-10-14,6,Social,Small Business
3034,2024-03-09,5,Social,Small Business
3035,2025-08-12,3,Email,Consumer
3036,2024-04-25,5,Paid Search,Consumer
3037,2023-05-29,5,Direct,Consumer
3038,2024-03-27,4,Direct,Consumer
3039,2024-07-09,5,Affiliate,Small Business
3040,2024-06-27,6,Affiliate,Consumer
3041,2024-10-26,5,Social,Enterprise
3042,2025-06-09,4,Social,Small Business
3043,2024-05-10,3,Affiliate,Consumer
3044,2024-10-23,6,Paid Search,Enterprise
3045,2024-06-18,6,Affiliate,Small Business
3046,2025-04-22,2,Paid Search,Consumer
3047,2023-12-31,1,Affiliate,Consumer
3048,2023-10-23,5,Organic,Consumer
3049,2024-10-12,2,Affiliate,Small Business
3050,2025-01-21,6,Social,Consumer
3051,2025-04-04,1,Organic,Consumer
3052,2024-12-05,6,Direct,Consumer
3053,2025-03-21,5,Social,Consumer
3054,2024-07-28,2,Paid Search,Consumer
3055,2023-06-16,1,Paid Search,Consumer
3056,2023-11-09,6,Organic,Small Business
3057,2023-06-30,1,Organic,Consumer
3058,2024-06-09,1,Organic,Consumer
3059,2024-10-07,5,Paid Search,Consumer
3060,2024-07-01,5,Paid Search,Enterprise
3061,2024-11-17,1,Affiliate,Enterprise
3062,2024-09-27,3,Organic,Enterprise
3063,2025-01-25,4,Paid Search,Consumer
3064,2025-01-18,4,Paid Search,Consumer
3065,2024-06-01,3,Paid Search,Consumer
3066,2024-06-23,3,Email,Consumer
3067,2024-12-02,1,Email,Consumer
3068,2024-12-09,1,Organic,Consumer
3069,2024-05-29,6,Organic,Consumer
3070,2024-06-11,2,Affiliate,Consumer
3071,2025-02-02,6,Social,Consumer
3072,2025-01-07,1,Social,Small Business
3073,2023-12-03,6,Social,Consumer
3074,2024-08-31,3,Direct,Consumer
3075,2025-06-18,5,Organic,Consumer
3076,2023-06-24,6,Organic,Consumer
3077,2025-05-17,3,Email,Small Business
3078,2024-01-06,5,Paid Search,Consumer
3079,2024-10-15,3,Social,Consumer
3080,2024-08-20,5,Organic,Small Business
3081,2023-04-03,6,Direct,Consumer
3082,2025-07-10,5,Paid Search,Consumer
3083,2024-09-10,5,Social,Consumer
3084,2025-08-25,3,Affiliate,Consumer
3085,2024-05-06,1,Email,Consumer
3086,2025-05-26,4,Organic,Small Business
3087,2025-07-17,1,Paid Search,Consumer
3088,2024-11-15,4,Paid Search,Consumer
3089,2024-02-17,6,Social,Consumer
3090,2025-01-29,1,Paid Search,Consumer
3091,2024-11-10,6,Email,Consumer
3092,2025-08-12,4,Email,Enterprise
3093,2024-08-30,1,Affiliate,Consumer
3094,2024-04-20,5,Paid Search,Small Business
3095,2023-12-07,1,Social,Consumer
3096,2025-02-05,4,Email,Consumer
3097,2025-09-26,4,Paid Search,Consumer
3098,2023-06-04,5,Paid Search,Consumer
3099,2025-03-01,3,Social,Consumer
3100,2025-07-22,1,Paid Search,Consumer
3101,2023-09-08,3,Paid Search,Small Business
3102,2023-11-01,5,Social,Small Business
3103,2025-02-01,6,Affiliate,Consumer
3104,2025-01-08,2,Paid Search,Consumer
3105,2023-08-29,3,Organic,Consumer
3106,2025-05-01,6,Organic,Consumer
3107,2024-10-25,2,Social,Consumer
3108,2025-07-02,2,Social,Small Business
3109,2025-06-05,5,Paid Search,Consumer
3110,2025-04-16,3,Paid Search,Consumer
3111,2024-10-20,4,Social,Small Business
3112,2024-04-05,3,Direct,Consumer
3113,2024-10-14,4,Social,Small Business
3114,2023-10-19,2,Social,Small Business
3115,2025-01-14,5,Direct,Consumer
3116,2023-12-02,3,Email,Consumer
3117,2024-10-17,4,Email,Consumer
3118,2023-08-02,2,Social,Consumer
3119,2024-05-16,1,Affiliate,Small Business
3120,2024-03-17,4,Organic,Consumer
3121,2024-12-23,1,Organic,Small Business
3122,2025-03-29,6,Email,Consumer
3123,2023-08-08,6,Social,Consumer
3124,2025-05-13,2,Direct,Consumer
3125,2025-05-22,2,Direct,Small Business
3126,2024-06-20,4,Organic,Consumer
3127,2025-01-14,2,Paid Search,Consumer
3128,2024-08-04,6,Email,Enterprise
3129,2023-12-27,1,Social,Consumer
3130,2024-10-28,3,Organic,Small Business
3131,2023-09-27,2,Paid Search,Consumer
3132,2025-06-05,5,Email,Small Business
3133,2025-07-19,1,Direct,Consumer
3134,2025-04-22,3,Paid Search,Consumer
3135,2024-11-18,6,Email,Consumer
3136,2024-11-15,3,Affiliate,Consumer
3137,2025-10-18,2,Paid Search,Consumer
3138,2024-04-01,1,Paid Search,Consumer
3139,2023-09-10,4,Social,Consumer
3140,2024-11-18,1,Affiliate,Consumer
3141,2024-06-09,3,Social,Enterprise
3142,2024-06-04,4,Paid Search,Consumer
3143,2023-03-19,3,Paid Search,Consumer
3144,2024-12-09,5,Social,Small Business
3145,2024-04-16,5,Paid Search,Consumer
3146,2024-02-02,1,Organic,Enterprise
3147,2023-07-04,5,Paid Search,Consumer
3148,2024-07-07,6,Email,Consumer
3149,2025-06-06,2,Email,Small Business
3150,2024-06-16,3,Affiliate,Consumer
3151,2025-01-25,3,Paid Search,Consumer
3152,2025-03-10,3,Organic,Consumer
3153,2024-06-09,3,Email,Consumer
3154,2025-04-22,6,Social,Consumer
3155,2025-02-01,4,Paid Search,Small Business
3156,2024-11-16,6,Paid Search,Consumer
3157,2023-01-29,3,Organic,Consumer
3158,2023-06-21,4,Social,Consumer
3159,2025-11-04,1,Direct,Consumer
3160,2025-03-26,2,Affiliate,Consumer
3161,2025-08-04,4,Email,Consumer
3162,2025-06-27,2,Direct,Consumer
3163,2023-05-12,6,Organic,Consumer
3164,2025-04-02,2,Paid Search,Small Business
3165,2024-09-07,1,Paid Search,Small Business
3166,2025-03-31,5,Email,Consumer
3167,2023-03-17,1,Social,Consumer
3168,2024-05-07,2,Direct,Consumer
3169,2025-03-07,2,Paid Search,Consumer
3170,2025-04-02,5,Paid Search,Small Business
3171,2024-12-22,6,Email,Consumer
3172,2024-05-18,2,Affiliate,Consumer
3173,2024-05-25,3,Affiliate,Small Business
3174,2025-09-13,3,Paid Search,Small Business
3175,2024-08-30,5,Social,Consumer
3176,2024-09-05,3,Organic,Consumer
3177,2024-11-12,4,Affiliate,Consumer
3178,2024-08-09,4,Paid Search,Consumer
3179,2024-11-12,1,Organic,Consumer
3180,2024-08-25,4,Paid Search,Consumer
3181,2025-04-26,4,Email,Consumer
3182,2025-07-03,6,Paid Search,Consumer
3183,2025-07-28,4,Direct,Consumer
3184,2024-11-19,6,Paid Search,Small Business
3185,2024-09-01,3,Organic,Consumer
3186,2025-02-09,5,Email,Enterprise
3187,2025-05-04,6,Paid Search,Consumer
3188,2024-11-19,1,Paid Search,Enterprise
3189,2025-02-06,4,Organic,Consumer
3190,2025-03-06,6,Organic,Consumer
3191,2025-01-24,4,Email,Consumer
3192,2025-03-04,6,Organic,Consumer
3193,2024-02-23,3,Paid Search,Consumer
3194,2024-10-09,6,Direct,Consumer
3195,2024-12-04,4,Paid Search,Consumer
3196,2023-02-15,3,Organic,Consumer
3197,2025-05-18,2,Direct,Consumer
3198,2024-12-17,2,Affiliate,Consumer
3199,2023-11-26,2,Paid Search,Consumer
3200,2025-04-18,5,Paid Search,Consumer
3201,2025-02-15,3,Organic,Consumer
3202,2025-03-11,3,Social,Small Business
3203,2024-07-28,3,Email,Consumer
3204,2025-05-16,3,Social,Consumer
3205,2024-08-13,5,Paid Search,Consumer
3206,2024-11-23,3,Social,Consumer
3207,2023-01-24,3,Organic,Consumer
3208,2025-01-06,4,Email,Small Business
3209,2025-02-16,4,Social,Small Business
3210,2024-11-21,3,Paid Search,Consumer
3211,2024-10-08,1,Social,Consumer
3212,2025-04-14,5,Organic,Consumer
3213,2025-01-26,4,Email,Small Business
3214,2024-04-28,4,Affiliate,Consumer
3215,2025-09-01,4,Direct,Small Business
3216,2025-02-10,4,Social,Consumer
3217,2025-10-27,6,Affiliate,Consumer
3218,2025-09-21,1,Paid Search,Consumer
3219,2025-07-14,1,Organic,Consumer
3220,2025-03-10,6,Social,Consumer
3221,2024-12-16,6,Email,Consumer
3222,2024-01-16,3,Email,Consumer
3223,2024-11-06,4,Paid Search,Consumer
3224,2025-03-16,3,Affiliate,Consumer
3225,2024-10-23,6,Affiliate,Consumer
3226,2025-05-28,3,Direct,Consumer
3227,2023-10-31,5,Social,Consumer
3228,2024-07-19,3,Direct,Small Business
3229,2024-10-14,3,Email,Consumer
3230,2024-08-25,5,Organic,Consumer
3231,2023-10-30,3,Social,Consumer
3232,2023-12-26,1,Affiliate,Consumer
3233,2025-05-04,2,Email,Small Business
3234,2024-09-30,6,Organic,Small Business
3235,2023-07-22,3,Direct,Consumer
3236,2023-04-28,1,Paid Search,Consumer
3237,2024-09-22,6,Organic,Consumer
3238,2024-01-07,6,Social,Small Business
3239,2025-02-09,3,Social,Consumer
3240,2025-04-04,4,Social,Consumer
3241,2024-03-14,5,Social,Consumer
3242,2024-12-06,1,Social,Consumer
3243,2023-12-27,2,Paid Search,Enterprise
3244,2024-05-20,4,Paid Search,Consumer
3245,2025-06-14,4,Email,Enterprise
3246,2024-11-07,2,Social,Consumer
3247,2025-06-12,1,Paid Search,Consumer
3248,2024-03-11,6,Paid Search,Small Business
3249,2024-06-10,4,Paid Search,Consumer
3250,2024-09-21,5,Paid Search,Small Business
3251,2024-09-27,3,Direct,Consumer
3252,2025-12-02,4,Organic,Consumer
3253,2023-11-07,3,Social,Consumer
3254,2025-05-15,3,Social,Enterprise
3255,2025-05-24,5,Paid Search,Consumer
3256,2024-11-13,6,Organic,Consumer
3257,2024-06-21,5,Direct,Small Business
3258,2024-10-22,5,Paid Search,Consumer
3259,2024-05-10,1,Paid Search,Small Business
3260,2025-04-06,4,Organic,Consumer
3261,2024-10-09,6,Paid Search,Small Business
3262,2025-07-21,3,Paid Search,Consumer
3263,2024-12-24,4,Organic,Consumer
3264,2024-10-19,2,Organic,Small Business
3265,2025-02-12,2,Paid Search,Small Business
3266,2024-10-12,5,Affiliate,Consumer
3267,2025-06-29,2,Paid Search,Consumer
3268,2024-01-29,4,Social,Consumer
3269,2025-09-24,4,Email,Small Business
3270,2025-04-15,6,Organic,Small Business
3271,2025-05-21,6,Organic,Consumer
3272,2024-09-29,4,Organic,Consumer
3273,2025-05-03,1,Organic,Consumer
3274,2024-05-22,4,Affiliate,Small Business
3275,2025-03-14,6,Organic,Small Business
3276,2023-12-10,3,Social,Consumer
3277,2024-05-23,4,Email,Small Business
3278,2024-09-04,5,Paid Search,Consumer
3279,2024-06-04,3,Email,Consumer
3280,2024-07-24,3,Paid Search,Enterprise
3281,2025-04-21,3,Social,Consumer
3282,2024-04-09,6,Email,Consumer
3283,2025-03-04,3,Organic,Consumer
3284,2023-09-06,2,Paid Search,Consumer
3285,2025-03-16,4,Social,Consumer
3286,2025-04-02,5,Email,Consumer
3287,2024-08-04,6,Direct,Consumer
3288,2025-02-18,6,Social,Consumer
3289,2025-07-10,5,Paid Search,Consumer
3290,2025-04-08,5,Social,Consumer
3291,2024-07-26,3,Social,Small Business
3292,2024-09-30,3,Paid Search,Consumer
3293,2025-03-25,4,Affiliate,Small Business
3294,2024-05-11,5,Social,Consumer
3295,2025-04-10,4,Social,Consumer
3296,2024-06-09,2,Social,Consumer
3297,2025-04-11,1,Paid Search,Consumer
3298,2023-09-28,1,Social,Consumer
3299,2023-07-13,3,Social,Consumer
3300,2025-12-03,5,Social,Small Business
3301,2025-05-29,5,Organic,Small Business
3302,2025-06-09,5,Social,Consumer
3303,2025-08-21,5,Organic,Consumer
3304,2024-08-30,1,Affiliate,Consumer
3305,2024-05-06,6,Social,Small Business
3306,2023-11-27,6,Social,Small Business
3307,2024-10-11,6,Affiliate,Consumer
3308,2024-03-06,3,Social,Consumer
3309,2025-08-01,2,Social,Small Business
3310,2023-02-28,6,Email,Consumer
3311,2023-12-13,2,Organic,Small Business
3312,2024-03-31,5,Direct,Consumer
3313,2024-02-14,6,Social,Small Business
3314,2024-03-11,6,Social,Consumer
3315,2025-01-12,4,Paid Search,Small Business
3316,2024-06-08,6,Paid Search,Consumer
3317,2024-12-20,5,Social,Consumer
3318,2025-06-16,6,Paid Search,Enterprise
3319,2024-12-12,3,Social,Consumer
3320,2025-02-03,4,Paid Search,Small Business
3321,2024-07-08,5,Paid Search,Consumer
3322,2024-01-02,2,Social,Consumer
3323,2024-06-03,2,Organic,Consumer
3324,2025-09-09,3,Social,Consumer
3325,2024-12-24,3,Email,Consumer
3326,2024-04-28,5,Paid Search,Small Business
3327,2024-09-07,6,Paid Search,Consumer
3328,2025-05-02,1,Direct,Consumer
3329,2025-01-19,2,Direct,Consumer
3330,2024-11-17,6,Social,Consumer
3331,2025-06-11,4,Social,Consumer
3332,2025-01-21,2,Affiliate,Small Business
3333,2025-01-05,4,Social,Consumer
3334,2024-02-04,6,Paid Search,Consumer
3335,2023-10-27,3,Paid Search,Small Business
3336,2025-09-10,3,Paid Search,Consumer
3337,2024-12-10,4,Email,Consumer
3338,2024-08-14,6,Organic,Consumer
3339,2024-12-04,4,Paid Search,Small Business
3340,2023-08-16,6,Paid Search,Consumer
3341,2025-04-22,5,Paid Search,Consumer
3342,2024-03-02,3,Email,Consumer
3343,2025-04-10,3,Affiliate,Consumer
3344,2024-11-01,5,Social,Consumer
3345,2024-04-27,1,Email,Consumer
3346,2023-06-09,2,Paid Search,Consumer
3347,2025-04-18,2,Organic,Small Business
3348,2024-01-21,5,Social,Consumer
3349,2023-07-28,5,Paid Search,Consumer
3350,2025-03-10,5,Social,Small Business
3351,2024-06-26,1,Affiliate,Consumer
3352,2024-07-26,2,Paid Search,Consumer
3353,2024-03-31,2,Social,Small Business
3354,2025-05-20,1,Affiliate,Consumer
3355,2024-05-15,2,Email,Consumer
3356,2024-02-25,3,Social,Enterprise
3357,2024-05-24,6,Paid Search,Consumer
3358,2024-02-18,2,Affiliate,Consumer
3359,2024-05-31,6,Paid Search,Consumer
3360,2023-09-22,5,Paid Search,Consumer
3361,2024-01-01,1,Paid Search,Consumer
3362,2024-08-15,2,Social,Consumer
3363,2025-06-06,3,Organic,Consumer
3364,2023-08-08,6,Affiliate,Consumer
3365,2024-02-27,5,Social,Small Business
3366,2025-07-03,6,Direct,Consumer
3367,2025-06-15,2,Organic,Consumer
3368,2025-01-25,6,Organic,Consumer
3369,2024-03-25,6,Paid Search,Consumer
3370,2024-08-17,4,Paid Search,Consumer
3371,2024-02-26,1,Organic,Consumer
3372,2023-11-25,2,Email,Consumer
3373,2024-07-19,1,Paid Search,Consumer
3374,2024-11-26,5,Social,Consumer
3375,2024-07-04,2,Social,Consumer
3376,2024-12-17,5,Social,Small Business
3377,2024-05-14,2,Paid Search,Consumer
3378,2024-06-23,6,Paid Search,Small Business
3379,2025-04-01,5,Social,Consumer
3380,2025-06-05,3,Affiliate,Consumer
3381,2024-06-04,3,Email,Small Business
3382,2024-11-24,1,Paid Search,Consumer
3383,2024-04-28,1,Paid Search,Small Business
3384,2023-07-31,6,Social,Consumer
3385,2025-02-27,5,Paid Search,Small Business
3386,2024-01-15,6,Affiliate,Consumer
3387,2024-08-21,4,Social,Consumer
3388,2024-10-01,2,Affiliate,Consumer
3389,2024-01-29,1,Paid Search,Consumer
3390,2023-10-09,5,Direct,Consumer
3391,2024-06-24,2,Email,Small Business
3392,2025-08-22,1,Email,Small Business
3393,2024-12-20,1,Direct,Small Business
3394,2024-07-20,4,Social,Small Business
3395,2023-06-30,6,Paid Search,Consumer
3396,2024-12-11,3,Social,Consumer
3397,2023-10-06,6,Email,Small Business
3398,2024-11-06,3,Affiliate,Consumer
3399,2025-03-08,5,Social,Consumer
3400,2024-08-19,2,Email,Consumer
3401,2024-05-16,4,Paid Search,Consumer
3402,2023-07-19,2,Paid Search,Small Business
3403,2023-05-25,5,Organic,Consumer
3404,2024-08-24,3,Social,Consumer
3405,2025-06-09,1,Paid Search,Small Business
3406,2024-03-29,2,Email,Enterprise
3407,2024-11-25,3,Social,Consumer
3408,2025-01-28,3,Social,Small Business
3409,2023-08-15,2,Paid Search,Consumer
3410,2023-12-25,4,Paid Search,Consumer
3411,2024-06-11,6,Organic,Consumer
3412,2025-01-20,5,Affiliate,Consumer
3413,2024-08-30,2,Paid Search,Consumer
3414,2025-02-25,5,Email,Consumer
3415,2025-05-27,6,Email,Consumer
3416,2025-03-11,2,Email,Small Business
3417,2025-11-09,2,Organic,Consumer
3418,2025-03-09,1,Social,Consumer
3419,2025-05-15,6,Email,Consumer
3420,2025-04-30,5,Social,Small Business
3421,2025-02-23,3,Paid Search,Small Business
3422,2025-04-08,6,Social,Small Business
3423,2025-07-31,4,Social,Small Business
3424,2024-09-24,6,Social,Consumer
3425,2025-01-02,6,Affiliate,Consumer
3426,2024-10-20,6,Social,Consumer
3427,2025-05-14,3,Paid Search,Small Business
3428,2024-08-25,4,Direct,Consumer
3429,2025-04-21,2,Paid Search,Consumer
3430,2025-04-07,6,Paid Search,Consumer
3431,2025-09-05,2,Affiliate,Small Business
3432,2024-04-02,3,Direct,Consumer
3433,2025-02-11,4,Organic,Small Business
3434,2025-03-11,5,Social,Small Business
3435,2025-08-02,5,Organic,Consumer
3436,2025-07-01,6,Affiliate,Small Business
3437,2024-11-25,5,Affiliate,Consumer
3438,2024-11-28,5,Paid Search,Consumer
3439,2024-01-11,4,Affiliate,Consumer
3440,2025-09-28,3,Organic,Consumer
3441,2024-04-08,6,Paid Search,Consumer
3442,2025-02-20,3,Paid Search,Small Business
3443,2025-04-04,4,Paid Search,Small Business
3444,2024-09-01,2,Direct,Consumer
3445,2024-02-26,3,Social,Consumer
3446,2024-02-03,3,Organic,Consumer
3447,2025-05-18,2,Paid Search,Consumer
3448,2024-10-17,5,Email,Enterprise
3449,2023-10-03,5,Social,Consumer
3450,2025-02-15,5,Direct,Small Business
3451,2024-04-03,1,Social,Small Business
3452,2025-06-03,2,Email,Consumer
3453,2024-05-25,2,Organic,Consumer
3454,2024-02-15,5,Social,Small Business
3455,2023-09-25,6,Direct,Consumer
3456,2024-10-17,3,Social,Consumer
3457,2024-09-07,2,Affiliate,Small Business
3458,2025-03-07,4,Paid Search,Small Business
3459,2024-09-17,6,Organic,Small Business
3460,2024-06-21,3,Affiliate,Small Business
3461,2024-04-14,2,Affiliate,Small Business
3462,2024-04-28,4,Social,Consumer
3463,2025-07-23,6,Social,Consumer
3464,2024-01-08,5,Email,Small Business
3465,2025-10-27,4,Social,Consumer
3466,2024-06-08,5,Direct,Small Business
3467,2023-09-30,1,Paid Search,Consumer
3468,2024-04-02,5,Paid Search,Consumer
3469,2023-08-10,1,Email,Small Business
3470,2025-03-31,3,Social,Small Business
3471,2024-10-18,3,Social,Consumer
3472,2024-06-16,5,Social,Consumer
3473,2025-01-16,2,Direct,Consumer
3474,2024-12-29,2,Organic,Consumer
3475,2025-08-06,6,Direct,Consumer
3476,2025-09-04,3,Social,Enterprise
3477,2025-01-26,5,Social,Enterprise
3478,2025-04-19,4,Paid Search,Consumer
3479,2025-04-02,4,Social,Small Business
3480,2024-10-04,5,Paid Search,Consumer
3481,2025-02-08,5,Paid Search,Consumer
3482,2023-09-14,6,Social,Consumer
3483,2025-03-11,5,Email,Small Business
3484,2025-09-05,2,Social,Small Business
3485,2023-09-25,2,Social,Consumer
3486,2025-05-02,6,Social,Consumer
3487,2025-07-29,3,Social,Consumer
3488,2024-03-12,2,Email,Small Business
3489,2024-10-26,1,Email,Consumer
3490,2025-07-23,4,Affiliate,Consumer
3491,2025-09-03,4,Paid Search,Consumer
3492,2023-11-24,5,Social,Consumer
3493,2024-06-25,5,Affiliate,Consumer
3494,2025-02-05,5,Direct,Small Business
3495,2024-03-07,4,Organic,Consumer
3496,2024-06-06,6,Social,Consumer
3497,2023-05-20,6,Email,Enterprise
3498,2023-12-26,5,Direct,Consumer
3499,2024-11-18,3,Social,Consumer
3500,2025-01-11,2,Paid Search,Consumer
3501,2025-01-08,1,Affiliate,Consumer
3502,2025-03-24,6,Organic,Enterprise
3503,2024-08-13,5,Paid Search,Consumer
3504,2024-04-24,6,Social,Small Business
3505,2023-04-25,5,Organic,Consumer
3506,2024-02-21,3,Email,Consumer
3507,2024-05-27,1,Email,Consumer
3508,2024-01-23,1,Paid Search,Consumer
3509,2023-05-11,5,Paid Search,Consumer
3510,2023-12-30,2,Email,Consumer
3511,2025-01-18,3,Paid Search,Consumer
3512,2024-12-28,6,Social,Consumer
3513,2025-08-01,3,Organic,Consumer
3514,2025-04-06,6,Social,Consumer
3515,2024-11-21,4,Email,Consumer
3516,2023-12-07,5,Paid Search,Consumer
3517,2024-11-19,1,Email,Enterprise
3518,2023-08-16,3,Organic,Consumer
3519,2024-08-24,2,Social,Enterprise
3520,2024-07-26,1,Affiliate,Consumer
3521,2024-08-22,6,Paid Search,Small Business
3522,2024-04-30,4,Email,Consumer
3523,2025-01-29,3,Paid Search,Consumer
3524,2025-05-06,3,Direct,Small Business
3525,2025-03-18,2,Paid Search,Consumer
3526,2024-12-27,1,Organic,Small Business
3527,2024-11-03,6,Paid Search,Small Business
3528,2023-06-11,1,Social,Consumer
3529,2025-02-19,3,Paid Search,Consumer
3530,2024-11-07,1,Paid Search,Consumer
3531,2024-04-22,6,Paid Search,Consumer
3532,2024-06-09,2,Paid Search,Consumer
3533,2025-08-01,3,Organic,Consumer
3534,2024-12-25,5,Social,Consumer
3535,2024-09-24,4,Paid Search,Enterprise
3536,2024-12-23,3,Direct,Consumer
3537,2024-08-12,4,Organic,Consumer
3538,2024-09-20,3,Paid Search,Consumer
3539,2024-05-09,2,Social,Consumer
3540,2024-08-31,4,Social,Consumer
3541,2025-01-29,3,Organic,Consumer
3542,2023-07-03,6,Affiliate,Consumer
3543,2025-04-04,3,Organic,Consumer
3544,2024-05-02,5,Direct,Consumer
3545,2025-01-27,2,Email,Enterprise
3546,2025-01-05,4,Direct,Consumer
3547,2025-01-10,4,Organic,Consumer
3548,2024-12-16,5,Organic,Consumer
3549,2025-09-01,3,Email,Consumer
3550,2024-10-15,5,Email,Consumer
3551,2025-02-24,1,Paid Search,Consumer
3552,2025-02-09,5,Paid Search,Consumer
3553,2024-03-21,5,Paid Search,Consumer
3554,2024-05-03,3,Paid Search,Consumer
3555,2024-08-20,1,Affiliate,Enterprise
3556,2024-04-28,4,Email,Consumer
3557,2024-07-09,5,Paid Search,Consumer
3558,2024-07-27,3,Social,Consumer
3559,2024-12-13,1,Paid Search,Small Business
3560,2024-03-05,3,Affiliate,Consumer
3561,2025-04-10,6,Affiliate,Consumer
3562,2024-08-29,2,Paid Search,Consumer
3563,2025-02-09,4,Social,Consumer
3564,2023-09-19,3,Direct,Consumer
3565,2024-09-20,5,Organic,Consumer
3566,2023-06-04,3,Affiliate,Consumer
3567,2025-01-23,3,Social,Consumer
3568,2024-06-21,4,Paid Search,Enterprise
3569,2025-08-18,4,Organic,Consumer
3570,2024-06-06,3,Paid Search,Consumer
3571,2024-11-19,2,Affiliate,Consumer
3572,2024-04-10,1,Email,Small Business
3573,2024-12-23,5,Social,Small Business
3574,2024-09-18,3,Social,Consumer
3575,2024-07-12,4,Email,Consumer
3576,2024-02-18,3,Direct,Consumer
3577,2023-11-03,6,Social,Consumer
3578,2023-11-14,5,Email,Consumer
3579,2025-12-13,3,Paid Search,Consumer
3580,2024-08-11,2,Affiliate,Small Business
3581,2023-02-10,5,Organic,Consumer
3582,2025-08-23,1,Paid Search,Consumer
3583,2023-05-10,1,Email,Consumer
3584,2024-08-16,1,Email,Consumer
3585,2025-02-15,3,Email,Consumer
3586,2025-07-09,3,Social,Consumer
3587,2025-02-13,2,Email,Consumer
3588,2024-09-16,2,Affiliate,Consumer
3589,2025-09-27,2,Social,Consumer
3590,2023-07-01,3,Paid Search,Enterprise
3591,2025-10-24,2,Affiliate,Small Business
3592,2025-05-13,4,Organic,Consumer
3593,2025-07-24,3,Social,Consumer
3594,2024-04-07,6,Affiliate,Consumer
3595,2023-12-13,6,Paid Search,Consumer
3596,2025-01-16,4,Email,Consumer
3597,2024-10-20,4,Social,Small Business
3598,2024-10-25,1,Paid Search,Small Business
3599,2025-07-20,4,Direct,Consumer
3600,2024-12-23,3,Email,Consumer
3601,2024-05-26,2,Paid Search,Consumer
3602,2024-08-02,5,Direct,Small Business
3603,2023-12-02,1,Direct,Consumer
3604,2024-02-07,2,Email,Enterprise
3605,2023-12-14,5,Paid Search,Consumer
3606,2025-04-14,6,Paid Search,Consumer
3607,2025-02-08,4,Email,Consumer
3608,2024-10-29,4,Affiliate,Consumer
3609,2024-07-15,6,Paid Search,Consumer
3610,2025-01-19,1,Social,Consumer
3611,2025-04-16,3,Paid Search,Small Business
3612,2025-06-08,2,Social,Consumer
3613,2024-11-09,3,Organic,Consumer
3614,2025-04-21,6,Paid Search,Consumer
3615,2024-10-17,4,Organic,Consumer
3616,2024-09-23,6,Organic,Consumer
3617,2025-05-25,4,Social,Consumer
3618,2024-07-23,6,Affiliate,Small Business
3619,2024-07-30,2,Paid Search,Consumer
3620,2024-05-21,2,Paid Search,Consumer
3621,2024-10-22,2,Social,Consumer
3622,2024-11-07,5,Social,Consumer
3623,2025-01-15,4,Paid Search,Small Business
3624,2024-08-24,2,Direct,Consumer
3625,2024-03-03,2,Paid Search,Consumer
3626,2025-05-26,3,Paid Search,Small Business
3627,2024-06-23,1,Email,Consumer
3628,2025-07-18,5,Direct,Consumer
3629,2024-02-22,6,Social,Consumer
3630,2024-11-17,6,Paid Search,Consumer
3631,2024-11-02,2,Social,Consumer
3632,2025-04-27,3,Paid Search,Consumer
3633,2023-12-08,4,Social,Consumer
3634,2025-07-04,3,Organic,Consumer
3635,2024-10-30,3,Social,Small Business
3636,2024-12-03,2,Social,Consumer
3637,2024-10-16,1,Email,Consumer
3638,2023-06-24,3,Paid Search,Consumer
3639,2024-10-08,1,Paid Search,Consumer
3640,2024-04-15,1,Email,Consumer
3641,2024-06-20,4,Paid Search,Small Business
3642,2025-01-08,6,Paid Search,Consumer
3643,2024-10-08,4,Paid Search,Consumer
3644,2023-10-07,1,Organic,Enterprise
3645,2023-09-05,6,Organic,Consumer
3646,2024-01-31,5,Social,Consumer
3647,2024-02-05,2,Social,Small Business
3648,2024-12-16,2,Social,Consumer
3649,2024-01-22,6,Paid Search,Consumer
3650,2025-06-08,3,Affiliate,Enterprise
3651,2024-02-24,1,Direct,Consumer
3652,2023-10-04,2,Organic,Consumer
3653,2025-06-03,2,Social,Consumer
3654,2024-05-13,3,Email,Small Business
3655,2024-08-21,3,Paid Search,Consumer
3656,2025-09-01,4,Social,Consumer
3657,2025-08-12,2,Direct,Small Business
3658,2025-02-14,4,Paid Search,Small Business
3659,2023-08-29,3,Paid Search,Consumer
3660,2024-12-07,6,Organic,Small Business
3661,2025-10-30,5,Organic,Consumer
3662,2025-08-15,2,Organic,Small Business
3663,2023-10-26,1,Paid Search,Consumer
3664,2024-07-31,4,Email,Consumer
3665,2024-05-30,3,Paid Search,Consumer
3666,2023-11-27,6,Direct,Consumer
3667,2025-02-03,3,Paid Search,Consumer
3668,2024-04-24,2,Paid Search,Small Business
3669,2024-06-22,3,Organic,Consumer
3670,2023-10-03,6,Paid Search,Small Business
3671,2024-10-09,1,Organic,Consumer
3672,2023-12-31,6,Paid Search,Consumer
3673,2024-08-25,2,Social,Consumer
3674,2023-12-14,6,Paid Search,Consumer
3675,2025-08-25,4,Social,Consumer
3676,2023-12-16,4,Paid Search,Consumer
3677,2024-10-24,2,Social,Consumer
3678,2024-02-11,5,Paid Search,Consumer
3679,2023-09-11,4,Email,Small Business
3680,2024-02-17,3,Email,Small Business
3681,2023-08-03,3,Paid Search,Consumer
3682,2023-12-09,4,Paid Search,Consumer
3683,2024-10-06,3,Paid Search,Small Business
3684,2025-01-10,6,Paid Search,Small Business
3685,2023-09-28,1,Social,Consumer
3686,2024-08-31,2,Social,Consumer
3687,2024-11-30,6,Direct,Small Business
3688,2024-03-19,5,Email,Small Business
3689,2024-07-13,3,Paid Search,Consumer
3690,2023-09-03,4,Paid Search,Consumer
3691,2024-03-06,1,Paid Search,Small Business
3692,2024-09-18,2,Paid Search,Consumer
3693,2025-11-03,6,Social,Consumer
3694,2025-11-25,4,Paid Search,Consumer
3695,2025-10-07,1,Paid Search,Consumer
3696,2024-08-19,5,Paid Search,Consumer
3697,2023-09-18,3,Organic,Consumer
3698,2024-06-05,4,Paid Search,Consumer
3699,2024-03-23,6,Direct,Consumer
3700,2023-04-19,6,Social,Consumer
3701,2023-10-10,1,Social,Consumer
3702,2024-09-09,3,Social,Small Business
3703,2024-06-18,2,Social,Small Business
3704,2024-01-25,6,Social,Consumer
3705,2025-02-15,5,Social,Consumer
3706,2024-07-01,4,Social,Small Business
3707,2025-05-14,1,Social,Consumer
3708,2024-03-26,5,Paid Search,Consumer
3709,2024-11-03,4,Organic,Consumer
3710,2024-01-29,2,Organic,Consumer
3711,2024-10-07,3,Organic,Consumer
3712,2023-12-25,3,Direct,Consumer
3713,2024-01-04,2,Social,Consumer
3714,2024-12-18,6,Affiliate,Consumer
3715,2024-04-15,6,Social,Consumer
3716,2024-01-16,1,Social,Consumer
3717,2025-07-25,6,Organic,Consumer
3718,2023-07-10,3,Paid Search,Consumer
3719,2024-11-20,5,Paid Search,Consumer
3720,2024-11-09,5,Social,Consumer
3721,2024-04-04,4,Paid Search,Enterprise
3722,2024-09-09,5,Paid Search,Consumer
3723,2023-09-29,5,Email,Consumer
3724,2025-02-18,6,Social,Consumer
3725,2024-03-07,3,Paid Search,Consumer
3726,2024-02-08,5,Paid Search,Small Business
3727,2024-05-29,6,Affiliate,Consumer
3728,2025-06-27,6,Direct,Consumer
3729,2025-04-05,1,Organic,Consumer
3730,2025-08-15,3,Paid Search,Consumer
3731,2025-01-10,4,Social,Consumer
3732,2025-01-16,4,Social,Consumer
3733,2024-09-27,4,Email,Small Business
3734,2025-06-30,6,Social,Consumer
3735,2024-10-17,4,Email,Consumer
3736,2024-06-30,5,Social,Consumer
3737,2025-01-03,6,Affiliate,Consumer
3738,2024-11-08,1,Social,Consumer
3739,2023-11-19,4,Social,Consumer
3740,2024-07-28,3,Social,Enterprise
3741,2024-05-28,6,Organic,Consumer
3742,2025-05-11,4,Affiliate,Consumer
3743,2024-07-18,4,Social,Consumer
3744,2025-04-22,5,Direct,Consumer
3745,2024-09-01,2,Social,Consumer
3746,2025-03-08,4,Social,Small Business
3747,2023-12-04,5,Paid Search,Consumer
3748,2025-07-20,5,Paid Search,Consumer
3749,2024-09-27,2,Affiliate,Consumer
3750,2024-04-12,6,Paid Search,Consumer
3751,2024-03-26,1,Social,Consumer
3752,2024-04-17,2,Paid Search,Consumer
3753,2024-07-09,6,Email,Consumer
3754,2025-02-15,4,Direct,Consumer
3755,2025-08-19,4,Email,Small Business
3756,2025-01-20,4,Social,Small Business
3757,2024-11-09,6,Social,Consumer
3758,2024-09-06,2,Paid Search,Small Business
3759,2025-04-27,2,Direct,Consumer
3760,2025-05-13,3,Paid Search,Small Business
3761,2024-05-11,6,Direct,Consumer
3762,2025-08-24,4,Email,Consumer
3763,2024-07-30,5,Organic,Consumer
3764,2025-04-07,5,Email,Consumer
3765,2025-09-13,6,Social,Small Business
3766,2025-02-08,3,Paid Search,Consumer
3767,2024-01-04,3,Social,Enterprise
3768,2024-12-03,1,Paid Search,Consumer
3769,2023-11-13,1,Email,Consumer
3770,2025-03-31,3,Social,Consumer
3771,2024-05-01,5,Affiliate,Consumer
3772,2025-02-03,6,Affiliate,Consumer
3773,2025-07-04,3,Paid Search,Consumer
3774,2024-01-26,4,Paid Search,Small Business
3775,2024-07-28,5,Social,Consumer
3776,2025-01-07,2,Paid Search,Consumer
3777,2024-08-17,1,Organic,Consumer
3778,2024-01-19,6,Email,Consumer
3779,2023-06-06,4,Email,Small Business
3780,2024-08-07,1,Social,Consumer
3781,2025-01-08,2,Affiliate,Consumer
3782,2024-11-25,2,Organic,Consumer
3783,2023-12-29,2,Direct,Consumer
3784,2024-09-07,3,Email,Consumer
3785,2024-07-11,5,Email,Consumer
3786,2024-04-25,5,Paid Search,Small Business
3787,2025-02-22,6,Affiliate,Consumer
3788,2024-05-25,6,Social,Consumer
3789,2024-11-04,2,Social,Consumer
3790,2025-07-18,1,Social,Consumer
3791,2024-11-04,1,Social,Small Business
3792,2024-12-21,5,Paid Search,Small Business
3793,2023-09-06,3,Paid Search,Consumer
3794,2024-01-23,5,Email,Consumer
3795,2023-10-19,3,Organic,Small Business
3796,2025-03-15,6,Direct,Consumer
3797,2025-05-02,4,Affiliate,Consumer
3798,2024-01-31,6,Social,Consumer
3799,2024-03-05,2,Email,Consumer
3800,2024-06-05,5,Organic,Consumer
3801,2024-12-05,4,Paid Search,Consumer
3802,2024-12-24,2,Direct,Small Business
3803,2025-01-29,2,Direct,Consumer
3804,2025-06-30,2,Paid Search,Consumer
3805,2024-05-13,1,Affiliate,Consumer
3806,2025-01-14,6,Paid Search,Consumer
3807,2024-11-17,2,Direct,Small Business
3808,2024-05-22,4,Organic,Consumer
3809,2025-07-02,4,Paid Search,Consumer
3810,2023-10-11,4,Email,Small Business
3811,2025-02-12,4,Social,Consumer
3812,2025-02-21,6,Paid Search,Consumer
3813,2025-07-10,6,Email,Consumer
3814,2024-10-22,6,Email,Consumer
3815,2024-06-04,3,Social,Consumer
3816,2025-04-26,5,Email,Consumer
3817,2025-03-19,2,Paid Search,Consumer
3818,2024-10-10,6,Social,Consumer
3819,2025-03-17,2,Organic,Small Business
3820,2024-04-19,1,Paid Search,Consumer
3821,2024-12-05,5,Social,Consumer
3822,2025-05-25,5,Direct,Consumer
3823,2024-06-01,1,Affiliate,Consumer
3824,2024-09-29,6,Organic,Consumer
3825,2025-08-21,1,Organic,Consumer
3826,2025-04-06,1,Affiliate,Consumer
3827,2025-06-13,6,Affiliate,Consumer
3828,2024-07-23,2,Paid Search,Consumer
3829,2025-11-26,2,Social,Consumer
3830,2023-12-25,5,Paid Search,Consumer
3831,2024-10-22,4,Paid Search,Small Business
3832,2024-09-26,4,Paid Search,Consumer
3833,2025-04-06,6,Organic,Consumer
3834,2025-07-03,1,Email,Consumer
3835,2025-02-23,6,Affiliate,Consumer
3836,2024-12-26,2,Social,Consumer
3837,2024-08-22,4,Social,Consumer
3838,2024-10-17,2,Paid Search,Consumer
3839,2024-10-16,2,Paid Search,Consumer
3840,2023-05-11,2,Paid Search,Consumer
3841,2024-10-12,4,Direct,Consumer
3842,2025-05-18,6,Paid Search,Consumer
3843,2025-02-11,1,Email,Consumer
3844,2025-04-04,4,Social,Consumer
3845,2024-07-27,6,Social,Consumer
3846,2024-10-28,5,Affiliate,Consumer
3847,2023-06-17,6,Direct,Consumer
3848,2024-07-21,1,Paid Search,Consumer
3849,2024-09-23,3,Affiliate,Small Business
3850,2024-04-08,3,Paid Search,Consumer
3851,2023-06-12,4,Email,Small Business
3852,2025-01-31,2,Paid Search,Small Business
3853,2024-08-27,2,Social,Consumer
3854,2024-08-14,6,Email,Small Business
3855,2024-04-03,2,Affiliate,Consumer
3856,2024-11-03,6,Affiliate,Consumer
3857,2024-08-29,1,Paid Search,Enterprise
3858,2024-09-23,3,Affiliate,Consumer
3859,2024-11-29,4,Social,Small Business
3860,2023-03-14,6,Paid Search,Small Business
3861,2025-07-02,5,Paid Search,Small Business
3862,2023-09-02,1,Paid Search,Consumer
3863,2024-09-07,5,Paid Search,Consumer
3864,2024-02-22,2,Organic,Consumer
3865,2024-10-25,6,Paid Search,Consumer
3866,2024-04-30,5,Organic,Small Business
3867,2025-05-21,2,Paid Search,Consumer
3868,2024-07-31,3,Organic,Consumer
3869,2025-01-02,5,Paid Search,Enterprise
3870,2024-04-02,6,Social,Consumer
3871,2023-05-08,4,Organic,Small Business
3872,2024-08-05,2,Direct,Consumer
3873,2024-11-02,3,Direct,Consumer
3874,2024-09-13,5,Social,Consumer
3875,2025-09-06,4,Direct,Consumer
3876,2025-02-09,2,Organic,Small Business
3877,2025-11-22,2,Affiliate,Consumer
3878,2024-05-13,2,Paid Search,Consumer
3879,2025-03-31,3,Paid Search,Small Business
3880,2024-11-14,3,Paid Search,Consumer
3881,2024-12-18,4,Email,Consumer
3882,2025-10-21,6,Paid Search,Consumer
3883,2025-01-11,4,Paid Search,Small Business
3884,2025-06-24,4,Organic,Small Business
3885,2025-02-20,3,Direct,Consumer
3886,2023-11-24,4,Organic,Consumer
3887,2025-02-05,6,Email,Enterprise
3888,2024-09-30,1,Paid Search,Small Business
3889,2025-07-13,3,Affiliate,Consumer
3890,2025-04-12,1,Paid Search,Consumer
3891,2023-10-23,2,Paid Search,Consumer
3892,2023-12-02,1,Social,Consumer
3893,2023-08-30,4,Paid Search,Consumer
3894,2024-10-06,5,Organic,Consumer
3895,2023-09-18,6,Organic,Consumer
3896,2025-02-19,2,Paid Search,Small Business
3897,2024-11-12,5,Paid Search,Consumer
3898,2025-05-02,2,Paid Search,Small Business
3899,2024-04-30,2,Paid Search,Consumer
3900,2024-10-22,4,Affiliate,Enterprise
3901,2023-11-11,5,Organic,Consumer
3902,2025-06-11,4,Paid Search,Consumer
3903,2024-01-19,1,Paid Search,Consumer
3904,2023-10-21,3,Email,Consumer
3905,2024-02-20,2,Email,Consumer
3906,2025-04-11,1,Direct,Small Business
3907,2023-10-26,1,Paid Search,Consumer
3908,2024-12-19,3,Social,Small Business
3909,2025-03-04,1,Paid Search,Consumer
3910,2025-03-07,5,Email,Consumer
3911,2024-02-04,1,Social,Consumer
3912,2023-08-16,2,Organic,Consumer
3913,2024-09-06,6,Paid Search,Consumer
3914,2024-02-17,5,Email,Consumer
3915,2025-02-05,4,Paid Search,Consumer
3916,2024-07-01,1,Affiliate,Consumer
3917,2024-09-06,1,Paid Search,Consumer
3918,2023-11-05,6,Email,Consumer
3919,2024-11-21,5,Paid Search,Consumer
3920,2024-01-30,6,Organic,Consumer
3921,2025-01-25,5,Email,Small Business
3922,2023-09-02,1,Social,Consumer
3923,2025-09-29,5,Paid Search,Small Business
3924,2025-01-28,3,Social,Consumer
3925,2024-01-26,5,Paid Search,Enterprise
3926,2023-04-19,3,Organic,Consumer
3927,2024-06-14,5,Paid Search,Consumer
3928,2023-12-25,6,Paid Search,Consumer
3929,2024-03-04,6,Paid Search,Small Business
3930,2025-05-31,4,Paid Search,Consumer
3931,2024-12-13,2,Paid Search,Small Business
3932,2024-01-21,4,Organic,Consumer
3933,2024-11-15,3,Paid Search,Consumer
3934,2024-04-08,2,Direct,Small Business
3935,2025-09-30,5,Email,Consumer
3936,2023-06-15,1,Social,Consumer
3937,2025-02-24,3,Affiliate,Small Business
3938,2025-03-20,5,Organic,Consumer
3939,2023-08-26,6,Organic,Consumer
3940,2024-01-16,4,Social,Consumer
3941,2024-07-22,6,Organic,Small Business
3942,2025-05-28,5,Paid Search,Consumer
3943,2024-11-02,2,Social,Consumer
3944,2025-01-12,6,Paid Search,Consumer
3945,2025-03-27,3,Social,Small Business
3946,2025-04-27,4,Organic,Consumer
3947,2024-09-24,2,Paid Search,Consumer
3948,2024-10-16,4,Paid Search,Small Business
3949,2025-02-16,5,Email,Small Business
3950,2024-04-15,6,Paid Search,Consumer
3951,2025-05-17,6,Paid Search,Consumer
3952,2023-05-13,5,Social,Consumer
3953,2024-02-10,4,Direct,Consumer
3954,2025-04-07,6,Organic,Consumer
3955,2024-06-18,1,Organic,Consumer
3956,2023-12-21,6,Affiliate,Consumer
3957,2024-02-01,2,Organic,Consumer
3958,2024-10-30,3,Email,Consumer
3959,2025-05-10,6,Organic,Consumer
3960,2023-09-01,5,Affiliate,Consumer
3961,2023-06-10,6,Organic,Consumer
3962,2024-09-17,5,Paid Search,Consumer
3963,2025-08-28,4,Paid Search,Small Business
3964,2024-04-29,2,Paid Search,Consumer
3965,2025-09-01,6,Social,Small Business
3966,2025-06-13,4,Direct,Enterprise
3967,2024-05-02,5,Email,Consumer
3968,2025-04-19,3,Email,Small Business
3969,2025-01-29,6,Organic,Consumer
3970,2024-10-18,3,Affiliate,Consumer
3971,2024-08-19,2,Email,Consumer
3972,2025-04-18,2,Paid Search,Consumer
3973,2025-04-02,5,Social,Consumer
3974,2025-03-11,5,Social,Small Business
3975,2025-12-06,2,Paid Search,Consumer
3976,2024-09-26,5,Paid Search,Small Business
3977,2025-04-12,6,Paid Search,Enterprise
3978,2025-05-23,4,Paid Search,Small Business
3979,2024-02-26,6,Paid Search,Consumer
3980,2023-07-08,1,Affiliate,Consumer
3981,2024-08-06,3,Social,Consumer
3982,2025-05-18,4,Affiliate,Consumer
3983,2024-05-08,3,Paid Search,Consumer
3984,2025-02-06,1,Direct,Consumer
3985,2023-03-20,3,Email,Small Business
3986,2024-06-30,3,Affiliate,Consumer
3987,2024-12-20,2,Social,Consumer
3988,2023-11-27,3,Organic,Consumer
3989,2025-06-21,3,Social,Consumer
3990,2023-12-29,6,Social,Small Business
3991,2025-07-04,3,Email,Small Business
3992,2024-03-02,3,Paid Search,Consumer
3993,2025-11-16,3,Paid Search,Consumer
3994,2024-12-14,4,Affiliate,Small Business
3995,2023-09-24,2,Paid Search,Consumer
3996,2023-08-23,6,Email,Consumer
3997,2023-09-08,3,Paid Search,Consumer
3998,2024-12-05,3,Social,Consumer
3999,2025-04-14,1,Paid Search,Small Business
4000,2024-08-05,6,Social,Consumer
4001,2024-09-03,3,Affiliate,Consumer
4002,2024-12-04,1,Affiliate,Enterprise
4003,2024-10-31,2,Paid Search,Consumer
4004,2025-01-30,3,Social,Consumer
4005,2024-09-21,5,Affiliate,Consumer
4006,2025-02-13,1,Paid Search,Enterprise
4007,2025-11-30,1,Paid Search,Enterprise
4008,2024-06-26,4,Social,Consumer
4009,2023-04-12,3,Email,Small Business
4010,2023-11-22,6,Social,Small Business
4011,2024-11-13,5,Paid Search,Consumer
4012,2024-06-22,4,Direct,Consumer
4013,2025-08-06,3,Direct,Small Business
4014,2024-12-27,4,Organic,Consumer
4015,2024-10-23,4,Organic,Consumer
4016,2025-04-06,2,Direct,Consumer
4017,2024-04-11,3,Organic,Consumer
4018,2025-04-21,6,Email,Consumer
4019,2023-02-20,4,Social,Consumer
4020,2024-12-22,3,Paid Search,Consumer
4021,2025-07-31,5,Affiliate,Enterprise
4022,2025-03-30,2,Organic,Consumer
4023,2025-05-16,2,Paid Search,Consumer
4024,2024-07-31,6,Organic,Consumer
4025,2025-04-24,5,Email,Consumer
4026,2024-11-11,3,Paid Search,Small Business
4027,2024-12-22,6,Email,Consumer
4028,2023-08-11,3,Paid Search,Consumer
4029,2024-02-16,5,Organic,Consumer
4030,2024-11-11,1,Direct,Small Business
4031,2023-08-11,5,Affiliate,Small Business
4032,2025-03-01,2,Affiliate,Consumer
4033,2025-05-05,2,Organic,Small Business
4034,2025-07-15,5,Social,Small Business
4035,2023-10-20,2,Organic,Small Business
4036,2025-08-06,3,Social,Enterprise
4037,2023-08-27,6,Organic,Small Business
4038,2024-09-23,6,Social,Consumer
4039,2025-05-06,3,Organic,Consumer
4040,2023-09-01,1,Social,Small Business
4041,2023-05-04,2,Social,Small Business
4042,2023-05-25,4,Social,Consumer
4043,2024-10-17,3,Paid Search,Consumer
4044,2025-04-15,5,Social,Consumer
4045,2023-11-24,6,Paid Search,Consumer
4046,2023-11-20,4,Affiliate,Consumer
4047,2024-11-22,4,Paid Search,Consumer
4048,2024-03-19,4,Affiliate,Consumer
4049,2025-02-23,2,Paid Search,Consumer
4050,2025-08-19,4,Affiliate,Consumer
4051,2025-03-16,6,Email,Consumer
4052,2025-06-04,5,Direct,Small Business
4053,2024-10-22,5,Affiliate,Consumer
4054,2025-04-30,6,Organic,Consumer
4055,2024-01-28,3,Paid Search,Consumer
4056,2023-08-28,3,Organic,Consumer
4057,2025-01-12,6,Social,Consumer
4058,2023-07-29,3,Affiliate,Consumer
4059,2025-06-18,5,Affiliate,Enterprise
4060,2025-02-01,4,Social,Consumer
4061,2025-08-22,1,Organic,Consumer
4062,2024-05-28,2,Social,Enterprise
4063,2024-10-01,2,Organic,Small Business
4064,2025-03-01,2,Organic,Consumer
4065,2024-03-27,5,Social,Small Business
4066,2024-11-05,6,Affiliate,Consumer
4067,2025-01-14,6,Paid Search,Small Business
4068,2025-10-05,2,Email,Consumer
4069,2025-03-03,3,Organic,Consumer
4070,2023-11-12,2,Paid Search,Small Business
4071,2024-09-24,1,Social,Small Business
4072,2024-12-04,4,Paid Search,Consumer
4073,2023-12-18,6,Organic,Consumer
4074,2024-08-25,1,Affiliate,Small Business
4075,2024-05-03,4,Paid Search,Consumer
4076,2023-11-13,1,Paid Search,Consumer
4077,2024-10-18,6,Social,Consumer
4078,2024-01-09,1,Paid Search,Enterprise
4079,2024-12-05,3,Paid Search,Consumer
4080,2024-01-13,1,Organic,Consumer
4081,2025-02-19,3,Social,Consumer
4082,2024-02-10,3,Affiliate,Consumer
4083,2025-06-21,4,Social,Consumer
4084,2023-05-29,5,Organic,Consumer
4085,2024-10-24,6,Social,Consumer
4086,2024-06-02,3,Paid Search,Small Business
4087,2024-03-11,6,Social,Consumer
4088,2024-09-21,3,Email,Consumer
4089,2025-05-07,1,Direct,Consumer
4090,2025-07-10,4,Paid Search,Small Business
4091,2024-05-19,5,Social,Consumer
4092,2023-12-27,2,Organic,Consumer
4093,2025-02-17,4,Paid Search,Consumer
4094,2024-11-30,3,Affiliate,Consumer
4095,2024-02-16,1,Paid Search,Consumer
4096,2025-03-13,3,Affiliate,Consumer
4097,2024-10-22,3,Organic,Small Business
4098,2025-01-11,3,Paid Search,Consumer
4099,2024-07-03,6,Email,Small Business
4100,2024-08-30,3,Paid Search,Enterprise
4101,2024-01-25,4,Email,Small Business
4102,2025-03-10,1,Email,Consumer
4103,2023-12-30,2,Organic,Consumer
4104,2025-03-24,6,Paid Search,Consumer
4105,2025-04-06,6,Social,Consumer
4106,2025-03-04,6,Social,Consumer
4107,2023-05-08,1,Organic,Consumer
4108,2024-04-24,6,Organic,Small Business
4109,2024-09-19,2,Social,Small Business
4110,2024-12-08,1,Email,Consumer
4111,2025-07-14,1,Email,Small Business
4112,2024-07-15,5,Organic,Consumer
4113,2025-06-02,4,Paid Search,Small Business
4114,2024-01-06,4,Social,Consumer
4115,2024-07-12,6,Social,Consumer
4116,2023-07-29,1,Email,Consumer
4117,2025-03-02,1,Email,Small Business
4118,2023-12-22,6,Affiliate,Small Business
4119,2024-04-09,4,Paid Search,Enterprise
4120,2025-03-22,5,Email,Small Business
4121,2024-11-01,4,Affiliate,Consumer
4122,2023-04-19,1,Paid Search,Consumer
4123,2023-02-13,4,Paid Search,Consumer
4124,2024-10-17,6,Paid Search,Consumer
4125,2024-05-21,1,Organic,Consumer
4126,2024-01-25,1,Social,Consumer
4127,2024-12-19,3,Paid Search,Consumer
4128,2024-03-14,3,Social,Small Business
4129,2024-12-06,4,Email,Consumer
4130,2024-07-18,1,Affiliate,Consumer
4131,2024-02-01,6,Email,Consumer
4132,2023-12-07,1,Affiliate,Consumer
4133,2024-03-22,2,Organic,Consumer
4134,2023-06-08,6,Affiliate,Consumer
4135,2024-05-24,3,Social,Small Business
4136,2025-06-27,4,Affiliate,Consumer
4137,2025-04-29,3,Affiliate,Consumer
4138,2024-07-13,2,Organic,Small Business
4139,2024-11-26,4,Social,Small Business
4140,2024-11-21,5,Paid Search,Consumer
4141,2025-04-27,1,Social,Consumer
4142,2024-03-21,6,Paid Search,Consumer
4143,2024-05-14,2,Paid Search,Consumer
4144,2024-05-18,6,Social,Consumer
4145,2023-07-05,6,Paid Search,Consumer
4146,2024-05-29,6,Affiliate,Small Business
4147,2025-06-05,4,Organic,Consumer
4148,2025-07-06,6,Affiliate,Small Business
4149,2023-10-31,6,Social,Consumer
4150,2024-09-12,4,Paid Search,Consumer
4151,2024-07-20,6,Paid Search,Small Business
4152,2024-10-03,3,Affiliate,Consumer
4153,2024-11-13,6,Paid Search,Consumer
4154,2023-05-11,6,Organic,Consumer
4155,2025-05-07,4,Paid Search,Consumer
4156,2025-09-25,1,Social,Consumer
4157,2025-01-11,2,Paid Search,Consumer
4158,2025-01-15,2,Social,Consumer
4159,2024-10-28,4,Paid Search,Consumer
4160,2024-06-14,3,Affiliate,Consumer
4161,2023-12-20,5,Paid Search,Consumer
4162,2024-12-01,2,Paid Search,Consumer
4163,2023-07-14,1,Paid Search,Consumer
4164,2025-04-24,4,Direct,Consumer
4165,2024-08-17,1,Organic,Consumer
4166,2024-08-13,6,Organic,Enterprise
4167,2024-06-08,1,Social,Small Business
4168,2025-09-17,3,Affiliate,Small Business
4169,2024-01-19,6,Paid Search,Consumer
4170,2023-12-23,4,Email,Consumer
4171,2024-01-09,5,Email,Consumer
4172,2025-01-14,3,Paid Search,Enterprise
4173,2025-11-07,5,Paid Search,Enterprise
4174,2024-03-20,5,Organic,Consumer
4175,2025-06-30,4,Paid Search,Consumer
4176,2024-04-29,1,Paid Search,Consumer
4177,2025-01-08,6,Social,Consumer
4178,2023-07-04,1,Paid Search,Consumer
4179,2024-10-07,3,Organic,Consumer
4180,2025-01-11,4,Social,Consumer
4181,2024-11-02,5,Organic,Small Business
4182,2024-03-23,4,Social,Small Business
4183,2025-04-27,3,Social,Small Business
4184,2025-09-19,3,Social,Consumer
4185,2024-09-13,6,Affiliate,Consumer
4186,2025-01-01,3,Social,Consumer
4187,2025-04-01,6,Organic,Consumer
4188,2024-03-26,1,Affiliate,Enterprise
4189,2025-05-24,4,Organic,Consumer
4190,2024-04-30,5,Paid Search,Consumer
4191,2025-03-22,5,Paid Search,Consumer
4192,2023-11-04,3,Organic,Consumer
4193,2024-05-07,5,Email,Consumer
4194,2024-10-31,3,Email,Consumer
4195,2024-10-26,4,Organic,Consumer
4196,2025-05-13,6,Paid Search,Consumer
4197,2025-11-24,5,Email,Consumer
4198,2023-10-28,5,Organic,Consumer
4199,2024-04-22,6,Direct,Small Business
4200,2024-07-02,2,Email,Consumer
4201,2024-09-26,4,Social,Consumer
4202,2024-10-06,4,Organic,Consumer
4203,2025-05-18,5,Organic,Consumer
4204,2025-03-19,1,Social,Consumer
4205,2023-05-06,5,Social,Consumer
4206,2024-09-10,2,Paid Search,Enterprise
4207,2024-12-21,3,Paid Search,Consumer
4208,2024-09-14,5,Email,Consumer
4209,2023-11-28,2,Social,Small Business
4210,2024-08-01,1,Email,Consumer
4211,2024-08-11,5,Social,Consumer
4212,2024-02-02,2,Email,Consumer
4213,2025-03-10,5,Email,Consumer
4214,2024-06-03,6,Email,Consumer
4215,2024-12-04,3,Social,Enterprise
4216,2024-10-20,5,Direct,Consumer
4217,2025-06-04,2,Social,Consumer
4218,2023-11-17,6,Email,Enterprise
4219,2023-11-06,2,Social,Consumer
4220,2024-05-17,6,Paid Search,Consumer
4221,2024-08-25,5,Organic,Enterprise
4222,2024-05-16,2,Social,Consumer
4223,2025-03-14,5,Paid Search,Small Business
4224,2024-03-30,4,Social,Consumer
4225,2023-09-24,5,Paid Search,Consumer
4226,2024-08-12,3,Direct,Enterprise
4227,2025-03-21,2,Organic,Consumer
4228,2025-05-13,5,Paid Search,Small Business
4229,2025-02-25,1,Email,Small Business
4230,2024-11-15,3,Organic,Consumer
4231,2025-02-19,1,Email,Small Business
4232,2025-01-26,1,Organic,Small Business
4233,2024-03-19,1,Paid Search,Small Business
4234,2024-11-11,1,Paid Search,Consumer
4235,2025-03-19,6,Email,Consumer
4236,2024-05-31,5,Email,Consumer
4237,2025-01-11,6,Email,Consumer
4238,2024-09-28,1,Paid Search,Small Business
4239,2024-10-12,6,Email,Enterprise
4240,2023-10-03,4,Social,Consumer
4241,2025-01-18,5,Organic,Consumer
4242,2025-05-25,6,Paid Search,Enterprise
4243,2023-12-11,2,Email,Consumer
4244,2024-07-08,5,Direct,Consumer
4245,2023-07-22,4,Paid Search,Consumer
4246,2023-06-07,3,Email,Consumer
4247,2025-10-31,3,Organic,Small Business
4248,2024-10-06,2,Paid Search,Consumer
4249,2024-06-30,2,Paid Search,Consumer
4250,2024-04-25,6,Email,Small Business
4251,2025-10-08,5,Paid Search,Small Business
4252,2024-04-05,4,Paid Search,Enterprise
4253,2025-02-20,5,Affiliate,Small Business
4254,2024-05-03,3,Organic,Consumer
4255,2023-09-01,2,Email,Small Business
4256,2025-01-27,6,Organic,Consumer
4257,2023-02-07,6,Social,Consumer
4258,2025-01-23,2,Email,Consumer
4259,2024-04-03,5,Paid Search,Consumer
4260,2025-03-04,3,Social,Consumer
4261,2025-03-18,5,Organic,Small Business
4262,2025-02-19,1,Direct,Consumer
4263,2023-05-24,3,Social,Consumer
4264,2025-02-08,1,Direct,Enterprise
4265,2025-11-02,5,Email,Small Business
4266,2024-03-27,3,Social,Small Business
4267,2024-04-25,2,Social,Consumer
4268,2025-04-16,5,Paid Search,Consumer
4269,2024-01-03,6,Organic,Consumer
4270,2025-01-15,3,Paid Search,Small Business
4271,2025-03-09,5,Social,Small Business
4272,2023-06-26,5,Paid Search,Consumer
4273,2024-11-13,3,Direct,Consumer
4274,2024-11-26,5,Social,Consumer
4275,2024-05-20,1,Social,Consumer
4276,2025-06-03,6,Social,Consumer
4277,2024-01-05,3,Paid Search,Consumer
4278,2024-07-07,1,Social,Consumer
4279,2025-05-12,6,Email,Consumer
4280,2024-02-05,5,Organic,Consumer
4281,2025-04-22,5,Social,Consumer
4282,2023-09-15,1,Affiliate,Consumer
4283,2024-10-03,5,Paid Search,Consumer
4284,2023-09-09,5,Affiliate,Consumer
4285,2025-01-24,6,Paid Search,Consumer
4286,2025-04-01,3,Affiliate,Small Business
4287,2025-05-13,6,Direct,Consumer
4288,2025-10-10,5,Email,Small Business
4289,2025-01-21,2,Paid Search,Consumer
4290,2025-03-18,2,Social,Consumer
4291,2024-10-14,6,Affiliate,Consumer
4292,2025-07-07,4,Organic,Consumer
4293,2025-01-05,1,Social,Consumer
4294,2025-06-10,1,Social,Consumer
4295,2024-03-20,5,Paid Search,Consumer
4296,2024-10-08,2,Social,Small Business
4297,2025-02-22,2,Paid Search,Consumer
4298,2024-02-17,4,Organic,Consumer
4299,2024-02-26,6,Social,Consumer
4300,2025-10-04,3,Paid Search,Consumer
4301,2024-08-27,4,Paid Search,Small Business
4302,2024-01-26,5,Direct,Consumer
4303,2024-06-11,4,Organic,Consumer
4304,2024-08-01,5,Organic,Consumer
4305,2024-12-24,2,Email,Consumer
4306,2025-07-18,4,Organic,Enterprise
4307,2025-10-23,1,Social,Consumer
4308,2025-01-10,5,Organic,Consumer
4309,2025-02-06,5,Paid Search,Consumer
4310,2024-06-04,5,Organic,Consumer
4311,2025-05-19,1,Paid Search,Consumer
4312,2024-03-03,6,Affiliate,Consumer
4313,2023-10-27,3,Social,Consumer
4314,2025-09-24,1,Paid Search,Consumer
4315,2025-05-24,4,Organic,Small Business
4316,2024-05-20,4,Paid Search,Consumer
4317,2025-01-23,3,Social,Small Business
4318,2024-09-18,5,Affiliate,Consumer
4319,2024-06-05,4,Email,Consumer
4320,2024-05-06,2,Organic,Enterprise
4321,2023-12-05,4,Social,Consumer
4322,2024-11-10,2,Social,Consumer
4323,2024-09-04,1,Paid Search,Consumer
4324,2024-10-18,2,Organic,Consumer
4325,2024-03-01,6,Organic,Consumer
4326,2025-08-05,4,Paid Search,Consumer
4327,2025-01-02,2,Paid Search,Consumer
4328,2025-06-24,3,Paid Search,Consumer
4329,2023-10-31,6,Paid Search,Consumer
4330,2024-12-24,4,Paid Search,Consumer
4331,2025-05-13,5,Social,Small Business
4332,2024-06-11,4,Social,Consumer
4333,2024-02-10,6,Social,Consumer
4334,2024-04-17,4,Paid Search,Consumer
4335,2024-04-24,3,Social,Small Business
4336,2024-09-05,2,Email,Consumer
4337,2024-06-07,1,Paid Search,Small Business
4338,2024-04-22,5,Social,Small Business
4339,2025-01-08,6,Organic,Consumer
4340,2023-07-31,4,Paid Search,Small Business
4341,2024-06-18,3,Social,Consumer
4342,2025-01-31,1,Social,Consumer
4343,2024-01-20,4,Social,Enterprise
4344,2024-03-07,2,Email,Small Business
4345,2024-02-15,4,Affiliate,Consumer
4346,2023-01-28,2,Social,Small Business
4347,2024-09-23,6,Social,Consumer
4348,2023-06-30,6,Direct,Small Business
4349,2024-04-24,2,Social,Enterprise
4350,2025-11-18,2,Direct,Small Business
4351,2025-07-13,6,Email,Consumer
4352,2024-03-01,1,Paid Search,Consumer
4353,2024-05-25,4,Paid Search,Small Business
4354,2024-09-16,1,Paid Search,Consumer
4355,2025-05-09,3,Email,Small Business
4356,2025-04-09,1,Social,Consumer
4357,2023-11-22,1,Organic,Consumer
4358,2023-11-20,3,Organic,Consumer
4359,2024-08-14,1,Affiliate,Consumer
4360,2025-05-29,5,Email,Consumer
4361,2025-06-08,4,Paid Search,Consumer
4362,2023-10-28,3,Social,Small Business
4363,2024-11-25,3,Social,Consumer
4364,2023-12-28,6,Email,Consumer
4365,2025-01-29,6,Organic,Consumer
4366,2025-07-11,1,Organic,Consumer
4367,2024-09-10,5,Email,Consumer
4368,2023-09-22,3,Social,Small Business
4369,2024-11-28,5,Paid Search,Consumer
4370,2024-08-09,5,Affiliate,Consumer
4371,2025-04-14,5,Social,Consumer
4372,2024-06-18,5,Email,Consumer
4373,2025-06-02,2,Social,Consumer
4374,2024-04-24,6,Organic,Consumer
4375,2023-12-30,5,Social,Consumer
4376,2024-05-22,2,Social,Small Business
4377,2023-06-21,2,Paid Search,Consumer
4378,2024-05-01,4,Email,Consumer
4379,2025-01-15,3,Paid Search,Consumer
4380,2023-12-12,5,Social,Consumer
4381,2023-11-03,3,Social,Enterprise
4382,2023-11-30,2,Social,Consumer
4383,2023-09-13,3,Organic,Consumer
4384,2025-06-02,5,Organic,Consumer
4385,2025-08-12,5,Organic,Consumer
4386,2023-07-17,2,Social,Consumer
4387,2025-03-12,5,Social,Consumer
4388,2025-02-27,1,Paid Search,Consumer
4389,2025-11-28,6,Social,Small Business
4390,2024-06-24,5,Affiliate,Consumer
4391,2024-05-04,1,Social,Consumer
4392,2024-09-09,5,Direct,Consumer
4393,2025-05-18,3,Paid Search,Consumer
4394,2025-02-22,6,Email,Consumer
4395,2024-09-21,2,Organic,Small Business
4396,2024-03-29,6,Organic,Small Business
4397,2025-02-21,6,Organic,Consumer
4398,2025-05-17,2,Paid Search,Consumer
4399,2024-08-02,3,Email,Consumer
4400,2025-01-19,4,Social,Consumer
4401,2024-08-03,2,Social,Small Business
4402,2024-09-26,6,Paid Search,Small Business
4403,2024-10-26,2,Paid Search,Small Business
4404,2025-03-22,2,Affiliate,Consumer
4405,2025-10-02,4,Social,Enterprise
4406,2024-09-03,3,Social,Enterprise
4407,2024-06-20,1,Paid Search,Consumer
4408,2024-07-14,6,Organic,Consumer
4409,2023-12-02,2,Email,Small Business
4410,2024-05-14,1,Direct,Consumer
4411,2023-09-27,4,Organic,Consumer
4412,2024-08-22,6,Paid Search,Consumer
4413,2024-01-11,1,Paid Search,Consumer
4414,2024-06-23,3,Paid Search,Small Business
4415,2025-04-03,6,Organic,Small Business
4416,2024-03-30,6,Direct,Enterprise
4417,2024-12-18,2,Paid Search,Consumer
4418,2025-06-26,4,Social,Small Business
4419,2024-11-21,6,Organic,Consumer
4420,2024-02-08,5,Organic,Consumer
4421,2024-06-22,4,Organic,Small Business
4422,2024-12-05,5,Social,Small Business
4423,2024-10-14,3,Paid Search,Consumer
4424,2023-12-20,1,Social,Consumer
4425,2024-09-04,4,Social,Consumer
4426,2024-11-06,4,Organic,Consumer
4427,2024-04-19,6,Paid Search,Consumer
4428,2024-12-18,6,Social,Consumer
4429,2023-08-31,3,Direct,Small Business
4430,2024-06-16,6,Social,Consumer
4431,2025-04-10,1,Paid Search,Consumer
4432,2024-04-11,6,Direct,Consumer
4433,2024-12-14,1,Paid Search,Consumer
4434,2024-08-10,4,Email,Consumer
4435,2024-05-30,5,Paid Search,Consumer
4436,2025-07-11,4,Affiliate,Consumer
4437,2024-06-21,6,Paid Search,Consumer
4438,2024-03-22,4,Social,Consumer
4439,2025-07-04,1,Direct,Small Business
4440,2025-03-04,4,Organic,Consumer
4441,2025-01-27,2,Paid Search,Consumer
4442,2023-07-24,4,Paid Search,Consumer
4443,2023-11-29,3,Paid Search,Consumer
4444,2025-01-02,1,Paid Search,Consumer
4445,2024-02-24,4,Social,Small Business
4446,2024-03-11,1,Social,Consumer
4447,2025-03-24,2,Direct,Consumer
4448,2024-05-05,4,Email,Consumer
4449,2023-09-03,6,Direct,Small Business
4450,2023-06-25,2,Social,Consumer
4451,2024-09-02,2,Social,Consumer
4452,2024-12-21,2,Organic,Consumer
4453,2025-05-28,4,Social,Small Business
4454,2023-11-02,2,Paid Search,Consumer
4455,2024-02-11,4,Affiliate,Small Business
4456,2024-10-29,5,Organic,Small Business
4457,2024-07-07,1,Social,Consumer
4458,2024-09-28,6,Social,Consumer
4459,2025-07-19,4,Paid Search,Small Business
4460,2024-11-07,4,Organic,Consumer
4461,2024-08-13,4,Social,Consumer
4462,2025-10-31,6,Affiliate,Consumer
4463,2023-08-23,4,Social,Consumer
4464,2025-07-28,6,Social,Consumer
4465,2024-10-11,2,Email,Small Business
4466,2024-10-12,2,Affiliate,Consumer
4467,2025-07-17,4,Email,Consumer
4468,2024-10-15,1,Social,Consumer
4469,2024-08-30,1,Social,Consumer
4470,2024-04-23,2,Organic,Consumer
4471,2025-01-14,2,Email,Consumer
4472,2024-11-23,1,Direct,Enterprise
4473,2024-02-29,5,Social,Small Business
4474,2025-02-11,4,Organic,Consumer
4475,2025-01-05,2,Paid Search,Consumer
4476,2024-08-01,2,Paid Search,Consumer
4477,2023-03-02,6,Paid Search,Consumer
4478,2024-09-04,6,Paid Search,Small Business
4479,2023-03-13,1,Social,Small Business
4480,2023-09-09,4,Social,Enterprise
4481,2024-08-24,2,Organic,Consumer
4482,2023-09-20,3,Organic,Consumer
4483,2024-04-26,4,Paid Search,Consumer
4484,2025-01-12,6,Organic,Consumer
4485,2024-05-24,4,Paid Search,Consumer
4486,2025-12-02,6,Paid Search,Small Business
4487,2025-07-11,5,Direct,Small Business
4488,2024-12-02,5,Paid Search,Small Business
4489,2025-09-13,5,Social,Consumer
4490,2025-05-27,5,Organic,Consumer
4491,2024-06-01,2,Social,Consumer
4492,2025-03-06,6,Social,Consumer
4493,2023-12-06,6,Email,Consumer
4494,2025-01-28,4,Organic,Consumer
4495,2024-10-04,5,Social,Consumer
4496,2023-04-29,6,Affiliate,Consumer
4497,2024-04-25,1,Paid Search,Enterprise
4498,2025-08-27,1,Social,Small Business
4499,2024-05-30,6,Paid Search,Consumer
4500,2024-01-26,4,Paid Search,Consumer
4501,2024-02-02,5,Direct,Consumer
4502,2024-09-26,4,Email,Small Business
4503,2025-05-07,4,Paid Search,Consumer
4504,2025-03-11,1,Social,Consumer
4505,2024-08-29,2,Paid Search,Small Business
4506,2024-02-23,1,Organic,Consumer
4507,2023-07-16,3,Social,Small Business
4508,2024-09-15,1,Affiliate,Small Business
4509,2025-04-17,5,Paid Search,Small Business
4510,2025-02-22,2,Social,Small Business
4511,2024-08-09,5,Direct,Small Business
4512,2024-12-08,1,Affiliate,Consumer
4513,2024-08-28,1,Paid Search,Consumer
4514,2024-11-28,3,Social,Consumer
4515,2024-10-21,5,Affiliate,Consumer
4516,2025-01-26,5,Organic,Consumer
4517,2024-10-15,4,Organic,Consumer
4518,2025-08-07,4,Organic,Consumer
4519,2024-08-22,5,Direct,Small Business
4520,2023-04-26,5,Social,Consumer
4521,2024-03-21,5,Paid Search,Consumer
4522,2024-10-10,1,Social,Consumer
4523,2024-11-05,3,Email,Consumer
4524,2024-11-12,6,Social,Consumer
4525,2025-02-14,3,Social,Consumer
4526,2024-04-25,1,Organic,Small Business
4527,2025-01-17,4,Social,Consumer
4528,2025-02-08,2,Direct,Consumer
4529,2024-08-11,4,Social,Consumer
4530,2024-08-04,4,Organic,Small Business
4531,2024-01-23,5,Organic,Consumer
4532,2024-08-13,6,Paid Search,Consumer
4533,2025-03-29,5,Social,Consumer
4534,2025-07-03,6,Paid Search,Consumer
4535,2024-12-07,1,Email,Consumer
4536,2024-05-16,5,Email,Consumer
4537,2025-01-27,3,Paid Search,Consumer
4538,2025-02-28,5,Social,Consumer
4539,2024-06-12,1,Direct,Small Business
4540,2025-04-25,4,Paid Search,Consumer
4541,2023-09-06,1,Affiliate,Consumer
4542,2023-04-06,4,Paid Search,Consumer
4543,2023-11-18,2,Paid Search,Consumer
4544,2023-12-29,1,Social,Enterprise
4545,2025-06-06,1,Paid Search,Consumer
4546,2024-08-20,2,Affiliate,Small Business
4547,2024-04-25,6,Organic,Consumer
4548,2024-08-23,6,Organic,Consumer
4549,2024-07-30,1,Organic,Small Business
4550,2024-05-18,6,Organic,Small Business
4551,2023-12-07,4,Email,Small Business
4552,2025-01-12,2,Organic,Consumer
4553,2023-12-05,6,Affiliate,Consumer
4554,2025-03-22,2,Organic,Consumer
4555,2024-02-16,2,Social,Consumer
4556,2025-02-23,2,Social,Consumer
4557,2025-04-11,1,Social,Consumer
4558,2023-11-21,3,Social,Consumer
4559,2023-09-28,1,Social,Small Business
4560,2025-08-19,2,Social,Enterprise
4561,2024-09-15,3,Paid Search,Consumer
4562,2024-12-28,4,Affiliate,Consumer
4563,2023-05-20,6,Email,Consumer
4564,2024-04-29,1,Social,Consumer
4565,2024-10-13,4,Direct,Consumer
4566,2025-06-12,1,Direct,Small Business
4567,2024-04-22,6,Affiliate,Consumer
4568,2025-03-22,2,Paid Search,Consumer
4569,2025-01-16,6,Social,Consumer
4570,2023-11-08,5,Social,Consumer
4571,2024-05-11,2,Organic,Small Business
4572,2024-03-23,2,Organic,Small Business
4573,2024-09-01,2,Organic,Consumer
4574,2024-12-31,3,Email,Consumer
4575,2024-08-26,3,Direct,Small Business
4576,2024-03-29,4,Organic,Consumer
4577,2025-02-03,3,Affiliate,Consumer
4578,2024-12-02,5,Email,Consumer
4579,2024-10-22,3,Social,Consumer
4580,2024-11-13,2,Email,Consumer
4581,2024-03-07,2,Paid Search,Consumer
4582,2025-01-26,5,Paid Search,Consumer
4583,2024-07-24,1,Direct,Consumer
4584,2024-07-06,2,Social,Consumer
4585,2023-12-21,2,Social,Small Business
4586,2024-12-09,4,Direct,Small Business
4587,2024-12-12,1,Social,Consumer
4588,2024-06-18,3,Paid Search,Consumer
4589,2025-05-21,5,Paid Search,Consumer
4590,2025-05-10,6,Social,Small Business
4591,2023-10-30,3,Paid Search,Consumer
4592,2025-02-03,6,Paid Search,Small Business
4593,2024-07-29,4,Email,Enterprise
4594,2025-12-21,5,Social,Consumer
4595,2024-03-10,2,Organic,Consumer
4596,2024-04-30,6,Paid Search,Consumer
4597,2024-09-01,2,Social,Consumer
4598,2024-04-20,1,Organic,Consumer
4599,2025-02-01,1,Social,Consumer
4600,2024-09-27,4,Social,Small Business
4601,2024-03-06,4,Social,Consumer
4602,2024-10-14,2,Paid Search,Consumer
4603,2025-06-14,6,Paid Search,Consumer
4604,2025-04-02,2,Social,Consumer
4605,2024-10-09,4,Paid Search,Consumer
4606,2024-05-07,4,Paid Search,Consumer
4607,2024-01-24,4,Paid Search,Consumer
4608,2025-06-05,5,Email,Consumer
4609,2025-02-11,6,Social,Consumer
4610,2024-11-24,5,Organic,Small Business
4611,2025-06-06,6,Organic,Consumer
4612,2023-11-16,6,Social,Small Business
4613,2025-01-27,3,Paid Search,Consumer
4614,2024-03-02,4,Social,Consumer
4615,2023-11-15,2,Social,Consumer
4616,2024-09-17,6,Social,Consumer
4617,2024-07-24,6,Paid Search,Consumer
4618,2025-08-08,6,Affiliate,Small Business
4619,2024-06-05,5,Email,Consumer
4620,2025-04-17,6,Paid Search,Consumer
4621,2025-03-06,5,Affiliate,Consumer
4622,2025-01-19,2,Paid Search,Consumer
4623,2025-07-15,2,Paid Search,Consumer
4624,2024-08-08,4,Paid Search,Consumer
4625,2024-07-26,3,Direct,Consumer
4626,2024-01-03,5,Paid Search,Small Business
4627,2024-04-26,5,Email,Consumer
4628,2025-06-06,6,Organic,Consumer
4629,2024-09-23,5,Social,Consumer
4630,2024-06-19,1,Social,Consumer
4631,2024-03-02,3,Paid Search,Small Business
4632,2024-09-30,2,Organic,Small Business
4633,2025-02-15,4,Social,Consumer
4634,2024-05-05,3,Social,Consumer
4635,2025-03-11,6,Paid Search,Consumer
4636,2024-12-28,2,Email,Small Business
4637,2025-03-30,3,Organic,Consumer
4638,2024-04-04,5,Social,Consumer
4639,2024-12-29,3,Social,Consumer
4640,2023-12-26,1,Social,Small Business
4641,2024-07-07,2,Social,Enterprise
4642,2025-02-19,3,Paid Search,Consumer
4643,2024-12-29,4,Organic,Consumer
4644,2024-02-02,5,Paid Search,Consumer
4645,2025-05-20,4,Paid Search,Consumer
4646,2023-07-31,3,Paid Search,Consumer
4647,2024-12-08,4,Paid Search,Consumer
4648,2025-10-16,1,Organic,Small Business
4649,2024-10-30,2,Organic,Enterprise
4650,2025-04-07,4,Social,Small Business
4651,2024-12-08,6,Social,Consumer
4652,2025-03-27,4,Organic,Consumer
4653,2025-01-12,1,Organic,Consumer
4654,2025-02-01,6,Affiliate,Consumer
4655,2024-03-13,2,Email,Consumer
4656,2025-03-01,5,Affiliate,Small Business
4657,2024-03-23,6,Affiliate,Consumer
4658,2025-10-09,6,Affiliate,Consumer
4659,2024-03-13,1,Organic,Consumer
4660,2024-03-22,2,Organic,Consumer
4661,2025-05-20,4,Email,Consumer
4662,2024-03-28,5,Paid Search,Consumer
4663,2024-07-04,6,Social,Consumer
4664,2025-02-14,4,Affiliate,Consumer
4665,2024-01-01,1,Social,Consumer
4666,2024-01-01,5,Paid Search,Enterprise
4667,2024-10-01,5,Social,Small Business
4668,2024-03-28,3,Paid Search,Consumer
4669,2024-03-21,4,Social,Small Business
4670,2023-03-30,2,Organic,Consumer
4671,2024-07-12,5,Social,Small Business
4672,2024-06-01,1,Social,Consumer
4673,2023-06-11,6,Paid Search,Consumer
4674,2024-12-23,6,Social,Consumer
4675,2024-12-26,5,Paid Search,Enterprise
4676,2023-09-01,5,Social,Small Business
4677,2024-05-31,6,Organic,Consumer
4678,2025-05-31,1,Paid Search,Consumer
4679,2024-11-30,4,Affiliate,Consumer
4680,2024-08-11,4,Organic,Small Business
4681,2024-09-17,6,Paid Search,Consumer
4682,2024-02-23,5,Social,Consumer
4683,2025-04-15,4,Paid Search,Consumer
4684,2025-07-08,4,Paid Search,Consumer
4685,2025-07-05,1,Affiliate,Consumer
4686,2024-03-09,2,Organic,Small Business
4687,2024-05-26,3,Email,Enterprise
4688,2024-01-03,6,Organic,Consumer
4689,2024-05-23,6,Affiliate,Small Business
4690,2024-06-12,4,Affiliate,Consumer
4691,2024-12-30,1,Paid Search,Consumer
4692,2024-02-04,5,Paid Search,Consumer
4693,2025-07-14,3,Social,Consumer
4694,2023-10-22,4,Social,Enterprise
4695,2023-03-18,3,Social,Consumer
4696,2025-05-17,5,Paid Search,Consumer
4697,2025-02-08,2,Email,Consumer
4698,2024-06-30,1,Paid Search,Consumer
4699,2024-12-08,2,Email,Consumer
4700,2024-03-09,6,Social,Consumer
4701,2024-01-12,1,Paid Search,Small Business
4702,2024-09-21,2,Affiliate,Consumer
4703,2024-06-28,3,Social,Consumer
4704,2024-12-20,6,Email,Consumer
4705,2024-03-04,3,Affiliate,Consumer
4706,2025-01-16,6,Paid Search,Consumer
4707,2025-03-17,6,Paid Search,Consumer
4708,2024-01-10,4,Paid Search,Small Business
4709,2023-07-12,3,Paid Search,Consumer
4710,2024-08-30,4,Direct,Small Business
4711,2025-03-21,5,Email,Enterprise
4712,2025-01-09,1,Social,Consumer
4713,2025-02-07,5,Organic,Consumer
4714,2024-08-05,3,Affiliate,Consumer
4715,2024-03-20,6,Paid Search,Consumer
4716,2024-10-30,4,Paid Search,Consumer
4717,2024-02-19,6,Affiliate,Consumer
4718,2025-02-20,1,Email,Consumer
4719,2024-02-11,1,Paid Search,Consumer
4720,2024-05-09,1,Social,Consumer
4721,2024-10-14,6,Paid Search,Consumer
4722,2024-10-01,6,Organic,Small Business
4723,2024-12-11,6,Organic,Small Business
4724,2024-08-29,2,Paid Search,Small Business
4725,2025-07-14,2,Email,Consumer
4726,2025-05-05,3,Social,Consumer
4727,2025-06-06,5,Organic,Consumer
4728,2024-12-28,2,Organic,Consumer
4729,2024-12-31,4,Social,Consumer
4730,2024-12-16,4,Paid Search,Small Business
4731,2024-08-27,3,Paid Search,Small Business
4732,2024-06-04,3,Email,Enterprise
4733,2024-12-06,4,Organic,Consumer
4734,2023-05-27,5,Paid Search,Consumer
4735,2023-03-21,2,Direct,Consumer
4736,2025-05-14,4,Email,Small Business
4737,2023-07-17,1,Paid Search,Consumer
4738,2024-10-26,1,Paid Search,Small Business
4739,2024-12-20,4,Organic,Small Business
4740,2024-02-13,3,Paid Search,Consumer
4741,2025-06-21,2,Direct,Consumer
4742,2024-02-04,1,Organic,Small Business
4743,2025-06-10,6,Paid Search,Consumer
4744,2025-03-14,5,Social,Consumer
4745,2024-03-25,6,Paid Search,Consumer
4746,2023-12-23,1,Social,Consumer
4747,2024-05-30,1,Paid Search,Enterprise
4748,2024-08-01,2,Affiliate,Consumer
4749,2024-03-30,1,Email,Consumer
4750,2025-12-12,3,Affiliate,Enterprise
4751,2024-03-15,4,Paid Search,Consumer
4752,2025-04-28,2,Social,Small Business
4753,2024-01-01,3,Email,Small Business
4754,2025-10-08,4,Social,Consumer
4755,2024-03-11,2,Social,Consumer
4756,2024-08-18,3,Direct,Consumer
4757,2024-11-16,4,Email,Consumer
4758,2023-11-15,6,Affiliate,Consumer
4759,2025-04-19,2,Social,Consumer
4760,2024-04-25,1,Organic,Consumer
4761,2024-11-10,6,Social,Small Business
4762,2024-11-10,4,Social,Consumer
4763,2024-12-12,3,Paid Search,Consumer
4764,2023-08-04,5,Affiliate,Consumer
4765,2024-01-12,6,Social,Consumer
4766,2024-01-04,1,Organic,Consumer
4767,2024-05-18,6,Affiliate,Consumer
4768,2023-12-16,4,Email,Enterprise
4769,2025-07-17,4,Paid Search,Small Business
4770,2024-10-18,6,Organic,Consumer
4771,2024-12-25,2,Social,Small Business
4772,2024-07-02,5,Paid Search,Consumer
4773,2024-04-26,4,Paid Search,Consumer
4774,2024-10-12,6,Organic,Consumer
4775,2024-05-12,3,Email,Small Business
4776,2024-06-21,5,Direct,Enterprise
4777,2024-09-09,3,Social,Consumer
4778,2024-10-14,3,Social,Consumer
4779,2025-10-17,3,Paid Search,Consumer
4780,2024-03-09,6,Direct,Consumer
4781,2024-10-02,6,Affiliate,Consumer
4782,2023-12-21,2,Direct,Consumer
4783,2024-06-26,6,Social,Consumer
4784,2025-02-15,4,Paid Search,Consumer
4785,2024-01-19,1,Organic,Small Business
4786,2024-11-30,5,Social,Consumer
4787,2024-08-14,1,Social,Consumer
4788,2023-07-28,6,Paid Search,Consumer
4789,2025-07-29,3,Paid Search,Consumer
4790,2024-08-12,6,Social,Small Business
4791,2025-03-27,3,Direct,Consumer
4792,2024-08-14,1,Email,Small Business
4793,2025-08-03,5,Email,Consumer
4794,2024-05-09,5,Paid Search,Small Business
4795,2024-08-11,2,Email,Consumer
4796,2025-03-12,2,Social,Consumer
4797,2024-06-21,6,Paid Search,Consumer
4798,2024-07-07,5,Social,Small Business
4799,2025-11-18,2,Paid Search,Consumer
4800,2024-11-14,5,Affiliate,Consumer
4801,2025-01-31,2,Affiliate,Consumer
4802,2025-01-05,2,Paid Search,Small Business
4803,2025-04-26,4,Organic,Consumer
4804,2025-05-22,5,Social,Consumer
4805,2024-11-19,6,Paid Search,Small Business
4806,2024-05-12,3,Organic,Consumer
4807,2023-05-19,1,Email,Consumer
4808,2024-12-19,4,Email,Small Business
4809,2025-04-25,5,Paid Search,Consumer
4810,2024-09-07,6,Social,Consumer
4811,2024-01-08,1,Paid Search,Consumer
4812,2024-05-07,4,Paid Search,Consumer
4813,2024-10-16,4,Paid Search,Small Business
4814,2025-05-03,4,Paid Search,Consumer
4815,2024-01-16,1,Social,Consumer
4816,2024-12-18,1,Social,Consumer
4817,2025-03-08,4,Organic,Consumer
4818,2025-08-02,2,Social,Consumer
4819,2023-11-10,4,Paid Search,Consumer
4820,2025-07-22,1,Direct,Enterprise
4821,2024-12-12,5,Affiliate,Consumer
4822,2025-03-17,2,Paid Search,Consumer
4823,2023-08-01,3,Social,Small Business
4824,2024-10-14,3,Paid Search,Consumer
4825,2024-12-24,3,Direct,Consumer
4826,2024-05-22,4,Social,Small Business
4827,2024-08-25,4,Paid Search,Small Business
4828,2024-11-13,5,Email,Consumer
4829,2024-11-12,6,Organic,Consumer
4830,2023-07-07,2,Paid Search,Consumer
4831,2024-08-30,6,Social,Consumer
4832,2024-02-29,4,Social,Consumer
4833,2025-07-11,2,Paid Search,Consumer
4834,2025-10-01,6,Paid Search,Small Business
4835,2024-05-16,5,Email,Consumer
4836,2024-01-19,2,Email,Small Business
4837,2024-03-05,2,Organic,Consumer
4838,2024-09-25,4,Organic,Consumer
4839,2025-06-02,5,Social,Consumer
4840,2024-10-10,1,Social,Consumer
4841,2023-08-04,4,Email,Consumer
4842,2023-07-03,4,Paid Search,Consumer
4843,2024-03-13,6,Paid Search,Small Business
4844,2025-05-07,5,Paid Search,Small Business
4845,2024-12-23,6,Email,Consumer
4846,2024-11-19,1,Organic,Consumer
4847,2024-06-01,5,Social,Small Business
4848,2025-07-25,3,Social,Consumer
4849,2024-06-11,4,Affiliate,Consumer
4850,2025-05-02,6,Paid Search,Small Business
4851,2025-06-21,6,Social,Consumer
4852,2024-09-29,2,Email,Consumer
4853,2025-06-19,2,Organic,Consumer
4854,2024-04-27,5,Social,Consumer
4855,2025-01-14,6,Paid Search,Consumer
4856,2023-09-29,4,Direct,Consumer
4857,2024-09-23,1,Social,Small Business
4858,2024-03-03,1,Affiliate,Consumer
4859,2023-08-18,5,Email,Consumer
4860,2023-02-25,5,Affiliate,Consumer
4861,2024-06-06,6,Paid Search,Consumer
4862,2024-12-05,4,Social,Consumer
4863,2024-09-10,3,Paid Search,Consumer
4864,2024-05-18,1,Paid Search,Enterprise
4865,2025-11-05,5,Paid Search,Consumer
4866,2025-08-06,6,Social,Small Business
4867,2023-11-22,1,Social,Consumer
4868,2024-08-13,3,Organic,Consumer
4869,2025-01-08,3,Social,Small Business
4870,2025-02-25,5,Paid Search,Consumer
4871,2024-07-09,5,Social,Small Business
4872,2025-03-04,2,Organic,Consumer
4873,2023-11-20,6,Paid Search,Consumer
4874,2024-06-12,1,Email,Consumer
4875,2025-02-15,5,Social,Consumer
4876,2024-12-26,5,Organic,Consumer
4877,2025-05-03,1,Email,Small Business
4878,2023-07-18,5,Social,Small Business
4879,2024-01-18,2,Organic,Small Business
4880,2023-07-21,2,Affiliate,Consumer
4881,2024-02-06,1,Paid Search,Consumer
4882,2023-03-02,5,Social,Small Business
4883,2024-10-13,5,Direct,Consumer
4884,2024-10-28,4,Affiliate,Consumer
4885,2025-01-13,5,Organic,Consumer
4886,2024-07-22,3,Paid Search,Small Business
4887,2023-02-21,4,Social,Small Business
4888,2025-01-22,5,Affiliate,Consumer
4889,2023-08-02,3,Organic,Small Business
4890,2025-05-26,4,Paid Search,Small Business
4891,2023-05-19,1,Paid Search,Consumer
4892,2024-10-29,4,Email,Consumer
4893,2025-06-20,6,Organic,Consumer
4894,2024-11-24,5,Direct,Consumer
4895,2024-12-16,2,Social,Consumer
4896,2025-01-27,4,Social,Consumer
4897,2023-11-17,4,Paid Search,Consumer
4898,2025-01-23,6,Social,Consumer
4899,2025-06-07,5,Social,Consumer
4900,2025-09-26,5,Paid Search,Small Business
4901,2024-09-02,5,Social,Consumer
4902,2024-06-22,3,Paid Search,Small Business
4903,2025-03-08,3,Email,Enterprise
4904,2024-11-06,3,Paid Search,Small Business
4905,2024-04-10,3,Social,Consumer
4906,2024-01-16,6,Organic,Small Business
4907,2024-01-14,6,Paid Search,Small Business
4908,2024-09-13,6,Social,Small Business
4909,2024-01-14,4,Affiliate,Consumer
4910,2023-05-09,2,Organic,Consumer
4911,2023-07-29,1,Social,Consumer
4912,2025-07-26,2,Affiliate,Consumer
4913,2023-09-05,4,Direct,Consumer
4914,2023-09-06,3,Affiliate,Consumer
4915,2024-09-07,4,Social,Small Business
4916,2024-03-29,6,Organic,Consumer
4917,2025-09-07,3,Social,Consumer
4918,2025-07-05,6,Social,Consumer
4919,2024-08-06,4,Social,Consumer
4920,2024-09-06,5,Affiliate,Consumer
4921,2024-07-15,1,Social,Small Business
4922,2023-06-28,2,Affiliate,Consumer
4923,2024-05-11,6,Direct,Consumer
4924,2023-11-18,6,Social,Consumer
4925,2023-10-21,4,Paid Search,Consumer
4926,2024-11-17,1,Direct,Consumer
4927,2023-10-16,1,Paid Search,Enterprise
4928,2023-10-22,3,Email,Consumer
4929,2024-09-27,6,Paid Search,Consumer
4930,2024-09-01,3,Paid Search,Small Business
4931,2023-12-07,6,Paid Search,Consumer
4932,2023-03-03,4,Paid Search,Consumer
4933,2024-02-07,1,Affiliate,Small Business
4934,2024-03-21,4,Paid Search,Consumer
4935,2025-04-07,3,Paid Search,Consumer
4936,2025-07-10,2,Organic,Enterprise
4937,2024-08-07,5,Direct,Consumer
4938,2024-08-06,2,Social,Consumer
4939,2025-02-13,6,Email,Consumer
4940,2024-12-27,5,Paid Search,Consumer
4941,2024-01-29,5,Affiliate,Consumer
4942,2023-10-28,1,Email,Small Business
4943,2024-08-29,6,Affiliate,Enterprise
4944,2024-11-20,3,Organic,Consumer
4945,2023-12-08,5,Direct,Small Business
4946,2024-05-11,2,Social,Consumer
4947,2024-05-22,5,Email,Consumer
4948,2024-04-13,2,Email,Consumer
4949,2024-09-14,5,Paid Search,Consumer
4950,2025-01-11,2,Direct,Consumer
4951,2024-10-16,6,Email,Consumer
4952,2024-02-16,5,Affiliate,Small Business
4953,2023-10-22,3,Social,Consumer
4954,2025-04-22,3,Affiliate,Small Business
4955,2024-09-26,1,Social,Consumer
4956,2023-08-17,2,Direct,Consumer
4957,2024-04-10,5,Paid Search,Consumer
4958,2025-04-10,5,Organic,Consumer
4959,2025-03-07,6,Paid Search,Consumer
4960,2025-06-03,1,Organic,Consumer
4961,2024-12-12,2,Social,Consumer
4962,2024-08-19,5,Affiliate,Consumer
4963,2024-08-21,3,Affiliate,Consumer
4964,2024-02-08,2,Social,Consumer
4965,2025-01-09,2,Email,Consumer
4966,2024-12-02,6,Organic,Small Business
4967,2023-12-27,6,Social,Consumer
4968,2025-06-12,1,Social,Consumer
4969,2024-07-10,6,Paid Search,Consumer
4970,2023-07-24,4,Paid Search,Small Business
4971,2024-06-09,6,Social,Consumer
4972,2025-05-29,4,Organic,Consumer
4973,2025-07-12,5,Social,Consumer
4974,2024-10-04,4,Direct,Consumer
4975,2025-08-28,5,Paid Search,Consumer
4976,2025-06-02,5,Affiliate,Small Business
4977,2025-04-25,4,Email,Consumer
4978,2025-05-21,1,Email,Consumer
4979,2024-07-20,1,Social,Consumer
4980,2025-03-10,3,Paid Search,Consumer
4981,2024-11-27,3,Affiliate,Consumer
4982,2025-02-17,6,Email,Consumer
4983,2024-01-22,1,Affiliate,Consumer
4984,2025-02-23,6,Paid Search,Consumer
4985,2025-08-30,1,Organic,Consumer
4986,2024-05-19,3,Social,Consumer
4987,2025-10-22,3,Organic,Consumer
4988,2024-07-18,4,Email,Small Business
4989,2024-02-14,1,Paid Search,Consumer
4990,2023-11-04,5,Paid Search,Consumer
4991,2025-03-28,1,Paid Search,Consumer
4992,2024-11-14,5,Paid Search,Enterprise
4993,2024-05-23,4,Paid Search,Consumer
4994,2024-12-16,6,Paid Search,Consumer
4995,2024-06-12,6,Social,Consumer
4996,2024-09-06,6,Organic,Small Business
4997,2025-05-23,3,Email,Small Business
4998,2025-01-19,3,Social,Consumer
4999,2025-03-14,4,Paid Search,Enterprise
5000,2024-12-01,4,Email,Consumer
5001,2025-11-06,5,Social,Small Business
5002,2024-03-26,3,Paid Search,Consumer
5003,2024-04-14,3,Social,Small Business
5004,2023-10-06,1,Direct,Small Business
5005,2024-11-13,2,Social,Small Business
5006,2024-12-19,5,Direct,Consumer
5007,2025-02-20,6,Paid Search,Consumer
5008,2024-06-15,4,Paid Search,Consumer
5009,2023-04-12,3,Paid Search,Consumer
5010,2024-12-30,1,Email,Consumer
5011,2025-12-10,1,Social,Consumer
5012,2024-05-12,5,Organic,Consumer
5013,2024-01-29,4,Direct,Consumer
5014,2024-05-01,2,Social,Small Business
5015,2024-08-21,2,Paid Search,Consumer
5016,2024-04-04,1,Organic,Consumer
5017,2024-06-24,5,Paid Search,Consumer
5018,2025-01-02,4,Organic,Consumer
5019,2024-06-22,2,Affiliate,Consumer
5020,2024-07-31,5,Social,Consumer
5021,2023-07-03,6,Social,Consumer
5022,2025-07-13,4,Organic,Consumer
5023,2024-08-07,2,Paid Search,Enterprise
5024,2024-06-09,1,Social,Consumer
5025,2023-09-27,5,Social,Consumer
5026,2024-12-31,4,Paid Search,Small Business
5027,2025-05-24,3,Paid Search,Small Business
5028,2023-07-06,1,Organic,Consumer
5029,2023-12-16,5,Social,Consumer
5030,2023-12-17,6,Social,Consumer
5031,2024-12-12,3,Direct,Consumer
5032,2025-07-16,2,Paid Search,Consumer
5033,2024-08-29,4,Paid Search,Consumer
5034,2024-06-21,6,Affiliate,Consumer
5035,2025-03-16,4,Paid Search,Consumer
5036,2025-03-02,1,Affiliate,Small Business
5037,2024-03-31,2,Organic,Consumer
5038,2024-01-03,1,Social,Enterprise
5039,2024-07-02,3,Paid Search,Consumer
5040,2025-03-22,3,Social,Enterprise
5041,2025-02-03,4,Affiliate,Small Business
5042,2025-01-18,5,Paid Search,Consumer
5043,2025-04-28,1,Email,Consumer
5044,2024-04-27,6,Affiliate,Consumer
5045,2024-06-18,2,Organic,Small Business
5046,2023-07-08,4,Paid Search,Consumer
5047,2025-05-28,2,Email,Consumer
5048,2024-11-30,3,Email,Small Business
5049,2024-05-15,5,Paid Search,Consumer
5050,2023-08-30,1,Affiliate,Consumer
5051,2025-02-19,3,Paid Search,Small Business
5052,2025-03-06,4,Direct,Small Business
5053,2025-01-18,4,Paid Search,Consumer
5054,2024-02-18,3,Paid Search,Consumer
5055,2025-07-08,3,Organic,Consumer
5056,2025-03-08,6,Paid Search,Consumer
5057,2025-01-13,2,Paid Search,Consumer
5058,2025-01-09,3,Paid Search,Enterprise
5059,2025-06-29,3,Affiliate,Consumer
5060,2025-07-24,5,Paid Search,Consumer
5061,2024-12-08,5,Organic,Consumer
5062,2024-08-14,6,Organic,Small Business
5063,2024-07-07,1,Social,Consumer
5064,2025-04-20,1,Social,Consumer
5065,2025-01-06,3,Paid Search,Consumer
5066,2023-09-12,3,Direct,Consumer
5067,2023-12-12,1,Email,Consumer
5068,2025-06-25,6,Direct,Consumer
5069,2025-06-10,6,Email,Consumer
5070,2025-08-22,3,Affiliate,Consumer
5071,2024-08-22,5,Direct,Consumer
5072,2025-03-28,4,Social,Small Business
5073,2025-04-27,4,Affiliate,Consumer
5074,2024-05-30,6,Paid Search,Enterprise
5075,2023-12-16,1,Paid Search,Consumer
5076,2025-11-29,2,Social,Consumer
5077,2023-06-09,3,Social,Consumer
5078,2024-12-09,6,Social,Consumer
5079,2025-01-09,4,Social,Consumer
5080,2025-01-27,3,Social,Consumer
5081,2024-04-08,1,Affiliate,Enterprise
5082,2025-02-18,4,Social,Consumer
5083,2024-03-02,2,Social,Consumer
5084,2025-04-27,2,Organic,Consumer
5085,2024-03-05,6,Organic,Consumer
5086,2025-02-04,4,Affiliate,Consumer
5087,2025-03-27,1,Social,Small Business
5088,2024-02-03,1,Paid Search,Enterprise
5089,2024-03-23,3,Direct,Enterprise
5090,2025-03-24,1,Paid Search,Consumer
5091,2023-09-26,3,Organic,Consumer
5092,2024-02-05,3,Social,Consumer
5093,2024-09-10,6,Social,Consumer
5094,2025-07-26,3,Affiliate,Consumer
5095,2024-11-18,2,Social,Consumer
5096,2024-07-24,4,Paid Search,Consumer
5097,2025-10-04,4,Email,Small Business
5098,2024-09-16,1,Paid Search,Small Business
5099,2024-08-26,1,Paid Search,Small Business
5100,2024-08-11,2,Social,Consumer
5101,2024-05-27,5,Social,Small Business
5102,2024-06-07,2,Organic,Consumer
5103,2025-01-30,6,Social,Consumer
5104,2023-07-05,3,Social,Consumer
5105,2025-01-27,6,Social,Consumer
5106,2024-02-16,2,Affiliate,Consumer
5107,2024-07-22,3,Paid Search,Small Business
5108,2023-12-18,1,Direct,Consumer
5109,2024-11-12,6,Social,Small Business
5110,2025-02-22,4,Social,Consumer
5111,2024-06-30,1,Email,Small Business
5112,2024-01-06,5,Social,Small Business
5113,2024-03-12,6,Organic,Consumer
5114,2025-04-19,5,Affiliate,Small Business
5115,2024-04-19,5,Affiliate,Consumer
5116,2025-03-22,2,Social,Consumer
5117,2024-06-11,3,Organic,Consumer
5118,2024-02-03,6,Social,Consumer
5119,2025-02-21,4,Email,Consumer
5120,2024-09-19,4,Paid Search,Consumer
5121,2023-06-12,5,Paid Search,Consumer
5122,2025-09-02,4,Organic,Consumer
5123,2023-12-19,1,Paid Search,Enterprise
5124,2024-06-29,2,Email,Enterprise
5125,2024-07-22,5,Paid Search,Consumer
5126,2024-10-03,2,Paid Search,Consumer
5127,2025-03-28,4,Organic,Consumer
5128,2023-03-13,3,Social,Consumer
5129,2025-07-29,4,Direct,Consumer
5130,2025-01-07,2,Paid Search,Small Business
5131,2025-08-20,2,Paid Search,Consumer
5132,2025-04-19,5,Paid Search,Consumer
5133,2025-07-23,2,Social,Consumer
5134,2024-12-11,2,Paid Search,Small Business
5135,2024-07-02,6,Email,Consumer
5136,2024-09-02,1,Paid Search,Consumer
5137,2025-01-13,4,Direct,Consumer
5138,2024-08-22,1,Organic,Consumer
5139,2025-02-24,5,Organic,Consumer
5140,2023-10-05,1,Paid Search,Consumer
5141,2025-04-28,4,Paid Search,Consumer
5142,2024-02-19,3,Social,Consumer
5143,2025-08-11,5,Social,Enterprise
5144,2023-12-28,1,Organic,Consumer
5145,2023-11-26,4,Social,Small Business
5146,2025-04-15,4,Paid Search,Consumer
5147,2025-04-20,2,Direct,Small Business
5148,2025-02-28,2,Paid Search,Small Business
5149,2025-09-03,5,Paid Search,Consumer
5150,2024-04-21,4,Social,Consumer
5151,2025-04-26,4,Social,Consumer
5152,2024-06-28,6,Social,Small Business
5153,2024-11-03,3,Organic,Consumer
5154,2024-09-04,6,Organic,Consumer
5155,2023-03-12,6,Organic,Small Business
5156,2024-11-26,4,Paid Search,Small Business
5157,2025-03-05,2,Paid Search,Consumer
5158,2024-01-19,3,Email,Small Business
5159,2025-07-28,1,Paid Search,Consumer
5160,2024-10-29,5,Social,Small Business
5161,2024-01-23,2,Social,Consumer
5162,2025-01-06,6,Organic,Consumer
5163,2024-02-06,4,Paid Search,Consumer
5164,2023-08-20,3,Affiliate,Small Business
5165,2025-01-29,2,Social,Consumer
5166,2023-11-02,1,Direct,Consumer
5167,2023-10-26,5,Paid Search,Consumer
5168,2025-02-28,5,Email,Consumer
5169,2023-08-04,2,Social,Consumer
5170,2025-04-14,1,Affiliate,Consumer
5171,2025-04-04,2,Social,Small Business
5172,2023-12-11,5,Affiliate,Consumer
5173,2024-10-22,4,Email,Consumer
5174,2023-10-13,1,Organic,Consumer
5175,2024-12-30,1,Paid Search,Consumer
5176,2023-08-19,1,Paid Search,Consumer
5177,2025-08-12,5,Direct,Consumer
5178,2024-02-22,5,Direct,Consumer
5179,2025-01-27,3,Paid Search,Consumer
5180,2023-11-25,5,Paid Search,Consumer
5181,2024-02-24,1,Paid Search,Consumer
5182,2024-09-07,4,Paid Search,Consumer
5183,2024-11-25,2,Paid Search,Consumer
5184,2025-12-11,5,Affiliate,Consumer
5185,2023-05-28,3,Paid Search,Enterprise
5186,2023-01-17,6,Affiliate,Enterprise
5187,2024-06-26,4,Direct,Consumer
5188,2024-07-08,3,Paid Search,Consumer
5189,2025-06-10,6,Social,Consumer
5190,2025-07-07,6,Social,Consumer
5191,2025-06-07,3,Paid Search,Consumer
5192,2023-12-13,3,Email,Enterprise
5193,2024-08-11,4,Organic,Consumer
5194,2025-03-04,2,Paid Search,Consumer
5195,2024-05-27,3,Affiliate,Consumer
5196,2025-01-16,6,Social,Consumer
5197,2024-03-22,6,Paid Search,Consumer
5198,2024-06-05,3,Direct,Small Business
5199,2025-05-21,3,Paid Search,Consumer
5200,2024-04-03,6,Paid Search,Consumer
5201,2025-09-09,2,Paid Search,Consumer
5202,2024-05-22,1,Social,Small Business
5203,2023-05-21,1,Social,Consumer
5204,2024-04-07,1,Organic,Consumer
5205,2024-01-15,6,Social,Small Business
5206,2024-10-14,1,Organic,Enterprise
5207,2023-11-04,2,Paid Search,Consumer
5208,2024-12-26,4,Social,Small Business
5209,2025-06-02,4,Direct,Consumer
5210,2024-07-06,5,Email,Consumer
5211,2024-01-12,6,Email,Consumer
5212,2024-08-02,3,Social,Consumer
5213,2025-03-29,2,Social,Small Business
5214,2024-12-06,1,Affiliate,Consumer
5215,2023-10-19,6,Affiliate,Consumer
5216,2024-11-03,3,Organic,Consumer
5217,2024-09-19,6,Social,Consumer
5218,2024-06-08,3,Paid Search,Small Business
5219,2023-11-01,5,Paid Search,Small Business
5220,2025-10-10,4,Paid Search,Consumer
5221,2024-01-20,5,Social,Consumer
5222,2024-02-07,4,Paid Search,Consumer
5223,2023-12-16,2,Social,Enterprise
5224,2024-11-23,1,Organic,Consumer
5225,2024-09-02,1,Organic,Consumer
5226,2024-04-03,3,Organic,Consumer
5227,2024-08-23,6,Paid Search,Small Business
5228,2025-01-22,4,Social,Consumer
5229,2024-05-01,5,Direct,Small Business
5230,2025-07-10,2,Social,Consumer
5231,2024-05-22,3,Affiliate,Consumer
5232,2024-02-13,3,Social,Consumer
5233,2025-08-26,1,Organic,Small Business
5234,2025-04-14,4,Social,Consumer
5235,2024-06-21,3,Organic,Enterprise
5236,2025-05-06,3,Affiliate,Consumer
5237,2024-10-22,4,Social,Small Business
5238,2024-06-23,1,Email,Consumer
5239,2025-05-05,6,Affiliate,Consumer
5240,2025-03-08,2,Email,Consumer
5241,2024-05-15,5,Paid Search,Small Business
5242,2024-12-15,5,Paid Search,Consumer
5243,2024-07-11,1,Affiliate,Consumer
5244,2023-01-30,2,Email,Consumer
5245,2025-09-05,3,Direct,Small Business
5246,2024-11-10,5,Paid Search,Consumer
5247,2024-12-10,4,Email,Consumer
5248,2024-12-11,3,Email,Consumer
5249,2024-11-11,6,Affiliate,Consumer
5250,2024-05-08,3,Organic,Consumer
5251,2025-09-21,6,Paid Search,Small Business
5252,2024-12-24,5,Organic,Small Business
5253,2025-01-21,2,Organic,Consumer
5254,2024-09-10,3,Social,Consumer
5255,2024-05-06,1,Paid Search,Consumer
5256,2023-08-21,2,Affiliate,Small Business
5257,2024-06-26,1,Paid Search,Small Business
5258,2024-01-20,1,Social,Consumer
5259,2025-01-16,1,Organic,Enterprise
5260,2025-06-06,5,Direct,Consumer
5261,2024-05-19,3,Organic,Small Business
5262,2024-06-13,3,Social,Small Business
5263,2025-01-20,5,Paid Search,Consumer
5264,2023-12-21,5,Social,Enterprise
5265,2025-07-25,4,Paid Search,Consumer
5266,2024-07-07,3,Email,Consumer
5267,2023-10-19,4,Social,Small Business
5268,2024-01-19,3,Paid Search,Consumer
5269,2025-07-29,3,Affiliate,Consumer
5270,2024-03-31,2,Paid Search,Consumer
5271,2025-01-16,2,Paid Search,Consumer
5272,2023-12-29,2,Social,Consumer
5273,2024-02-08,4,Paid Search,Small Business
5274,2025-06-06,5,Paid Search,Small Business
5275,2023-12-19,3,Direct,Small Business
5276,2023-05-06,1,Affiliate,Consumer
5277,2024-10-11,4,Email,Small Business
5278,2025-05-23,6,Organic,Consumer
5279,2024-06-07,4,Paid Search,Small Business
5280,2023-11-25,1,Affiliate,Consumer
5281,2025-10-12,1,Social,Consumer
5282,2025-01-24,4,Paid Search,Consumer
5283,2025-05-14,6,Social,Consumer
5284,2025-03-08,1,Social,Enterprise
5285,2025-02-05,5,Paid Search,Consumer
5286,2024-07-22,5,Paid Search,Small Business
5287,2024-06-06,1,Social,Consumer
5288,2025-02-15,2,Social,Consumer
5289,2025-02-15,1,Paid Search,Consumer
5290,2025-08-20,4,Organic,Enterprise
5291,2024-11-22,2,Paid Search,Consumer
5292,2024-05-12,6,Organic,Consumer
5293,2024-10-03,1,Paid Search,Enterprise
5294,2024-12-19,4,Social,Small Business
5295,2024-08-22,5,Organic,Small Business
5296,2025-04-01,2,Organic,Consumer
5297,2024-12-02,2,Paid Search,Consumer
5298,2023-03-31,5,Social,Consumer
5299,2024-11-23,1,Email,Consumer
5300,2024-12-30,3,Paid Search,Consumer
5301,2025-07-10,2,Social,Small Business
5302,2024-08-12,1,Social,Enterprise
5303,2024-11-26,3,Affiliate,Consumer
5304,2024-09-23,3,Social,Small Business
5305,2024-10-30,3,Direct,Consumer
5306,2023-08-26,5,Organic,Consumer
5307,2025-06-22,1,Organic,Small Business
5308,2025-07-05,3,Paid Search,Consumer
5309,2024-11-09,2,Organic,Consumer
5310,2024-11-15,5,Paid Search,Small Business
5311,2023-08-08,4,Social,Consumer
5312,2024-12-10,5,Paid Search,Consumer
5313,2024-08-23,1,Organic,Consumer
5314,2025-02-11,3,Email,Consumer
5315,2023-07-19,1,Direct,Consumer
5316,2025-02-12,2,Paid Search,Consumer
5317,2024-05-06,6,Affiliate,Consumer
5318,2025-01-10,5,Affiliate,Small Business
5319,2024-12-27,1,Affiliate,Small Business
5320,2024-03-12,3,Email,Consumer
5321,2024-08-31,6,Paid Search,Small Business
5322,2025-05-02,2,Affiliate,Consumer
5323,2024-12-14,5,Organic,Consumer
5324,2023-08-29,2,Email,Consumer
5325,2024-09-02,3,Paid Search,Consumer
5326,2024-05-27,6,Paid Search,Enterprise
5327,2025-01-04,5,Paid Search,Small Business
5328,2024-12-19,2,Social,Small Business
5329,2023-04-04,1,Social,Consumer
5330,2024-12-15,2,Affiliate,Consumer
5331,2025-02-25,3,Paid Search,Consumer
5332,2025-03-18,1,Paid Search,Consumer
5333,2023-08-11,6,Social,Small Business
5334,2024-05-20,1,Paid Search,Small Business
5335,2024-08-18,4,Social,Small Business
5336,2024-01-24,6,Organic,Small Business
5337,2024-08-17,3,Direct,Consumer
5338,2023-09-02,4,Paid Search,Small Business
5339,2023-11-05,1,Paid Search,Enterprise
5340,2025-01-19,5,Email,Consumer
5341,2024-04-14,6,Paid Search,Consumer
5342,2025-02-12,5,Organic,Consumer
5343,2023-07-21,1,Organic,Consumer
5344,2024-11-18,3,Affiliate,Consumer
5345,2024-07-27,5,Paid Search,Small Business
5346,2025-04-05,5,Direct,Enterprise
5347,2025-03-27,3,Direct,Small Business
5348,2024-07-15,6,Paid Search,Consumer
5349,2024-12-24,2,Social,Consumer
5350,2024-03-13,5,Social,Consumer
5351,2024-11-29,3,Paid Search,Consumer
5352,2023-09-19,5,Direct,Consumer
5353,2024-08-27,4,Paid Search,Enterprise
5354,2024-01-27,3,Paid Search,Small Business
5355,2025-06-09,5,Paid Search,Small Business
5356,2024-09-03,6,Organic,Consumer
5357,2024-12-05,5,Affiliate,Consumer
5358,2024-07-04,1,Organic,Consumer
5359,2024-05-07,3,Organic,Consumer
5360,2024-02-18,5,Paid Search,Small Business
5361,2025-07-06,6,Organic,Consumer
5362,2025-04-07,3,Social,Consumer
5363,2023-12-01,5,Social,Small Business
5364,2025-03-04,4,Organic,Consumer
5365,2024-08-16,2,Direct,Consumer
5366,2023-04-24,6,Email,Small Business
5367,2024-10-28,3,Organic,Small Business
5368,2023-11-27,4,Social,Small Business
5369,2024-02-25,2,Paid Search,Consumer
5370,2025-02-04,1,Social,Consumer
5371,2024-04-09,3,Organic,Consumer
5372,2025-06-17,5,Organic,Consumer
5373,2025-01-13,2,Organic,Consumer
5374,2025-04-30,6,Social,Consumer
5375,2024-12-20,5,Paid Search,Consumer
5376,2025-05-28,4,Paid Search,Consumer
5377,2024-07-05,5,Organic,Consumer
5378,2024-11-10,6,Direct,Consumer
5379,2024-10-20,5,Social,Small Business
5380,2025-06-28,5,Organic,Consumer
5381,2024-01-08,5,Organic,Consumer
5382,2024-11-28,6,Paid Search,Consumer
5383,2025-03-09,1,Paid Search,Consumer
5384,2024-07-11,3,Paid Search,Consumer
5385,2025-05-27,6,Direct,Consumer
5386,2024-07-14,3,Paid Search,Consumer
5387,2024-01-17,1,Organic,Consumer
5388,2024-12-01,6,Social,Consumer
5389,2024-08-17,4,Organic,Consumer
5390,2023-04-24,6,Paid Search,Consumer
5391,2023-08-31,1,Direct,Consumer
5392,2024-02-10,1,Social,Consumer
5393,2025-03-18,4,Direct,Consumer
5394,2025-06-17,2,Organic,Small Business
5395,2024-11-08,4,Social,Consumer
5396,2023-10-25,3,Email,Consumer
5397,2024-11-01,2,Organic,Consumer
5398,2025-05-17,5,Paid Search,Consumer
5399,2025-03-06,1,Organic,Consumer
5400,2024-05-09,6,Organic,Enterprise
5401,2023-11-19,1,Organic,Consumer
5402,2025-06-25,4,Email,Consumer
5403,2025-05-16,6,Organic,Small Business
5404,2023-08-01,1,Social,Consumer
5405,2025-04-23,6,Social,Consumer
5406,2023-10-13,2,Paid Search,Small Business
5407,2023-08-19,5,Organic,Consumer
5408,2025-03-12,6,Paid Search,Consumer
5409,2024-11-02,2,Paid Search,Small Business
5410,2024-08-13,3,Email,Consumer
5411,2025-06-28,6,Paid Search,Small Business
5412,2025-05-05,1,Paid Search,Consumer
5413,2023-08-09,1,Affiliate,Consumer
5414,2024-12-20,2,Organic,Consumer
5415,2025-03-20,4,Email,Small Business
5416,2024-11-11,5,Social,Consumer
5417,2025-10-14,4,Organic,Consumer
5418,2025-01-29,3,Direct,Consumer
5419,2023-10-23,6,Paid Search,Consumer
5420,2024-02-13,2,Paid Search,Consumer
5421,2025-04-25,6,Paid Search,Small Business
5422,2025-11-27,2,Affiliate,Consumer
5423,2023-10-15,2,Paid Search,Consumer
5424,2023-10-18,6,Social,Consumer
5425,2025-03-14,4,Social,Consumer
5426,2023-08-21,3,Direct,Consumer
5427,2023-08-29,2,Social,Consumer
5428,2025-06-14,3,Social,Small Business
5429,2025-04-07,5,Direct,Consumer
5430,2025-06-08,1,Paid Search,Consumer
5431,2025-01-09,2,Organic,Consumer
5432,2024-06-04,2,Paid Search,Consumer
5433,2025-07-01,3,Paid Search,Small Business
5434,2024-05-16,5,Paid Search,Small Business
5435,2024-04-26,2,Social,Consumer
5436,2025-06-12,5,Paid Search,Small Business
5437,2025-01-26,6,Email,Consumer
5438,2025-06-21,3,Social,Consumer
5439,2023-12-29,6,Social,Consumer
5440,2025-08-22,6,Organic,Small Business
5441,2024-12-18,5,Direct,Consumer
5442,2025-01-19,3,Social,Consumer
5443,2025-07-09,2,Paid Search,Small Business
5444,2024-07-19,6,Paid Search,Consumer
5445,2025-02-17,3,Affiliate,Consumer
5446,2025-01-03,1,Affiliate,Consumer
5447,2025-03-30,5,Social,Consumer
5448,2025-06-22,3,Paid Search,Consumer
5449,2025-01-26,6,Social,Consumer
5450,2023-08-27,6,Organic,Consumer
5451,2024-01-28,1,Social,Consumer
5452,2025-08-25,6,Paid Search,Small Business
5453,2025-09-16,6,Social,Small Business
5454,2025-09-14,5,Organic,Consumer
5455,2023-06-25,2,Direct,Consumer
5456,2024-07-21,5,Paid Search,Consumer
5457,2025-03-12,6,Affiliate,Small Business
5458,2025-03-08,5,Social,Small Business
5459,2023-09-26,3,Organic,Small Business
5460,2024-12-16,5,Affiliate,Small Business
5461,2023-12-13,3,Organic,Small Business
5462,2024-10-05,2,Paid Search,Consumer
5463,2024-03-24,5,Paid Search,Consumer
5464,2023-07-31,3,Email,Consumer
5465,2023-09-17,2,Organic,Consumer
5466,2025-07-05,4,Social,Small Business
5467,2025-03-03,2,Organic,Consumer
5468,2025-07-28,4,Paid Search,Consumer
5469,2024-09-20,3,Paid Search,Consumer
5470,2024-08-12,6,Affiliate,Consumer
5471,2024-07-02,6,Social,Consumer
5472,2024-12-20,3,Paid Search,Consumer
5473,2024-06-27,5,Social,Consumer
5474,2025-03-04,2,Direct,Consumer
5475,2025-04-08,6,Paid Search,Consumer
5476,2025-06-03,2,Paid Search,Consumer
5477,2024-03-27,6,Social,Consumer
5478,2024-10-27,6,Paid Search,Enterprise
5479,2024-03-09,2,Paid Search,Consumer
5480,2023-06-27,1,Paid Search,Consumer
5481,2025-02-10,5,Paid Search,Small Business
5482,2024-11-10,6,Organic,Small Business
5483,2025-02-19,5,Paid Search,Consumer
5484,2023-09-29,1,Social,Consumer
5485,2025-11-21,4,Organic,Small Business
5486,2025-11-16,3,Paid Search,Consumer
5487,2024-09-17,6,Paid Search,Small Business
5488,2025-05-26,5,Direct,Consumer
5489,2024-03-28,5,Organic,Small Business
5490,2025-02-27,3,Organic,Small Business
5491,2025-06-06,2,Social,Small Business
5492,2025-04-17,5,Direct,Enterprise
5493,2025-04-15,1,Paid Search,Consumer
5494,2024-09-15,1,Paid Search,Consumer
5495,2025-04-21,1,Email,Consumer
5496,2025-02-01,4,Paid Search,Consumer
5497,2023-11-30,1,Organic,Consumer
5498,2023-11-06,4,Paid Search,Consumer
5499,2025-03-20,2,Social,Consumer
5500,2024-12-26,6,Organic,Consumer
5501,2024-10-22,3,Organic,Small Business
5502,2025-07-02,1,Organic,Small Business
5503,2025-01-14,5,Paid Search,Consumer
5504,2024-07-31,3,Paid Search,Small Business
5505,2024-08-12,2,Organic,Consumer
5506,2024-12-14,4,Paid Search,Consumer
5507,2025-03-13,6,Organic,Small Business
5508,2024-11-19,6,Social,Consumer
5509,2024-10-16,3,Social,Consumer
5510,2025-02-21,6,Social,Enterprise
5511,2025-02-09,2,Email,Consumer
5512,2025-04-28,6,Social,Consumer
5513,2023-08-18,6,Paid Search,Consumer
5514,2025-03-09,4,Direct,Consumer
5515,2024-10-19,4,Paid Search,Consumer
5516,2023-09-08,4,Email,Small Business
5517,2025-01-25,1,Paid Search,Consumer
5518,2025-02-15,6,Social,Consumer
5519,2024-10-25,5,Social,Consumer
5520,2025-04-03,6,Paid Search,Consumer
5521,2024-05-17,1,Email,Consumer
5522,2024-02-17,5,Paid Search,Enterprise
5523,2024-06-27,3,Organic,Small Business
5524,2024-08-10,5,Email,Consumer
5525,2025-02-03,6,Organic,Consumer
5526,2025-05-10,6,Social,Small Business
5527,2025-02-17,6,Social,Consumer
5528,2024-01-18,1,Paid Search,Consumer
5529,2024-07-08,2,Affiliate,Consumer
5530,2023-12-31,2,Organic,Consumer
5531,2025-01-29,4,Organic,Enterprise
5532,2024-04-01,6,Social,Consumer
5533,2024-10-26,5,Social,Consumer
5534,2025-04-02,4,Paid Search,Consumer
5535,2025-01-21,5,Paid Search,Small Business
5536,2024-05-15,2,Social,Consumer
5537,2024-06-13,4,Paid Search,Small Business
5538,2025-01-11,4,Paid Search,Small Business
5539,2024-11-10,2,Organic,Small Business
5540,2023-10-12,4,Social,Consumer
5541,2025-06-01,6,Social,Small Business
5542,2024-10-18,5,Email,Consumer
5543,2024-09-22,6,Organic,Enterprise
5544,2024-02-13,5,Paid Search,Consumer
5545,2024-07-17,3,Email,Consumer
5546,2024-06-13,1,Social,Consumer
5547,2024-04-22,6,Social,Small Business
5548,2024-11-21,3,Affiliate,Consumer
5549,2024-09-15,4,Paid Search,Consumer
5550,2025-06-15,1,Organic,Small Business
5551,2025-08-08,6,Paid Search,Consumer
5552,2024-03-05,6,Paid Search,Consumer
5553,2023-10-18,6,Social,Consumer
5554,2025-03-28,2,Paid Search,Small Business
5555,2025-11-18,6,Paid Search,Consumer
5556,2025-05-24,4,Social,Consumer
5557,2023-05-22,1,Social,Small Business
5558,2024-04-04,4,Social,Small Business
5559,2023-07-10,3,Paid Search,Consumer
5560,2025-04-21,4,Social,Consumer
5561,2024-11-30,1,Social,Consumer
5562,2024-10-19,4,Social,Consumer
5563,2024-11-13,5,Organic,Consumer
5564,2024-04-05,5,Direct,Small Business
5565,2024-12-12,5,Paid Search,Consumer
5566,2023-06-10,4,Social,Consumer
5567,2025-01-07,5,Affiliate,Consumer
5568,2025-02-25,1,Organic,Small Business
5569,2025-01-22,5,Direct,Consumer
5570,2024-06-12,3,Organic,Consumer
5571,2025-04-25,4,Email,Consumer
5572,2025-02-14,4,Paid Search,Enterprise
5573,2023-11-25,6,Paid Search,Consumer
5574,2024-02-10,2,Organic,Consumer
5575,2025-01-01,3,Social,Small Business
5576,2024-05-08,5,Email,Consumer
5577,2023-11-13,4,Direct,Consumer
5578,2023-12-27,2,Paid Search,Consumer
5579,2024-01-09,3,Social,Consumer
5580,2024-09-25,5,Affiliate,Consumer
5581,2024-12-15,6,Affiliate,Consumer
5582,2024-01-21,1,Email,Consumer
5583,2025-02-13,3,Organic,Small Business
5584,2024-05-01,5,Direct,Small Business
5585,2024-05-26,1,Social,Consumer
5586,2024-03-09,2,Paid Search,Consumer
5587,2025-03-28,1,Paid Search,Consumer
5588,2025-09-02,4,Social,Enterprise
5589,2024-10-05,3,Email,Consumer
5590,2023-07-07,2,Social,Consumer
5591,2024-04-13,1,Organic,Small Business
5592,2023-12-31,4,Social,Consumer
5593,2025-05-07,5,Organic,Consumer
5594,2023-09-25,2,Paid Search,Consumer
5595,2025-09-13,4,Social,Small Business
5596,2024-12-04,5,Paid Search,Small Business
5597,2024-10-21,4,Social,Consumer
5598,2025-05-11,4,Social,Consumer
5599,2023-06-02,2,Organic,Small Business
5600,2025-03-23,6,Social,Consumer
5601,2023-11-10,6,Direct,Consumer
5602,2025-05-06,5,Affiliate,Small Business
5603,2024-10-29,6,Paid Search,Small Business
5604,2023-08-15,4,Paid Search,Consumer
5605,2025-04-30,4,Paid Search,Consumer
5606,2023-06-01,5,Paid Search,Small Business
5607,2023-12-08,1,Paid Search,Consumer
5608,2025-04-06,2,Affiliate,Consumer
5609,2024-09-17,2,Direct,Consumer
5610,2025-06-08,4,Paid Search,Consumer
5611,2024-12-31,2,Email,Consumer
5612,2024-12-25,3,Affiliate,Small Business
5613,2024-05-10,3,Social,Small Business
5614,2023-12-02,5,Affiliate,Consumer
5615,2025-09-04,4,Direct,Consumer
5616,2023-10-24,1,Direct,Enterprise
5617,2024-10-28,5,Email,Consumer
5618,2024-04-23,3,Social,Consumer
5619,2024-04-16,1,Paid Search,Consumer
5620,2024-12-08,4,Direct,Consumer
5621,2025-04-06,2,Paid Search,Consumer
5622,2025-03-23,3,Social,Small Business
5623,2025-05-28,6,Paid Search,Consumer
5624,2024-05-11,2,Social,Consumer
5625,2024-09-17,6,Paid Search,Small Business
5626,2023-03-30,3,Email,Consumer
5627,2025-03-04,6,Social,Consumer
5628,2024-05-19,6,Social,Small Business
5629,2024-11-18,5,Social,Consumer
5630,2024-01-13,2,Organic,Consumer
5631,2025-04-20,5,Email,Consumer
5632,2025-04-19,3,Affiliate,Consumer
5633,2025-06-04,6,Affiliate,Consumer
5634,2023-07-16,6,Social,Enterprise
5635,2025-11-09,4,Affiliate,Consumer
5636,2024-04-01,6,Social,Consumer
5637,2024-05-25,4,Organic,Small Business
5638,2024-04-02,1,Organic,Consumer
5639,2024-04-19,6,Social,Small Business
5640,2024-11-12,4,Social,Small Business
5641,2024-03-25,1,Organic,Consumer
5642,2024-07-29,1,Social,Consumer
5643,2025-01-12,5,Email,Consumer
5644,2025-05-02,6,Social,Small Business
5645,2025-02-02,5,Organic,Consumer
5646,2024-12-07,3,Affiliate,Small Business
5647,2023-12-19,2,Paid Search,Small Business
5648,2025-04-18,3,Paid Search,Consumer
5649,2023-06-27,2,Organic,Enterprise
5650,2024-04-16,2,Paid Search,Consumer
5651,2023-08-08,1,Paid Search,Consumer
5652,2025-01-19,4,Email,Consumer
5653,2024-07-10,2,Paid Search,Consumer
5654,2025-01-10,1,Organic,Consumer
5655,2024-06-24,2,Paid Search,Consumer
5656,2024-09-11,5,Paid Search,Consumer
5657,2024-09-12,4,Social,Enterprise
5658,2023-07-15,3,Direct,Small Business
5659,2024-08-24,4,Organic,Consumer
5660,2025-01-04,4,Social,Enterprise
5661,2024-11-08,3,Social,Small Business
5662,2023-09-09,6,Organic,Small Business
5663,2025-01-19,5,Organic,Consumer
5664,2024-05-24,2,Paid Search,Consumer
5665,2023-04-21,5,Paid Search,Consumer
5666,2023-12-28,2,Social,Consumer
5667,2024-10-08,1,Organic,Consumer
5668,2024-05-25,3,Email,Consumer
5669,2025-02-03,3,Organic,Consumer
5670,2024-03-25,5,Organic,Consumer
5671,2025-03-20,5,Social,Consumer
5672,2024-05-05,1,Organic,Consumer
5673,2024-12-23,3,Organic,Consumer
5674,2025-04-07,5,Paid Search,Small Business
5675,2024-07-23,5,Direct,Small Business
5676,2023-07-18,4,Social,Small Business
5677,2024-11-01,4,Organic,Small Business
5678,2025-11-21,4,Organic,Consumer
5679,2025-09-17,2,Affiliate,Consumer
5680,2024-03-07,4,Paid Search,Consumer
5681,2025-03-10,5,Affiliate,Small Business
5682,2024-06-22,1,Paid Search,Consumer
5683,2024-01-03,5,Paid Search,Consumer
5684,2025-01-18,2,Affiliate,Small Business
5685,2024-10-10,1,Paid Search,Consumer
5686,2024-11-04,5,Organic,Consumer
5687,2025-04-26,3,Social,Small Business
5688,2024-06-15,3,Direct,Consumer
5689,2025-01-18,4,Email,Small Business
5690,2024-07-08,4,Social,Consumer
5691,2023-07-09,4,Email,Consumer
5692,2024-07-17,6,Paid Search,Consumer
5693,2025-08-19,4,Organic,Consumer
5694,2024-09-29,1,Email,Consumer
5695,2023-10-29,2,Organic,Consumer
5696,2025-01-30,3,Organic,Consumer
5697,2025-09-08,3,Affiliate,Consumer
5698,2025-07-02,3,Organic,Consumer
5699,2024-11-24,2,Direct,Consumer
5700,2024-07-16,1,Paid Search,Consumer
5701,2024-11-29,1,Social,Consumer
5702,2025-04-18,6,Email,Consumer
5703,2025-05-22,3,Social,Enterprise
5704,2025-04-20,6,Social,Consumer
5705,2024-09-10,3,Email,Small Business
5706,2023-11-13,2,Social,Consumer
5707,2024-11-22,3,Paid Search,Consumer
5708,2023-12-29,6,Paid Search,Consumer
5709,2023-08-15,4,Social,Consumer
5710,2024-10-09,1,Social,Small Business
5711,2025-01-12,2,Paid Search,Small Business
5712,2025-05-16,6,Affiliate,Consumer
5713,2025-03-27,1,Paid Search,Consumer
5714,2025-05-19,6,Email,Small Business
5715,2025-03-12,6,Direct,Consumer
5716,2025-02-07,2,Social,Consumer
5717,2023-04-03,4,Direct,Consumer
5718,2024-12-26,4,Paid Search,Consumer
5719,2023-11-15,5,Organic,Consumer
5720,2023-08-11,5,Direct,Consumer
5721,2023-12-29,1,Email,Consumer
5722,2025-04-23,2,Paid Search,Consumer
5723,2025-03-03,6,Paid Search,Consumer
5724,2025-08-18,3,Paid Search,Consumer
5725,2025-10-05,2,Direct,Consumer
5726,2025-06-18,4,Paid Search,Consumer
5727,2023-12-01,2,Social,Consumer
5728,2025-06-05,1,Social,Consumer
5729,2025-05-04,5,Social,Consumer
5730,2025-05-30,1,Social,Consumer
5731,2023-12-24,6,Social,Consumer
5732,2023-11-10,2,Organic,Consumer
5733,2025-07-19,1,Social,Consumer
5734,2024-01-18,5,Social,Consumer
5735,2024-07-10,2,Social,Consumer
5736,2024-09-11,3,Social,Consumer
5737,2023-11-20,3,Email,Consumer
5738,2023-05-12,4,Social,Enterprise
5739,2025-11-15,3,Social,Consumer
5740,2025-06-04,2,Paid Search,Consumer
5741,2025-07-07,2,Paid Search,Consumer
5742,2024-05-04,2,Email,Small Business
5743,2024-03-06,1,Affiliate,Consumer
5744,2024-08-21,4,Paid Search,Consumer
5745,2024-09-09,3,Social,Consumer
5746,2023-03-10,1,Social,Consumer
5747,2025-03-24,2,Organic,Small Business
5748,2025-11-27,5,Paid Search,Consumer
5749,2024-10-28,2,Direct,Small Business
5750,2024-07-25,3,Paid Search,Enterprise
5751,2024-07-28,5,Direct,Consumer
5752,2023-10-12,5,Paid Search,Small Business
5753,2024-04-18,5,Social,Consumer
5754,2024-10-11,3,Paid Search,Consumer
5755,2024-08-25,3,Paid Search,Consumer
5756,2024-11-07,6,Direct,Consumer
5757,2025-05-12,6,Social,Consumer
5758,2024-03-11,1,Paid Search,Consumer
5759,2023-06-02,6,Direct,Consumer
5760,2023-06-29,6,Paid Search,Consumer
5761,2023-12-02,6,Paid Search,Consumer
5762,2024-11-23,2,Paid Search,Consumer
5763,2025-04-13,4,Social,Consumer
5764,2025-06-13,1,Affiliate,Consumer
5765,2024-12-31,1,Paid Search,Consumer
5766,2024-08-05,4,Email,Enterprise
5767,2023-12-27,2,Paid Search,Enterprise
5768,2024-08-03,2,Paid Search,Consumer
5769,2024-06-12,2,Organic,Consumer
5770,2025-05-29,3,Email,Consumer
5771,2024-10-01,1,Organic,Consumer
5772,2024-03-12,5,Paid Search,Consumer
5773,2024-05-07,5,Paid Search,Enterprise
5774,2023-12-05,5,Email,Consumer
5775,2025-07-13,6,Organic,Consumer
5776,2023-07-25,4,Social,Consumer
5777,2023-04-14,3,Paid Search,Small Business
5778,2024-01-28,6,Email,Small Business
5779,2025-04-14,4,Paid Search,Consumer
5780,2024-10-25,3,Organic,Consumer
5781,2024-12-26,3,Organic,Small Business
5782,2024-07-02,1,Paid Search,Consumer
5783,2023-08-29,6,Social,Consumer
5784,2025-05-18,5,Social,Consumer
5785,2024-02-06,5,Organic,Small Business
5786,2023-06-16,2,Affiliate,Consumer
5787,2024-11-24,6,Organic,Consumer
5788,2023-09-22,2,Paid Search,Consumer
5789,2023-10-11,2,Social,Consumer
5790,2025-04-07,1,Organic,Consumer
5791,2024-10-04,2,Social,Consumer
5792,2024-03-26,2,Email,Consumer
5793,2024-06-25,5,Paid Search,Consumer
5794,2025-02-22,2,Paid Search,Consumer
5795,2023-08-25,6,Paid Search,Consumer
5796,2023-11-09,2,Affiliate,Consumer
5797,2024-12-20,4,Organic,Consumer
5798,2024-12-15,4,Social,Enterprise
5799,2025-09-23,5,Social,Consumer
5800,2024-07-15,5,Affiliate,Consumer
5801,2023-08-22,6,Affiliate,Consumer
5802,2024-11-03,6,Social,Consumer
5803,2025-01-02,1,Email,Consumer
5804,2023-12-09,1,Affiliate,Small Business
5805,2024-11-12,3,Social,Consumer
5806,2024-02-12,1,Social,Consumer
5807,2025-05-09,3,Organic,Consumer
5808,2025-05-02,4,Social,Consumer
5809,2024-08-24,2,Email,Consumer
5810,2025-09-13,1,Social,Consumer
5811,2025-10-07,6,Paid Search,Consumer
5812,2023-11-26,3,Social,Consumer
5813,2024-07-10,6,Organic,Consumer
5814,2024-12-11,4,Paid Search,Small Business
5815,2023-09-25,4,Social,Consumer
5816,2024-07-21,5,Paid Search,Small Business
5817,2024-04-13,2,Affiliate,Consumer
5818,2025-08-22,2,Paid Search,Small Business
5819,2024-08-11,6,Paid Search,Consumer
5820,2025-03-14,5,Email,Small Business
5821,2024-07-24,2,Paid Search,Consumer
5822,2023-11-29,4,Organic,Consumer
5823,2025-05-23,3,Social,Consumer
5824,2023-01-19,6,Affiliate,Small Business
5825,2023-08-05,4,Paid Search,Consumer
5826,2024-07-07,2,Paid Search,Small Business
5827,2025-01-29,5,Paid Search,Small Business
5828,2024-06-20,5,Direct,Consumer
5829,2023-08-25,3,Affiliate,Small Business
5830,2024-05-31,5,Paid Search,Consumer
5831,2024-03-29,2,Paid Search,Consumer
5832,2023-03-09,2,Paid Search,Consumer
5833,2024-11-01,5,Paid Search,Small Business
5834,2023-11-10,4,Paid Search,Consumer
5835,2024-05-06,1,Affiliate,Consumer
5836,2025-01-04,5,Paid Search,Consumer
5837,2025-02-20,2,Affiliate,Small Business
5838,2024-04-15,2,Paid Search,Consumer
5839,2024-06-10,3,Affiliate,Consumer
5840,2024-03-31,3,Social,Consumer
5841,2025-08-29,6,Paid Search,Consumer
5842,2024-02-05,3,Email,Consumer
5843,2024-01-28,2,Paid Search,Small Business
5844,2024-09-03,5,Affiliate,Consumer
5845,2024-02-03,4,Email,Consumer
5846,2023-12-29,1,Direct,Small Business
5847,2023-10-11,4,Affiliate,Consumer
5848,2025-01-03,4,Paid Search,Small Business
5849,2024-12-18,4,Social,Consumer
5850,2025-01-09,2,Organic,Consumer
5851,2025-03-21,3,Social,Consumer
5852,2024-06-07,4,Organic,Small Business
5853,2025-07-13,5,Paid Search,Consumer
5854,2025-02-24,5,Organic,Consumer
5855,2025-04-10,6,Social,Consumer
5856,2025-02-17,4,Paid Search,Small Business
5857,2024-07-03,3,Direct,Consumer
5858,2024-05-02,4,Affiliate,Consumer
5859,2024-08-19,2,Social,Consumer
5860,2023-10-13,2,Paid Search,Consumer
5861,2024-09-08,5,Email,Consumer
5862,2023-07-10,2,Paid Search,Small Business
5863,2023-02-27,5,Organic,Consumer
5864,2025-07-27,5,Email,Consumer
5865,2025-01-31,6,Paid Search,Small Business
5866,2024-11-18,1,Paid Search,Enterprise
5867,2024-06-19,3,Paid Search,Small Business
5868,2024-11-23,5,Social,Small Business
5869,2025-06-17,3,Organic,Enterprise
5870,2025-01-10,4,Paid Search,Consumer
5871,2024-12-12,5,Direct,Small Business
5872,2024-09-14,6,Email,Consumer
5873,2024-06-23,2,Paid Search,Consumer
5874,2025-02-05,2,Social,Consumer
5875,2025-10-10,3,Social,Consumer
5876,2024-08-20,4,Social,Small Business
5877,2024-07-28,6,Organic,Small Business
5878,2024-08-22,1,Paid Search,Consumer
5879,2024-08-21,2,Paid Search,Small Business
5880,2025-11-03,6,Paid Search,Small Business
5881,2025-02-09,4,Paid Search,Consumer
5882,2024-07-03,5,Organic,Small Business
5883,2024-07-12,2,Direct,Consumer
5884,2024-08-24,4,Organic,Consumer
5885,2023-06-25,3,Direct,Consumer
5886,2024-10-28,5,Organic,Small Business
5887,2025-04-15,1,Paid Search,Consumer
5888,2025-01-15,2,Affiliate,Consumer
5889,2024-02-13,4,Paid Search,Consumer
5890,2025-02-21,4,Paid Search,Small Business
5891,2025-02-17,6,Direct,Small Business
5892,2024-04-14,5,Organic,Consumer
5893,2024-12-24,1,Direct,Small Business
5894,2024-12-17,1,Paid Search,Consumer
5895,2025-05-05,3,Email,Consumer
5896,2023-12-05,6,Paid Search,Consumer
5897,2024-02-09,3,Social,Consumer
5898,2024-10-01,6,Affiliate,Consumer
5899,2023-07-12,1,Social,Consumer
5900,2024-08-14,6,Organic,Consumer
5901,2025-03-30,1,Affiliate,Enterprise
5902,2023-12-20,5,Affiliate,Small Business
5903,2024-09-13,6,Paid Search,Consumer
5904,2025-11-01,2,Paid Search,Small Business
5905,2024-10-14,2,Affiliate,Enterprise
5906,2024-10-09,4,Organic,Consumer
5907,2024-11-16,5,Social,Consumer
5908,2024-01-31,1,Paid Search,Consumer
5909,2023-12-18,2,Paid Search,Small Business
5910,2025-01-24,5,Direct,Consumer
5911,2024-07-30,5,Social,Small Business
5912,2024-05-08,1,Email,Consumer
5913,2023-06-12,6,Paid Search,Consumer
5914,2025-05-10,6,Paid Search,Small Business
5915,2023-06-14,6,Organic,Consumer
5916,2025-03-06,2,Affiliate,Small Business
5917,2024-07-20,5,Paid Search,Consumer
5918,2024-12-10,1,Social,Consumer
5919,2024-04-01,2,Organic,Small Business
5920,2023-12-28,1,Paid Search,Consumer
5921,2024-10-31,3,Social,Consumer
5922,2025-02-03,5,Organic,Consumer
5923,2024-02-10,2,Paid Search,Consumer
5924,2024-08-28,2,Organic,Consumer
5925,2024-09-03,2,Paid Search,Consumer
5926,2024-03-02,2,Organic,Consumer
5927,2024-11-20,5,Email,Consumer
5928,2023-12-17,2,Affiliate,Small Business
5929,2024-10-16,2,Organic,Consumer
5930,2023-11-05,2,Organic,Consumer
5931,2024-09-30,2,Social,Consumer
5932,2024-05-26,6,Social,Small Business
5933,2024-09-08,2,Paid Search,Consumer
5934,2024-08-26,3,Organic,Consumer
5935,2025-07-02,4,Paid Search,Small Business
5936,2024-10-03,2,Social,Small Business
5937,2025-04-20,3,Social,Small Business
5938,2024-03-11,2,Organic,Consumer
5939,2024-06-28,3,Social,Consumer
5940,2023-09-09,1,Social,Consumer
5941,2024-08-17,3,Organic,Consumer
5942,2025-01-19,3,Direct,Consumer
5943,2025-05-04,3,Organic,Consumer
5944,2024-11-20,1,Paid Search,Consumer
5945,2025-01-03,6,Affiliate,Consumer
5946,2024-01-22,1,Paid Search,Small Business
5947,2023-06-26,1,Paid Search,Consumer
5948,2025-04-02,1,Paid Search,Small Business
5949,2024-01-10,6,Social,Consumer
5950,2023-10-04,2,Organic,Consumer
5951,2025-08-03,3,Social,Enterprise
5952,2025-09-08,5,Email,Consumer
5953,2024-12-20,1,Organic,Small Business
5954,2024-07-18,1,Paid Search,Small Business
5955,2025-04-30,2,Social,Enterprise
5956,2024-02-19,5,Email,Consumer
5957,2024-08-23,6,Social,Consumer
5958,2024-07-01,4,Social,Consumer
5959,2025-07-07,6,Social,Small Business
5960,2025-07-14,6,Organic,Consumer
5961,2025-01-09,2,Social,Consumer
5962,2023-11-02,2,Affiliate,Enterprise
5963,2024-09-28,1,Paid Search,Consumer
5964,2024-03-30,5,Paid Search,Consumer
5965,2025-06-11,5,Email,Small Business
5966,2023-12-08,6,Affiliate,Consumer
5967,2023-08-02,4,Organic,Consumer
5968,2025-02-08,6,Social,Consumer
5969,2024-09-09,6,Direct,Consumer
5970,2025-05-04,5,Social,Consumer
5971,2023-09-08,5,Social,Small Business
5972,2025-04-08,1,Organic,Consumer
5973,2023-06-27,5,Social,Consumer
5974,2023-06-03,6,Organic,Enterprise
5975,2024-09-14,2,Direct,Small Business
5976,2024-03-07,5,Paid Search,Consumer
5977,2024-12-07,3,Paid Search,Enterprise
5978,2023-05-28,2,Social,Consumer
5979,2023-06-22,5,Social,Consumer
5980,2025-02-21,1,Organic,Small Business
5981,2024-02-25,3,Direct,Consumer
5982,2025-01-12,6,Organic,Consumer
5983,2025-03-06,1,Direct,Small Business
5984,2023-08-12,1,Paid Search,Consumer
5985,2025-03-18,6,Paid Search,Consumer
5986,2024-04-20,5,Social,Small Business
5987,2024-07-26,3,Email,Consumer
5988,2023-09-27,3,Paid Search,Consumer
5989,2025-05-04,6,Paid Search,Consumer
5990,2024-11-17,5,Social,Consumer
5991,2024-10-13,6,Social,Consumer
5992,2025-09-16,1,Organic,Small Business
5993,2024-06-14,4,Affiliate,Consumer
5994,2025-06-16,5,Paid Search,Consumer
5995,2025-02-17,1,Organic,Consumer
5996,2025-07-24,4,Paid Search,Consumer
5997,2025-07-02,1,Paid Search,Enterprise
5998,2025-11-05,6,Social,Consumer
5999,2023-11-29,5,Organic,Consumer
6000,2025-04-04,2,Organic,Enterprise
6001,2025-04-10,4,Organic,Consumer
6002,2025-01-06,1,Email,Consumer
6003,2024-04-29,5,Paid Search,Consumer
6004,2025-09-10,2,Email,Consumer
6005,2024-02-19,4,Organic,Consumer
6006,2024-10-10,1,Paid Search,Consumer
6007,2024-10-24,1,Social,Small Business
6008,2024-01-04,6,Paid Search,Consumer
6009,2025-02-18,3,Paid Search,Consumer
6010,2023-10-01,1,Paid Search,Consumer
6011,2025-02-02,5,Paid Search,Small Business
6012,2025-05-12,2,Affiliate,Small Business
6013,2024-06-26,4,Affiliate,Consumer
6014,2025-02-11,5,Organic,Consumer
6015,2023-12-30,5,Email,Consumer
6016,2025-05-10,2,Direct,Small Business
6017,2025-08-22,2,Social,Small Business
6018,2023-12-25,2,Social,Consumer
6019,2025-02-01,4,Organic,Consumer
6020,2024-10-14,5,Direct,Small Business
6021,2024-10-30,4,Email,Small Business
6022,2025-02-09,3,Paid Search,Consumer
6023,2024-10-03,1,Organic,Consumer
6024,2024-12-11,6,Paid Search,Consumer
6025,2024-03-16,4,Paid Search,Consumer
6026,2024-07-18,4,Organic,Small Business
6027,2025-05-25,1,Organic,Consumer
6028,2023-10-31,2,Paid Search,Small Business
6029,2024-12-09,2,Social,Consumer
6030,2024-01-29,4,Organic,Consumer
6031,2025-05-10,5,Paid Search,Consumer
6032,2024-11-28,6,Affiliate,Consumer
6033,2024-08-05,4,Social,Consumer
6034,2024-04-03,3,Organic,Consumer
6035,2024-08-29,3,Paid Search,Small Business
6036,2025-08-30,5,Direct,Enterprise
6037,2024-10-16,2,Affiliate,Consumer
6038,2024-09-20,3,Paid Search,Consumer
6039,2025-03-04,5,Organic,Small Business
6040,2024-07-18,4,Email,Consumer
6041,2024-08-22,3,Paid Search,Consumer
6042,2024-06-16,5,Organic,Small Business
6043,2023-12-23,2,Affiliate,Consumer
6044,2025-02-13,1,Social,Consumer
6045,2025-06-01,5,Direct,Consumer
6046,2025-06-30,3,Paid Search,Consumer
6047,2025-06-07,2,Affiliate,Consumer
6048,2024-09-08,1,Direct,Consumer
6049,2024-05-03,6,Paid Search,Consumer
6050,2025-01-02,5,Social,Consumer
6051,2025-08-26,2,Organic,Consumer
6052,2025-02-21,4,Affiliate,Small Business
6053,2024-10-07,3,Paid Search,Small Business
6054,2025-01-31,2,Social,Small Business
6055,2025-03-20,2,Email,Consumer
6056,2025-07-14,1,Social,Consumer
6057,2025-03-14,6,Organic,Consumer
6058,2024-08-26,6,Organic,Consumer
6059,2024-04-24,6,Direct,Consumer
6060,2024-10-10,2,Paid Search,Consumer
6061,2024-06-09,6,Direct,Consumer
6062,2025-08-10,2,Organic,Consumer
6063,2024-10-15,5,Affiliate,Small Business
6064,2024-09-22,1,Paid Search,Consumer
6065,2024-06-25,2,Organic,Small Business
6066,2025-01-03,4,Affiliate,Enterprise
6067,2024-10-23,6,Email,Small Business
6068,2023-11-26,2,Paid Search,Small Business
6069,2025-05-28,3,Social,Small Business
6070,2024-07-03,6,Paid Search,Consumer
6071,2024-08-26,3,Paid Search,Small Business
6072,2024-02-20,5,Organic,Consumer
6073,2024-11-13,3,Direct,Enterprise
6074,2025-02-07,1,Organic,Consumer
6075,2025-06-08,2,Paid Search,Consumer
6076,2023-07-28,4,Paid Search,Small Business
6077,2025-09-24,1,Social,Small Business
6078,2025-02-08,2,Paid Search,Consumer
6079,2024-05-03,6,Affiliate,Consumer
6080,2024-02-19,1,Paid Search,Consumer
6081,2024-05-13,2,Paid Search,Consumer
6082,2025-06-03,4,Email,Enterprise
6083,2024-05-09,4,Paid Search,Consumer
6084,2024-09-15,2,Social,Small Business
6085,2025-02-09,1,Social,Consumer
6086,2025-05-31,6,Paid Search,Consumer
6087,2025-01-14,4,Organic,Consumer
6088,2025-03-08,4,Social,Consumer
6089,2024-01-17,1,Organic,Small Business
6090,2025-06-04,2,Paid Search,Consumer
6091,2024-04-26,1,Social,Consumer
6092,2023-11-25,6,Organic,Consumer
6093,2025-09-30,5,Paid Search,Enterprise
6094,2024-02-16,4,Paid Search,Consumer
6095,2023-12-05,5,Paid Search,Consumer
6096,2024-12-26,1,Paid Search,Consumer
6097,2024-06-01,6,Paid Search,Consumer
6098,2023-12-01,4,Direct,Consumer
6099,2024-12-11,4,Social,Consumer
6100,2025-03-12,6,Social,Consumer
6101,2025-04-03,1,Paid Search,Consumer
6102,2023-12-28,3,Paid Search,Consumer
6103,2024-11-15,1,Email,Consumer
6104,2025-04-16,3,Email,Consumer
6105,2024-01-04,2,Direct,Consumer
6106,2024-02-22,3,Paid Search,Small Business
6107,2023-02-15,5,Paid Search,Consumer
6108,2024-10-26,2,Organic,Consumer
6109,2024-02-09,1,Social,Consumer
6110,2025-02-19,1,Paid Search,Consumer
6111,2025-09-06,5,Social,Small Business
6112,2024-02-23,4,Paid Search,Consumer
6113,2025-01-08,6,Affiliate,Small Business
6114,2024-02-27,6,Affiliate,Consumer
6115,2023-05-04,1,Organic,Consumer
6116,2025-03-12,5,Social,Small Business
6117,2024-08-27,1,Email,Consumer
6118,2025-08-15,1,Organic,Consumer
6119,2024-11-01,5,Email,Consumer
6120,2023-12-30,3,Social,Consumer
6121,2024-09-06,6,Direct,Small Business
6122,2024-02-18,1,Paid Search,Consumer
6123,2025-06-05,4,Organic,Small Business
6124,2025-02-01,2,Email,Enterprise
6125,2024-06-19,6,Affiliate,Consumer
6126,2024-10-28,5,Direct,Small Business
6127,2025-01-20,5,Social,Consumer
6128,2025-03-27,2,Organic,Enterprise
6129,2023-09-17,6,Paid Search,Consumer
6130,2023-05-18,6,Organic,Consumer
6131,2023-11-07,5,Paid Search,Consumer
6132,2024-07-30,3,Social,Consumer
6133,2024-09-18,6,Direct,Small Business
6134,2023-12-05,5,Email,Consumer
6135,2024-08-10,1,Social,Consumer
6136,2024-09-01,6,Paid Search,Small Business
6137,2023-10-30,1,Social,Consumer
6138,2025-07-11,5,Paid Search,Consumer
6139,2024-12-10,2,Paid Search,Enterprise
6140,2024-07-25,6,Affiliate,Consumer
6141,2024-10-14,5,Social,Consumer
6142,2024-05-28,5,Paid Search,Consumer
6143,2025-05-16,5,Organic,Consumer
6144,2024-11-26,4,Paid Search,Consumer
6145,2024-10-07,6,Social,Consumer
6146,2025-07-05,2,Paid Search,Consumer
6147,2025-05-04,4,Paid Search,Consumer
6148,2025-04-16,2,Social,Small Business
6149,2024-03-11,1,Organic,Consumer
6150,2023-12-25,6,Social,Consumer
6151,2025-01-31,3,Affiliate,Consumer
6152,2024-09-19,1,Affiliate,Small Business
6153,2025-01-28,5,Email,Consumer
6154,2025-03-13,6,Direct,Small Business
6155,2024-05-13,4,Direct,Consumer
6156,2024-05-04,2,Affiliate,Consumer
6157,2024-10-04,6,Paid Search,Consumer
6158,2024-04-24,5,Paid Search,Consumer
6159,2025-01-19,2,Email,Consumer
6160,2025-03-04,2,Affiliate,Consumer
6161,2024-09-22,6,Affiliate,Consumer
6162,2025-02-19,6,Organic,Small Business
6163,2024-10-17,5,Affiliate,Consumer
6164,2025-02-13,1,Organic,Small Business
6165,2024-03-10,2,Organic,Small Business
6166,2025-02-28,3,Paid Search,Consumer
6167,2025-02-14,4,Social,Consumer
6168,2024-04-18,6,Paid Search,Consumer
6169,2024-11-14,6,Paid Search,Consumer
6170,2025-05-17,2,Organic,Consumer
6171,2024-04-03,1,Paid Search,Consumer
6172,2025-02-26,2,Affiliate,Consumer
6173,2025-08-25,2,Social,Consumer
6174,2025-05-26,6,Organic,Small Business
6175,2024-08-04,1,Paid Search,Consumer
6176,2024-12-15,5,Affiliate,Consumer
6177,2025-11-07,4,Social,Consumer
6178,2024-11-22,1,Organic,Small Business
6179,2023-11-08,5,Organic,Small Business
6180,2023-07-15,4,Social,Consumer
6181,2025-04-01,1,Organic,Small Business
6182,2024-08-19,2,Email,Consumer
6183,2024-03-31,3,Email,Consumer
6184,2024-06-24,2,Social,Consumer
6185,2025-03-11,4,Direct,Small Business
6186,2024-09-17,4,Social,Consumer
6187,2025-05-28,2,Paid Search,Consumer
6188,2025-02-25,1,Social,Consumer
6189,2025-09-26,4,Social,Small Business
6190,2025-06-14,3,Social,Enterprise
6191,2024-04-07,2,Affiliate,Consumer
6192,2025-01-14,2,Organic,Consumer
6193,2023-05-12,1,Direct,Consumer
6194,2025-11-05,6,Paid Search,Enterprise
6195,2024-04-13,6,Organic,Consumer
6196,2025-01-17,4,Paid Search,Consumer
6197,2025-05-12,3,Social,Consumer
6198,2024-01-03,2,Social,Consumer
6199,2025-05-11,2,Organic,Consumer
6200,2023-04-12,6,Email,Consumer
6201,2024-09-01,1,Paid Search,Small Business
6202,2024-09-22,5,Paid Search,Small Business
6203,2024-07-14,2,Social,Consumer
6204,2024-12-03,2,Paid Search,Consumer
6205,2025-07-09,5,Organic,Consumer
6206,2024-06-08,6,Social,Consumer
6207,2024-11-28,6,Affiliate,Consumer
6208,2025-06-04,2,Direct,Consumer
6209,2025-03-20,4,Social,Consumer
6210,2023-07-05,2,Affiliate,Enterprise
6211,2025-08-10,2,Email,Consumer
6212,2023-07-18,3,Paid Search,Consumer
6213,2024-12-04,1,Affiliate,Consumer
6214,2024-11-26,1,Social,Small Business
6215,2025-03-29,4,Organic,Consumer
6216,2023-12-20,5,Organic,Consumer
6217,2024-01-24,2,Affiliate,Consumer
6218,2025-03-08,4,Email,Consumer
6219,2023-12-21,5,Affiliate,Consumer
6220,2024-09-20,6,Social,Consumer
6221,2025-02-24,4,Direct,Consumer
6222,2025-01-09,2,Organic,Consumer
6223,2024-02-25,5,Email,Consumer
6224,2024-05-20,2,Affiliate,Consumer
6225,2025-09-17,1,Paid Search,Enterprise
6226,2024-09-06,3,Social,Consumer
6227,2023-07-13,2,Affiliate,Small Business
6228,2024-03-05,1,Direct,Consumer
6229,2024-06-20,1,Email,Consumer
6230,2025-12-18,6,Social,Consumer
6231,2024-05-19,5,Paid Search,Enterprise
6232,2023-05-29,5,Social,Consumer
6233,2024-10-18,1,Social,Consumer
6234,2023-09-23,5,Affiliate,Consumer
6235,2024-04-25,3,Organic,Consumer
6236,2025-11-09,5,Social,Consumer
6237,2025-02-08,3,Social,Consumer
6238,2023-07-26,2,Direct,Consumer
6239,2024-09-06,2,Organic,Consumer
6240,2024-01-15,1,Paid Search,Consumer
6241,2023-11-18,5,Social,Small Business
6242,2024-12-03,3,Social,Consumer
6243,2024-10-14,5,Social,Consumer
6244,2025-03-02,5,Email,Consumer
6245,2025-06-17,2,Paid Search,Consumer
6246,2024-03-31,2,Social,Small Business
6247,2025-07-18,1,Social,Enterprise
6248,2024-10-21,1,Social,Consumer
6249,2024-04-11,6,Organic,Consumer
6250,2025-05-10,4,Organic,Consumer
6251,2023-06-22,3,Paid Search,Consumer
6252,2024-11-16,2,Paid Search,Consumer
6253,2025-02-18,4,Email,Small Business
6254,2024-04-30,4,Affiliate,Consumer
6255,2025-05-24,2,Paid Search,Consumer
6256,2024-03-25,1,Paid Search,Enterprise
6257,2025-05-05,3,Direct,Consumer
6258,2023-09-14,4,Paid Search,Consumer
6259,2024-01-02,5,Direct,Consumer
6260,2024-07-19,3,Affiliate,Consumer
6261,2025-05-16,1,Paid Search,Consumer
6262,2023-12-15,6,Paid Search,Consumer
6263,2025-06-03,3,Direct,Consumer
6264,2024-03-15,5,Paid Search,Small Business
6265,2024-09-08,1,Social,Consumer
6266,2024-06-28,1,Paid Search,Consumer
6267,2023-11-12,1,Organic,Consumer
6268,2025-08-12,5,Affiliate,Consumer
6269,2024-08-29,2,Organic,Consumer
6270,2025-01-31,5,Paid Search,Consumer
6271,2024-11-26,6,Organic,Consumer
6272,2024-10-11,4,Organic,Consumer
6273,2024-12-21,6,Paid Search,Consumer
6274,2025-06-23,6,Email,Consumer
6275,2025-02-05,5,Organic,Small Business
6276,2024-10-31,5,Paid Search,Consumer
6277,2025-01-06,4,Direct,Small Business
6278,2024-12-15,2,Social,Consumer
6279,2024-08-26,1,Paid Search,Consumer
6280,2024-12-25,3,Paid Search,Consumer
6281,2024-09-02,3,Social,Consumer
6282,2025-03-11,3,Social,Consumer
6283,2025-09-17,1,Paid Search,Consumer
6284,2025-09-02,4,Email,Consumer
6285,2025-04-21,3,Organic,Consumer
6286,2024-12-12,6,Paid Search,Consumer
6287,2025-03-06,6,Organic,Consumer
6288,2024-01-22,4,Email,Consumer
6289,2024-09-26,6,Social,Consumer
6290,2024-04-10,2,Direct,Consumer
6291,2023-02-24,6,Paid Search,Consumer
6292,2025-09-13,6,Paid Search,Consumer
6293,2025-05-24,1,Paid Search,Consumer
6294,2024-10-19,5,Social,Consumer
6295,2024-04-07,3,Social,Small Business
6296,2025-02-02,2,Paid Search,Consumer
6297,2024-08-27,3,Organic,Consumer
6298,2025-04-09,6,Affiliate,Consumer
6299,2025-12-18,6,Email,Small Business
6300,2024-06-25,3,Organic,Small Business
6301,2024-03-29,3,Organic,Consumer
6302,2024-04-19,4,Email,Enterprise
6303,2023-10-08,5,Social,Consumer
6304,2024-07-29,3,Social,Enterprise
6305,2023-05-02,3,Social,Consumer
6306,2023-11-07,6,Paid Search,Consumer
6307,2024-04-22,3,Organic,Consumer
6308,2024-01-02,2,Social,Consumer
6309,2025-02-24,2,Paid Search,Consumer
6310,2023-10-25,2,Paid Search,Consumer
6311,2025-05-26,4,Email,Consumer
6312,2024-03-07,4,Paid Search,Consumer
6313,2023-10-30,1,Social,Enterprise
6314,2023-04-03,6,Paid Search,Enterprise
6315,2025-02-14,2,Paid Search,Consumer
6316,2024-04-09,1,Email,Consumer
6317,2024-10-16,5,Paid Search,Consumer
6318,2023-11-03,2,Paid Search,Consumer
6319,2025-10-20,5,Direct,Enterprise
6320,2023-11-21,6,Social,Small Business
6321,2024-08-11,5,Organic,Consumer
6322,2025-05-14,5,Organic,Consumer
6323,2024-03-29,3,Paid Search,Small Business
6324,2024-04-18,3,Social,Enterprise
6325,2025-04-13,4,Social,Enterprise
6326,2024-04-24,3,Paid Search,Consumer
6327,2023-02-19,6,Paid Search,Consumer
6328,2024-08-22,3,Organic,Enterprise
6329,2023-04-13,3,Paid Search,Consumer
6330,2025-07-04,5,Paid Search,Consumer
6331,2025-01-04,2,Organic,Consumer
6332,2024-12-01,4,Social,Consumer
6333,2024-02-16,5,Organic,Small Business
6334,2025-02-06,5,Paid Search,Enterprise
6335,2025-01-24,2,Organic,Enterprise
6336,2023-08-14,1,Affiliate,Consumer
6337,2025-06-07,2,Social,Enterprise
6338,2024-11-28,5,Affiliate,Consumer
6339,2025-04-02,2,Social,Consumer
6340,2024-04-15,1,Paid Search,Consumer
6341,2023-11-17,4,Social,Small Business
6342,2025-02-07,6,Social,Small Business
6343,2025-04-03,2,Affiliate,Small Business
6344,2024-07-23,1,Social,Small Business
6345,2023-05-22,1,Social,Consumer
6346,2025-04-20,1,Affiliate,Small Business
6347,2024-02-21,2,Paid Search,Consumer
6348,2024-06-17,2,Organic,Small Business
6349,2024-12-27,4,Social,Small Business
6350,2023-10-17,2,Direct,Consumer
6351,2023-09-04,4,Paid Search,Consumer
6352,2023-05-28,3,Email,Consumer
6353,2025-07-11,4,Organic,Small Business
6354,2024-05-26,4,Direct,Consumer
6355,2025-01-15,4,Direct,Consumer
6356,2025-10-30,6,Email,Enterprise
6357,2025-01-20,2,Paid Search,Consumer
6358,2024-10-26,4,Social,Consumer
6359,2024-10-23,3,Affiliate,Small Business
6360,2024-07-16,4,Organic,Consumer
6361,2024-12-11,1,Affiliate,Consumer
6362,2025-09-01,2,Email,Small Business
6363,2025-03-30,6,Social,Consumer
6364,2024-08-20,5,Paid Search,Consumer
6365,2024-06-12,3,Social,Consumer
6366,2025-06-10,1,Organic,Small Business
6367,2023-12-04,4,Social,Consumer
6368,2025-05-13,2,Paid Search,Small Business
6369,2024-04-08,2,Email,Consumer
6370,2025-02-14,1,Paid Search,Consumer
6371,2025-04-11,2,Social,Consumer
6372,2024-09-25,2,Social,Consumer
6373,2024-02-07,1,Social,Small Business
6374,2025-05-09,4,Paid Search,Consumer
6375,2024-07-09,6,Email,Consumer
6376,2024-06-03,1,Affiliate,Small Business
6377,2024-10-16,1,Organic,Consumer
6378,2024-08-27,1,Direct,Small Business
6379,2025-01-27,4,Paid Search,Consumer
6380,2023-12-06,5,Paid Search,Consumer
6381,2024-08-28,2,Paid Search,Consumer
6382,2025-06-17,1,Email,Consumer
6383,2023-06-24,1,Paid Search,Small Business
6384,2024-09-12,4,Direct,Consumer
6385,2025-01-15,3,Organic,Small Business
6386,2025-06-13,3,Email,Consumer
6387,2024-12-07,2,Social,Consumer
6388,2025-04-24,6,Email,Consumer
6389,2024-03-08,3,Social,Small Business
6390,2024-06-28,5,Social,Enterprise
6391,2025-08-09,5,Email,Consumer
6392,2025-06-12,1,Paid Search,Consumer
6393,2024-11-15,2,Affiliate,Small Business
6394,2024-09-24,6,Organic,Consumer
6395,2024-09-07,6,Email,Consumer
6396,2023-08-11,3,Paid Search,Enterprise
6397,2025-06-18,1,Paid Search,Consumer
6398,2025-04-20,2,Paid Search,Enterprise
6399,2024-09-11,6,Organic,Consumer
6400,2024-04-29,5,Paid Search,Consumer
6401,2024-06-20,1,Direct,Consumer
6402,2023-11-18,5,Direct,Consumer
6403,2025-02-18,1,Paid Search,Small Business
6404,2024-11-15,2,Email,Consumer
6405,2024-03-19,3,Paid Search,Enterprise
6406,2024-12-24,3,Social,Consumer
6407,2025-10-06,5,Paid Search,Enterprise
6408,2023-11-17,1,Affiliate,Consumer
6409,2024-09-12,6,Affiliate,Consumer
6410,2024-10-06,4,Paid Search,Consumer
6411,2024-01-10,2,Paid Search,Consumer
6412,2024-10-30,6,Social,Consumer
6413,2024-12-14,3,Social,Small Business
6414,2023-12-30,3,Paid Search,Enterprise
6415,2023-12-27,1,Affiliate,Consumer
6416,2025-05-18,6,Direct,Consumer
6417,2024-05-26,6,Social,Consumer
6418,2024-12-29,2,Affiliate,Small Business
6419,2024-12-26,6,Organic,Consumer
6420,2025-05-05,5,Organic,Consumer
6421,2025-02-28,3,Email,Consumer
6422,2025-05-06,6,Social,Enterprise
6423,2024-12-26,4,Organic,Consumer
6424,2024-09-06,5,Paid Search,Consumer
6425,2024-07-29,2,Organic,Consumer
6426,2024-07-18,1,Paid Search,Enterprise
6427,2024-08-16,4,Paid Search,Consumer
6428,2023-11-26,2,Social,Small Business
6429,2024-08-20,6,Social,Small Business
6430,2024-07-26,1,Paid Search,Consumer
6431,2023-06-20,5,Paid Search,Consumer
6432,2024-04-25,4,Affiliate,Small Business
6433,2025-03-07,6,Organic,Consumer
6434,2024-11-28,6,Social,Consumer
6435,2025-04-11,6,Affiliate,Consumer
6436,2024-11-06,3,Affiliate,Small Business
6437,2025-05-16,5,Paid Search,Consumer
6438,2025-04-04,1,Organic,Consumer
6439,2023-10-15,3,Social,Consumer
6440,2025-10-01,2,Organic,Consumer
6441,2023-04-22,2,Organic,Consumer
6442,2024-12-09,4,Paid Search,Consumer
6443,2025-04-02,1,Social,Small Business
6444,2024-06-12,4,Paid Search,Enterprise
6445,2024-12-10,3,Social,Consumer
6446,2024-07-05,2,Paid Search,Consumer
6447,2023-08-14,4,Email,Small Business
6448,2023-03-26,5,Organic,Consumer
6449,2023-10-10,4,Paid Search,Consumer
6450,2023-10-15,1,Email,Consumer
6451,2024-12-17,4,Paid Search,Consumer
6452,2024-10-26,4,Organic,Consumer
6453,2024-09-10,5,Social,Consumer
6454,2025-02-01,3,Paid Search,Consumer
6455,2023-04-29,1,Paid Search,Consumer
6456,2024-04-22,1,Paid Search,Consumer
6457,2025-03-23,2,Email,Consumer
6458,2025-07-04,4,Organic,Consumer
6459,2024-08-30,5,Paid Search,Consumer
6460,2023-09-19,5,Paid Search,Consumer
6461,2025-04-06,2,Affiliate,Consumer
6462,2025-06-11,3,Paid Search,Consumer
6463,2024-08-12,1,Social,Consumer
6464,2024-03-28,5,Organic,Consumer
6465,2023-07-12,3,Paid Search,Consumer
6466,2024-12-05,4,Direct,Consumer
6467,2025-07-04,3,Paid Search,Consumer
6468,2025-01-24,2,Affiliate,Consumer
6469,2024-05-31,2,Social,Consumer
6470,2025-01-05,6,Paid Search,Consumer
6471,2025-04-29,1,Social,Consumer
6472,2024-09-24,6,Direct,Small Business
6473,2025-04-21,1,Social,Consumer
6474,2024-07-28,1,Paid Search,Consumer
6475,2024-06-25,6,Direct,Consumer
6476,2024-12-01,6,Paid Search,Consumer
6477,2024-09-17,6,Paid Search,Small Business
6478,2025-10-02,5,Paid Search,Consumer
6479,2024-10-20,3,Affiliate,Consumer
6480,2024-07-23,1,Paid Search,Consumer
6481,2024-07-30,4,Paid Search,Enterprise
6482,2024-11-09,4,Direct,Small Business
6483,2024-06-30,5,Organic,Consumer
6484,2025-02-19,1,Paid Search,Consumer
6485,2024-07-19,1,Organic,Consumer
6486,2024-07-22,4,Paid Search,Small Business
6487,2024-12-21,6,Social,Consumer
6488,2023-08-15,6,Social,Consumer
6489,2025-01-12,4,Organic,Small Business
6490,2024-10-13,3,Email,Consumer
6491,2024-09-09,3,Social,Small Business
6492,2025-02-16,4,Paid Search,Small Business
6493,2025-03-11,4,Social,Small Business
6494,2025-05-10,2,Email,Consumer
6495,2024-07-15,3,Email,Consumer
6496,2024-06-08,4,Email,Consumer
6497,2025-02-14,6,Direct,Small Business
6498,2024-11-30,5,Affiliate,Small Business
6499,2024-12-29,5,Direct,Small Business
6500,2024-11-14,2,Organic,Enterprise
6501,2025-03-20,3,Paid Search,Consumer
6502,2024-02-04,4,Organic,Small Business
6503,2024-11-14,6,Paid Search,Consumer
6504,2023-12-31,3,Paid Search,Enterprise
6505,2024-08-08,6,Social,Small Business
6506,2025-01-17,5,Social,Consumer
6507,2024-10-05,4,Organic,Consumer
6508,2024-07-18,5,Social,Consumer
6509,2025-06-11,5,Paid Search,Small Business
6510,2025-03-20,5,Affiliate,Consumer
6511,2024-10-27,5,Organic,Consumer
6512,2025-08-19,3,Paid Search,Consumer
6513,2024-08-20,3,Paid Search,Consumer
6514,2025-03-30,4,Paid Search,Enterprise
6515,2024-01-11,6,Affiliate,Consumer
6516,2024-05-05,4,Paid Search,Consumer
6517,2024-06-17,6,Direct,Small Business
6518,2023-10-26,5,Paid Search,Consumer
6519,2024-10-11,3,Email,Consumer
6520,2024-02-07,4,Paid Search,Consumer
6521,2024-12-31,4,Social,Small Business
6522,2024-02-04,6,Social,Small Business
6523,2023-11-19,2,Social,Consumer
6524,2025-09-17,2,Direct,Consumer
6525,2025-01-13,2,Email,Consumer
6526,2025-08-02,1,Paid Search,Consumer
6527,2024-10-03,5,Email,Consumer
6528,2023-06-17,6,Paid Search,Consumer
6529,2024-11-25,4,Direct,Consumer
6530,2024-11-16,1,Social,Small Business
6531,2023-04-23,3,Paid Search,Consumer
6532,2025-05-22,6,Paid Search,Consumer
6533,2024-12-23,1,Paid Search,Enterprise
6534,2025-03-03,4,Direct,Consumer
6535,2024-10-06,3,Social,Small Business
6536,2024-12-22,6,Paid Search,Consumer
6537,2024-04-10,4,Email,Small Business
6538,2025-09-25,4,Paid Search,Consumer
6539,2024-08-03,5,Paid Search,Enterprise
6540,2024-01-05,5,Organic,Small Business
6541,2023-08-05,4,Paid Search,Consumer
6542,2025-01-01,5,Affiliate,Consumer
6543,2025-10-15,5,Organic,Small Business
6544,2025-06-21,4,Paid Search,Consumer
6545,2025-02-07,5,Social,Consumer
6546,2025-11-03,3,Paid Search,Consumer
6547,2025-02-18,3,Social,Consumer
6548,2024-06-18,1,Organic,Consumer
6549,2024-12-12,5,Email,Consumer
6550,2023-09-16,2,Social,Consumer
6551,2024-03-07,5,Email,Consumer
6552,2024-08-15,6,Paid Search,Consumer
6553,2024-02-16,6,Direct,Enterprise
6554,2025-08-24,2,Paid Search,Consumer
6555,2025-11-22,4,Affiliate,Consumer
6556,2024-07-12,5,Social,Consumer
6557,2025-02-11,4,Paid Search,Small Business
6558,2024-08-08,4,Social,Consumer
6559,2023-12-09,3,Affiliate,Consumer
6560,2024-06-16,2,Affiliate,Consumer
6561,2024-03-18,4,Email,Consumer
6562,2024-06-09,6,Social,Small Business
6563,2024-03-01,2,Organic,Consumer
6564,2023-11-04,1,Paid Search,Small Business
6565,2024-03-03,1,Organic,Consumer
6566,2025-06-30,4,Paid Search,Consumer
6567,2023-09-25,2,Affiliate,Consumer
6568,2024-06-06,3,Organic,Consumer
6569,2024-10-28,6,Social,Enterprise
6570,2024-06-29,1,Organic,Consumer
6571,2024-10-21,2,Social,Consumer
6572,2023-07-11,2,Paid Search,Consumer
6573,2025-01-08,3,Paid Search,Small Business
6574,2024-11-19,5,Paid Search,Small Business
6575,2025-01-26,2,Paid Search,Consumer
6576,2024-11-21,1,Organic,Consumer
6577,2024-08-29,1,Email,Consumer
6578,2024-06-26,5,Social,Consumer
6579,2024-03-12,1,Direct,Consumer
6580,2024-10-10,4,Affiliate,Consumer
6581,2023-05-29,4,Paid Search,Consumer
6582,2024-06-09,1,Social,Consumer
6583,2025-01-24,4,Affiliate,Consumer
6584,2023-10-30,2,Paid Search,Consumer
6585,2023-08-18,4,Social,Consumer
6586,2025-01-10,1,Direct,Enterprise
6587,2024-08-01,5,Email,Consumer
6588,2025-04-08,5,Affiliate,Consumer
6589,2025-08-03,1,Affiliate,Small Business
6590,2025-08-29,4,Paid Search,Enterprise
6591,2024-08-21,4,Organic,Small Business
6592,2024-04-16,1,Email,Consumer
6593,2024-12-16,5,Paid Search,Consumer
6594,2024-12-27,4,Paid Search,Consumer
6595,2024-12-24,2,Paid Search,Small Business
6596,2024-06-04,3,Email,Consumer
6597,2023-08-20,5,Organic,Consumer
6598,2024-02-25,4,Affiliate,Consumer
6599,2023-12-27,5,Social,Consumer
6600,2023-11-19,1,Organic,Consumer
6601,2025-07-22,5,Paid Search,Consumer
6602,2023-04-18,1,Direct,Consumer
6603,2024-12-12,4,Organic,Small Business
6604,2025-08-16,3,Email,Small Business
6605,2024-07-04,1,Paid Search,Consumer
6606,2024-10-27,5,Paid Search,Consumer
6607,2025-02-03,4,Paid Search,Small Business
6608,2024-05-31,4,Email,Consumer
6609,2024-09-25,3,Paid Search,Consumer
6610,2025-04-19,2,Affiliate,Consumer
6611,2025-03-04,4,Paid Search,Consumer
6612,2025-04-13,2,Organic,Consumer
6613,2025-10-25,5,Paid Search,Consumer
6614,2024-07-12,5,Paid Search,Consumer
6615,2025-03-05,6,Organic,Consumer
6616,2024-12-12,1,Social,Consumer
6617,2025-01-18,4,Social,Consumer
6618,2025-02-28,4,Organic,Consumer
6619,2025-03-06,6,Social,Small Business
6620,2025-06-12,3,Organic,Consumer
6621,2024-06-25,6,Organic,Consumer
6622,2025-01-11,2,Paid Search,Consumer
6623,2024-04-30,6,Social,Consumer
6624,2024-12-08,4,Paid Search,Small Business
6625,2025-03-07,6,Paid Search,Consumer
6626,2025-04-01,2,Paid Search,Small Business
6627,2024-08-17,2,Organic,Consumer
6628,2024-10-16,4,Paid Search,Small Business
6629,2024-06-13,4,Affiliate,Consumer
6630,2024-01-13,1,Email,Consumer
6631,2024-04-13,4,Paid Search,Consumer
6632,2025-07-07,3,Organic,Consumer
6633,2024-05-24,1,Paid Search,Consumer
6634,2025-09-27,4,Paid Search,Small Business
6635,2024-03-26,5,Direct,Small Business
6636,2025-02-19,1,Social,Consumer
6637,2024-11-25,6,Paid Search,Small Business
6638,2025-02-04,4,Affiliate,Small Business
6639,2025-01-05,2,Affiliate,Enterprise
6640,2025-02-09,5,Organic,Consumer
6641,2025-06-30,6,Organic,Consumer
6642,2024-11-19,6,Email,Enterprise
6643,2023-08-27,5,Email,Consumer
6644,2024-04-22,2,Social,Consumer
6645,2025-02-10,1,Affiliate,Consumer
6646,2024-10-06,2,Social,Consumer
6647,2024-11-10,6,Paid Search,Consumer
6648,2024-12-09,2,Paid Search,Consumer
6649,2024-07-21,2,Social,Consumer
6650,2025-03-21,6,Paid Search,Consumer
6651,2025-02-19,2,Paid Search,Consumer
6652,2025-02-14,3,Social,Consumer
6653,2025-02-14,2,Direct,Consumer
6654,2025-06-16,2,Paid Search,Consumer
6655,2024-12-08,4,Paid Search,Consumer
6656,2025-09-14,5,Affiliate,Small Business
6657,2023-11-13,2,Social,Consumer
6658,2024-12-29,1,Email,Consumer
6659,2025-02-15,4,Organic,Consumer
6660,2024-09-25,4,Organic,Consumer
6661,2024-05-07,4,Paid Search,Consumer
6662,2024-11-11,3,Social,Small Business
6663,2024-07-07,5,Organic,Consumer
6664,2025-07-04,4,Paid Search,Consumer
6665,2024-07-01,5,Paid Search,Consumer
6666,2024-01-20,5,Social,Consumer
6667,2024-11-27,3,Organic,Consumer
6668,2024-07-31,2,Social,Small Business
6669,2023-10-11,4,Organic,Consumer
6670,2024-11-20,4,Email,Consumer
6671,2024-11-03,4,Paid Search,Consumer
6672,2024-01-17,4,Affiliate,Consumer
6673,2024-12-09,3,Affiliate,Consumer
6674,2024-11-21,1,Paid Search,Consumer
6675,2025-03-21,3,Social,Consumer
6676,2024-07-05,6,Social,Consumer
6677,2024-04-02,5,Affiliate,Consumer
6678,2025-08-21,5,Social,Small Business
6679,2024-11-17,5,Social,Small Business
6680,2023-06-01,6,Affiliate,Consumer
6681,2025-04-21,2,Organic,Consumer
6682,2024-02-11,5,Paid Search,Consumer
6683,2025-03-29,1,Organic,Consumer
6684,2025-02-09,2,Email,Consumer
6685,2025-09-16,1,Social,Consumer
6686,2025-09-11,3,Social,Consumer
6687,2024-04-25,1,Organic,Consumer
6688,2025-03-16,3,Social,Consumer
6689,2024-05-31,1,Direct,Consumer
6690,2024-12-28,1,Social,Small Business
6691,2024-12-09,3,Organic,Consumer
6692,2023-08-03,3,Email,Small Business
6693,2023-03-08,3,Paid Search,Small Business
6694,2023-08-09,3,Paid Search,Small Business
6695,2023-11-24,3,Direct,Consumer
6696,2024-04-10,1,Email,Small Business
6697,2025-07-01,3,Social,Consumer
6698,2024-10-22,6,Paid Search,Consumer
6699,2025-04-05,1,Paid Search,Consumer
6700,2025-05-04,1,Paid Search,Consumer
6701,2025-02-25,5,Social,Enterprise
6702,2024-07-27,4,Organic,Consumer
6703,2025-05-24,2,Paid Search,Consumer
6704,2025-03-02,5,Organic,Consumer
6705,2025-03-02,2,Direct,Consumer
6706,2025-06-26,4,Direct,Small Business
6707,2024-12-10,4,Affiliate,Small Business
6708,2024-10-28,2,Social,Consumer
6709,2025-06-16,5,Organic,Consumer
6710,2024-09-10,4,Social,Consumer
6711,2025-04-15,2,Paid Search,Consumer
6712,2023-08-01,5,Affiliate,Consumer
6713,2023-02-02,4,Organic,Small Business
6714,2024-10-28,6,Organic,Consumer
6715,2023-09-06,5,Paid Search,Consumer
6716,2025-10-01,2,Paid Search,Consumer
6717,2023-03-10,6,Affiliate,Consumer
6718,2025-02-16,1,Paid Search,Consumer
6719,2024-03-28,3,Paid Search,Consumer
6720,2025-09-14,4,Organic,Enterprise
6721,2024-07-20,4,Organic,Consumer
6722,2023-06-01,2,Paid Search,Small Business
6723,2023-05-31,2,Paid Search,Consumer
6724,2024-11-13,5,Email,Consumer
6725,2025-10-23,6,Direct,Consumer
6726,2025-10-07,5,Social,Consumer
6727,2024-06-16,4,Email,Consumer
6728,2024-09-29,5,Social,Consumer
6729,2023-10-18,2,Organic,Consumer
6730,2024-10-24,6,Organic,Small Business
6731,2024-12-11,1,Affiliate,Small Business
6732,2024-04-04,4,Email,Small Business
6733,2024-12-18,3,Paid Search,Small Business
6734,2025-06-24,6,Paid Search,Enterprise
6735,2023-01-29,2,Email,Consumer
6736,2024-03-14,4,Paid Search,Enterprise
6737,2024-02-25,1,Organic,Consumer
6738,2023-11-19,2,Social,Consumer
6739,2024-01-09,3,Paid Search,Consumer
6740,2024-12-26,5,Organic,Consumer
6741,2023-10-21,2,Social,Consumer
6742,2025-02-28,5,Affiliate,Consumer
6743,2025-06-13,4,Paid Search,Small Business
6744,2025-07-22,6,Paid Search,Small Business
6745,2025-01-15,2,Paid Search,Consumer
6746,2024-02-12,2,Paid Search,Consumer
6747,2023-09-25,6,Organic,Consumer
6748,2024-03-17,2,Social,Consumer
6749,2025-09-05,2,Paid Search,Consumer
6750,2025-09-06,5,Direct,Consumer
6751,2024-07-20,5,Paid Search,Consumer
6752,2024-06-07,1,Social,Consumer
6753,2024-10-16,6,Affiliate,Consumer
6754,2024-05-10,4,Organic,Consumer
6755,2025-10-07,2,Social,Consumer
6756,2024-03-07,4,Direct,Consumer
6757,2024-07-11,2,Social,Consumer
6758,2024-08-23,2,Paid Search,Small Business
6759,2023-11-21,1,Paid Search,Consumer
6760,2024-07-21,1,Direct,Consumer
6761,2025-05-18,4,Paid Search,Consumer
6762,2023-12-10,5,Email,Enterprise
6763,2024-12-01,3,Paid Search,Consumer
6764,2024-08-07,1,Paid Search,Small Business
6765,2024-01-14,3,Affiliate,Small Business
6766,2023-04-12,5,Direct,Enterprise
6767,2024-04-24,6,Paid Search,Small Business
6768,2023-08-17,5,Paid Search,Consumer
6769,2024-07-16,3,Email,Consumer
6770,2025-04-14,4,Social,Enterprise
6771,2025-02-17,1,Social,Consumer
6772,2025-08-16,3,Paid Search,Small Business
6773,2024-08-22,4,Direct,Small Business
6774,2025-02-10,1,Paid Search,Consumer
6775,2025-01-17,1,Paid Search,Consumer
6776,2024-03-03,5,Social,Consumer
6777,2024-05-20,2,Paid Search,Consumer
6778,2024-10-29,1,Social,Consumer
6779,2025-04-05,4,Social,Consumer
6780,2024-09-15,2,Organic,Enterprise
6781,2024-03-13,6,Social,Small Business
6782,2025-11-13,6,Paid Search,Consumer
6783,2023-11-08,5,Affiliate,Small Business
6784,2025-08-27,2,Social,Consumer
6785,2025-04-13,6,Social,Consumer
6786,2025-05-05,2,Paid Search,Small Business
6787,2025-04-04,2,Organic,Enterprise
6788,2024-02-23,6,Email,Consumer
6789,2024-12-30,5,Organic,Consumer
6790,2025-03-10,1,Email,Consumer
6791,2025-03-04,6,Paid Search,Small Business
6792,2024-04-22,1,Direct,Consumer
6793,2024-01-26,5,Paid Search,Consumer
6794,2024-06-09,3,Paid Search,Small Business
6795,2024-09-27,1,Social,Consumer
6796,2024-11-25,5,Paid Search,Consumer
6797,2025-05-03,5,Social,Consumer
6798,2025-03-18,6,Paid Search,Consumer
6799,2025-01-24,4,Email,Consumer
6800,2024-04-15,5,Email,Consumer
6801,2024-09-26,6,Organic,Consumer
6802,2024-06-15,6,Social,Consumer
6803,2024-03-20,4,Social,Consumer
6804,2023-04-03,1,Affiliate,Consumer
6805,2024-06-18,3,Social,Small Business
6806,2024-04-09,4,Social,Small Business
6807,2024-11-24,1,Paid Search,Consumer
6808,2023-08-17,1,Paid Search,Consumer
6809,2024-04-21,3,Social,Consumer
6810,2023-07-14,6,Organic,Consumer
6811,2025-01-04,2,Affiliate,Consumer
6812,2024-11-22,6,Direct,Consumer
6813,2024-06-16,5,Social,Small Business
6814,2023-12-18,2,Social,Consumer
6815,2025-08-30,2,Email,Enterprise
6816,2024-12-01,5,Social,Consumer
6817,2025-01-25,5,Organic,Consumer
6818,2024-10-30,4,Organic,Consumer
6819,2025-04-11,6,Paid Search,Small Business
6820,2025-06-21,1,Paid Search,Consumer
6821,2024-07-21,3,Social,Consumer
6822,2025-01-31,4,Organic,Consumer
6823,2024-03-15,1,Paid Search,Consumer
6824,2025-01-10,6,Paid Search,Small Business
6825,2024-08-02,4,Paid Search,Small Business
6826,2023-03-17,2,Email,Consumer
6827,2025-08-27,2,Affiliate,Consumer
6828,2025-05-28,1,Affiliate,Small Business
6829,2024-05-09,4,Affiliate,Consumer
6830,2025-12-03,6,Paid Search,Small Business
6831,2024-05-31,1,Paid Search,Consumer
6832,2024-09-13,3,Social,Small Business
6833,2025-05-14,4,Social,Small Business
6834,2024-05-21,3,Email,Consumer
6835,2024-09-07,4,Paid Search,Consumer
6836,2025-01-18,5,Direct,Consumer
6837,2023-11-28,6,Social,Consumer
6838,2024-08-18,4,Organic,Consumer
6839,2024-05-25,5,Affiliate,Consumer
6840,2025-01-24,2,Social,Consumer
6841,2023-12-05,1,Email,Consumer
6842,2024-03-18,1,Email,Enterprise
6843,2025-02-12,1,Email,Consumer
6844,2023-12-29,5,Email,Consumer
6845,2024-08-18,1,Social,Consumer
6846,2025-02-13,3,Social,Consumer
6847,2025-03-16,4,Email,Small Business
6848,2023-10-10,5,Organic,Consumer
6849,2025-05-15,1,Organic,Consumer
6850,2025-02-19,6,Social,Consumer
6851,2024-06-18,3,Paid Search,Enterprise
6852,2025-03-15,1,Social,Consumer
6853,2025-02-22,1,Direct,Small Business
6854,2024-12-11,6,Paid Search,Consumer
6855,2024-11-16,6,Paid Search,Enterprise
6856,2025-02-25,5,Paid Search,Consumer
6857,2025-12-15,3,Social,Small Business
6858,2024-11-28,6,Paid Search,Consumer
6859,2025-04-13,2,Organic,Consumer
6860,2025-03-03,2,Paid Search,Consumer
6861,2025-05-18,5,Paid Search,Consumer
6862,2025-08-25,2,Paid Search,Consumer
6863,2024-02-07,4,Paid Search,Consumer
6864,2024-01-08,4,Email,Small Business
6865,2024-12-03,1,Affiliate,Consumer
6866,2024-09-06,6,Email,Consumer
6867,2024-11-23,1,Affiliate,Consumer
6868,2025-04-06,6,Paid Search,Small Business
6869,2025-07-28,2,Affiliate,Consumer
6870,2024-08-15,3,Social,Consumer
6871,2025-02-16,2,Email,Consumer
6872,2024-02-11,4,Organic,Small Business
6873,2024-11-01,1,Social,Consumer
6874,2023-05-16,2,Paid Search,Consumer
6875,2024-10-12,4,Paid Search,Small Business
6876,2024-11-08,5,Social,Consumer
6877,2025-02-26,6,Social,Small Business
6878,2025-01-08,6,Direct,Small Business
6879,2024-07-02,6,Paid Search,Small Business
6880,2023-03-11,5,Organic,Consumer
6881,2023-11-08,5,Social,Consumer
6882,2025-09-24,3,Paid Search,Consumer
6883,2025-07-17,6,Social,Consumer
6884,2024-06-06,6,Social,Consumer
6885,2024-04-11,4,Social,Consumer
6886,2024-08-28,1,Paid Search,Consumer
6887,2025-01-31,1,Paid Search,Consumer
6888,2024-07-01,3,Paid Search,Consumer
6889,2023-08-26,4,Affiliate,Consumer
6890,2024-08-04,4,Email,Consumer
6891,2024-04-13,6,Paid Search,Consumer
6892,2024-06-06,4,Organic,Consumer
6893,2024-01-06,4,Direct,Small Business
6894,2025-01-14,5,Paid Search,Consumer
6895,2024-10-27,6,Paid Search,Small Business
6896,2024-04-22,4,Paid Search,Enterprise
6897,2024-11-13,4,Paid Search,Consumer
6898,2024-10-05,1,Email,Consumer
6899,2025-04-04,4,Email,Small Business
6900,2025-08-28,2,Organic,Small Business
6901,2023-11-28,3,Social,Consumer
6902,2025-06-10,4,Email,Enterprise
6903,2025-02-08,1,Paid Search,Small Business
6904,2025-02-02,5,Paid Search,Small Business
6905,2024-07-15,2,Paid Search,Consumer
6906,2024-06-21,4,Affiliate,Consumer
6907,2023-03-10,3,Organic,Consumer
6908,2025-10-12,3,Organic,Consumer
6909,2024-12-15,3,Email,Consumer
6910,2024-08-04,1,Paid Search,Consumer
6911,2024-11-07,2,Social,Small Business
6912,2023-07-04,5,Email,Consumer
6913,2024-01-18,1,Affiliate,Consumer
6914,2024-12-24,3,Social,Consumer
6915,2024-10-19,1,Paid Search,Small Business
6916,2025-03-29,4,Direct,Small Business
6917,2025-01-14,4,Social,Consumer
6918,2024-12-12,3,Social,Consumer
6919,2025-04-17,5,Paid Search,Consumer
6920,2023-08-28,2,Paid Search,Consumer
6921,2025-02-01,4,Organic,Small Business
6922,2025-02-14,2,Organic,Enterprise
6923,2024-04-26,4,Paid Search,Consumer
6924,2024-02-10,1,Paid Search,Consumer
6925,2024-02-29,2,Social,Consumer
6926,2024-02-13,5,Social,Consumer
6927,2024-10-25,5,Social,Consumer
6928,2023-12-04,2,Paid Search,Consumer
6929,2025-01-14,2,Affiliate,Small Business
6930,2023-10-25,2,Direct,Consumer
6931,2023-05-31,2,Social,Consumer
6932,2024-06-02,6,Organic,Consumer
6933,2024-02-06,4,Affiliate,Small Business
6934,2025-10-29,3,Paid Search,Small Business
6935,2024-05-19,3,Affiliate,Small Business
6936,2024-03-08,4,Social,Consumer
6937,2024-02-11,4,Organic,Consumer
6938,2024-07-14,3,Social,Small Business
6939,2024-12-14,6,Paid Search,Enterprise
6940,2025-03-26,2,Email,Consumer
6941,2024-07-07,3,Email,Consumer
6942,2024-12-26,1,Paid Search,Consumer
6943,2024-09-28,3,Organic,Consumer
6944,2025-05-10,6,Direct,Consumer
6945,2024-11-22,6,Affiliate,Consumer
6946,2024-05-08,3,Organic,Consumer
6947,2025-02-08,1,Paid Search,Consumer
6948,2025-04-21,5,Social,Consumer
6949,2024-09-17,4,Paid Search,Consumer
6950,2025-10-25,6,Affiliate,Consumer
6951,2025-06-06,4,Email,Consumer
6952,2024-02-11,1,Affiliate,Consumer
6953,2025-03-29,6,Paid Search,Consumer
6954,2024-12-11,5,Direct,Consumer
6955,2024-11-01,5,Direct,Consumer
6956,2024-10-19,1,Organic,Consumer
6957,2025-05-16,3,Affiliate,Consumer
6958,2024-12-17,3,Social,Small Business
6959,2024-11-03,2,Social,Small Business
6960,2023-07-22,6,Paid Search,Consumer
6961,2024-09-05,2,Paid Search,Consumer
6962,2025-07-02,1,Paid Search,Consumer
6963,2025-02-12,2,Organic,Small Business
6964,2023-07-26,6,Social,Consumer
6965,2025-06-10,1,Paid Search,Consumer
6966,2025-04-26,4,Paid Search,Consumer
6967,2024-11-08,2,Organic,Consumer
6968,2023-05-18,3,Direct,Consumer
6969,2024-11-18,4,Social,Consumer
6970,2023-08-03,1,Email,Consumer
6971,2024-06-03,2,Direct,Consumer
6972,2024-12-28,4,Organic,Consumer
6973,2025-07-07,1,Email,Small Business
6974,2024-07-02,3,Organic,Consumer
6975,2025-05-21,4,Direct,Consumer
6976,2025-07-13,2,Paid Search,Consumer
6977,2023-05-14,1,Email,Consumer
6978,2024-03-24,3,Social,Small Business
6979,2025-02-11,5,Paid Search,Consumer
6980,2025-03-10,1,Email,Consumer
6981,2024-07-28,3,Affiliate,Small Business
6982,2025-01-13,6,Affiliate,Small Business
6983,2024-12-18,3,Direct,Small Business
6984,2025-02-28,2,Email,Consumer
6985,2025-02-16,5,Social,Consumer
6986,2023-09-26,3,Direct,Enterprise
6987,2023-12-31,3,Paid Search,Consumer
6988,2023-12-01,5,Paid Search,Enterprise
6989,2025-07-29,1,Social,Consumer
6990,2025-07-08,5,Organic,Small Business
6991,2025-04-05,3,Organic,Consumer
6992,2023-11-10,6,Email,Small Business
6993,2024-11-25,5,Paid Search,Small Business
6994,2024-02-01,6,Email,Small Business
6995,2024-07-10,1,Organic,Enterprise
6996,2024-04-18,2,Direct,Small Business
6997,2025-04-27,6,Social,Consumer
6998,2023-12-15,3,Organic,Consumer
6999,2025-01-07,5,Email,Small Business
7000,2025-10-16,5,Social,Small Business
7001,2025-01-30,3,Paid Search,Consumer
7002,2023-09-16,1,Paid Search,Consumer
7003,2025-07-02,1,Paid Search,Small Business
7004,2025-01-05,5,Social,Consumer
7005,2024-09-11,1,Organic,Consumer
7006,2025-01-14,1,Organic,Consumer
7007,2025-06-06,2,Organic,Small Business
7008,2024-09-25,6,Paid Search,Consumer
7009,2024-10-30,4,Paid Search,Consumer
7010,2024-09-08,5,Email,Consumer
7011,2023-09-05,4,Email,Consumer
7012,2025-03-29,4,Organic,Small Business
7013,2023-11-23,2,Email,Consumer
7014,2024-07-29,3,Direct,Consumer
7015,2024-07-24,4,Direct,Consumer
7016,2024-04-30,6,Organic,Consumer
7017,2024-08-04,6,Social,Small Business
7018,2024-12-21,5,Paid Search,Small Business
7019,2024-05-26,5,Organic,Consumer
7020,2024-01-16,5,Social,Consumer
7021,2025-05-29,5,Paid Search,Small Business
7022,2025-09-20,5,Paid Search,Consumer
7023,2024-09-12,1,Direct,Consumer
7024,2024-06-08,1,Paid Search,Small Business
7025,2023-07-19,3,Email,Small Business
7026,2023-06-26,1,Affiliate,Consumer
7027,2024-07-28,3,Organic,Consumer
7028,2025-07-26,2,Paid Search,Consumer
7029,2025-02-23,6,Affiliate,Small Business
7030,2024-06-25,4,Organic,Consumer
7031,2025-09-15,1,Paid Search,Consumer
7032,2024-08-23,4,Organic,Consumer
7033,2024-04-27,5,Paid Search,Consumer
7034,2024-08-21,2,Organic,Consumer
7035,2024-02-26,6,Affiliate,Enterprise
7036,2025-06-11,6,Social,Consumer
7037,2024-07-05,6,Direct,Consumer
7038,2025-01-13,1,Social,Consumer
7039,2024-07-25,3,Affiliate,Consumer
7040,2025-06-26,5,Email,Consumer
7041,2025-01-04,3,Paid Search,Consumer
7042,2024-10-02,3,Affiliate,Consumer
7043,2023-11-30,2,Affiliate,Consumer
7044,2025-06-26,3,Social,Consumer
7045,2024-11-09,5,Email,Consumer
7046,2024-05-04,1,Paid Search,Enterprise
7047,2025-06-05,5,Paid Search,Enterprise
7048,2023-08-02,5,Paid Search,Consumer
7049,2024-05-28,1,Social,Consumer
7050,2024-11-02,5,Paid Search,Consumer
7051,2024-06-18,4,Paid Search,Consumer
7052,2024-09-25,2,Direct,Small Business
7053,2024-04-16,3,Social,Consumer
7054,2023-11-27,4,Affiliate,Consumer
7055,2023-06-26,2,Paid Search,Consumer
7056,2023-12-31,4,Paid Search,Small Business
7057,2025-08-23,4,Email,Consumer
7058,2024-11-26,3,Social,Consumer
7059,2024-10-03,3,Social,Consumer
7060,2024-07-22,4,Direct,Consumer
7061,2025-02-10,4,Social,Consumer
7062,2023-12-11,3,Social,Consumer
7063,2024-04-26,6,Organic,Consumer
7064,2025-01-12,6,Paid Search,Consumer
7065,2024-09-26,3,Organic,Consumer
7066,2025-03-19,5,Social,Small Business
7067,2025-06-22,5,Paid Search,Small Business
7068,2025-04-23,1,Social,Consumer
7069,2024-01-29,4,Social,Small Business
7070,2023-10-05,5,Organic,Small Business
7071,2024-01-13,1,Direct,Small Business
7072,2025-03-27,3,Email,Consumer
7073,2025-07-08,5,Social,Consumer
7074,2025-07-21,6,Direct,Consumer
7075,2024-05-15,6,Email,Consumer
7076,2025-05-06,4,Paid Search,Consumer
7077,2024-11-02,1,Paid Search,Consumer
7078,2025-04-23,1,Paid Search,Small Business
7079,2024-11-10,5,Paid Search,Enterprise
7080,2023-12-17,5,Social,Consumer
7081,2023-09-16,2,Social,Consumer
7082,2025-08-29,1,Direct,Consumer
7083,2024-08-21,1,Social,Small Business
7084,2024-06-26,6,Paid Search,Consumer
7085,2024-07-01,5,Direct,Small Business
7086,2024-07-18,6,Social,Small Business
7087,2025-08-13,1,Paid Search,Consumer
7088,2023-08-18,5,Paid Search,Small Business
7089,2023-11-13,6,Organic,Consumer
7090,2025-03-31,4,Social,Consumer
7091,2024-11-10,5,Organic,Small Business
7092,2023-11-25,4,Affiliate,Consumer
7093,2023-06-20,1,Organic,Consumer
7094,2024-03-10,3,Affiliate,Consumer
7095,2024-04-13,2,Email,Consumer
7096,2023-04-20,1,Organic,Consumer
7097,2024-03-02,4,Paid Search,Consumer
7098,2025-02-27,6,Social,Consumer
7099,2025-05-17,1,Social,Consumer
7100,2025-06-23,2,Organic,Consumer
7101,2024-07-26,5,Social,Consumer
7102,2024-06-02,2,Organic,Consumer
7103,2025-12-24,1,Social,Small Business
7104,2025-03-18,2,Organic,Consumer
7105,2024-11-03,1,Social,Consumer
7106,2024-04-07,6,Affiliate,Small Business
7107,2024-06-03,3,Social,Consumer
7108,2024-10-20,6,Email,Consumer
7109,2024-11-06,5,Organic,Consumer
7110,2023-04-18,3,Social,Consumer
7111,2025-09-02,6,Email,Consumer
7112,2024-11-26,2,Direct,Small Business
7113,2024-12-04,2,Email,Consumer
7114,2024-02-26,5,Direct,Small Business
7115,2025-03-15,4,Social,Small Business
7116,2025-02-27,3,Affiliate,Consumer
7117,2023-10-10,4,Affiliate,Small Business
7118,2024-12-08,6,Email,Consumer
7119,2025-01-13,2,Affiliate,Enterprise
7120,2025-05-02,6,Email,Consumer
7121,2024-02-21,6,Social,Consumer
7122,2025-06-05,5,Organic,Consumer
7123,2024-09-14,1,Social,Consumer
7124,2023-10-12,1,Organic,Small Business
7125,2023-10-26,1,Social,Consumer
7126,2024-02-12,5,Email,Small Business
7127,2024-05-02,3,Social,Consumer
7128,2024-10-08,6,Social,Enterprise
7129,2025-03-06,1,Paid Search,Consumer
7130,2024-02-01,3,Paid Search,Consumer
7131,2025-11-10,2,Organic,Consumer
7132,2024-01-04,6,Social,Small Business
7133,2024-12-10,1,Paid Search,Small Business
7134,2025-07-24,3,Social,Consumer
7135,2025-04-30,6,Social,Small Business
7136,2025-01-08,6,Paid Search,Consumer
7137,2025-02-14,6,Paid Search,Consumer
7138,2023-12-02,4,Organic,Consumer
7139,2023-04-01,1,Email,Consumer
7140,2024-08-27,1,Direct,Consumer
7141,2023-10-02,3,Paid Search,Consumer
7142,2024-07-02,3,Social,Consumer
7143,2024-03-09,4,Paid Search,Consumer
7144,2025-07-11,1,Organic,Consumer
7145,2025-06-07,5,Paid Search,Consumer
7146,2025-04-20,3,Paid Search,Consumer
7147,2025-02-13,1,Organic,Consumer
7148,2023-12-26,6,Social,Consumer
7149,2023-07-21,3,Organic,Consumer
7150,2025-01-11,2,Organic,Small Business
7151,2025-01-04,3,Affiliate,Consumer
7152,2024-07-11,6,Social,Consumer
7153,2024-09-22,5,Paid Search,Enterprise
7154,2024-10-03,1,Social,Small Business
7155,2024-03-25,5,Paid Search,Consumer
7156,2024-05-28,4,Paid Search,Small Business
7157,2024-08-16,6,Social,Consumer
7158,2024-12-13,6,Paid Search,Consumer
7159,2025-08-27,5,Paid Search,Consumer
7160,2024-11-03,4,Organic,Consumer
7161,2025-02-23,3,Email,Small Business
7162,2025-04-12,6,Paid Search,Consumer
7163,2023-11-05,6,Organic,Consumer
7164,2025-01-11,6,Direct,Consumer
7165,2024-09-28,6,Paid Search,Consumer
7166,2024-11-24,4,Email,Consumer
7167,2023-06-29,6,Paid Search,Consumer
7168,2025-07-01,5,Direct,Small Business
7169,2025-08-23,2,Paid Search,Consumer
7170,2023-02-24,1,Paid Search,Consumer
7171,2024-02-27,6,Direct,Consumer
7172,2024-01-25,3,Organic,Consumer
7173,2025-03-26,6,Paid Search,Consumer
7174,2024-12-10,2,Email,Consumer
7175,2024-01-22,3,Affiliate,Consumer
7176,2025-04-17,5,Social,Consumer
7177,2024-06-29,4,Paid Search,Small Business
7178,2024-09-14,5,Paid Search,Consumer
7179,2024-07-24,2,Direct,Consumer
7180,2024-10-24,4,Paid Search,Consumer
7181,2024-09-27,3,Social,Enterprise
7182,2024-04-25,6,Paid Search,Small Business
7183,2024-08-20,3,Paid Search,Consumer
7184,2025-07-03,1,Social,Small Business
7185,2024-10-12,5,Social,Consumer
7186,2025-07-11,6,Paid Search,Consumer
7187,2024-11-11,6,Paid Search,Consumer
7188,2025-03-18,1,Paid Search,Consumer
7189,2024-05-11,6,Paid Search,Consumer
7190,2025-04-01,3,Paid Search,Consumer
7191,2024-04-16,6,Email,Consumer
7192,2023-05-09,4,Paid Search,Small Business
7193,2024-01-03,6,Social,Small Business
7194,2023-05-15,3,Organic,Consumer
7195,2025-08-15,4,Email,Consumer
7196,2025-12-29,5,Organic,Consumer
7197,2025-03-14,1,Direct,Consumer
7198,2023-10-29,5,Paid Search,Small Business
7199,2025-06-24,1,Paid Search,Consumer
7200,2025-03-03,5,Paid Search,Small Business
7201,2024-06-12,1,Paid Search,Consumer
7202,2024-10-11,2,Direct,Consumer
7203,2025-01-15,3,Organic,Consumer
7204,2023-05-23,2,Email,Small Business
7205,2024-10-11,1,Direct,Consumer
7206,2025-02-24,1,Affiliate,Consumer
7207,2024-02-02,2,Social,Consumer
7208,2024-09-02,3,Affiliate,Consumer
7209,2024-10-31,1,Social,Consumer
7210,2025-02-26,1,Paid Search,Enterprise
7211,2025-09-09,4,Organic,Consumer
7212,2025-05-12,2,Affiliate,Consumer
7213,2024-12-23,5,Email,Consumer
7214,2024-12-01,6,Social,Consumer
7215,2024-12-13,1,Affiliate,Small Business
7216,2024-11-08,6,Social,Consumer
7217,2023-08-12,5,Organic,Enterprise
7218,2025-02-05,5,Social,Consumer
7219,2025-02-15,3,Paid Search,Small Business
7220,2024-10-18,1,Social,Consumer
7221,2025-05-29,6,Affiliate,Small Business
7222,2025-01-21,4,Direct,Consumer
7223,2024-07-06,1,Paid Search,Consumer
7224,2023-05-09,1,Paid Search,Consumer
7225,2023-08-12,2,Paid Search,Consumer
7226,2024-06-27,3,Email,Small Business
7227,2024-09-15,3,Social,Consumer
7228,2024-01-10,3,Organic,Small Business
7229,2024-02-03,6,Paid Search,Consumer
7230,2024-03-15,6,Paid Search,Consumer
7231,2025-03-25,5,Affiliate,Consumer
7232,2025-03-19,4,Organic,Consumer
7233,2024-07-21,6,Paid Search,Consumer
7234,2024-01-16,2,Paid Search,Small Business
7235,2023-11-02,4,Paid Search,Consumer
7236,2023-09-28,4,Paid Search,Consumer
7237,2024-07-27,2,Paid Search,Consumer
7238,2023-07-15,6,Organic,Consumer
7239,2024-06-13,2,Paid Search,Small Business
7240,2025-09-05,1,Social,Small Business
7241,2024-10-15,2,Social,Consumer
7242,2025-04-23,5,Social,Consumer
7243,2023-11-26,3,Social,Consumer
7244,2024-04-19,2,Affiliate,Consumer
7245,2025-08-15,6,Paid Search,Consumer
7246,2024-07-21,1,Email,Small Business
7247,2025-01-08,1,Paid Search,Consumer
7248,2025-09-30,6,Paid Search,Small Business
7249,2024-11-11,2,Paid Search,Consumer
7250,2024-05-21,1,Organic,Small Business
7251,2024-10-30,3,Social,Small Business
7252,2023-08-03,5,Email,Small Business
7253,2023-11-04,5,Paid Search,Consumer
7254,2023-03-19,1,Organic,Consumer
7255,2025-06-10,2,Paid Search,Consumer
7256,2025-01-21,4,Paid Search,Consumer
7257,2024-05-15,4,Organic,Consumer
7258,2024-03-07,4,Paid Search,Enterprise
7259,2025-01-27,3,Social,Consumer
7260,2025-07-14,6,Organic,Consumer
7261,2024-05-16,1,Email,Consumer
7262,2024-06-03,5,Organic,Consumer
7263,2025-05-16,6,Paid Search,Consumer
7264,2025-06-18,5,Paid Search,Consumer
7265,2025-07-08,3,Social,Consumer
7266,2024-05-11,3,Paid Search,Small Business
7267,2023-11-15,3,Social,Consumer
7268,2024-08-31,1,Social,Enterprise
7269,2024-05-13,2,Social,Consumer
7270,2025-06-10,4,Social,Consumer
7271,2023-06-25,4,Paid Search,Small Business
7272,2024-12-31,3,Paid Search,Small Business
7273,2025-07-01,3,Paid Search,Consumer
7274,2025-10-01,1,Paid Search,Consumer
7275,2025-01-09,6,Email,Consumer
7276,2025-08-19,6,Paid Search,Consumer
7277,2023-09-10,2,Paid Search,Consumer
7278,2024-07-03,2,Affiliate,Consumer
7279,2023-03-27,4,Social,Consumer
7280,2025-10-10,1,Paid Search,Enterprise
7281,2025-06-27,1,Email,Small Business
7282,2023-06-03,6,Organic,Small Business
7283,2023-05-04,2,Direct,Consumer
7284,2024-07-09,4,Affiliate,Consumer
7285,2024-04-11,6,Organic,Consumer
7286,2025-05-11,5,Paid Search,Consumer
7287,2024-01-03,2,Social,Small Business
7288,2025-04-01,1,Paid Search,Consumer
7289,2024-11-13,5,Organic,Consumer
7290,2024-07-17,3,Affiliate,Small Business
7291,2023-12-17,6,Paid Search,Consumer
7292,2025-12-03,4,Affiliate,Small Business
7293,2024-12-21,1,Social,Small Business
7294,2024-08-30,2,Paid Search,Consumer
7295,2024-07-12,5,Affiliate,Consumer
7296,2025-06-30,5,Social,Consumer
7297,2025-04-22,5,Social,Consumer
7298,2025-04-15,2,Social,Small Business
7299,2024-12-20,2,Paid Search,Consumer
7300,2025-06-14,2,Paid Search,Small Business
7301,2024-05-16,5,Organic,Enterprise
7302,2025-02-08,1,Affiliate,Consumer
7303,2024-08-06,5,Organic,Consumer
7304,2024-12-11,2,Affiliate,Consumer
7305,2025-12-06,3,Affiliate,Consumer
7306,2025-10-18,2,Paid Search,Consumer
7307,2024-10-18,3,Email,Consumer
7308,2024-11-25,5,Email,Consumer
7309,2025-06-22,2,Social,Consumer
7310,2025-10-21,4,Social,Consumer
7311,2025-03-24,1,Email,Consumer
7312,2023-08-23,2,Direct,Consumer
7313,2024-06-04,5,Direct,Consumer
7314,2025-06-21,4,Social,Consumer
7315,2025-03-18,4,Email,Consumer
7316,2025-03-02,2,Social,Consumer
7317,2025-01-19,2,Affiliate,Consumer
7318,2024-08-13,3,Organic,Consumer
7319,2024-08-05,1,Direct,Consumer
7320,2025-04-13,6,Direct,Consumer
7321,2024-05-12,2,Social,Consumer
7322,2025-01-28,5,Direct,Small Business
7323,2025-02-20,1,Organic,Consumer
7324,2025-05-09,4,Paid Search,Consumer
7325,2024-06-02,2,Paid Search,Small Business
7326,2025-03-02,2,Organic,Small Business
7327,2023-10-27,3,Paid Search,Consumer
7328,2023-12-07,1,Paid Search,Consumer
7329,2024-08-15,1,Organic,Consumer
7330,2023-08-04,5,Paid Search,Consumer
7331,2025-08-16,3,Social,Consumer
7332,2025-06-26,4,Email,Enterprise
7333,2023-07-22,4,Paid Search,Enterprise
7334,2025-05-04,4,Organic,Consumer
7335,2024-10-16,4,Paid Search,Enterprise
7336,2025-02-07,6,Affiliate,Small Business
7337,2025-06-13,4,Social,Consumer
7338,2024-11-27,3,Email,Small Business
7339,2023-11-09,2,Email,Consumer
7340,2023-02-16,5,Affiliate,Consumer
7341,2024-10-08,3,Social,Small Business
7342,2025-08-18,4,Social,Consumer
7343,2024-11-24,5,Paid Search,Consumer
7344,2024-07-13,2,Social,Small Business
7345,2023-06-11,2,Social,Small Business
7346,2025-07-09,1,Organic,Consumer
7347,2024-06-08,1,Paid Search,Consumer
7348,2025-02-08,4,Social,Consumer
7349,2025-02-03,4,Social,Small Business
7350,2024-04-07,2,Organic,Consumer
7351,2023-08-20,2,Organic,Consumer
7352,2024-07-22,5,Social,Small Business
7353,2024-05-31,1,Social,Consumer
7354,2025-02-06,5,Social,Consumer
7355,2025-04-21,6,Email,Consumer
7356,2024-03-08,3,Email,Consumer
7357,2024-10-28,3,Paid Search,Consumer
7358,2023-07-04,4,Paid Search,Small Business
7359,2024-02-29,1,Organic,Consumer
7360,2025-03-13,4,Email,Consumer
7361,2025-04-03,3,Paid Search,Consumer
7362,2025-03-23,3,Social,Consumer
7363,2023-12-13,1,Social,Small Business
7364,2024-11-11,6,Email,Consumer
7365,2024-08-19,3,Paid Search,Consumer
7366,2025-11-06,1,Email,Consumer
7367,2025-01-11,5,Organic,Consumer
7368,2025-08-01,6,Affiliate,Small Business
7369,2023-12-16,4,Direct,Consumer
7370,2024-09-07,1,Social,Consumer
7371,2025-03-20,6,Organic,Consumer
7372,2024-07-10,2,Organic,Consumer
7373,2024-12-30,2,Affiliate,Small Business
7374,2024-10-17,5,Social,Consumer
7375,2025-11-08,2,Paid Search,Consumer
7376,2024-01-18,1,Direct,Consumer
7377,2025-08-01,5,Paid Search,Consumer
7378,2024-08-04,2,Direct,Small Business
7379,2024-09-19,6,Paid Search,Consumer
7380,2024-10-28,1,Social,Consumer
7381,2024-04-17,6,Direct,Consumer
7382,2025-09-08,5,Organic,Consumer
7383,2025-07-06,2,Organic,Consumer
7384,2025-09-24,4,Social,Consumer
7385,2025-11-28,6,Paid Search,Consumer
7386,2025-01-20,1,Paid Search,Small Business
7387,2024-09-08,5,Organic,Consumer
7388,2025-05-14,3,Social,Consumer
7389,2023-05-22,6,Paid Search,Consumer
7390,2025-05-01,2,Social,Consumer
7391,2024-10-08,5,Direct,Consumer
7392,2025-01-22,6,Affiliate,Consumer
7393,2024-07-14,3,Social,Consumer
7394,2024-07-10,1,Direct,Small Business
7395,2023-06-13,3,Social,Consumer
7396,2024-08-19,4,Social,Consumer
7397,2024-08-08,4,Social,Consumer
7398,2024-03-10,3,Affiliate,Small Business
7399,2024-04-01,6,Paid Search,Small Business
7400,2024-12-01,4,Paid Search,Consumer
7401,2024-05-31,4,Direct,Consumer
7402,2025-04-28,6,Email,Enterprise
7403,2023-11-03,6,Email,Consumer
7404,2024-11-27,3,Email,Consumer
7405,2024-01-02,2,Organic,Small Business
7406,2024-10-28,5,Paid Search,Consumer
7407,2024-11-12,4,Email,Consumer
7408,2025-01-04,3,Paid Search,Small Business
7409,2024-08-22,5,Paid Search,Enterprise
7410,2024-10-16,4,Direct,Consumer
7411,2024-01-26,6,Paid Search,Consumer
7412,2024-09-15,3,Paid Search,Consumer
7413,2024-07-14,5,Social,Small Business
7414,2025-01-18,2,Affiliate,Small Business
7415,2024-08-27,6,Direct,Small Business
7416,2025-03-25,1,Paid Search,Consumer
7417,2024-08-21,5,Social,Consumer
7418,2024-03-21,1,Email,Consumer
7419,2024-04-24,6,Organic,Consumer
7420,2023-07-15,6,Paid Search,Consumer
7421,2024-11-04,5,Social,Consumer
7422,2025-04-29,5,Organic,Consumer
7423,2025-03-18,3,Paid Search,Consumer
7424,2024-08-29,2,Email,Small Business
7425,2024-02-11,6,Paid Search,Consumer
7426,2025-05-24,4,Affiliate,Small Business
7427,2023-08-07,5,Organic,Consumer
7428,2024-08-02,5,Organic,Consumer
7429,2025-05-18,5,Email,Consumer
7430,2024-07-28,3,Paid Search,Small Business
7431,2023-11-11,3,Paid Search,Consumer
7432,2024-04-17,3,Social,Small Business
7433,2024-12-11,4,Email,Consumer
7434,2023-12-24,5,Affiliate,Consumer
7435,2025-01-12,2,Social,Small Business
7436,2024-08-29,2,Email,Consumer
7437,2024-06-14,1,Paid Search,Consumer
7438,2024-03-26,4,Paid Search,Consumer
7439,2025-04-23,5,Paid Search,Consumer
7440,2024-07-31,2,Affiliate,Small Business
7441,2025-02-28,5,Organic,Enterprise
7442,2024-08-31,1,Social,Small Business
7443,2023-10-05,6,Email,Small Business
7444,2024-08-31,5,Paid Search,Consumer
7445,2024-10-15,5,Paid Search,Small Business
7446,2024-09-12,5,Paid Search,Consumer
7447,2025-04-18,3,Paid Search,Consumer
7448,2025-07-05,6,Social,Consumer
7449,2025-03-29,5,Paid Search,Consumer
7450,2024-12-01,2,Email,Consumer
7451,2024-11-05,6,Affiliate,Enterprise
7452,2025-01-06,5,Direct,Small Business
7453,2024-05-06,2,Paid Search,Small Business
7454,2025-04-15,6,Social,Small Business
7455,2025-05-18,2,Paid Search,Small Business
7456,2024-04-19,4,Paid Search,Consumer
7457,2025-06-27,5,Organic,Consumer
7458,2025-05-12,6,Social,Small Business
7459,2024-08-20,4,Organic,Consumer
7460,2025-07-03,6,Affiliate,Small Business
7461,2023-11-15,2,Paid Search,Consumer
7462,2023-06-03,5,Direct,Consumer
7463,2024-06-24,2,Paid Search,Consumer
7464,2024-11-20,6,Direct,Consumer
7465,2024-06-27,5,Organic,Small Business
7466,2025-08-09,4,Paid Search,Consumer
7467,2024-04-07,1,Social,Consumer
7468,2024-05-01,3,Paid Search,Small Business
7469,2024-12-31,1,Email,Consumer
7470,2023-02-26,6,Paid Search,Small Business
7471,2025-02-21,3,Affiliate,Small Business
7472,2024-07-17,5,Social,Small Business
7473,2025-10-03,6,Direct,Consumer
7474,2025-02-01,1,Paid Search,Small Business
7475,2023-07-29,5,Organic,Enterprise
7476,2023-10-07,2,Email,Consumer
7477,2023-09-30,1,Paid Search,Consumer
7478,2025-08-23,2,Paid Search,Consumer
7479,2025-01-28,4,Organic,Enterprise
7480,2024-08-22,6,Organic,Consumer
7481,2024-02-15,5,Email,Consumer
7482,2025-06-01,2,Paid Search,Consumer
7483,2024-02-16,2,Affiliate,Enterprise
7484,2025-02-09,2,Affiliate,Consumer
7485,2025-03-14,5,Email,Consumer
7486,2024-05-12,4,Paid Search,Consumer
7487,2024-10-13,1,Paid Search,Small Business
7488,2024-03-09,1,Direct,Consumer
7489,2024-07-18,1,Email,Consumer
7490,2025-09-10,6,Organic,Consumer
7491,2025-02-02,4,Affiliate,Small Business
7492,2025-05-10,3,Paid Search,Consumer
7493,2024-11-05,5,Email,Small Business
7494,2024-03-24,2,Organic,Consumer
7495,2025-02-13,1,Affiliate,Consumer
7496,2024-10-10,2,Email,Consumer
7497,2024-01-21,2,Social,Consumer
7498,2024-08-11,5,Paid Search,Consumer
7499,2024-12-31,5,Affiliate,Consumer
7500,2025-02-26,4,Email,Small Business
7501,2024-03-28,6,Social,Small Business
7502,2025-06-03,3,Direct,Consumer
7503,2024-07-18,2,Social,Consumer
7504,2024-04-22,2,Social,Consumer
7505,2024-02-10,1,Direct,Enterprise
7506,2025-04-10,6,Organic,Consumer
7507,2024-06-29,4,Affiliate,Consumer
7508,2024-09-29,5,Affiliate,Consumer
7509,2024-03-08,2,Social,Consumer
7510,2025-01-29,5,Paid Search,Consumer
7511,2025-03-26,2,Affiliate,Consumer
7512,2024-06-18,3,Social,Consumer
7513,2025-08-13,4,Organic,Small Business
7514,2023-06-10,6,Organic,Consumer
7515,2023-12-01,4,Paid Search,Consumer
7516,2024-12-04,5,Paid Search,Consumer
7517,2025-02-06,4,Organic,Consumer
7518,2024-04-04,3,Email,Consumer
7519,2024-11-13,6,Social,Enterprise
7520,2024-06-01,6,Paid Search,Consumer
7521,2024-11-13,2,Social,Consumer
7522,2025-01-14,6,Email,Consumer
7523,2025-09-24,3,Paid Search,Consumer
7524,2024-09-11,5,Organic,Consumer
7525,2025-01-08,4,Organic,Small Business
7526,2024-11-28,5,Social,Consumer
7527,2024-05-31,6,Organic,Consumer
7528,2024-04-06,3,Affiliate,Small Business
7529,2025-10-26,5,Paid Search,Small Business
7530,2024-02-22,4,Paid Search,Consumer
7531,2025-04-01,5,Paid Search,Consumer
7532,2023-12-18,2,Email,Consumer
7533,2025-04-10,5,Affiliate,Consumer
7534,2024-01-31,4,Organic,Consumer
7535,2025-09-14,3,Direct,Consumer
7536,2025-01-29,3,Organic,Small Business
7537,2023-10-03,5,Paid Search,Consumer
7538,2025-02-02,3,Paid Search,Consumer
7539,2024-12-13,1,Organic,Consumer
7540,2024-06-16,6,Organic,Small Business
7541,2024-04-13,3,Social,Consumer
7542,2025-02-16,1,Social,Consumer
7543,2025-03-01,2,Social,Small Business
7544,2024-06-08,5,Social,Consumer
7545,2025-06-03,2,Organic,Small Business
7546,2024-04-20,2,Email,Consumer
7547,2023-08-31,3,Email,Small Business
7548,2024-12-11,1,Social,Consumer
7549,2023-10-28,4,Affiliate,Consumer
7550,2024-04-27,1,Social,Consumer
7551,2024-10-15,6,Social,Small Business
7552,2024-05-05,3,Email,Consumer
7553,2024-03-01,2,Direct,Small Business
7554,2025-02-07,3,Direct,Consumer
7555,2024-11-09,2,Paid Search,Small Business
7556,2025-05-05,2,Paid Search,Consumer
7557,2024-11-30,1,Email,Consumer
7558,2024-09-29,5,Email,Consumer
7559,2024-04-13,6,Social,Consumer
7560,2025-04-02,3,Paid Search,Small Business
7561,2024-02-11,1,Social,Small Business
7562,2024-03-27,1,Paid Search,Consumer
7563,2025-05-07,5,Paid Search,Small Business
7564,2025-03-01,3,Organic,Consumer
7565,2024-12-18,2,Paid Search,Consumer
7566,2023-06-30,1,Organic,Small Business
7567,2023-11-24,4,Organic,Consumer
7568,2024-10-10,1,Social,Consumer
7569,2025-03-04,6,Social,Small Business
7570,2024-09-16,2,Affiliate,Consumer
7571,2023-05-01,1,Organic,Consumer
7572,2024-01-29,5,Affiliate,Small Business
7573,2024-12-04,3,Social,Consumer
7574,2025-02-03,5,Organic,Consumer
7575,2023-06-17,1,Direct,Enterprise
7576,2023-07-10,6,Paid Search,Consumer
7577,2024-04-13,2,Paid Search,Consumer
7578,2023-09-22,5,Affiliate,Consumer
7579,2024-11-06,6,Social,Enterprise
7580,2023-11-19,4,Paid Search,Consumer
7581,2025-01-08,3,Direct,Consumer
7582,2025-03-23,2,Paid Search,Consumer
7583,2025-09-19,5,Organic,Small Business
7584,2025-08-17,1,Email,Consumer
7585,2024-04-24,1,Email,Consumer
7586,2023-06-07,4,Social,Consumer
7587,2024-06-10,1,Paid Search,Consumer
7588,2025-02-10,2,Affiliate,Consumer
7589,2023-08-13,4,Email,Consumer
7590,2024-07-03,2,Paid Search,Consumer
7591,2024-05-15,6,Social,Consumer
7592,2024-03-05,6,Social,Consumer
7593,2025-02-09,1,Paid Search,Enterprise
7594,2025-01-14,2,Affiliate,Consumer
7595,2024-11-02,6,Direct,Consumer
7596,2025-07-05,1,Social,Consumer
7597,2023-10-22,3,Direct,Consumer
7598,2023-12-21,6,Email,Consumer
7599,2024-07-21,4,Email,Consumer
7600,2025-01-12,2,Direct,Consumer
7601,2024-12-01,1,Social,Small Business
7602,2023-09-07,3,Affiliate,Consumer
7603,2025-08-31,4,Paid Search,Consumer
7604,2024-05-21,1,Social,Consumer
7605,2024-07-03,4,Organic,Consumer
7606,2024-12-25,3,Paid Search,Small Business
7607,2025-08-13,2,Email,Consumer
7608,2025-01-16,6,Social,Small Business
7609,2025-08-26,6,Social,Consumer
7610,2024-02-02,5,Organic,Consumer
7611,2024-12-22,4,Paid Search,Consumer
7612,2025-04-27,3,Paid Search,Consumer
7613,2024-10-16,1,Paid Search,Consumer
7614,2024-07-05,2,Direct,Consumer
7615,2025-10-18,1,Email,Enterprise
7616,2023-12-11,3,Social,Consumer
7617,2024-08-10,3,Organic,Consumer
7618,2025-06-01,4,Organic,Small Business
7619,2025-06-25,3,Paid Search,Consumer
7620,2025-10-08,2,Paid Search,Small Business
7621,2025-06-11,5,Organic,Enterprise
7622,2023-07-26,1,Paid Search,Consumer
7623,2025-07-25,1,Affiliate,Enterprise
7624,2024-08-23,5,Paid Search,Consumer
7625,2025-01-10,4,Organic,Consumer
7626,2024-07-29,6,Social,Consumer
7627,2025-04-16,5,Email,Consumer
7628,2024-11-26,6,Direct,Consumer
7629,2025-05-10,4,Social,Consumer
7630,2024-02-08,6,Paid Search,Consumer
7631,2024-01-30,2,Organic,Consumer
7632,2024-08-31,4,Paid Search,Consumer
7633,2023-03-05,6,Paid Search,Consumer
7634,2025-02-02,5,Organic,Enterprise
7635,2024-05-13,3,Paid Search,Small Business
7636,2024-11-15,6,Paid Search,Enterprise
7637,2023-08-31,2,Social,Consumer
7638,2024-01-14,1,Social,Consumer
7639,2024-12-24,5,Affiliate,Consumer
7640,2024-05-21,3,Paid Search,Consumer
7641,2024-02-29,1,Social,Consumer
7642,2024-03-14,2,Organic,Consumer
7643,2024-03-01,1,Affiliate,Small Business
7644,2024-12-24,6,Social,Consumer
7645,2024-01-11,6,Organic,Consumer
7646,2024-07-06,6,Organic,Consumer
7647,2025-01-30,2,Social,Consumer
7648,2024-10-19,5,Paid Search,Consumer
7649,2024-12-09,4,Organic,Enterprise
7650,2024-04-04,2,Paid Search,Consumer
7651,2025-07-29,5,Social,Consumer
7652,2024-08-12,6,Organic,Consumer
7653,2024-05-06,3,Paid Search,Consumer
7654,2025-06-29,1,Paid Search,Small Business
7655,2025-01-12,6,Social,Small Business
7656,2024-12-19,2,Affiliate,Consumer
7657,2025-06-12,2,Email,Enterprise
7658,2023-08-10,4,Social,Consumer
7659,2025-05-04,5,Social,Small Business
7660,2025-01-24,5,Direct,Consumer
7661,2024-07-04,6,Organic,Small Business
7662,2024-04-09,6,Organic,Small Business
7663,2023-10-24,1,Paid Search,Consumer
7664,2025-08-08,2,Paid Search,Consumer
7665,2023-12-12,5,Paid Search,Consumer
7666,2024-04-12,3,Affiliate,Consumer
7667,2025-02-01,5,Affiliate,Consumer
7668,2025-02-11,3,Paid Search,Consumer
7669,2024-01-03,3,Organic,Consumer
7670,2025-04-17,1,Affiliate,Consumer
7671,2024-10-17,4,Affiliate,Small Business
7672,2025-05-12,6,Social,Consumer
7673,2023-09-28,5,Paid Search,Consumer
7674,2023-07-09,3,Direct,Consumer
7675,2025-01-01,5,Paid Search,Enterprise
7676,2023-12-22,2,Paid Search,Consumer
7677,2024-10-26,4,Paid Search,Consumer
7678,2023-04-19,3,Social,Consumer
7679,2025-03-25,6,Paid Search,Consumer
7680,2025-06-24,5,Organic,Enterprise
7681,2025-05-05,1,Direct,Consumer
7682,2025-08-31,6,Social,Consumer
7683,2025-06-28,5,Direct,Consumer
7684,2024-09-03,2,Affiliate,Consumer
7685,2024-08-01,2,Email,Consumer
7686,2025-06-21,2,Organic,Consumer
7687,2025-07-22,2,Affiliate,Small Business
7688,2025-09-24,6,Organic,Consumer
7689,2025-03-18,6,Paid Search,Consumer
7690,2024-02-17,4,Direct,Consumer
7691,2025-08-13,3,Social,Small Business
7692,2025-08-15,3,Affiliate,Consumer
7693,2025-01-18,6,Social,Small Business
7694,2025-05-19,2,Social,Small Business
7695,2024-11-17,5,Email,Small Business
7696,2025-08-12,6,Organic,Consumer
7697,2023-10-09,6,Social,Small Business
7698,2025-05-24,5,Affiliate,Consumer
7699,2023-08-05,6,Social,Consumer
7700,2024-06-17,2,Paid Search,Consumer
7701,2023-12-04,6,Organic,Consumer
7702,2024-09-26,1,Paid Search,Consumer
7703,2024-03-17,1,Social,Small Business
7704,2025-08-22,2,Paid Search,Enterprise
7705,2024-11-16,4,Paid Search,Consumer
7706,2025-06-23,2,Direct,Enterprise
7707,2024-04-28,4,Paid Search,Consumer
7708,2023-05-28,1,Email,Enterprise
7709,2025-03-22,5,Organic,Consumer
7710,2025-02-07,2,Paid Search,Consumer
7711,2024-11-08,4,Direct,Consumer
7712,2025-04-18,1,Paid Search,Enterprise
7713,2025-05-05,6,Social,Consumer
7714,2024-12-04,3,Email,Consumer
7715,2025-09-12,4,Email,Small Business
7716,2025-02-17,3,Social,Consumer
7717,2025-01-24,4,Affiliate,Consumer
7718,2024-07-05,3,Direct,Consumer
7719,2023-02-13,1,Social,Small Business
7720,2024-03-26,5,Organic,Small Business
7721,2025-03-15,4,Social,Consumer
7722,2025-02-11,2,Social,Consumer
7723,2024-06-11,1,Social,Consumer
7724,2024-12-26,6,Paid Search,Consumer
7725,2024-02-10,2,Organic,Consumer
7726,2024-04-15,6,Paid Search,Consumer
7727,2025-08-16,5,Paid Search,Consumer
7728,2024-08-12,6,Social,Consumer
7729,2024-03-29,4,Paid Search,Consumer
7730,2024-10-01,2,Organic,Consumer
7731,2024-07-24,1,Social,Small Business
7732,2025-02-22,2,Paid Search,Small Business
7733,2025-09-06,3,Paid Search,Consumer
7734,2024-12-06,4,Paid Search,Small Business
7735,2024-12-06,6,Organic,Enterprise
7736,2024-07-07,1,Paid Search,Small Business
7737,2024-11-20,4,Organic,Consumer
7738,2024-06-02,1,Organic,Consumer
7739,2023-01-31,3,Social,Small Business
7740,2025-05-26,1,Paid Search,Consumer
7741,2024-08-23,3,Social,Consumer
7742,2024-10-05,4,Social,Consumer
7743,2023-09-22,5,Social,Consumer
7744,2025-05-03,5,Direct,Small Business
7745,2024-01-14,4,Paid Search,Small Business
7746,2024-08-10,2,Paid Search,Consumer
7747,2025-05-06,6,Affiliate,Consumer
7748,2024-09-12,6,Direct,Enterprise
7749,2025-07-27,6,Social,Consumer
7750,2024-02-24,5,Organic,Small Business
7751,2025-02-14,5,Paid Search,Consumer
7752,2025-10-03,1,Email,Consumer
7753,2024-11-10,4,Organic,Consumer
7754,2025-02-01,3,Social,Consumer
7755,2024-07-29,2,Social,Consumer
7756,2025-03-07,1,Social,Consumer
7757,2025-07-03,2,Email,Small Business
7758,2025-02-07,6,Paid Search,Enterprise
7759,2025-08-02,6,Social,Small Business
7760,2024-12-04,5,Paid Search,Consumer
7761,2024-11-27,1,Email,Consumer
7762,2024-05-21,5,Paid Search,Consumer
7763,2025-02-11,1,Affiliate,Consumer
7764,2025-06-08,5,Social,Consumer
7765,2025-01-07,1,Social,Small Business
7766,2024-03-18,2,Social,Consumer
7767,2024-11-07,1,Social,Consumer
7768,2025-03-10,6,Social,Consumer
7769,2025-08-06,4,Social,Consumer
7770,2023-12-29,6,Paid Search,Small Business
7771,2023-11-24,1,Social,Consumer
7772,2024-08-12,5,Email,Consumer
7773,2023-11-21,3,Paid Search,Consumer
7774,2025-10-09,3,Affiliate,Small Business
7775,2024-08-20,6,Affiliate,Consumer
7776,2024-10-31,1,Organic,Small Business
7777,2024-03-12,6,Paid Search,Consumer
7778,2024-09-06,1,Organic,Enterprise
7779,2025-10-18,3,Affiliate,Small Business
7780,2024-10-03,1,Social,Consumer
7781,2023-03-28,4,Paid Search,Consumer
7782,2024-03-27,4,Social,Consumer
7783,2025-10-04,4,Social,Small Business
7784,2025-10-30,5,Paid Search,Small Business
7785,2024-02-25,5,Paid Search,Consumer
7786,2024-12-20,6,Organic,Consumer
7787,2023-09-12,3,Social,Small Business
7788,2024-11-27,2,Paid Search,Small Business
7789,2023-11-22,1,Direct,Consumer
7790,2025-04-20,2,Paid Search,Consumer
7791,2025-08-06,4,Paid Search,Consumer
7792,2024-01-17,1,Paid Search,Consumer
7793,2024-09-15,6,Paid Search,Enterprise
7794,2023-10-20,6,Social,Small Business
7795,2024-06-18,1,Paid Search,Consumer
7796,2023-08-22,5,Affiliate,Consumer
7797,2024-04-16,4,Affiliate,Consumer
7798,2025-11-02,3,Social,Consumer
7799,2023-07-13,5,Email,Enterprise
7800,2025-05-20,4,Organic,Consumer
7801,2023-09-13,2,Affiliate,Consumer
7802,2024-10-28,4,Paid Search,Small Business
7803,2024-09-08,1,Organic,Consumer
7804,2025-07-27,2,Paid Search,Consumer
7805,2024-02-14,6,Paid Search,Consumer
7806,2024-01-24,2,Affiliate,Consumer
7807,2025-03-06,4,Paid Search,Consumer
7808,2025-02-20,2,Social,Consumer
7809,2025-02-05,3,Paid Search,Enterprise
7810,2023-05-29,2,Affiliate,Small Business
7811,2024-04-12,4,Social,Consumer
7812,2025-05-05,4,Paid Search,Consumer
7813,2024-12-11,4,Organic,Consumer
7814,2024-12-12,2,Paid Search,Consumer
7815,2024-05-13,4,Paid Search,Consumer
7816,2024-04-12,5,Organic,Consumer
7817,2025-08-15,5,Direct,Consumer
7818,2025-02-21,4,Email,Small Business
7819,2023-11-23,2,Paid Search,Consumer
7820,2025-08-04,4,Social,Consumer
7821,2024-11-30,4,Email,Small Business
7822,2024-06-13,6,Paid Search,Small Business
7823,2024-07-31,3,Email,Consumer
7824,2025-02-20,2,Social,Small Business
7825,2024-07-16,5,Affiliate,Small Business
7826,2024-11-28,4,Social,Consumer
7827,2025-02-12,3,Direct,Consumer
7828,2024-02-10,1,Social,Small Business
7829,2025-08-12,5,Email,Consumer
7830,2024-07-01,5,Paid Search,Enterprise
7831,2024-08-16,6,Social,Enterprise
7832,2025-02-05,4,Social,Consumer
7833,2024-12-16,4,Paid Search,Consumer
7834,2024-08-31,2,Social,Small Business
7835,2025-01-09,3,Paid Search,Consumer
7836,2025-06-27,1,Direct,Consumer
7837,2025-04-07,4,Email,Small Business
7838,2025-04-24,5,Email,Consumer
7839,2024-04-11,5,Social,Consumer
7840,2024-08-16,4,Paid Search,Consumer
7841,2024-11-13,5,Social,Small Business
7842,2023-07-12,4,Paid Search,Enterprise
7843,2025-03-18,5,Organic,Consumer
7844,2024-06-05,3,Email,Consumer
7845,2024-05-02,4,Paid Search,Consumer
7846,2024-04-11,4,Paid Search,Consumer
7847,2024-05-03,4,Paid Search,Consumer
7848,2024-06-17,4,Social,Consumer
7849,2024-12-14,5,Paid Search,Consumer
7850,2024-12-01,2,Social,Small Business
7851,2024-04-08,2,Paid Search,Small Business
7852,2024-02-21,4,Paid Search,Small Business
7853,2025-04-25,4,Organic,Consumer
7854,2023-10-07,4,Direct,Consumer
7855,2024-10-18,2,Paid Search,Consumer
7856,2024-10-23,5,Paid Search,Consumer
7857,2024-11-25,4,Paid Search,Consumer
7858,2025-06-12,3,Email,Small Business
7859,2024-12-25,6,Social,Small Business
7860,2025-09-25,3,Organic,Consumer
7861,2025-05-30,1,Organic,Consumer
7862,2024-02-29,6,Direct,Consumer
7863,2024-03-26,3,Paid Search,Consumer
7864,2024-06-22,6,Paid Search,Consumer
7865,2024-07-27,4,Social,Small Business
7866,2024-11-12,2,Social,Small Business
7867,2024-03-18,3,Paid Search,Consumer
7868,2024-03-08,6,Affiliate,Small Business
7869,2024-07-20,6,Organic,Small Business
7870,2025-01-21,1,Direct,Consumer
7871,2025-01-30,6,Direct,Consumer
7872,2025-09-30,6,Social,Consumer
7873,2024-02-17,4,Affiliate,Consumer
7874,2024-07-28,2,Email,Consumer
7875,2025-09-10,4,Social,Consumer
7876,2025-01-31,3,Organic,Consumer
7877,2024-12-06,1,Direct,Consumer
7878,2024-11-04,6,Email,Small Business
7879,2023-09-09,4,Organic,Consumer
7880,2025-06-18,1,Paid Search,Consumer
7881,2024-12-26,3,Affiliate,Small Business
7882,2024-11-24,6,Social,Consumer
7883,2024-11-04,3,Organic,Small Business
7884,2024-07-28,3,Organic,Consumer
7885,2024-04-07,1,Social,Consumer
7886,2025-03-10,1,Paid Search,Small Business
7887,2024-10-16,6,Organic,Consumer
7888,2023-06-18,6,Paid Search,Consumer
7889,2024-08-02,1,Paid Search,Consumer
7890,2025-07-24,4,Paid Search,Consumer
7891,2024-07-14,5,Organic,Small Business
7892,2024-08-12,6,Paid Search,Consumer
7893,2024-12-25,4,Social,Consumer
7894,2025-04-08,6,Affiliate,Small Business
7895,2025-01-19,1,Social,Consumer
7896,2025-05-13,1,Affiliate,Consumer
7897,2023-11-06,3,Social,Consumer
7898,2025-07-20,2,Paid Search,Small Business
7899,2025-06-28,5,Email,Consumer
7900,2024-10-22,3,Social,Consumer
7901,2024-12-25,3,Direct,Consumer
7902,2024-02-28,4,Paid Search,Consumer
7903,2024-09-05,6,Affiliate,Small Business
7904,2024-02-17,1,Social,Small Business
7905,2023-05-16,4,Affiliate,Consumer
7906,2025-10-10,3,Paid Search,Small Business
7907,2024-04-11,1,Organic,Consumer
7908,2024-12-07,5,Paid Search,Consumer
7909,2024-05-17,6,Email,Consumer
7910,2024-07-12,2,Paid Search,Consumer
7911,2024-08-01,5,Social,Consumer
7912,2024-06-14,5,Organic,Consumer
7913,2025-01-02,5,Social,Consumer
7914,2025-09-04,3,Email,Small Business
7915,2024-08-23,2,Organic,Consumer
7916,2025-09-24,1,Paid Search,Consumer
7917,2025-01-19,1,Email,Consumer
7918,2024-12-15,2,Social,Consumer
7919,2024-03-22,4,Organic,Consumer
7920,2023-08-19,1,Paid Search,Consumer
7921,2025-05-15,5,Social,Consumer
7922,2024-11-25,4,Email,Consumer
7923,2024-08-13,3,Direct,Consumer
7924,2025-04-15,1,Direct,Consumer
7925,2024-05-26,4,Organic,Small Business
7926,2025-03-27,5,Paid Search,Consumer
7927,2024-06-09,3,Social,Consumer
7928,2025-07-16,5,Paid Search,Consumer
7929,2024-04-19,2,Organic,Consumer
7930,2023-12-07,1,Paid Search,Consumer
7931,2025-02-05,4,Direct,Consumer
7932,2024-01-06,6,Paid Search,Consumer
7933,2025-08-18,6,Paid Search,Small Business
7934,2025-01-12,6,Affiliate,Consumer
7935,2024-03-16,1,Paid Search,Consumer
7936,2024-02-24,1,Paid Search,Consumer
7937,2025-07-19,4,Organic,Small Business
7938,2024-12-15,6,Direct,Small Business
7939,2025-06-19,6,Paid Search,Consumer
7940,2023-11-01,2,Social,Consumer
7941,2025-07-21,3,Paid Search,Enterprise
7942,2024-10-23,4,Organic,Consumer
7943,2025-01-19,6,Social,Consumer
7944,2024-07-13,2,Organic,Consumer
7945,2023-08-11,6,Social,Small Business
7946,2025-08-30,5,Direct,Consumer
7947,2025-11-17,1,Organic,Small Business
7948,2024-07-07,6,Organic,Consumer
7949,2025-08-11,4,Social,Consumer
7950,2024-01-11,6,Social,Consumer
7951,2023-12-27,2,Social,Consumer
7952,2023-09-05,6,Social,Small Business
7953,2024-07-27,1,Paid Search,Consumer
7954,2023-07-29,1,Paid Search,Consumer
7955,2024-07-30,3,Social,Small Business
7956,2023-12-08,4,Paid Search,Consumer
7957,2025-02-23,2,Paid Search,Consumer
7958,2025-04-30,2,Social,Consumer
7959,2025-01-30,3,Email,Small Business
7960,2024-02-15,1,Paid Search,Consumer
7961,2025-03-17,2,Email,Consumer
7962,2024-04-03,1,Paid Search,Consumer
7963,2025-03-12,6,Direct,Consumer
7964,2024-11-21,6,Social,Consumer
7965,2024-07-09,4,Social,Consumer
7966,2023-09-22,5,Organic,Consumer
7967,2025-04-26,1,Social,Consumer
7968,2025-08-06,1,Social,Consumer
7969,2025-01-18,3,Social,Small Business
7970,2025-09-09,6,Direct,Consumer
7971,2025-07-30,3,Affiliate,Consumer
7972,2024-02-09,5,Social,Consumer
7973,2025-02-23,3,Affiliate,Consumer
7974,2024-06-25,2,Paid Search,Consumer
7975,2024-10-02,5,Social,Consumer
7976,2023-12-30,3,Social,Small Business
7977,2025-09-27,5,Social,Consumer
7978,2025-02-20,5,Affiliate,Small Business
7979,2024-04-18,5,Affiliate,Enterprise
7980,2024-07-12,5,Affiliate,Enterprise
7981,2024-08-19,5,Organic,Consumer
7982,2025-03-05,3,Social,Consumer
7983,2025-07-21,2,Email,Consumer
7984,2024-06-03,4,Paid Search,Consumer
7985,2024-09-22,2,Affiliate,Small Business
7986,2024-12-07,1,Paid Search,Consumer
7987,2024-07-29,3,Email,Small Business
7988,2024-10-13,4,Organic,Consumer
7989,2023-10-26,4,Paid Search,Small Business
7990,2024-01-11,3,Paid Search,Consumer
7991,2024-08-03,5,Social,Consumer
7992,2025-07-09,2,Paid Search,Consumer
7993,2024-06-25,4,Affiliate,Consumer
7994,2024-04-03,2,Paid Search,Small Business
7995,2025-03-02,6,Social,Consumer
7996,2025-08-18,4,Paid Search,Consumer
7997,2024-09-13,4,Paid Search,Consumer
7998,2023-03-27,3,Paid Search,Small Business
7999,2025-01-30,5,Affiliate,Consumer
8000,2024-08-13,3,Organic,Enterprise
8001,2025-01-22,5,Affiliate,Consumer
8002,2024-04-28,1,Social,Small Business
8003,2023-02-14,5,Paid Search,Small Business
8004,2024-06-22,6,Paid Search,Consumer
8005,2025-02-08,2,Social,Consumer
8006,2024-07-28,2,Paid Search,Consumer
8007,2024-03-05,6,Paid Search,Consumer
8008,2024-09-16,3,Organic,Consumer
8009,2025-03-08,5,Paid Search,Small Business
8010,2023-11-13,2,Organic,Consumer
8011,2025-02-01,3,Organic,Consumer
8012,2025-01-19,5,Email,Consumer
8013,2024-07-12,6,Social,Consumer
8014,2025-09-19,3,Organic,Consumer
8015,2025-06-20,1,Social,Consumer
8016,2024-05-30,3,Paid Search,Small Business
8017,2023-06-11,4,Social,Consumer
8018,2024-05-24,6,Paid Search,Consumer
8019,2024-02-19,6,Social,Consumer
8020,2024-11-09,5,Email,Consumer
8021,2025-07-13,1,Email,Consumer
8022,2025-05-29,4,Paid Search,Consumer
8023,2024-05-22,4,Paid Search,Consumer
8024,2024-08-23,3,Paid Search,Small Business
8025,2023-06-25,6,Direct,Small Business
8026,2024-11-07,6,Social,Consumer
8027,2023-08-19,2,Social,Consumer
8028,2025-08-05,6,Paid Search,Consumer
8029,2025-05-27,6,Email,Consumer
8030,2024-02-29,5,Social,Consumer
8031,2025-02-05,3,Paid Search,Consumer
8032,2024-11-22,5,Social,Consumer
8033,2025-04-08,4,Organic,Consumer
8034,2024-09-24,6,Social,Consumer
8035,2024-02-06,5,Direct,Consumer
8036,2025-01-03,6,Affiliate,Consumer
8037,2023-09-17,3,Social,Small Business
8038,2024-12-02,1,Direct,Consumer
8039,2024-02-27,3,Email,Enterprise
8040,2025-01-28,6,Social,Consumer
8041,2025-04-27,4,Email,Small Business
8042,2023-10-31,5,Social,Consumer
8043,2024-08-03,4,Social,Small Business
8044,2025-02-25,4,Social,Consumer
8045,2024-01-07,1,Email,Consumer
8046,2024-11-21,3,Affiliate,Consumer
8047,2025-01-21,1,Social,Consumer
8048,2024-06-30,3,Organic,Consumer
8049,2025-04-29,5,Organic,Enterprise
8050,2024-10-17,5,Affiliate,Consumer
8051,2024-12-27,2,Social,Consumer
8052,2023-12-11,4,Paid Search,Consumer
8053,2023-05-20,2,Paid Search,Small Business
8054,2023-07-26,2,Paid Search,Small Business
8055,2025-06-28,6,Paid Search,Consumer
8056,2025-06-09,4,Social,Consumer
8057,2025-04-12,2,Paid Search,Small Business
8058,2024-02-14,1,Affiliate,Small Business
8059,2024-10-26,1,Social,Small Business
8060,2025-04-04,3,Social,Consumer
8061,2025-01-23,1,Email,Consumer
8062,2023-11-08,4,Social,Enterprise
8063,2025-06-20,3,Organic,Consumer
8064,2024-01-03,4,Affiliate,Consumer
8065,2024-01-16,2,Social,Consumer
8066,2025-06-26,1,Social,Consumer
8067,2024-09-30,1,Social,Small Business
8068,2024-07-13,1,Social,Consumer
8069,2024-11-13,1,Organic,Consumer
8070,2025-10-11,2,Social,Consumer
8071,2023-11-14,5,Social,Small Business
8072,2025-03-11,4,Social,Small Business
8073,2024-06-14,2,Paid Search,Consumer
8074,2023-11-10,6,Paid Search,Consumer
8075,2024-08-18,5,Organic,Consumer
8076,2024-11-10,5,Paid Search,Small Business
8077,2024-02-21,6,Organic,Consumer
8078,2024-08-06,5,Affiliate,Consumer
8079,2025-01-01,6,Email,Consumer
8080,2024-11-27,2,Social,Small Business
8081,2025-02-19,6,Social,Small Business
8082,2025-05-03,1,Organic,Consumer
8083,2024-08-09,2,Organic,Consumer
8084,2024-08-19,6,Direct,Consumer
8085,2024-10-08,1,Social,Small Business
8086,2024-11-21,4,Paid Search,Consumer
8087,2023-10-29,3,Social,Small Business
8088,2024-05-27,1,Direct,Consumer
8089,2024-01-16,2,Organic,Consumer
8090,2024-07-23,4,Affiliate,Consumer
8091,2025-09-25,4,Email,Consumer
8092,2024-11-30,5,Direct,Consumer
8093,2024-08-23,1,Social,Consumer
8094,2024-11-20,2,Direct,Consumer
8095,2025-01-20,1,Affiliate,Small Business
8096,2024-08-27,1,Affiliate,Consumer
8097,2024-09-05,3,Direct,Consumer
8098,2025-02-06,4,Social,Consumer
8099,2023-08-15,3,Email,Consumer
8100,2024-11-04,1,Organic,Consumer
8101,2024-11-09,2,Email,Consumer
8102,2025-03-10,3,Email,Consumer
8103,2025-10-13,3,Email,Small Business
8104,2025-04-04,5,Social,Consumer
8105,2024-10-12,4,Email,Consumer
8106,2024-01-13,6,Affiliate,Consumer
8107,2024-12-04,2,Organic,Consumer
8108,2025-05-01,3,Social,Consumer
8109,2025-07-28,1,Affiliate,Consumer
8110,2025-04-25,1,Email,Small Business
8111,2024-02-03,6,Social,Consumer
8112,2025-02-13,3,Organic,Consumer
8113,2025-06-07,4,Organic,Small Business
8114,2025-01-26,2,Organic,Small Business
8115,2025-01-29,1,Social,Consumer
8116,2024-10-10,6,Paid Search,Consumer
8117,2025-01-01,4,Affiliate,Consumer
8118,2024-05-12,5,Direct,Small Business
8119,2023-10-01,4,Social,Consumer
8120,2025-04-26,3,Affiliate,Consumer
8121,2025-08-10,3,Social,Consumer
8122,2025-05-18,5,Paid Search,Consumer
8123,2024-06-13,2,Email,Consumer
8124,2023-10-08,3,Paid Search,Consumer
8125,2024-04-30,2,Paid Search,Consumer
8126,2025-05-08,4,Direct,Consumer
8127,2025-01-12,6,Social,Small Business
8128,2025-09-13,6,Paid Search,Small Business
8129,2024-06-20,4,Social,Consumer
8130,2024-11-11,2,Organic,Consumer
8131,2025-03-31,6,Organic,Small Business
8132,2024-03-19,2,Social,Small Business
8133,2025-09-09,3,Social,Small Business
8134,2024-12-06,6,Organic,Consumer
8135,2023-03-23,2,Organic,Consumer
8136,2023-05-26,3,Direct,Enterprise
8137,2025-06-08,6,Social,Consumer
8138,2025-01-06,2,Affiliate,Consumer
8139,2025-03-14,4,Direct,Small Business
8140,2025-03-28,1,Social,Consumer
8141,2024-08-17,6,Paid Search,Consumer
8142,2025-04-06,3,Organic,Enterprise
8143,2025-08-03,5,Affiliate,Consumer
8144,2024-01-16,4,Paid Search,Consumer
8145,2025-03-15,3,Paid Search,Consumer
8146,2024-05-23,3,Organic,Consumer
8147,2024-06-03,1,Email,Consumer
8148,2024-08-12,2,Paid Search,Consumer
8149,2025-05-24,3,Social,Consumer
8150,2023-05-17,3,Paid Search,Consumer
8151,2024-08-27,2,Direct,Consumer
8152,2025-01-26,4,Organic,Enterprise
8153,2023-11-01,5,Social,Consumer
8154,2025-04-02,6,Affiliate,Small Business
8155,2025-08-09,6,Social,Consumer
8156,2023-10-04,4,Affiliate,Consumer
8157,2023-12-25,3,Paid Search,Consumer
8158,2025-09-26,4,Paid Search,Enterprise
8159,2024-02-12,1,Social,Consumer
8160,2023-09-15,5,Paid Search,Consumer
8161,2025-08-22,4,Affiliate,Consumer
8162,2025-06-18,1,Social,Consumer
8163,2025-01-12,3,Paid Search,Consumer
8164,2024-11-11,2,Email,Consumer
8165,2025-07-14,3,Social,Consumer
8166,2025-01-12,1,Social,Small Business
8167,2025-01-14,1,Paid Search,Small Business
8168,2025-05-08,3,Direct,Enterprise
8169,2025-01-11,2,Organic,Consumer
8170,2024-10-12,6,Affiliate,Consumer
8171,2024-07-26,2,Email,Consumer
8172,2024-10-12,2,Social,Small Business
8173,2024-10-24,6,Paid Search,Small Business
8174,2024-07-04,6,Organic,Consumer
8175,2024-09-05,1,Paid Search,Consumer
8176,2025-04-08,1,Direct,Consumer
8177,2024-08-14,1,Paid Search,Consumer
8178,2023-05-27,3,Social,Consumer
8179,2024-05-02,4,Organic,Consumer
8180,2024-03-17,3,Social,Consumer
8181,2025-04-03,1,Organic,Consumer
8182,2024-09-06,2,Email,Consumer
8183,2024-04-30,4,Email,Enterprise
8184,2025-04-14,3,Affiliate,Enterprise
8185,2023-05-08,1,Social,Small Business
8186,2024-01-18,4,Social,Small Business
8187,2025-04-26,4,Affiliate,Consumer
8188,2024-11-11,3,Paid Search,Consumer
8189,2025-03-21,6,Paid Search,Consumer
8190,2025-05-04,6,Paid Search,Consumer
8191,2025-08-09,1,Email,Small Business
8192,2023-08-19,6,Organic,Consumer
8193,2025-04-07,1,Paid Search,Enterprise
8194,2025-02-11,3,Paid Search,Consumer
8195,2024-02-22,6,Paid Search,Consumer
8196,2025-07-28,6,Social,Small Business
8197,2024-08-05,1,Paid Search,Small Business
8198,2025-06-13,1,Email,Consumer
8199,2024-12-14,2,Direct,Consumer
8200,2024-10-27,2,Email,Consumer
8201,2024-01-02,2,Affiliate,Consumer
8202,2025-07-09,3,Direct,Small Business
8203,2024-11-15,2,Email,Consumer
8204,2023-03-13,4,Organic,Small Business
8205,2023-05-04,6,Email,Consumer
8206,2025-03-23,4,Organic,Enterprise
8207,2024-01-05,2,Social,Consumer
8208,2024-12-10,4,Paid Search,Small Business
8209,2025-01-26,4,Organic,Consumer
8210,2024-04-29,6,Affiliate,Small Business
8211,2024-11-22,6,Organic,Small Business
8212,2024-03-25,2,Social,Consumer
8213,2025-08-14,6,Organic,Consumer
8214,2025-05-21,5,Email,Enterprise
8215,2024-05-07,1,Email,Enterprise
8216,2024-10-28,4,Social,Small Business
8217,2024-10-10,1,Social,Consumer
8218,2025-09-02,3,Social,Consumer
8219,2024-07-29,1,Affiliate,Consumer
8220,2024-11-18,2,Paid Search,Small Business
8221,2025-07-24,4,Affiliate,Consumer
8222,2024-01-05,2,Paid Search,Consumer
8223,2024-11-11,1,Direct,Small Business
8224,2023-10-26,3,Social,Consumer
8225,2024-12-21,4,Email,Consumer
8226,2024-07-08,5,Email,Enterprise
8227,2025-09-15,1,Email,Consumer
8228,2024-08-14,3,Email,Consumer
8229,2023-12-05,2,Paid Search,Small Business
8230,2025-05-01,1,Paid Search,Enterprise
8231,2025-04-21,1,Paid Search,Consumer
8232,2025-02-03,5,Organic,Consumer
8233,2025-03-06,6,Organic,Consumer
8234,2024-04-16,4,Paid Search,Consumer
8235,2025-01-04,3,Email,Consumer
8236,2023-06-28,6,Social,Consumer
8237,2024-02-11,3,Social,Consumer
8238,2025-07-28,4,Social,Consumer
8239,2025-02-28,4,Email,Small Business
8240,2024-03-16,4,Paid Search,Consumer
8241,2023-11-03,3,Affiliate,Consumer
8242,2025-08-18,3,Organic,Small Business
8243,2023-11-04,2,Organic,Consumer
8244,2024-04-09,5,Paid Search,Small Business
8245,2024-01-27,5,Email,Small Business
8246,2023-03-21,3,Affiliate,Small Business
8247,2024-05-28,5,Social,Small Business
8248,2025-09-26,1,Paid Search,Small Business
8249,2024-06-20,3,Social,Consumer
8250,2024-10-13,6,Social,Consumer
8251,2025-03-04,5,Social,Consumer
8252,2024-11-11,5,Organic,Enterprise
8253,2025-03-03,6,Social,Consumer
8254,2025-01-15,4,Affiliate,Consumer
8255,2024-12-16,4,Social,Consumer
8256,2025-01-09,3,Organic,Consumer
8257,2025-04-06,5,Direct,Consumer
8258,2025-02-11,5,Social,Consumer
8259,2025-04-02,4,Paid Search,Enterprise
8260,2023-12-16,1,Organic,Consumer
8261,2025-01-24,5,Social,Enterprise
8262,2025-02-27,2,Email,Small Business
8263,2024-05-17,3,Affiliate,Consumer
8264,2025-06-02,1,Organic,Consumer
8265,2024-05-21,2,Direct,Small Business
8266,2024-03-28,1,Paid Search,Small Business
8267,2025-05-27,1,Paid Search,Consumer
8268,2024-03-31,1,Paid Search,Consumer
8269,2024-08-14,2,Organic,Consumer
8270,2024-07-10,5,Paid Search,Consumer
8271,2025-06-23,6,Paid Search,Consumer
8272,2024-09-10,2,Direct,Consumer
8273,2025-02-03,3,Social,Consumer
8274,2025-04-03,5,Paid Search,Consumer
8275,2024-12-27,5,Social,Consumer
8276,2025-08-11,6,Paid Search,Small Business
8277,2025-04-09,3,Paid Search,Small Business
8278,2024-08-03,2,Social,Consumer
8279,2025-08-20,1,Social,Small Business
8280,2024-10-26,5,Email,Small Business
8281,2023-05-18,1,Social,Consumer
8282,2024-04-12,3,Email,Consumer
8283,2024-12-24,3,Email,Consumer
8284,2023-12-30,6,Email,Small Business
8285,2024-12-01,6,Affiliate,Enterprise
8286,2024-07-05,3,Social,Consumer
8287,2024-11-01,4,Paid Search,Consumer
8288,2023-02-09,3,Paid Search,Small Business
8289,2025-05-12,5,Paid Search,Small Business
8290,2024-07-05,2,Affiliate,Consumer
8291,2023-12-10,5,Organic,Consumer
8292,2024-08-29,6,Paid Search,Small Business
8293,2024-10-01,2,Paid Search,Consumer
8294,2025-01-02,2,Affiliate,Small Business
8295,2024-10-26,3,Social,Enterprise
8296,2023-07-11,5,Paid Search,Consumer
8297,2025-05-30,4,Affiliate,Consumer
8298,2024-09-11,2,Email,Small Business
8299,2023-09-12,3,Social,Consumer
8300,2025-03-20,4,Social,Consumer
8301,2025-01-15,6,Organic,Consumer
8302,2025-01-08,3,Social,Consumer
8303,2024-08-22,1,Direct,Consumer
8304,2024-08-10,1,Email,Small Business
8305,2024-11-02,1,Organic,Consumer
8306,2023-07-26,1,Organic,Consumer
8307,2024-05-16,3,Direct,Consumer
8308,2025-10-26,2,Paid Search,Consumer
8309,2025-01-16,2,Paid Search,Small Business
8310,2024-08-16,5,Email,Consumer
8311,2024-03-08,3,Paid Search,Small Business
8312,2025-03-03,5,Organic,Consumer
8313,2024-04-12,4,Social,Consumer
8314,2024-01-05,2,Social,Consumer
8315,2023-12-27,6,Paid Search,Small Business
8316,2025-02-22,3,Email,Consumer
8317,2025-01-05,6,Paid Search,Small Business
8318,2023-08-31,1,Paid Search,Consumer
8319,2023-11-08,6,Social,Small Business
8320,2024-12-31,5,Paid Search,Small Business
8321,2024-11-23,2,Organic,Small Business
8322,2025-01-29,5,Direct,Consumer
8323,2024-01-22,5,Email,Consumer
8324,2025-02-21,6,Organic,Consumer
8325,2025-08-02,2,Social,Consumer
8326,2024-12-11,6,Direct,Small Business
8327,2024-02-11,5,Affiliate,Consumer
8328,2025-01-25,3,Affiliate,Consumer
8329,2024-06-21,3,Paid Search,Consumer
8330,2023-07-23,2,Paid Search,Consumer
8331,2024-05-19,3,Paid Search,Consumer
8332,2025-06-30,6,Paid Search,Small Business
8333,2024-08-10,6,Paid Search,Consumer
8334,2025-05-25,1,Affiliate,Consumer
8335,2024-10-15,1,Paid Search,Consumer
8336,2024-10-21,1,Paid Search,Consumer
8337,2023-03-08,4,Affiliate,Consumer
8338,2025-01-01,2,Direct,Consumer
8339,2023-10-29,5,Paid Search,Consumer
8340,2024-09-26,5,Paid Search,Consumer
8341,2024-04-12,2,Email,Small Business
8342,2024-07-28,5,Direct,Small Business
8343,2024-11-03,5,Organic,Small Business
8344,2023-04-21,6,Social,Consumer
8345,2024-05-04,5,Organic,Consumer
8346,2025-10-31,3,Email,Consumer
8347,2023-08-08,6,Paid Search,Consumer
8348,2024-06-02,2,Social,Small Business
8349,2024-06-03,5,Affiliate,Consumer
8350,2024-07-18,3,Organic,Consumer
8351,2025-01-28,6,Paid Search,Small Business
8352,2024-04-01,5,Email,Consumer
8353,2024-09-14,4,Organic,Consumer
8354,2025-01-06,2,Paid Search,Enterprise
8355,2024-06-04,2,Social,Consumer
8356,2025-08-18,6,Social,Small Business
8357,2025-10-07,5,Direct,Consumer
8358,2023-11-14,4,Paid Search,Enterprise
8359,2024-06-21,6,Affiliate,Small Business
8360,2024-02-23,5,Social,Consumer
8361,2024-02-01,3,Affiliate,Enterprise
8362,2024-10-04,5,Direct,Consumer
8363,2024-11-19,5,Direct,Small Business
8364,2024-08-21,3,Affiliate,Consumer
8365,2024-04-23,1,Social,Consumer
8366,2024-04-29,5,Paid Search,Consumer
8367,2025-11-08,3,Social,Consumer
8368,2025-07-19,3,Organic,Consumer
8369,2023-09-10,5,Social,Consumer
8370,2025-01-13,5,Social,Consumer
8371,2024-09-11,1,Paid Search,Small Business
8372,2025-01-31,5,Email,Small Business
8373,2024-12-09,2,Paid Search,Consumer
8374,2025-06-15,4,Social,Consumer
8375,2023-08-26,6,Organic,Consumer
8376,2024-06-26,2,Social,Enterprise
8377,2025-10-20,2,Affiliate,Small Business
8378,2024-01-27,6,Organic,Enterprise
8379,2023-11-24,3,Email,Small Business
8380,2025-02-22,6,Social,Consumer
8381,2025-03-23,3,Paid Search,Consumer
8382,2025-01-21,4,Email,Consumer
8383,2025-03-23,4,Paid Search,Consumer
8384,2025-02-02,6,Affiliate,Consumer
8385,2023-12-04,4,Direct,Consumer
8386,2024-12-16,4,Paid Search,Small Business
8387,2025-03-23,3,Email,Consumer
8388,2025-05-25,3,Social,Consumer
8389,2024-03-31,3,Paid Search,Small Business
8390,2023-11-24,3,Social,Consumer
8391,2025-03-26,5,Organic,Consumer
8392,2024-04-09,1,Direct,Consumer
8393,2023-06-13,4,Social,Consumer
8394,2025-04-25,4,Organic,Consumer
8395,2024-10-14,5,Social,Consumer
8396,2024-06-08,4,Paid Search,Consumer
8397,2023-04-09,3,Organic,Consumer
8398,2023-06-22,1,Email,Consumer
8399,2025-04-02,3,Organic,Small Business
8400,2024-10-03,2,Direct,Consumer
8401,2023-12-21,2,Paid Search,Consumer
8402,2024-07-03,5,Organic,Consumer
8403,2024-01-08,3,Paid Search,Consumer
8404,2023-11-05,5,Email,Consumer
8405,2024-04-27,1,Paid Search,Consumer
8406,2024-11-10,6,Paid Search,Small Business
8407,2024-02-25,3,Email,Small Business
8408,2024-06-21,2,Social,Small Business
8409,2024-09-25,3,Organic,Small Business
8410,2024-08-17,6,Direct,Consumer
8411,2023-11-25,5,Social,Consumer
8412,2023-06-30,2,Social,Consumer
8413,2023-06-22,6,Direct,Consumer
8414,2024-06-26,1,Email,Consumer
8415,2025-02-16,2,Paid Search,Consumer
8416,2023-11-29,5,Email,Enterprise
8417,2025-03-29,4,Social,Consumer
8418,2025-02-14,3,Email,Small Business
8419,2023-02-27,6,Organic,Enterprise
8420,2023-05-30,5,Paid Search,Consumer
8421,2024-02-09,6,Email,Consumer
8422,2023-08-06,2,Paid Search,Consumer
8423,2024-10-30,6,Affiliate,Consumer
8424,2023-07-02,2,Email,Small Business
8425,2025-04-09,5,Direct,Enterprise
8426,2024-10-05,4,Paid Search,Consumer
8427,2025-02-21,4,Social,Consumer
8428,2025-03-07,1,Paid Search,Small Business
8429,2024-10-14,6,Social,Consumer
8430,2025-07-20,2,Social,Small Business
8431,2025-11-02,4,Organic,Consumer
8432,2024-07-03,1,Social,Consumer
8433,2023-11-22,6,Direct,Consumer
8434,2024-07-06,2,Paid Search,Consumer
8435,2024-03-09,5,Social,Consumer
8436,2024-10-30,5,Organic,Consumer
8437,2024-07-18,4,Paid Search,Consumer
8438,2024-09-27,1,Email,Small Business
8439,2025-03-14,2,Organic,Consumer
8440,2024-04-25,4,Organic,Small Business
8441,2024-11-03,4,Organic,Consumer
8442,2024-06-14,4,Email,Consumer
8443,2025-03-28,2,Direct,Consumer
8444,2025-01-03,4,Paid Search,Small Business
8445,2023-03-26,1,Social,Consumer
8446,2025-01-14,3,Email,Consumer
8447,2024-01-14,1,Paid Search,Enterprise
8448,2025-02-19,4,Organic,Consumer
8449,2024-11-21,4,Organic,Small Business
8450,2024-08-04,6,Paid Search,Small Business
8451,2025-02-02,3,Social,Consumer
8452,2025-05-18,1,Email,Consumer
8453,2025-03-24,2,Paid Search,Small Business
8454,2024-11-08,5,Paid Search,Small Business
8455,2025-02-18,6,Email,Consumer
8456,2024-08-12,1,Email,Small Business
8457,2025-03-31,5,Organic,Small Business
8458,2025-04-27,3,Social,Consumer
8459,2023-12-06,2,Paid Search,Small Business
8460,2024-03-23,4,Email,Consumer
8461,2024-04-21,6,Paid Search,Consumer
8462,2024-01-09,2,Affiliate,Enterprise
8463,2024-07-28,6,Email,Small Business
8464,2024-02-07,1,Paid Search,Consumer
8465,2024-12-08,5,Organic,Consumer
8466,2023-10-20,1,Direct,Consumer
8467,2024-04-21,1,Affiliate,Consumer
8468,2025-01-18,1,Organic,Consumer
8469,2024-08-01,5,Paid Search,Consumer
8470,2024-08-18,4,Organic,Consumer
8471,2025-04-06,5,Organic,Consumer
8472,2025-10-18,1,Organic,Small Business
8473,2024-11-20,6,Paid Search,Small Business
8474,2023-09-15,5,Affiliate,Consumer
8475,2023-10-22,3,Social,Consumer
8476,2025-09-16,6,Paid Search,Enterprise
8477,2025-01-25,1,Paid Search,Consumer
8478,2025-03-08,2,Paid Search,Consumer
8479,2025-01-23,1,Social,Consumer
8480,2024-01-24,1,Paid Search,Small Business
8481,2024-09-06,6,Social,Consumer
8482,2025-04-06,3,Paid Search,Enterprise
8483,2025-05-26,4,Paid Search,Enterprise
8484,2024-03-22,6,Paid Search,Enterprise
8485,2024-12-08,5,Social,Small Business
8486,2023-12-30,3,Social,Small Business
8487,2025-08-31,3,Social,Enterprise
8488,2024-04-05,1,Email,Consumer
8489,2025-02-21,5,Social,Small Business
8490,2024-03-16,6,Organic,Consumer
8491,2024-12-20,4,Paid Search,Consumer
8492,2025-01-14,3,Social,Consumer
8493,2024-06-09,6,Paid Search,Enterprise
8494,2025-04-20,3,Social,Consumer
8495,2025-06-11,3,Organic,Consumer
8496,2025-05-17,6,Email,Consumer
8497,2024-06-11,3,Organic,Consumer
8498,2025-03-03,6,Social,Consumer
8499,2024-11-16,1,Paid Search,Consumer
8500,2024-12-06,3,Direct,Consumer
8501,2024-09-25,3,Paid Search,Small Business
8502,2024-12-11,2,Paid Search,Enterprise
8503,2023-12-04,6,Paid Search,Consumer
8504,2024-08-09,3,Direct,Consumer
8505,2024-01-22,6,Affiliate,Consumer
8506,2024-04-30,2,Social,Consumer
8507,2023-11-24,3,Paid Search,Small Business
8508,2024-02-27,3,Email,Small Business
8509,2025-03-26,4,Social,Consumer
8510,2024-11-10,2,Paid Search,Small Business
8511,2023-05-21,2,Social,Consumer
8512,2025-03-30,4,Social,Enterprise
8513,2025-07-04,2,Social,Consumer
8514,2025-06-07,5,Organic,Small Business
8515,2025-04-23,3,Email,Consumer
8516,2025-11-09,6,Organic,Consumer
8517,2024-12-03,2,Paid Search,Consumer
8518,2025-09-06,6,Paid Search,Small Business
8519,2025-08-18,3,Affiliate,Enterprise
8520,2024-05-28,1,Paid Search,Small Business
8521,2025-05-24,5,Social,Consumer
8522,2025-04-02,2,Paid Search,Consumer
8523,2025-03-22,1,Paid Search,Enterprise
8524,2025-06-21,4,Social,Consumer
8525,2024-07-22,5,Paid Search,Consumer
8526,2024-08-02,2,Organic,Consumer
8527,2025-01-03,4,Social,Small Business
8528,2025-02-27,1,Email,Consumer
8529,2025-06-06,2,Organic,Consumer
8530,2025-06-03,5,Paid Search,Consumer
8531,2025-02-18,1,Email,Consumer
8532,2025-08-29,3,Direct,Consumer
8533,2024-01-23,4,Paid Search,Small Business
8534,2025-08-20,1,Organic,Small Business
8535,2023-08-21,6,Organic,Enterprise
8536,2024-11-14,4,Organic,Consumer
8537,2023-10-03,3,Paid Search,Consumer
8538,2024-11-22,6,Paid Search,Consumer
8539,2024-07-26,4,Paid Search,Small Business
8540,2023-09-19,5,Paid Search,Consumer
8541,2025-01-08,1,Social,Consumer
8542,2025-02-23,1,Affiliate,Consumer
8543,2024-01-18,1,Social,Consumer
8544,2025-02-03,4,Social,Small Business
8545,2024-01-24,6,Paid Search,Consumer
8546,2023-12-06,6,Social,Consumer
8547,2023-12-19,4,Email,Consumer
8548,2024-12-10,1,Affiliate,Consumer
8549,2025-03-24,4,Social,Enterprise
8550,2024-12-09,4,Social,Small Business
8551,2025-04-13,4,Paid Search,Enterprise
8552,2024-12-06,5,Direct,Consumer
8553,2025-04-05,4,Social,Small Business
8554,2025-10-01,5,Social,Consumer
8555,2024-07-27,3,Social,Consumer
8556,2023-12-22,1,Paid Search,Consumer
8557,2023-12-04,1,Social,Consumer
8558,2024-12-09,6,Direct,Consumer
8559,2024-11-09,3,Paid Search,Small Business
8560,2024-01-29,2,Paid Search,Small Business
8561,2025-06-08,2,Paid Search,Consumer
8562,2025-08-29,1,Paid Search,Consumer
8563,2024-04-06,6,Direct,Small Business
8564,2024-02-22,1,Organic,Consumer
8565,2024-02-29,2,Affiliate,Small Business
8566,2024-07-24,3,Affiliate,Consumer
8567,2025-05-16,3,Organic,Small Business
8568,2024-12-08,1,Organic,Consumer
8569,2023-08-27,2,Social,Consumer
8570,2024-09-22,5,Organic,Consumer
8571,2023-10-03,2,Organic,Consumer
8572,2024-08-07,6,Organic,Consumer
8573,2024-08-05,3,Social,Consumer
8574,2025-01-08,1,Organic,Consumer
8575,2024-11-10,1,Paid Search,Small Business
8576,2025-06-02,5,Organic,Consumer
8577,2023-04-27,3,Social,Consumer
8578,2025-03-21,6,Social,Consumer
8579,2023-05-19,5,Social,Small Business
8580,2024-05-20,1,Email,Consumer
8581,2025-06-06,2,Email,Consumer
8582,2025-01-31,5,Social,Small Business
8583,2024-01-16,1,Social,Consumer
8584,2024-10-04,6,Paid Search,Consumer
8585,2025-02-18,1,Paid Search,Consumer
8586,2025-08-03,5,Paid Search,Enterprise
8587,2024-12-31,6,Email,Consumer
8588,2023-05-25,4,Email,Consumer
8589,2024-10-10,5,Paid Search,Small Business
8590,2023-12-25,6,Affiliate,Small Business
8591,2023-07-20,5,Social,Consumer
8592,2024-12-10,5,Email,Consumer
8593,2025-03-23,3,Social,Consumer
8594,2023-06-24,2,Organic,Small Business
8595,2025-03-27,6,Social,Consumer
8596,2025-02-09,2,Paid Search,Consumer
8597,2025-03-08,3,Paid Search,Small Business
8598,2024-03-29,4,Organic,Small Business
8599,2024-07-29,3,Affiliate,Consumer
8600,2023-11-14,3,Organic,Small Business
8601,2024-03-24,4,Email,Consumer
8602,2024-05-19,2,Paid Search,Enterprise
8603,2024-06-02,6,Email,Consumer
8604,2024-01-19,2,Affiliate,Consumer
8605,2024-02-03,3,Social,Consumer
8606,2025-06-26,6,Social,Consumer
8607,2025-03-27,3,Paid Search,Consumer
8608,2024-06-22,5,Paid Search,Consumer
8609,2025-08-16,4,Paid Search,Consumer
8610,2024-03-24,2,Email,Consumer
8611,2024-08-07,5,Email,Consumer
8612,2025-04-16,2,Paid Search,Consumer
8613,2024-09-02,5,Direct,Consumer
8614,2024-03-20,1,Affiliate,Consumer
8615,2024-07-10,5,Organic,Consumer
8616,2024-10-10,1,Direct,Consumer
8617,2024-12-23,6,Affiliate,Small Business
8618,2024-08-06,4,Paid Search,Small Business
8619,2024-08-25,1,Direct,Consumer
8620,2024-04-16,1,Social,Consumer
8621,2024-11-01,2,Paid Search,Consumer
8622,2024-03-05,6,Paid Search,Consumer
8623,2025-05-27,4,Organic,Consumer
8624,2025-03-05,2,Direct,Consumer
8625,2024-08-10,2,Social,Consumer
8626,2025-03-05,1,Organic,Consumer
8627,2023-03-18,2,Social,Small Business
8628,2024-06-22,6,Affiliate,Consumer
8629,2024-08-31,4,Paid Search,Small Business
8630,2024-09-20,3,Organic,Consumer
8631,2025-03-06,1,Organic,Small Business
8632,2025-09-07,3,Paid Search,Consumer
8633,2024-07-19,3,Direct,Consumer
8634,2024-06-26,1,Direct,Consumer
8635,2024-12-17,4,Social,Consumer
8636,2024-05-01,4,Email,Consumer
8637,2023-12-11,6,Affiliate,Consumer
8638,2025-09-05,3,Paid Search,Consumer
8639,2025-04-14,2,Paid Search,Consumer
8640,2025-08-31,5,Organic,Enterprise
8641,2024-03-03,3,Organic,Consumer
8642,2023-05-03,4,Organic,Consumer
8643,2024-08-29,5,Organic,Consumer
8644,2025-07-30,6,Email,Small Business
8645,2023-12-08,2,Paid Search,Enterprise
8646,2023-11-10,4,Paid Search,Consumer
8647,2023-08-29,1,Paid Search,Consumer
8648,2025-03-16,5,Social,Consumer
8649,2025-03-29,1,Email,Consumer
8650,2025-02-03,5,Affiliate,Consumer
8651,2023-07-31,2,Social,Consumer
8652,2025-02-19,3,Organic,Consumer
8653,2024-09-06,1,Paid Search,Consumer
8654,2023-12-31,5,Social,Consumer
8655,2024-05-13,3,Direct,Consumer
8656,2024-10-11,4,Paid Search,Consumer
8657,2024-06-10,3,Email,Consumer
8658,2025-09-18,1,Paid Search,Small Business
8659,2024-09-23,4,Social,Consumer
8660,2024-07-13,5,Organic,Consumer
8661,2025-01-22,4,Email,Consumer
8662,2025-01-09,2,Organic,Small Business
8663,2023-02-15,5,Affiliate,Consumer
8664,2024-12-22,4,Affiliate,Consumer
8665,2024-03-28,2,Organic,Consumer
8666,2024-07-15,1,Social,Consumer
8667,2025-02-09,2,Social,Small Business
8668,2024-11-15,1,Organic,Consumer
8669,2024-07-10,5,Organic,Consumer
8670,2024-01-11,1,Social,Consumer
8671,2024-10-13,1,Social,Consumer
8672,2024-06-02,1,Paid Search,Consumer
8673,2025-07-07,2,Paid Search,Consumer
8674,2024-11-01,1,Social,Consumer
8675,2025-05-26,4,Affiliate,Small Business
8676,2024-07-26,1,Email,Enterprise
8677,2025-04-26,5,Direct,Consumer
8678,2023-08-07,4,Organic,Consumer
8679,2024-05-15,1,Paid Search,Small Business
8680,2023-09-14,3,Organic,Small Business
8681,2023-06-13,1,Affiliate,Consumer
8682,2025-07-14,6,Organic,Consumer
8683,2025-02-15,4,Social,Consumer
8684,2024-12-25,5,Organic,Consumer
8685,2024-10-31,3,Paid Search,Consumer
8686,2024-11-23,1,Paid Search,Consumer
8687,2025-01-02,2,Paid Search,Consumer
8688,2025-04-26,3,Social,Enterprise
8689,2024-12-09,5,Affiliate,Consumer
8690,2025-03-05,3,Paid Search,Consumer
8691,2024-05-01,6,Paid Search,Small Business
8692,2025-10-01,3,Email,Enterprise
8693,2023-06-13,2,Affiliate,Consumer
8694,2024-07-24,3,Social,Consumer
8695,2025-06-08,1,Social,Consumer
8696,2024-01-25,5,Social,Consumer
8697,2023-12-11,1,Organic,Consumer
8698,2024-07-08,4,Affiliate,Consumer
8699,2024-08-23,3,Paid Search,Small Business
8700,2025-07-30,3,Affiliate,Consumer
8701,2025-05-02,4,Organic,Small Business
8702,2024-09-16,5,Email,Small Business
8703,2025-09-24,6,Paid Search,Consumer
8704,2025-01-04,2,Affiliate,Consumer
8705,2025-06-01,5,Social,Small Business
8706,2024-03-30,6,Social,Consumer
8707,2024-10-03,6,Social,Consumer
8708,2023-06-08,6,Paid Search,Consumer
8709,2023-03-28,5,Paid Search,Consumer
8710,2025-02-09,2,Paid Search,Consumer
8711,2023-11-12,5,Paid Search,Small Business
8712,2024-11-09,5,Social,Consumer
8713,2025-02-04,2,Organic,Consumer
8714,2023-06-14,5,Email,Consumer
8715,2024-09-06,5,Organic,Consumer
8716,2025-01-28,3,Paid Search,Small Business
8717,2025-06-15,6,Social,Consumer
8718,2024-05-16,1,Organic,Consumer
8719,2025-09-26,5,Email,Consumer
8720,2025-05-09,5,Social,Consumer
8721,2025-01-09,1,Direct,Consumer
8722,2024-07-28,3,Email,Consumer
8723,2025-02-12,4,Affiliate,Consumer
8724,2025-04-18,2,Organic,Consumer
8725,2024-05-20,6,Social,Small Business
8726,2025-11-11,4,Direct,Consumer
8727,2025-07-03,2,Affiliate,Small Business
8728,2024-09-30,3,Affiliate,Enterprise
8729,2025-02-18,1,Affiliate,Consumer
8730,2024-10-25,1,Affiliate,Small Business
8731,2025-03-13,5,Email,Consumer
8732,2025-04-26,6,Paid Search,Consumer
8733,2023-05-20,2,Social,Enterprise
8734,2023-09-15,2,Organic,Enterprise
8735,2024-06-15,5,Email,Consumer
8736,2025-07-12,4,Social,Consumer
8737,2024-08-01,1,Social,Consumer
8738,2025-06-13,5,Direct,Consumer
8739,2024-09-15,2,Social,Small Business
8740,2024-05-07,1,Paid Search,Consumer
8741,2025-06-25,3,Organic,Consumer
8742,2024-11-17,5,Social,Small Business
8743,2024-07-04,4,Paid Search,Consumer
8744,2023-07-13,4,Organic,Consumer
8745,2023-11-02,2,Direct,Consumer
8746,2023-12-09,3,Social,Consumer
8747,2024-07-07,5,Social,Consumer
8748,2024-12-15,4,Social,Consumer
8749,2024-05-23,2,Organic,Consumer
8750,2023-08-23,6,Social,Consumer
8751,2024-04-16,1,Social,Small Business
8752,2024-08-09,6,Organic,Consumer
8753,2025-11-09,5,Direct,Small Business
8754,2024-07-28,1,Social,Small Business
8755,2023-10-01,2,Organic,Small Business
8756,2024-11-30,3,Email,Consumer
8757,2025-07-14,6,Paid Search,Consumer
8758,2025-03-29,4,Email,Small Business
8759,2025-05-03,2,Social,Small Business
8760,2025-07-24,6,Paid Search,Consumer
8761,2025-01-01,1,Paid Search,Consumer
8762,2025-11-19,5,Paid Search,Consumer
8763,2023-06-17,5,Email,Consumer
8764,2025-05-02,3,Organic,Consumer
8765,2025-05-19,1,Email,Small Business
8766,2025-07-11,6,Email,Consumer
8767,2024-09-26,6,Social,Consumer
8768,2025-03-30,3,Direct,Consumer
8769,2024-02-10,2,Affiliate,Small Business
8770,2024-12-13,2,Social,Consumer
8771,2024-07-03,1,Email,Consumer
8772,2024-12-09,4,Email,Small Business
8773,2025-01-23,4,Social,Consumer
8774,2024-06-24,3,Paid Search,Consumer
8775,2024-03-02,4,Social,Consumer
8776,2024-06-04,4,Direct,Consumer
8777,2025-01-17,1,Organic,Consumer
8778,2025-01-24,3,Email,Consumer
8779,2025-03-01,6,Affiliate,Consumer
8780,2023-11-23,5,Paid Search,Consumer
8781,2025-04-20,6,Direct,Consumer
8782,2025-01-30,6,Social,Small Business
8783,2023-06-10,1,Email,Small Business
8784,2024-06-15,2,Social,Consumer
8785,2024-09-18,3,Social,Consumer
8786,2024-07-04,4,Social,Consumer
8787,2023-11-11,5,Social,Consumer
8788,2024-02-22,5,Paid Search,Consumer
8789,2023-05-24,5,Social,Consumer
8790,2023-10-07,1,Organic,Small Business
8791,2024-04-18,5,Affiliate,Small Business
8792,2025-04-21,5,Paid Search,Consumer
8793,2024-10-27,5,Paid Search,Consumer
8794,2024-08-20,4,Organic,Consumer
8795,2025-01-16,1,Organic,Consumer
8796,2024-11-05,1,Organic,Consumer
8797,2023-11-29,5,Direct,Consumer
8798,2024-03-08,6,Paid Search,Small Business
8799,2024-03-08,5,Social,Consumer
8800,2024-12-11,3,Affiliate,Consumer
8801,2024-09-15,4,Organic,Consumer
8802,2024-07-24,2,Organic,Consumer
8803,2024-11-15,4,Direct,Enterprise
8804,2025-09-19,2,Social,Consumer
8805,2024-05-28,5,Paid Search,Small Business
8806,2024-10-23,5,Paid Search,Enterprise
8807,2024-09-27,1,Affiliate,Consumer
8808,2025-02-15,6,Affiliate,Small Business
8809,2025-02-23,5,Paid Search,Small Business
8810,2025-02-22,3,Social,Consumer
8811,2024-02-16,3,Organic,Consumer
8812,2024-09-06,1,Paid Search,Consumer
8813,2025-04-15,6,Affiliate,Consumer
8814,2024-07-20,1,Social,Small Business
8815,2025-10-17,6,Affiliate,Consumer
8816,2024-07-07,4,Email,Small Business
8817,2024-10-08,6,Paid Search,Consumer
8818,2024-09-23,3,Organic,Consumer
8819,2024-08-26,6,Email,Consumer
8820,2025-05-10,3,Social,Small Business
8821,2023-12-28,3,Paid Search,Consumer
8822,2024-11-21,3,Affiliate,Consumer
8823,2024-12-22,6,Organic,Consumer
8824,2025-05-14,3,Email,Consumer
8825,2024-12-16,3,Social,Consumer
8826,2025-09-02,4,Email,Small Business
8827,2025-05-31,4,Organic,Consumer
8828,2024-06-25,4,Social,Consumer
8829,2025-05-21,3,Paid Search,Small Business
8830,2025-08-31,1,Social,Consumer
8831,2024-04-10,6,Email,Consumer
8832,2024-12-17,3,Paid Search,Consumer
8833,2024-05-01,6,Affiliate,Consumer
8834,2025-01-09,3,Paid Search,Consumer
8835,2023-10-08,4,Affiliate,Small Business
8836,2025-02-25,4,Paid Search,Consumer
8837,2024-08-17,6,Email,Consumer
8838,2024-12-03,1,Organic,Small Business
8839,2023-05-28,4,Organic,Small Business
8840,2025-02-03,1,Direct,Consumer
8841,2024-10-07,6,Paid Search,Consumer
8842,2024-12-26,4,Paid Search,Consumer
8843,2024-05-30,6,Paid Search,Enterprise
8844,2023-12-17,2,Social,Consumer
8845,2024-08-28,1,Email,Small Business
8846,2025-08-11,4,Paid Search,Consumer
8847,2024-03-13,1,Email,Small Business
8848,2025-01-23,3,Social,Enterprise
8849,2023-07-24,2,Direct,Consumer
8850,2025-02-16,2,Social,Consumer
8851,2024-03-23,1,Direct,Consumer
8852,2024-09-08,4,Organic,Small Business
8853,2024-07-10,5,Direct,Consumer
8854,2023-11-05,3,Organic,Consumer
8855,2024-06-23,2,Social,Consumer
8856,2024-06-26,1,Email,Small Business
8857,2024-10-24,5,Social,Consumer
8858,2025-09-23,5,Social,Enterprise
8859,2024-09-20,4,Social,Consumer
8860,2025-07-09,3,Affiliate,Consumer
8861,2024-09-14,4,Email,Consumer
8862,2023-10-28,6,Paid Search,Consumer
8863,2024-03-15,6,Affiliate,Consumer
8864,2024-08-08,2,Social,Consumer
8865,2024-06-07,3,Paid Search,Small Business
8866,2025-05-26,6,Paid Search,Small Business
8867,2025-01-25,4,Paid Search,Enterprise
8868,2024-11-28,5,Organic,Small Business
8869,2024-10-04,6,Paid Search,Consumer
8870,2024-07-31,1,Paid Search,Consumer
8871,2024-12-18,4,Social,Consumer
8872,2023-11-20,4,Affiliate,Consumer
8873,2024-01-05,2,Organic,Consumer
8874,2024-05-19,4,Social,Consumer
8875,2024-01-15,1,Email,Small Business
8876,2025-01-24,3,Paid Search,Consumer
8877,2023-05-25,3,Affiliate,Consumer
8878,2024-01-02,3,Paid Search,Consumer
8879,2025-06-27,4,Paid Search,Consumer
8880,2025-12-02,6,Social,Small Business
8881,2024-10-02,6,Paid Search,Consumer
8882,2024-10-07,5,Paid Search,Consumer
8883,2025-03-21,2,Email,Consumer
8884,2023-06-24,6,Social,Consumer
8885,2024-08-22,6,Paid Search,Consumer
8886,2023-10-17,6,Organic,Small Business
8887,2024-08-03,6,Organic,Small Business
8888,2025-10-16,5,Affiliate,Consumer
8889,2025-03-09,5,Paid Search,Consumer
8890,2025-10-19,5,Affiliate,Consumer
8891,2025-03-04,4,Organic,Consumer
8892,2024-12-16,4,Organic,Consumer
8893,2025-03-09,3,Paid Search,Consumer
8894,2025-01-14,6,Social,Consumer
8895,2024-09-16,4,Paid Search,Small Business
8896,2024-05-10,4,Organic,Enterprise
8897,2024-10-23,5,Organic,Consumer
8898,2024-04-11,1,Paid Search,Consumer
8899,2024-10-01,6,Paid Search,Consumer
8900,2023-12-17,4,Affiliate,Consumer
8901,2024-11-20,6,Social,Consumer
8902,2024-03-30,1,Organic,Consumer
8903,2024-05-11,2,Direct,Enterprise
8904,2024-10-09,6,Paid Search,Consumer
8905,2024-01-05,5,Organic,Consumer
8906,2025-09-06,4,Email,Consumer
8907,2024-09-05,3,Social,Consumer
8908,2024-06-28,4,Social,Consumer
8909,2023-06-06,4,Affiliate,Consumer
8910,2025-05-08,2,Paid Search,Consumer
8911,2024-12-26,4,Paid Search,Consumer
8912,2024-08-14,4,Social,Consumer
8913,2024-03-30,2,Email,Small Business
8914,2025-03-03,3,Social,Small Business
8915,2025-08-13,5,Paid Search,Consumer
8916,2024-07-19,5,Social,Consumer
8917,2023-12-03,3,Social,Small Business
8918,2023-10-31,4,Email,Enterprise
8919,2023-03-15,2,Affiliate,Small Business
8920,2025-03-03,3,Social,Consumer
8921,2025-10-11,4,Organic,Small Business
8922,2025-11-11,2,Organic,Consumer
8923,2025-03-28,2,Email,Consumer
8924,2024-01-05,4,Organic,Consumer
8925,2025-10-03,6,Paid Search,Small Business
8926,2024-06-09,3,Organic,Small Business
8927,2024-06-13,6,Organic,Consumer
8928,2025-01-30,6,Organic,Consumer
8929,2023-07-23,5,Paid Search,Consumer
8930,2025-04-25,6,Paid Search,Consumer
8931,2025-11-30,3,Paid Search,Consumer
8932,2025-03-22,5,Paid Search,Consumer
8933,2025-03-26,1,Paid Search,Consumer
8934,2024-07-26,2,Paid Search,Consumer
8935,2023-08-24,4,Paid Search,Enterprise
8936,2025-04-02,1,Paid Search,Small Business
8937,2024-12-09,5,Direct,Consumer
8938,2025-07-04,6,Social,Consumer
8939,2023-11-09,1,Social,Consumer
8940,2024-05-21,6,Email,Consumer
8941,2024-07-04,1,Social,Consumer
8942,2025-01-27,1,Paid Search,Consumer
8943,2025-03-30,5,Organic,Consumer
8944,2025-09-04,5,Social,Enterprise
8945,2024-05-13,6,Organic,Small Business
8946,2024-10-06,3,Paid Search,Consumer
8947,2023-06-06,4,Social,Consumer
8948,2024-04-06,1,Paid Search,Consumer
8949,2024-07-14,5,Paid Search,Consumer
8950,2024-12-07,6,Organic,Consumer
8951,2024-09-21,4,Paid Search,Consumer
8952,2024-07-07,6,Social,Consumer
8953,2024-12-25,3,Paid Search,Enterprise
8954,2025-04-27,6,Organic,Small Business
8955,2024-03-26,4,Social,Consumer
8956,2024-06-20,1,Email,Small Business
8957,2025-02-08,3,Social,Small Business
8958,2025-03-24,3,Direct,Small Business
8959,2025-04-25,1,Paid Search,Consumer
8960,2024-02-24,6,Email,Consumer
8961,2024-11-04,2,Social,Small Business
8962,2025-06-25,5,Social,Enterprise
8963,2024-07-28,6,Email,Consumer
8964,2024-08-24,3,Direct,Enterprise
8965,2025-10-19,4,Email,Consumer
8966,2023-11-05,4,Social,Consumer
8967,2025-02-09,5,Social,Small Business
8968,2025-05-13,1,Paid Search,Small Business
8969,2023-12-23,3,Organic,Consumer
8970,2025-02-14,4,Social,Small Business
8971,2024-09-20,1,Paid Search,Consumer
8972,2025-05-15,6,Paid Search,Consumer
8973,2025-07-02,4,Direct,Consumer
8974,2025-05-31,1,Paid Search,Consumer
8975,2023-08-21,1,Social,Consumer
8976,2025-03-10,1,Paid Search,Consumer
8977,2025-07-16,4,Social,Consumer
8978,2024-12-23,4,Paid Search,Consumer
8979,2024-12-11,3,Email,Consumer
8980,2023-07-14,4,Paid Search,Consumer
8981,2025-05-18,3,Paid Search,Consumer
8982,2023-07-17,3,Paid Search,Consumer
8983,2024-05-28,1,Paid Search,Consumer
8984,2025-07-21,1,Organic,Small Business
8985,2025-08-19,5,Paid Search,Consumer
8986,2025-11-07,5,Organic,Consumer
8987,2024-09-24,2,Social,Consumer
8988,2024-01-22,2,Paid Search,Consumer
8989,2024-10-02,3,Paid Search,Consumer
8990,2023-10-21,4,Social,Small Business
8991,2025-05-31,4,Social,Consumer
8992,2024-11-17,4,Social,Small Business
8993,2024-08-06,1,Email,Enterprise
8994,2023-09-16,3,Paid Search,Small Business
8995,2024-08-06,5,Social,Small Business
8996,2025-05-26,4,Social,Consumer
8997,2025-02-08,5,Paid Search,Consumer
8998,2023-09-21,5,Social,Consumer
8999,2024-01-02,6,Organic,Consumer
9000,2024-07-28,4,Organic,Consumer
9001,2023-10-19,4,Organic,Small Business
9002,2025-07-30,4,Paid Search,Enterprise
9003,2025-01-10,2,Social,Enterprise
9004,2023-10-10,3,Email,Consumer
9005,2025-03-30,2,Social,Small Business
9006,2024-07-10,3,Organic,Small Business
9007,2024-03-29,1,Organic,Small Business
9008,2024-11-23,3,Social,Consumer
9009,2023-04-17,6,Paid Search,Consumer
9010,2024-09-17,3,Organic,Consumer
9011,2025-05-08,5,Social,Consumer
9012,2025-07-23,3,Paid Search,Consumer
9013,2024-06-20,6,Paid Search,Consumer
9014,2025-01-04,2,Paid Search,Consumer
9015,2024-03-12,6,Organic,Consumer
9016,2024-11-17,5,Paid Search,Consumer
9017,2024-04-07,6,Affiliate,Small Business
9018,2024-11-24,1,Direct,Consumer
9019,2024-01-15,6,Direct,Consumer
9020,2025-08-08,6,Paid Search,Consumer
9021,2025-06-13,2,Social,Consumer
9022,2024-06-16,4,Affiliate,Consumer
9023,2025-03-23,4,Organic,Consumer
9024,2023-10-11,1,Paid Search,Consumer
9025,2025-03-01,4,Affiliate,Consumer
9026,2024-05-02,4,Organic,Consumer
9027,2023-12-04,2,Email,Consumer
9028,2025-01-25,3,Direct,Enterprise
9029,2024-09-20,4,Direct,Consumer
9030,2024-10-29,6,Social,Consumer
9031,2024-10-23,1,Paid Search,Small Business
9032,2023-08-12,6,Organic,Small Business
9033,2023-07-27,5,Organic,Consumer
9034,2024-12-11,6,Organic,Enterprise
9035,2024-12-25,1,Social,Consumer
9036,2023-07-19,4,Organic,Consumer
9037,2024-07-18,3,Social,Small Business
9038,2024-12-18,6,Direct,Small Business
9039,2025-01-13,5,Affiliate,Consumer
9040,2025-04-27,4,Social,Consumer
9041,2024-08-17,1,Organic,Consumer
9042,2024-11-09,6,Organic,Small Business
9043,2024-11-28,3,Social,Consumer
9044,2024-05-27,1,Paid Search,Enterprise
9045,2023-08-01,6,Organic,Consumer
9046,2023-03-01,6,Email,Small Business
9047,2025-05-02,3,Social,Small Business
9048,2024-02-15,4,Affiliate,Consumer
9049,2024-12-28,4,Direct,Consumer
9050,2024-11-27,2,Email,Consumer
9051,2024-08-02,5,Direct,Consumer
9052,2025-05-01,6,Social,Consumer
9053,2025-02-05,6,Affiliate,Small Business
9054,2023-05-19,5,Direct,Consumer
9055,2025-03-23,3,Organic,Consumer
9056,2024-10-14,6,Paid Search,Consumer
9057,2024-06-24,6,Paid Search,Consumer
9058,2025-02-21,1,Social,Consumer
9059,2025-01-29,3,Email,Small Business
9060,2024-05-26,4,Social,Small Business
9061,2025-10-14,4,Email,Consumer
9062,2025-01-08,5,Email,Enterprise
9063,2024-12-14,4,Paid Search,Consumer
9064,2023-08-31,1,Paid Search,Enterprise
9065,2024-04-29,1,Organic,Consumer
9066,2024-09-05,5,Social,Consumer
9067,2024-12-29,5,Direct,Small Business
9068,2024-10-18,4,Affiliate,Consumer
9069,2025-03-14,3,Social,Small Business
9070,2024-04-14,2,Organic,Small Business
9071,2025-02-07,2,Affiliate,Consumer
9072,2025-04-18,5,Affiliate,Consumer
9073,2025-03-16,4,Organic,Consumer
9074,2025-03-19,1,Direct,Consumer
9075,2025-06-14,3,Social,Consumer
9076,2023-09-24,5,Paid Search,Consumer
9077,2025-02-04,4,Organic,Consumer
9078,2025-09-16,6,Email,Consumer
9079,2024-11-25,4,Direct,Consumer
9080,2024-03-03,3,Paid Search,Consumer
9081,2025-12-10,6,Social,Consumer
9082,2024-01-19,4,Organic,Small Business
9083,2024-06-15,1,Affiliate,Consumer
9084,2024-01-16,3,Organic,Consumer
9085,2024-09-16,4,Paid Search,Small Business
9086,2024-08-16,3,Affiliate,Consumer
9087,2024-10-04,3,Organic,Consumer
9088,2025-07-23,6,Affiliate,Consumer
9089,2024-09-26,3,Affiliate,Consumer
9090,2024-10-19,2,Paid Search,Small Business
9091,2025-06-12,1,Direct,Consumer
9092,2025-04-19,3,Social,Consumer
9093,2024-03-24,5,Direct,Consumer
9094,2023-04-15,2,Paid Search,Consumer
9095,2024-12-28,3,Email,Consumer
9096,2025-05-09,4,Social,Consumer
9097,2024-11-12,6,Paid Search,Consumer
9098,2024-02-26,5,Direct,Consumer
9099,2025-03-01,2,Social,Consumer
9100,2025-01-20,1,Paid Search,Small Business
9101,2024-11-20,5,Affiliate,Consumer
9102,2025-05-24,2,Social,Small Business
9103,2025-03-28,3,Organic,Small Business
9104,2025-01-19,1,Direct,Consumer
9105,2025-01-17,5,Social,Small Business
9106,2025-01-16,1,Paid Search,Enterprise
9107,2024-10-26,3,Organic,Consumer
9108,2024-09-16,3,Organic,Consumer
9109,2025-02-11,1,Paid Search,Consumer
9110,2024-12-17,5,Organic,Consumer
9111,2024-10-03,4,Social,Consumer
9112,2023-11-23,4,Paid Search,Consumer
9113,2025-02-07,2,Social,Consumer
9114,2025-01-07,1,Affiliate,Consumer
9115,2024-06-20,1,Social,Consumer
9116,2024-07-01,4,Paid Search,Consumer
9117,2024-03-31,5,Direct,Consumer
9118,2025-09-05,5,Social,Enterprise
9119,2025-05-21,5,Direct,Small Business
9120,2024-11-17,3,Affiliate,Consumer
9121,2024-08-04,1,Social,Small Business
9122,2025-02-27,2,Social,Small Business
9123,2024-10-28,5,Paid Search,Small Business
9124,2025-09-29,5,Paid Search,Small Business
9125,2023-08-04,4,Paid Search,Consumer
9126,2023-06-19,1,Social,Consumer
9127,2024-11-22,5,Social,Small Business
9128,2024-02-18,5,Email,Small Business
9129,2024-12-13,2,Paid Search,Consumer
9130,2025-03-26,5,Social,Consumer
9131,2023-12-07,4,Paid Search,Consumer
9132,2024-08-31,6,Paid Search,Consumer
9133,2025-01-30,4,Email,Consumer
9134,2025-05-01,1,Organic,Consumer
9135,2024-10-08,4,Social,Consumer
9136,2024-02-21,1,Organic,Consumer
9137,2024-12-02,2,Social,Consumer
9138,2024-09-10,6,Affiliate,Consumer
9139,2025-03-20,6,Social,Consumer
9140,2024-11-14,3,Email,Consumer
9141,2024-04-29,2,Paid Search,Consumer
9142,2025-03-09,3,Social,Consumer
9143,2024-10-21,2,Social,Consumer
9144,2024-01-22,4,Paid Search,Consumer
9145,2024-11-19,3,Organic,Small Business
9146,2025-08-17,1,Organic,Consumer
9147,2025-02-09,4,Paid Search,Consumer
9148,2024-05-16,4,Direct,Consumer
9149,2025-02-12,5,Paid Search,Consumer
9150,2024-05-02,6,Affiliate,Consumer
9151,2024-11-06,5,Social,Consumer
9152,2024-10-27,5,Paid Search,Small Business
9153,2024-04-01,2,Paid Search,Consumer
9154,2024-06-24,3,Organic,Small Business
9155,2025-08-09,3,Email,Small Business
9156,2024-04-04,6,Organic,Consumer
9157,2025-04-08,3,Social,Small Business
9158,2025-01-19,5,Paid Search,Consumer
9159,2024-10-31,4,Email,Consumer
9160,2023-12-07,1,Affiliate,Consumer
9161,2024-02-19,6,Social,Consumer
9162,2024-01-23,5,Affiliate,Consumer
9163,2024-12-03,2,Organic,Consumer
9164,2025-09-25,1,Social,Consumer
9165,2025-06-04,6,Organic,Consumer
9166,2023-05-26,2,Paid Search,Consumer
9167,2024-04-24,1,Paid Search,Consumer
9168,2023-12-30,4,Email,Enterprise
9169,2025-09-29,1,Direct,Consumer
9170,2024-03-21,2,Social,Enterprise
9171,2024-02-16,6,Paid Search,Consumer
9172,2024-12-23,1,Paid Search,Consumer
9173,2024-11-14,5,Social,Consumer
9174,2024-03-11,4,Organic,Consumer
9175,2025-01-20,2,Paid Search,Consumer
9176,2023-10-13,2,Paid Search,Consumer
9177,2023-05-08,3,Email,Small Business
9178,2023-09-21,4,Paid Search,Consumer
9179,2024-07-07,6,Social,Consumer
9180,2025-09-28,2,Email,Consumer
9181,2024-11-09,4,Paid Search,Consumer
9182,2025-03-09,5,Social,Enterprise
9183,2024-06-03,1,Paid Search,Consumer
9184,2025-02-16,6,Social,Consumer
9185,2025-09-12,6,Affiliate,Enterprise
9186,2024-07-02,1,Organic,Enterprise
9187,2025-12-13,2,Paid Search,Small Business
9188,2025-01-02,5,Paid Search,Small Business
9189,2025-03-06,5,Paid Search,Consumer
9190,2024-04-05,1,Affiliate,Consumer
9191,2025-01-05,6,Email,Consumer
9192,2024-10-17,2,Organic,Consumer
9193,2025-08-28,2,Paid Search,Small Business
9194,2025-06-29,3,Direct,Consumer
9195,2024-07-31,5,Email,Consumer
9196,2025-08-15,2,Paid Search,Small Business
9197,2025-06-11,4,Social,Consumer
9198,2024-12-05,1,Social,Consumer
9199,2023-09-20,1,Organic,Small Business
9200,2024-01-03,5,Social,Consumer
9201,2023-09-12,3,Paid Search,Consumer
9202,2023-10-29,5,Organic,Consumer
9203,2025-10-01,5,Organic,Consumer
9204,2024-02-27,6,Social,Consumer
9205,2025-02-01,1,Social,Consumer
9206,2025-01-01,6,Paid Search,Consumer
9207,2024-12-29,6,Social,Consumer
9208,2024-02-21,3,Email,Consumer
9209,2024-11-28,1,Organic,Small Business
9210,2024-12-26,1,Direct,Consumer
9211,2024-11-23,4,Organic,Consumer
9212,2024-01-31,1,Email,Consumer
9213,2025-02-19,1,Social,Small Business
9214,2023-09-06,4,Paid Search,Consumer
9215,2024-12-06,4,Affiliate,Enterprise
9216,2024-08-28,6,Organic,Consumer
9217,2024-04-03,6,Affiliate,Small Business
9218,2025-04-12,2,Organic,Consumer
9219,2024-01-20,2,Social,Consumer
9220,2025-07-29,2,Paid Search,Consumer
9221,2025-06-11,2,Social,Consumer
9222,2024-07-04,3,Organic,Small Business
9223,2024-05-21,6,Direct,Consumer
9224,2023-12-07,6,Affiliate,Small Business
9225,2025-07-11,6,Social,Consumer
9226,2024-12-27,3,Social,Consumer
9227,2023-06-13,4,Paid Search,Small Business
9228,2024-10-17,5,Social,Consumer
9229,2023-09-26,2,Direct,Consumer
9230,2024-11-25,3,Email,Consumer
9231,2024-10-16,4,Social,Consumer
9232,2023-09-21,3,Affiliate,Small Business
9233,2025-04-18,3,Paid Search,Consumer
9234,2024-04-14,3,Direct,Consumer
9235,2024-11-05,1,Organic,Small Business
9236,2025-01-03,5,Paid Search,Consumer
9237,2025-09-06,6,Organic,Small Business
9238,2024-10-06,5,Paid Search,Enterprise
9239,2025-07-12,6,Organic,Small Business
9240,2024-06-30,3,Social,Consumer
9241,2025-05-19,1,Paid Search,Small Business
9242,2024-03-21,2,Organic,Consumer
9243,2025-02-10,6,Social,Consumer
9244,2023-09-30,1,Paid Search,Small Business
9245,2025-10-22,4,Affiliate,Small Business
9246,2025-08-25,1,Paid Search,Consumer
9247,2024-09-01,2,Organic,Small Business
9248,2024-10-25,1,Organic,Small Business
9249,2024-12-09,1,Paid Search,Consumer
9250,2024-04-25,1,Direct,Consumer
9251,2025-01-23,4,Social,Small Business
9252,2025-02-05,5,Paid Search,Consumer
9253,2024-10-26,2,Social,Consumer
9254,2023-12-19,5,Organic,Consumer
9255,2025-07-14,3,Paid Search,Small Business
9256,2023-11-08,5,Social,Small Business
9257,2024-12-28,4,Social,Consumer
9258,2023-10-22,5,Organic,Small Business
9259,2023-12-17,6,Social,Consumer
9260,2023-05-12,6,Social,Consumer
9261,2024-07-06,4,Paid Search,Consumer
9262,2025-01-03,6,Paid Search,Consumer
9263,2024-10-24,5,Organic,Consumer
9264,2025-01-23,2,Social,Consumer
9265,2025-01-23,6,Paid Search,Consumer
9266,2023-12-10,1,Paid Search,Consumer
9267,2023-08-08,3,Organic,Consumer
9268,2024-12-26,1,Organic,Consumer
9269,2025-01-11,5,Social,Consumer
9270,2024-11-15,6,Organic,Consumer
9271,2024-03-30,5,Organic,Small Business
9272,2025-04-14,1,Paid Search,Small Business
9273,2023-09-10,2,Social,Consumer
9274,2024-12-30,3,Paid Search,Consumer
9275,2023-11-15,1,Affiliate,Consumer
9276,2025-01-11,4,Paid Search,Consumer
9277,2024-08-15,1,Social,Consumer
9278,2025-02-16,4,Social,Consumer
9279,2023-07-29,4,Organic,Consumer
9280,2024-11-14,4,Email,Consumer
9281,2023-12-16,6,Social,Consumer
9282,2025-01-27,5,Paid Search,Consumer
9283,2023-11-14,2,Organic,Consumer
9284,2023-09-06,4,Email,Consumer
9285,2025-02-13,5,Direct,Consumer
9286,2023-08-20,6,Organic,Enterprise
9287,2024-03-10,4,Social,Consumer
9288,2025-04-24,1,Paid Search,Small Business
9289,2025-04-14,3,Direct,Consumer
9290,2025-05-16,6,Organic,Small Business
9291,2024-06-07,1,Paid Search,Small Business
9292,2024-10-28,4,Social,Consumer
9293,2025-03-21,4,Organic,Consumer
9294,2023-12-06,2,Paid Search,Consumer
9295,2025-02-19,3,Email,Small Business
9296,2023-10-14,6,Organic,Consumer
9297,2025-07-08,4,Paid Search,Consumer
9298,2025-01-02,6,Direct,Small Business
9299,2024-10-06,3,Direct,Consumer
9300,2024-09-30,6,Paid Search,Consumer
9301,2024-01-26,4,Social,Enterprise
9302,2024-06-23,6,Affiliate,Enterprise
9303,2025-02-21,2,Social,Consumer
9304,2024-11-05,3,Direct,Consumer
9305,2024-10-29,1,Paid Search,Consumer
9306,2024-02-10,2,Email,Consumer
9307,2025-01-31,1,Organic,Enterprise
9308,2024-07-28,2,Social,Consumer
9309,2024-01-28,2,Organic,Consumer
9310,2025-08-11,6,Paid Search,Small Business
9311,2024-10-14,3,Paid Search,Consumer
9312,2024-10-28,5,Paid Search,Enterprise
9313,2025-10-11,5,Paid Search,Consumer
9314,2024-07-09,6,Paid Search,Consumer
9315,2025-08-10,4,Social,Enterprise
9316,2025-02-03,6,Paid Search,Consumer
9317,2024-12-30,3,Paid Search,Consumer
9318,2024-03-19,4,Paid Search,Consumer
9319,2023-07-28,5,Affiliate,Small Business
9320,2024-08-29,1,Paid Search,Consumer
9321,2023-04-03,1,Email,Small Business
9322,2023-09-02,1,Paid Search,Enterprise
9323,2024-12-08,5,Paid Search,Consumer
9324,2025-02-19,3,Social,Consumer
9325,2024-01-11,2,Social,Consumer
9326,2025-02-24,5,Organic,Enterprise
9327,2025-08-19,1,Organic,Consumer
9328,2025-03-02,2,Social,Enterprise
9329,2025-03-28,3,Paid Search,Small Business
9330,2025-02-06,6,Affiliate,Consumer
9331,2024-03-10,5,Paid Search,Consumer
9332,2024-07-04,5,Email,Consumer
9333,2025-08-18,5,Organic,Small Business
9334,2025-01-15,2,Paid Search,Consumer
9335,2025-03-31,3,Social,Consumer
9336,2025-09-16,6,Social,Consumer
9337,2024-03-17,5,Organic,Small Business
9338,2024-06-04,4,Direct,Consumer
9339,2025-01-06,1,Social,Consumer
9340,2023-05-24,5,Direct,Consumer
9341,2024-11-24,3,Paid Search,Consumer
9342,2025-04-13,3,Paid Search,Consumer
9343,2024-12-17,5,Social,Consumer
9344,2024-05-13,3,Direct,Consumer
9345,2025-02-19,4,Social,Small Business
9346,2023-12-17,1,Email,Consumer
9347,2025-06-20,2,Social,Consumer
9348,2023-10-19,4,Affiliate,Small Business
9349,2025-05-24,6,Email,Consumer
9350,2024-10-08,5,Organic,Enterprise
9351,2024-08-23,3,Organic,Consumer
9352,2024-10-10,6,Social,Enterprise
9353,2024-02-15,2,Direct,Small Business
9354,2024-09-12,6,Organic,Enterprise
9355,2025-05-13,3,Social,Consumer
9356,2025-04-08,1,Affiliate,Consumer
9357,2024-01-06,1,Organic,Small Business
9358,2025-01-22,6,Organic,Consumer
9359,2025-05-18,4,Organic,Consumer
9360,2025-04-21,1,Social,Consumer
9361,2024-08-21,6,Social,Small Business
9362,2023-07-21,1,Paid Search,Small Business
9363,2025-07-27,3,Affiliate,Small Business
9364,2024-07-30,5,Organic,Consumer
9365,2024-07-04,1,Affiliate,Enterprise
9366,2025-03-12,6,Social,Small Business
9367,2024-04-16,5,Direct,Consumer
9368,2025-05-01,6,Social,Consumer
9369,2023-09-10,6,Social,Consumer
9370,2025-03-01,5,Direct,Consumer
9371,2025-09-11,2,Organic,Consumer
9372,2025-11-22,2,Direct,Consumer
9373,2025-07-19,2,Organic,Consumer
9374,2025-05-30,1,Paid Search,Consumer
9375,2024-04-29,4,Social,Consumer
9376,2025-09-13,1,Affiliate,Small Business
9377,2025-07-23,3,Social,Consumer
9378,2024-11-01,4,Organic,Consumer
9379,2024-08-04,4,Paid Search,Small Business
9380,2023-10-31,3,Social,Consumer
9381,2024-12-05,2,Affiliate,Consumer
9382,2025-02-06,1,Direct,Small Business
9383,2024-08-05,6,Social,Consumer
9384,2024-08-07,3,Paid Search,Small Business
9385,2024-11-25,4,Paid Search,Enterprise
9386,2023-06-02,4,Paid Search,Consumer
9387,2025-08-30,3,Affiliate,Small Business
9388,2024-05-08,5,Social,Consumer
9389,2023-12-11,3,Paid Search,Enterprise
9390,2023-03-09,3,Email,Consumer
9391,2025-05-18,5,Email,Small Business
9392,2025-05-23,2,Social,Consumer
9393,2023-10-11,5,Affiliate,Consumer
9394,2023-12-24,4,Social,Small Business
9395,2024-09-05,1,Paid Search,Enterprise
9396,2024-01-31,5,Affiliate,Consumer
9397,2025-02-26,5,Paid Search,Consumer
9398,2023-08-09,2,Direct,Enterprise
9399,2024-11-10,6,Organic,Consumer
9400,2024-07-21,1,Affiliate,Consumer
9401,2024-09-17,2,Paid Search,Consumer
9402,2024-08-20,6,Social,Small Business
9403,2023-12-25,6,Affiliate,Enterprise
9404,2024-03-06,5,Affiliate,Consumer
9405,2023-08-22,4,Affiliate,Small Business
9406,2023-11-08,2,Paid Search,Consumer
9407,2025-10-03,3,Organic,Consumer
9408,2024-04-30,4,Social,Small Business
9409,2024-05-23,1,Social,Consumer
9410,2023-11-23,4,Social,Consumer
9411,2025-03-09,1,Organic,Consumer
9412,2025-07-19,1,Social,Consumer
9413,2025-03-31,2,Paid Search,Consumer
9414,2024-12-18,2,Email,Enterprise
9415,2025-04-16,1,Direct,Consumer
9416,2024-08-06,6,Social,Consumer
9417,2025-05-20,5,Affiliate,Consumer
9418,2025-04-06,4,Affiliate,Small Business
9419,2023-02-08,3,Paid Search,Consumer
9420,2024-10-02,2,Organic,Enterprise
9421,2024-04-16,6,Direct,Consumer
9422,2023-09-27,5,Email,Consumer
9423,2025-05-10,5,Paid Search,Consumer
9424,2023-03-23,3,Organic,Consumer
9425,2025-02-23,1,Email,Consumer
9426,2025-10-27,4,Organic,Small Business
9427,2024-09-28,3,Paid Search,Consumer
9428,2024-07-12,2,Paid Search,Consumer
9429,2024-12-14,2,Email,Consumer
9430,2025-04-10,1,Social,Consumer
9431,2024-03-25,6,Direct,Small Business
9432,2024-04-04,1,Social,Consumer
9433,2024-12-15,5,Affiliate,Enterprise
9434,2025-08-06,6,Paid Search,Small Business
9435,2024-05-15,1,Affiliate,Small Business
9436,2024-07-16,4,Affiliate,Consumer
9437,2025-11-12,1,Social,Small Business
9438,2024-01-20,5,Social,Enterprise
9439,2023-09-12,4,Affiliate,Consumer
9440,2024-12-05,1,Email,Consumer
9441,2023-05-23,5,Organic,Small Business
9442,2024-01-25,5,Social,Consumer
9443,2024-12-24,6,Affiliate,Consumer
9444,2025-01-14,3,Email,Small Business
9445,2024-10-17,6,Social,Small Business
9446,2024-07-22,4,Social,Consumer
9447,2024-11-27,4,Paid Search,Consumer
9448,2025-01-05,3,Email,Consumer
9449,2025-04-09,2,Affiliate,Consumer
9450,2025-04-02,4,Social,Consumer
9451,2025-01-17,5,Social,Small Business
9452,2025-06-19,1,Paid Search,Small Business
9453,2025-05-04,3,Paid Search,Enterprise
9454,2023-12-01,1,Direct,Enterprise
9455,2025-08-29,3,Email,Enterprise
9456,2025-06-17,5,Social,Consumer
9457,2024-06-03,5,Paid Search,Consumer
9458,2023-05-11,1,Paid Search,Consumer
9459,2024-12-13,5,Organic,Consumer
9460,2024-08-30,1,Paid Search,Enterprise
9461,2025-03-06,1,Social,Consumer
9462,2024-10-26,6,Direct,Consumer
9463,2023-09-11,1,Organic,Consumer
9464,2024-03-29,2,Email,Consumer
9465,2025-06-09,1,Paid Search,Small Business
9466,2023-06-28,4,Social,Consumer
9467,2025-02-26,4,Affiliate,Consumer
9468,2024-05-10,6,Email,Enterprise
9469,2024-09-08,6,Email,Consumer
9470,2024-10-30,5,Organic,Consumer
9471,2024-04-03,3,Paid Search,Small Business
9472,2025-01-10,1,Organic,Consumer
9473,2025-02-02,6,Paid Search,Consumer
9474,2023-09-25,4,Paid Search,Consumer
9475,2024-07-14,2,Social,Consumer
9476,2025-03-03,4,Paid Search,Consumer
9477,2025-02-18,3,Paid Search,Small Business
9478,2024-11-07,3,Paid Search,Consumer
9479,2025-03-23,3,Social,Enterprise
9480,2023-10-28,5,Affiliate,Consumer
9481,2023-11-12,1,Direct,Small Business
9482,2025-01-13,6,Paid Search,Enterprise
9483,2025-02-02,1,Paid Search,Consumer
9484,2025-04-17,1,Affiliate,Consumer
9485,2024-01-26,5,Paid Search,Small Business
9486,2024-10-21,1,Email,Consumer
9487,2025-01-15,5,Paid Search,Small Business
9488,2024-03-09,5,Organic,Consumer
9489,2024-10-21,3,Paid Search,Enterprise
9490,2025-01-02,3,Email,Consumer
9491,2024-02-29,6,Social,Consumer
9492,2024-07-15,5,Paid Search,Consumer
9493,2024-03-02,4,Social,Consumer
9494,2025-06-27,1,Social,Consumer
9495,2024-03-22,4,Direct,Consumer
9496,2023-11-15,1,Social,Small Business
9497,2023-06-21,2,Paid Search,Consumer
9498,2023-07-14,5,Organic,Consumer
9499,2024-02-06,3,Paid Search,Small Business
9500,2024-12-16,6,Affiliate,Small Business
9501,2023-05-02,6,Affiliate,Small Business
9502,2024-05-06,1,Paid Search,Consumer
9503,2023-08-10,6,Organic,Small Business
9504,2024-08-05,6,Organic,Consumer
9505,2023-07-22,1,Paid Search,Consumer
9506,2024-12-15,3,Organic,Small Business
9507,2025-01-30,6,Social,Consumer
9508,2025-02-23,1,Social,Consumer
9509,2024-03-10,1,Organic,Consumer
9510,2025-05-28,4,Organic,Consumer
9511,2025-01-31,6,Organic,Consumer
9512,2023-08-07,2,Social,Small Business
9513,2024-08-31,5,Email,Small Business
9514,2025-03-17,5,Social,Enterprise
9515,2024-05-26,1,Organic,Consumer
9516,2024-07-20,2,Paid Search,Consumer
9517,2024-12-28,4,Organic,Small Business
9518,2023-08-04,3,Social,Consumer
9519,2025-09-13,2,Social,Consumer
9520,2024-01-19,2,Paid Search,Consumer
9521,2023-05-30,4,Social,Consumer
9522,2023-03-08,5,Paid Search,Consumer
9523,2024-08-02,3,Social,Consumer
9524,2025-06-10,6,Social,Consumer
9525,2025-04-21,5,Organic,Consumer
9526,2025-07-06,3,Direct,Consumer
9527,2024-10-31,5,Affiliate,Consumer
9528,2024-09-06,3,Direct,Consumer
9529,2024-07-23,5,Direct,Small Business
9530,2023-07-17,6,Paid Search,Consumer
9531,2025-07-04,5,Paid Search,Small Business
9532,2024-10-07,1,Paid Search,Consumer
9533,2024-09-10,1,Paid Search,Consumer
9534,2024-10-20,5,Affiliate,Small Business
9535,2025-04-03,6,Affiliate,Consumer
9536,2024-03-10,4,Organic,Consumer
9537,2025-02-11,2,Affiliate,Consumer
9538,2025-02-12,6,Organic,Consumer
9539,2025-05-13,3,Social,Small Business
9540,2023-03-27,2,Paid Search,Enterprise
9541,2024-01-14,3,Direct,Consumer
9542,2024-09-21,2,Organic,Consumer
9543,2025-05-13,2,Social,Consumer
9544,2025-09-10,2,Paid Search,Consumer
9545,2024-12-08,5,Email,Consumer
9546,2024-02-27,1,Email,Consumer
9547,2024-01-29,3,Organic,Small Business
9548,2025-01-03,2,Direct,Small Business
9549,2024-02-25,4,Social,Consumer
9550,2024-11-12,6,Direct,Consumer
9551,2025-05-02,5,Organic,Enterprise
9552,2024-07-26,2,Email,Consumer
9553,2024-07-18,4,Affiliate,Consumer
9554,2023-06-24,1,Affiliate,Consumer
9555,2024-04-07,3,Paid Search,Consumer
9556,2025-02-05,2,Affiliate,Consumer
9557,2024-07-04,4,Social,Consumer
9558,2023-12-31,3,Paid Search,Consumer
9559,2023-10-26,5,Organic,Small Business
9560,2023-10-10,4,Social,Consumer
9561,2025-01-14,6,Social,Small Business
9562,2024-12-18,1,Social,Consumer
9563,2024-10-22,6,Paid Search,Consumer
9564,2024-10-10,5,Paid Search,Enterprise
9565,2023-12-25,5,Email,Consumer
9566,2024-10-10,5,Paid Search,Consumer
9567,2023-08-13,1,Organic,Consumer
9568,2025-07-21,2,Organic,Consumer
9569,2023-08-09,1,Paid Search,Consumer
9570,2024-08-19,5,Paid Search,Small Business
9571,2023-01-22,3,Social,Small Business
9572,2025-03-29,3,Affiliate,Consumer
9573,2024-01-09,4,Direct,Consumer
9574,2025-07-20,3,Social,Consumer
9575,2023-07-12,4,Paid Search,Consumer
9576,2025-04-21,6,Organic,Consumer
9577,2025-01-13,2,Social,Consumer
9578,2024-04-03,6,Social,Consumer
9579,2024-02-17,4,Social,Consumer
9580,2024-07-02,3,Organic,Consumer
9581,2025-04-27,6,Social,Consumer
9582,2025-05-22,3,Affiliate,Consumer
9583,2024-01-19,1,Social,Small Business
9584,2024-06-29,2,Social,Small Business
9585,2024-03-22,6,Direct,Consumer
9586,2023-11-18,4,Social,Consumer
9587,2025-01-07,4,Paid Search,Consumer
9588,2024-06-23,5,Paid Search,Consumer
9589,2024-03-11,2,Organic,Consumer
9590,2025-05-26,1,Organic,Consumer
9591,2025-03-05,3,Social,Consumer
9592,2025-03-21,6,Paid Search,Consumer
9593,2023-07-01,1,Paid Search,Small Business
9594,2025-07-10,5,Social,Consumer
9595,2024-11-26,6,Social,Consumer
9596,2024-10-12,1,Social,Small Business
9597,2023-04-05,1,Social,Consumer
9598,2025-06-22,6,Email,Enterprise
9599,2024-11-07,1,Organic,Small Business
9600,2025-04-24,5,Organic,Consumer
9601,2025-01-12,5,Organic,Consumer
9602,2025-04-05,2,Paid Search,Small Business
9603,2025-02-02,2,Organic,Consumer
9604,2025-07-16,4,Paid Search,Consumer
9605,2024-03-11,4,Organic,Consumer
9606,2024-02-17,6,Social,Small Business
9607,2025-02-13,4,Organic,Consumer
9608,2024-10-11,6,Affiliate,Small Business
9609,2024-12-10,2,Social,Consumer
9610,2025-02-10,2,Paid Search,Consumer
9611,2024-11-09,2,Affiliate,Small Business
9612,2025-03-30,4,Social,Consumer
9613,2024-06-01,1,Social,Consumer
9614,2025-05-20,6,Paid Search,Small Business
9615,2023-10-28,5,Social,Consumer
9616,2024-12-31,6,Social,Consumer
9617,2025-06-16,6,Affiliate,Consumer
9618,2024-04-05,1,Email,Small Business
9619,2024-06-08,5,Social,Consumer
9620,2024-05-21,4,Email,Consumer
9621,2024-11-19,5,Affiliate,Enterprise
9622,2024-08-12,6,Paid Search,Small Business
9623,2023-10-29,4,Organic,Consumer
9624,2025-06-17,1,Paid Search,Consumer
9625,2024-02-19,6,Social,Small Business
9626,2024-11-01,3,Email,Enterprise
9627,2024-12-08,3,Email,Small Business
9628,2023-07-05,4,Affiliate,Consumer
9629,2023-10-11,6,Social,Small Business
9630,2025-09-21,4,Paid Search,Small Business
9631,2025-01-17,2,Paid Search,Small Business
9632,2023-06-17,5,Paid Search,Small Business
9633,2025-04-03,4,Social,Consumer
9634,2024-10-15,1,Social,Small Business
9635,2023-09-09,4,Organic,Consumer
9636,2025-01-26,5,Paid Search,Consumer
9637,2024-10-09,6,Paid Search,Consumer
9638,2024-02-20,2,Paid Search,Consumer
9639,2025-06-05,4,Email,Consumer
9640,2024-05-09,5,Social,Consumer
9641,2024-05-04,4,Paid Search,Consumer
9642,2024-04-23,3,Social,Enterprise
9643,2025-03-17,2,Paid Search,Consumer
9644,2025-02-09,1,Social,Consumer
9645,2025-06-28,5,Affiliate,Consumer
9646,2024-03-15,6,Social,Small Business
9647,2025-03-29,4,Paid Search,Consumer
9648,2024-11-25,5,Paid Search,Consumer
9649,2024-05-24,5,Paid Search,Consumer
9650,2023-06-22,3,Affiliate,Consumer
9651,2025-04-20,4,Organic,Consumer
9652,2024-03-26,2,Social,Consumer
9653,2024-12-29,2,Organic,Consumer
9654,2024-11-10,4,Paid Search,Consumer
9655,2023-03-03,4,Social,Consumer
9656,2025-11-16,6,Social,Enterprise
9657,2025-04-17,2,Affiliate,Small Business
9658,2024-10-01,2,Email,Small Business
9659,2025-01-26,1,Paid Search,Enterprise
9660,2024-09-25,6,Email,Consumer
9661,2025-03-03,5,Paid Search,Consumer
9662,2023-12-03,2,Paid Search,Small Business
9663,2024-09-04,6,Paid Search,Consumer
9664,2024-06-15,5,Paid Search,Consumer
9665,2024-09-13,3,Paid Search,Small Business
9666,2024-09-07,3,Affiliate,Consumer
9667,2023-12-13,4,Social,Consumer
9668,2025-09-30,1,Social,Consumer
9669,2023-04-25,2,Paid Search,Consumer
9670,2023-04-03,6,Paid Search,Consumer
9671,2024-07-14,2,Paid Search,Consumer
9672,2024-12-23,1,Paid Search,Consumer
9673,2024-01-24,6,Social,Enterprise
9674,2024-10-31,6,Paid Search,Consumer
9675,2025-02-18,5,Paid Search,Small Business
9676,2023-10-09,1,Organic,Enterprise
9677,2025-10-18,6,Direct,Consumer
9678,2024-06-16,2,Paid Search,Consumer
9679,2025-01-04,1,Organic,Small Business
9680,2023-11-02,6,Organic,Consumer
9681,2025-02-11,2,Organic,Consumer
9682,2025-05-06,4,Organic,Consumer
9683,2023-10-25,1,Social,Small Business
9684,2023-11-22,2,Direct,Small Business
9685,2024-05-01,6,Paid Search,Consumer
9686,2023-04-11,4,Social,Consumer
9687,2025-10-22,6,Organic,Consumer
9688,2024-12-10,2,Affiliate,Consumer
9689,2024-12-15,6,Social,Consumer
9690,2025-09-01,6,Direct,Small Business
9691,2025-04-29,6,Organic,Consumer
9692,2025-04-17,1,Organic,Consumer
9693,2024-06-18,1,Email,Consumer
9694,2024-06-14,4,Email,Consumer
9695,2024-05-10,1,Social,Small Business
9696,2024-06-23,1,Email,Consumer
9697,2024-07-11,5,Paid Search,Consumer
9698,2023-12-10,5,Direct,Enterprise
9699,2024-07-01,6,Affiliate,Consumer
9700,2024-09-04,6,Organic,Small Business
9701,2024-05-25,1,Paid Search,Enterprise
9702,2024-01-08,5,Paid Search,Small Business
9703,2024-07-14,1,Paid Search,Consumer
9704,2024-09-27,3,Paid Search,Consumer
9705,2025-02-17,2,Organic,Consumer
9706,2025-02-12,2,Affiliate,Consumer
9707,2024-02-17,5,Organic,Consumer
9708,2023-06-25,1,Social,Consumer
9709,2024-05-20,5,Direct,Enterprise
9710,2023-12-30,6,Affiliate,Consumer
9711,2024-07-30,4,Organic,Consumer
9712,2025-10-06,1,Social,Consumer
9713,2024-01-26,4,Organic,Consumer
9714,2024-06-01,4,Social,Consumer
9715,2025-02-20,3,Paid Search,Consumer
9716,2024-10-16,3,Organic,Consumer
9717,2023-07-12,3,Organic,Small Business
9718,2024-01-04,6,Social,Consumer
9719,2025-08-01,1,Direct,Small Business
9720,2023-10-22,4,Affiliate,Consumer
9721,2024-12-31,2,Organic,Consumer
9722,2025-04-02,4,Paid Search,Consumer
9723,2024-04-17,1,Paid Search,Consumer
9724,2025-02-20,6,Organic,Consumer
9725,2024-01-13,3,Email,Consumer
9726,2024-05-04,6,Social,Small Business
9727,2024-05-27,1,Paid Search,Consumer
9728,2025-11-26,4,Paid Search,Consumer
9729,2024-02-29,5,Paid Search,Consumer
9730,2023-11-26,5,Organic,Consumer
9731,2025-07-21,1,Social,Small Business
9732,2024-01-04,4,Paid Search,Consumer
9733,2025-06-06,1,Social,Consumer
9734,2025-01-09,3,Affiliate,Small Business
9735,2024-11-27,1,Social,Consumer
9736,2025-03-07,1,Paid Search,Consumer
9737,2025-02-20,5,Organic,Consumer
9738,2023-11-01,5,Direct,Small Business
9739,2025-12-18,6,Paid Search,Consumer
9740,2025-08-09,5,Paid Search,Consumer
9741,2025-06-21,4,Organic,Consumer
9742,2024-12-24,1,Social,Consumer
9743,2024-10-25,5,Affiliate,Consumer
9744,2024-11-02,2,Organic,Enterprise
9745,2023-04-23,1,Paid Search,Consumer
9746,2024-10-10,5,Affiliate,Consumer
9747,2024-12-25,4,Organic,Consumer
9748,2025-01-14,1,Social,Consumer
9749,2024-06-12,4,Paid Search,Consumer
9750,2024-09-21,5,Organic,Consumer
9751,2025-01-01,3,Affiliate,Small Business
9752,2024-08-23,5,Paid Search,Consumer
9753,2025-09-06,4,Social,Consumer
9754,2025-02-09,3,Direct,Consumer
9755,2023-02-02,2,Social,Consumer
9756,2023-05-20,2,Paid Search,Consumer
9757,2025-01-31,5,Paid Search,Consumer
9758,2024-08-12,3,Organic,Small Business
9759,2025-05-05,5,Organic,Consumer
9760,2024-01-17,3,Paid Search,Consumer
9761,2023-04-18,4,Paid Search,Consumer
9762,2024-07-25,4,Organic,Consumer
9763,2025-02-26,3,Organic,Small Business
9764,2025-09-22,5,Paid Search,Consumer
9765,2025-06-10,6,Social,Consumer
9766,2024-09-29,6,Organic,Small Business
9767,2025-04-16,6,Paid Search,Consumer
9768,2023-09-01,1,Paid Search,Consumer
9769,2024-11-24,5,Affiliate,Small Business
9770,2025-07-19,5,Affiliate,Consumer
9771,2024-07-31,3,Social,Consumer
9772,2025-09-03,2,Affiliate,Consumer
9773,2024-03-06,1,Organic,Consumer
9774,2023-10-26,6,Direct,Consumer
9775,2024-10-26,6,Direct,Small Business
9776,2025-07-02,1,Organic,Consumer
9777,2024-05-26,4,Social,Small Business
9778,2025-04-07,4,Paid Search,Consumer
9779,2024-01-13,2,Social,Consumer
9780,2025-03-04,4,Social,Consumer
9781,2024-11-15,5,Organic,Consumer
9782,2024-01-19,2,Paid Search,Consumer
9783,2025-02-16,5,Affiliate,Consumer
9784,2025-02-13,6,Direct,Consumer
9785,2024-10-20,3,Paid Search,Consumer
9786,2024-03-11,1,Organic,Consumer
9787,2023-11-30,2,Email,Consumer
9788,2025-08-29,1,Organic,Consumer
9789,2025-01-12,3,Direct,Consumer
9790,2025-04-13,4,Social,Consumer
9791,2025-02-04,2,Paid Search,Enterprise
9792,2025-04-28,4,Social,Consumer
9793,2024-01-05,6,Social,Consumer
9794,2024-10-08,2,Paid Search,Consumer
9795,2025-01-18,6,Email,Consumer
9796,2023-10-22,2,Organic,Consumer
9797,2023-12-22,4,Social,Small Business
9798,2024-12-31,1,Social,Consumer
9799,2025-05-28,2,Social,Small Business
9800,2025-01-15,6,Social,Small Business
9801,2023-06-24,4,Social,Small Business
9802,2025-09-19,4,Social,Consumer
9803,2023-12-09,4,Email,Consumer
9804,2024-03-18,2,Direct,Small Business
9805,2025-09-28,6,Social,Small Business
9806,2025-03-19,3,Organic,Consumer
9807,2025-08-02,1,Direct,Consumer
9808,2025-04-12,6,Paid Search,Consumer
9809,2025-01-10,1,Paid Search,Consumer
9810,2024-05-04,6,Paid Search,Consumer
9811,2024-06-08,2,Social,Consumer
9812,2025-08-16,1,Social,Small Business
9813,2025-05-21,2,Organic,Consumer
9814,2024-07-03,4,Social,Consumer
9815,2024-07-14,4,Paid Search,Small Business
9816,2024-05-15,1,Social,Consumer
9817,2024-06-07,2,Paid Search,Consumer
9818,2025-05-21,2,Social,Small Business
9819,2023-04-04,4,Paid Search,Consumer
9820,2024-08-28,6,Paid Search,Small Business
9821,2025-08-10,2,Paid Search,Consumer
9822,2024-11-06,6,Organic,Consumer
9823,2024-09-07,3,Paid Search,Consumer
9824,2024-05-27,1,Organic,Consumer
9825,2023-09-07,2,Email,Consumer
9826,2024-03-10,6,Social,Consumer
9827,2023-10-03,5,Paid Search,Small Business
9828,2023-11-23,5,Organic,Consumer
9829,2024-01-06,3,Paid Search,Consumer
9830,2024-05-18,5,Email,Small Business
9831,2023-04-07,5,Email,Consumer
9832,2025-08-19,5,Social,Small Business
9833,2023-11-19,4,Paid Search,Consumer
9834,2024-07-21,4,Organic,Consumer
9835,2025-06-06,6,Organic,Consumer
9836,2023-10-27,6,Paid Search,Small Business
9837,2024-09-29,4,Email,Small Business
9838,2025-05-09,2,Social,Small Business
9839,2024-11-15,3,Affiliate,Consumer
9840,2024-02-25,4,Affiliate,Consumer
9841,2025-02-26,5,Paid Search,Consumer
9842,2025-01-26,2,Paid Search,Consumer
9843,2024-07-05,1,Social,Consumer
9844,2023-07-17,5,Email,Consumer
9845,2023-03-23,6,Paid Search,Small Business
9846,2025-04-25,1,Social,Consumer
9847,2024-06-03,2,Organic,Consumer
9848,2023-12-07,3,Paid Search,Consumer
9849,2024-10-22,5,Paid Search,Consumer
9850,2025-07-16,5,Email,Consumer
9851,2023-03-26,3,Social,Consumer
9852,2023-08-06,2,Organic,Small Business
9853,2024-08-15,3,Paid Search,Consumer
9854,2025-01-23,2,Social,Consumer
9855,2024-09-24,3,Organic,Consumer
9856,2025-06-22,2,Social,Consumer
9857,2023-07-12,1,Direct,Consumer
9858,2024-06-18,5,Paid Search,Consumer
9859,2024-06-27,5,Social,Consumer
9860,2024-06-18,2,Affiliate,Small Business
9861,2024-10-02,3,Paid Search,Consumer
9862,2025-04-01,3,Direct,Consumer
9863,2024-06-01,1,Social,Consumer
9864,2025-03-03,4,Paid Search,Small Business
9865,2023-12-17,3,Paid Search,Small Business
9866,2024-11-17,6,Social,Enterprise
9867,2024-07-15,3,Affiliate,Consumer
9868,2024-11-04,5,Direct,Consumer
9869,2023-10-29,3,Organic,Consumer
9870,2025-08-24,2,Paid Search,Consumer
9871,2025-07-01,3,Social,Consumer
9872,2025-04-25,6,Social,Consumer
9873,2025-06-18,2,Paid Search,Enterprise
9874,2023-12-18,6,Paid Search,Consumer
9875,2024-10-12,4,Social,Consumer
9876,2024-06-01,5,Social,Consumer
9877,2025-06-13,5,Organic,Consumer
9878,2024-02-04,4,Social,Consumer
9879,2024-03-06,4,Paid Search,Consumer
9880,2025-01-29,1,Paid Search,Consumer
9881,2023-10-01,5,Organic,Small Business
9882,2025-02-24,5,Organic,Consumer
9883,2024-04-19,1,Paid Search,Small Business
9884,2025-01-15,4,Affiliate,Small Business
9885,2025-06-01,4,Organic,Consumer
9886,2024-12-16,2,Paid Search,Consumer
9887,2024-02-27,1,Paid Search,Small Business
9888,2023-07-23,1,Direct,Consumer
9889,2023-07-13,2,Social,Consumer
9890,2023-10-01,2,Paid Search,Consumer
9891,2024-11-29,2,Social,Small Business
9892,2024-06-25,4,Paid Search,Consumer
9893,2024-03-28,3,Email,Consumer
9894,2024-03-05,1,Email,Consumer
9895,2025-08-17,1,Email,Consumer
9896,2023-11-13,4,Organic,Consumer
9897,2024-05-21,6,Organic,Consumer
9898,2024-09-21,5,Social,Consumer
9899,2023-01-20,5,Affiliate,Consumer
9900,2025-07-16,2,Paid Search,Consumer
9901,2023-10-16,5,Paid Search,Consumer
9902,2025-01-27,1,Direct,Consumer
9903,2024-12-28,2,Direct,Consumer
9904,2025-04-13,1,Social,Consumer
9905,2025-01-10,2,Social,Consumer
9906,2025-03-18,3,Paid Search,Consumer
9907,2024-08-18,1,Organic,Consumer
9908,2024-10-03,5,Paid Search,Consumer
9909,2025-02-07,5,Social,Small Business
9910,2024-11-22,4,Social,Consumer
9911,2024-10-17,2,Affiliate,Consumer
9912,2024-02-20,6,Direct,Consumer
9913,2024-04-10,1,Direct,Consumer
9914,2024-07-03,6,Email,Consumer
9915,2023-03-30,5,Paid Search,Consumer
9916,2024-08-15,2,Paid Search,Small Business
9917,2023-02-18,2,Social,Consumer
9918,2024-11-20,5,Paid Search,Enterprise
9919,2025-02-08,5,Organic,Consumer
9920,2024-11-18,3,Social,Consumer
9921,2025-02-02,1,Affiliate,Enterprise
9922,2023-01-04,3,Social,Consumer
9923,2023-08-12,3,Social,Small Business
9924,2025-02-05,2,Email,Consumer
9925,2025-04-09,6,Organic,Consumer
9926,2025-02-16,3,Paid Search,Consumer
9927,2025-01-16,2,Organic,Small Business
9928,2025-02-10,5,Organic,Consumer
9929,2025-02-28,4,Paid Search,Consumer
9930,2025-02-19,4,Social,Small Business
9931,2025-02-27,4,Affiliate,Consumer
9932,2023-09-07,2,Paid Search,Enterprise
9933,2023-08-19,2,Social,Consumer
9934,2024-07-05,1,Paid Search,Small Business
9935,2024-10-28,2,Social,Consumer
9936,2025-03-14,4,Direct,Small Business
9937,2024-06-14,3,Social,Small Business
9938,2024-04-25,5,Affiliate,Consumer
9939,2025-03-26,5,Affiliate,Small Business
9940,2024-04-02,4,Paid Search,Enterprise
9941,2025-04-21,1,Email,Small Business
9942,2024-01-21,1,Direct,Enterprise
9943,2024-07-03,2,Direct,Small Business
9944,2024-08-03,2,Organic,Consumer
9945,2024-05-16,1,Paid Search,Small Business
9946,2023-02-23,5,Paid Search,Consumer
9947,2024-03-21,3,Paid Search,Consumer
9948,2024-06-16,5,Organic,Consumer
9949,2024-05-28,2,Social,Consumer
9950,2025-03-29,1,Organic,Small Business
9951,2023-07-19,1,Email,Small Business
9952,2024-07-25,3,Paid Search,Small Business
9953,2023-06-27,3,Affiliate,Consumer
9954,2025-07-26,3,Paid Search,Consumer
9955,2025-04-01,6,Paid Search,Consumer
9956,2025-10-12,4,Email,Consumer
9957,2025-07-05,5,Paid Search,Small Business
9958,2024-05-30,1,Paid Search,Small Business
9959,2025-02-01,3,Direct,Consumer
9960,2024-05-22,4,Affiliate,Small Business
9961,2025-06-14,4,Email,Consumer
9962,2024-08-10,6,Paid Search,Small Business
9963,2024-07-16,3,Paid Search,Small Business
9964,2025-07-09,3,Paid Search,Consumer
9965,2025-05-03,6,Paid Search,Small Business
9966,2025-09-12,3,Direct,Consumer
9967,2023-08-25,4,Paid Search,Small Business
9968,2024-03-28,1,Email,Small Business
9969,2024-05-17,1,Paid Search,Small Business
9970,2024-08-20,1,Organic,Consumer
9971,2024-09-22,3,Paid Search,Small Business
9972,2024-05-10,6,Paid Search,Consumer
9973,2025-04-01,1,Paid Search,Small Business
9974,2024-03-09,6,Direct,Small Business
9975,2025-02-04,6,Organic,Consumer
9976,2025-05-14,1,Organic,Consumer
9977,2024-12-13,1,Paid Search,Consumer
9978,2024-06-29,6,Email,Small Business
9979,2024-02-02,4,Organic,Consumer
9980,2023-12-03,2,Social,Small Business
9981,2025-03-03,6,Organic,Enterprise
9982,2024-09-20,4,Affiliate,Consumer
9983,2023-07-17,4,Direct,Consumer
9984,2025-10-16,5,Direct,Consumer
9985,2025-01-21,2,Social,Consumer
9986,2025-05-09,3,Paid Search,Small Business
9987,2024-08-30,1,Paid Search,Consumer
9988,2025-08-27,4,Paid Search,Consumer
9989,2024-02-14,6,Social,Consumer
9990,2024-01-30,4,Social,Small Business
9991,2025-06-16,5,Organic,Consumer
9992,2025-06-17,2,Social,Consumer
9993,2024-10-09,4,Organic,Consumer
9994,2023-11-22,6,Direct,Consumer
9995,2024-05-21,1,Paid Search,Consumer
9996,2025-03-09,2,Paid Search,Consumer
9997,2025-05-10,5,Organic,Consumer
9998,2024-06-24,1,Organic,Consumer
9999,2023-08-15,2,Social,Consumer
10000,2025-01-18,6,Affiliate,Small Business
10001,2025-02-28,1,Paid Search,Consumer
10002,2024-08-20,3,Organic,Consumer
10003,2024-12-01,2,Direct,Consumer
10004,2025-10-25,3,Social,Consumer
10005,2024-03-29,2,Organic,Consumer
10006,2024-11-25,2,Paid Search,Small Business
10007,2024-12-17,5,Social,Small Business
10008,2024-11-10,1,Paid Search,Consumer
10009,2025-05-28,1,Organic,Small Business
10010,2024-12-14,2,Organic,Consumer
10011,2024-10-15,5,Direct,Small Business
10012,2023-11-18,3,Organic,Consumer
10013,2025-02-07,1,Paid Search,Consumer
10014,2023-11-30,4,Affiliate,Small Business
10015,2023-05-30,4,Social,Consumer
10016,2024-10-02,3,Organic,Consumer
10017,2024-11-24,1,Paid Search,Small Business
10018,2025-12-13,6,Email,Consumer
10019,2025-02-13,6,Direct,Small Business
10020,2025-05-12,6,Paid Search,Consumer
10021,2024-06-23,6,Organic,Consumer
10022,2024-10-16,2,Organic,Consumer
10023,2025-09-26,3,Paid Search,Small Business
10024,2024-08-15,6,Social,Consumer
10025,2025-04-12,3,Organic,Consumer
10026,2024-10-27,6,Paid Search,Consumer
10027,2024-03-09,4,Paid Search,Small Business
10028,2024-11-29,6,Email,Consumer
10029,2024-03-04,1,Organic,Small Business
10030,2023-02-20,5,Paid Search,Consumer
10031,2024-03-21,5,Direct,Consumer
10032,2024-02-07,2,Affiliate,Small Business
10033,2024-07-12,5,Direct,Consumer
10034,2025-06-14,2,Social,Consumer
10035,2024-07-25,6,Paid Search,Consumer
10036,2025-05-09,6,Paid Search,Consumer
10037,2024-11-14,1,Direct,Small Business
10038,2023-03-22,4,Affiliate,Enterprise
10039,2024-02-03,3,Email,Consumer
10040,2025-07-27,6,Social,Small Business
10041,2024-12-13,2,Social,Small Business
10042,2025-07-25,5,Organic,Consumer
10043,2024-05-25,1,Paid Search,Small Business
10044,2025-02-15,2,Social,Consumer
10045,2025-03-20,6,Organic,Small Business
10046,2025-09-29,3,Email,Consumer
10047,2023-05-04,5,Social,Consumer
10048,2025-08-22,6,Email,Consumer
10049,2024-07-27,6,Paid Search,Consumer
10050,2025-05-04,1,Paid Search,Consumer
10051,2024-11-07,2,Paid Search,Consumer
10052,2024-11-20,5,Social,Consumer
10053,2024-07-03,6,Social,Small Business
10054,2025-04-27,6,Social,Enterprise
10055,2024-04-16,5,Social,Small Business
10056,2024-10-05,1,Social,Consumer
10057,2024-11-17,5,Social,Consumer
10058,2025-03-02,2,Email,Consumer
10059,2024-09-21,5,Paid Search,Consumer
10060,2025-01-26,4,Social,Consumer
10061,2024-09-30,2,Paid Search,Consumer
10062,2025-01-14,6,Paid Search,Consumer
10063,2025-01-22,6,Organic,Enterprise
10064,2025-02-11,4,Affiliate,Consumer
10065,2025-04-23,5,Social,Consumer
10066,2024-11-05,1,Social,Consumer
10067,2024-02-08,2,Paid Search,Consumer
10068,2025-01-25,1,Paid Search,Small Business
10069,2023-09-12,2,Affiliate,Consumer
10070,2024-03-05,3,Organic,Consumer
10071,2025-04-02,3,Organic,Consumer
10072,2024-08-27,2,Affiliate,Consumer
10073,2024-10-09,4,Organic,Consumer
10074,2025-10-25,2,Paid Search,Small Business
10075,2024-03-20,3,Organic,Small Business
10076,2023-05-09,6,Email,Consumer
10077,2023-11-03,4,Social,Small Business
10078,2024-03-29,1,Organic,Small Business
10079,2025-02-20,2,Social,Consumer
10080,2025-03-22,5,Social,Consumer
10081,2024-11-20,2,Organic,Small Business
10082,2024-04-08,6,Paid Search,Consumer
10083,2024-10-24,2,Social,Consumer
10084,2023-04-23,4,Social,Consumer
10085,2025-01-27,3,Organic,Consumer
10086,2024-12-19,4,Affiliate,Consumer
10087,2023-05-16,5,Organic,Consumer
10088,2025-04-19,1,Email,Small Business
10089,2025-03-15,3,Paid Search,Consumer
10090,2024-05-24,4,Organic,Consumer
10091,2024-12-31,2,Paid Search,Consumer
10092,2024-12-12,3,Social,Consumer
10093,2023-12-13,6,Organic,Consumer
10094,2024-02-08,2,Paid Search,Consumer
10095,2025-01-27,2,Affiliate,Consumer
10096,2025-07-30,4,Social,Consumer
10097,2024-11-27,1,Organic,Consumer
10098,2024-11-21,1,Social,Consumer
10099,2025-01-07,6,Email,Consumer
10100,2024-08-31,2,Organic,Consumer
10101,2023-08-02,1,Paid Search,Consumer
10102,2024-07-31,4,Direct,Consumer
10103,2025-06-25,3,Organic,Enterprise
10104,2025-04-10,3,Social,Consumer
10105,2025-07-23,3,Organic,Consumer
10106,2023-12-25,1,Paid Search,Consumer
10107,2024-10-14,6,Email,Consumer
10108,2024-12-02,1,Social,Consumer
10109,2024-02-25,3,Email,Consumer
10110,2024-02-16,2,Paid Search,Small Business
10111,2025-03-26,4,Email,Consumer
10112,2025-01-21,4,Affiliate,Small Business
10113,2025-01-07,3,Direct,Consumer
10114,2024-04-18,4,Email,Consumer
10115,2024-10-14,2,Organic,Consumer
10116,2023-05-20,1,Social,Consumer
10117,2023-11-27,6,Paid Search,Small Business
10118,2024-10-22,4,Organic,Small Business
10119,2024-05-25,4,Organic,Consumer
10120,2025-09-11,6,Paid Search,Consumer
10121,2024-09-21,6,Organic,Consumer
10122,2023-09-23,4,Paid Search,Consumer
10123,2023-05-03,5,Organic,Small Business
10124,2025-02-20,4,Social,Consumer
10125,2024-01-15,2,Affiliate,Consumer
10126,2024-02-02,4,Paid Search,Consumer
10127,2024-08-19,6,Paid Search,Consumer
10128,2024-04-16,6,Organic,Consumer
10129,2024-12-21,4,Social,Consumer
10130,2024-10-01,6,Paid Search,Consumer
10131,2023-11-03,2,Organic,Enterprise
10132,2025-03-28,1,Affiliate,Small Business
10133,2024-08-21,3,Email,Consumer
10134,2024-12-17,2,Paid Search,Small Business
10135,2023-02-27,6,Paid Search,Consumer
10136,2024-12-26,1,Organic,Consumer
10137,2024-05-02,4,Organic,Consumer
10138,2024-10-06,5,Direct,Consumer
10139,2024-05-15,1,Paid Search,Consumer
10140,2025-11-25,1,Organic,Enterprise
10141,2024-03-16,4,Direct,Consumer
10142,2025-07-07,6,Paid Search,Enterprise
10143,2025-07-13,1,Direct,Consumer
10144,2024-08-17,1,Social,Consumer
10145,2024-05-20,6,Organic,Enterprise
10146,2024-07-20,4,Social,Consumer
10147,2025-10-31,5,Affiliate,Consumer
10148,2024-12-22,2,Affiliate,Consumer
10149,2024-11-07,2,Paid Search,Small Business
10150,2023-06-23,3,Email,Consumer
10151,2025-05-11,2,Paid Search,Small Business
10152,2023-09-23,3,Paid Search,Consumer
10153,2023-07-18,6,Organic,Consumer
10154,2024-04-25,5,Organic,Small Business
10155,2024-09-24,6,Social,Consumer
10156,2025-06-20,3,Paid Search,Consumer
10157,2025-03-31,5,Paid Search,Consumer
10158,2024-02-12,3,Paid Search,Consumer
10159,2024-07-13,4,Paid Search,Consumer
10160,2025-03-25,5,Paid Search,Consumer
10161,2024-10-27,5,Affiliate,Consumer
10162,2024-01-19,6,Paid Search,Consumer
10163,2024-07-31,1,Affiliate,Small Business
10164,2024-12-26,5,Paid Search,Small Business
10165,2025-09-24,5,Social,Consumer
10166,2025-01-15,5,Paid Search,Consumer
10167,2023-04-27,1,Paid Search,Consumer
10168,2025-02-08,3,Organic,Consumer
10169,2024-04-04,6,Social,Consumer
10170,2025-05-23,6,Social,Consumer
10171,2024-07-22,2,Social,Consumer
10172,2024-02-14,3,Email,Consumer
10173,2024-09-19,6,Social,Consumer
10174,2024-04-08,6,Paid Search,Enterprise
10175,2024-03-21,2,Paid Search,Consumer
10176,2024-11-25,5,Organic,Consumer
10177,2025-03-17,6,Direct,Consumer
10178,2025-05-02,1,Paid Search,Consumer
10179,2024-08-01,1,Social,Consumer
10180,2023-08-26,1,Social,Consumer
10181,2024-09-29,1,Direct,Consumer
10182,2024-08-26,5,Paid Search,Consumer
10183,2024-02-11,3,Email,Consumer
10184,2025-06-21,5,Email,Consumer
10185,2025-09-26,1,Social,Consumer
10186,2023-07-28,4,Email,Consumer
10187,2025-04-04,5,Organic,Consumer
10188,2025-01-06,6,Paid Search,Small Business
10189,2024-04-13,2,Paid Search,Consumer
10190,2024-12-31,4,Social,Consumer
10191,2023-11-25,3,Social,Consumer
10192,2023-08-30,3,Email,Small Business
10193,2025-11-13,4,Organic,Consumer
10194,2025-01-01,4,Email,Consumer
10195,2024-04-06,5,Social,Consumer
10196,2024-09-07,1,Social,Consumer
10197,2025-08-19,2,Paid Search,Small Business
10198,2024-08-30,4,Email,Consumer
10199,2025-06-25,4,Paid Search,Consumer
10200,2025-05-28,6,Social,Consumer
10201,2024-06-21,5,Organic,Consumer
10202,2025-02-04,1,Email,Consumer
10203,2025-01-15,3,Paid Search,Small Business
10204,2025-03-19,6,Organic,Consumer
10205,2024-07-08,6,Paid Search,Consumer
10206,2023-07-29,5,Email,Small Business
10207,2024-01-15,3,Email,Consumer
10208,2024-12-21,1,Email,Consumer
10209,2025-03-22,2,Paid Search,Consumer
10210,2025-03-10,6,Organic,Small Business
10211,2024-12-01,3,Paid Search,Consumer
10212,2023-09-24,5,Social,Consumer
10213,2023-05-01,1,Direct,Consumer
10214,2025-03-26,3,Paid Search,Small Business
10215,2024-11-10,6,Organic,Small Business
10216,2025-03-27,2,Paid Search,Consumer
10217,2024-01-05,1,Social,Consumer
10218,2024-08-08,2,Social,Consumer
10219,2025-07-14,1,Social,Consumer
10220,2024-01-15,4,Organic,Consumer
10221,2023-08-16,2,Direct,Consumer
10222,2025-01-11,2,Email,Consumer
10223,2024-12-08,4,Direct,Small Business
10224,2025-08-22,2,Paid Search,Consumer
10225,2025-07-01,4,Direct,Small Business
10226,2025-03-06,6,Social,Consumer
10227,2023-05-07,6,Paid Search,Consumer
10228,2024-09-27,5,Social,Consumer
10229,2025-06-21,6,Paid Search,Small Business
10230,2024-08-26,5,Email,Consumer
10231,2025-09-06,1,Paid Search,Consumer
10232,2025-01-10,6,Organic,Consumer
10233,2023-10-31,4,Paid Search,Enterprise
10234,2024-10-16,1,Paid Search,Consumer
10235,2025-02-03,4,Affiliate,Consumer
10236,2023-08-23,2,Social,Consumer
10237,2024-06-22,4,Social,Small Business
10238,2025-02-15,4,Email,Small Business
10239,2023-12-30,1,Affiliate,Consumer
10240,2024-06-25,3,Social,Consumer
10241,2025-01-31,1,Paid Search,Consumer
10242,2025-03-22,1,Direct,Consumer
10243,2024-10-22,2,Social,Consumer
10244,2025-08-29,5,Paid Search,Small Business
10245,2025-07-20,3,Paid Search,Consumer
10246,2024-09-22,1,Paid Search,Consumer
10247,2024-01-03,5,Direct,Consumer
10248,2025-03-20,4,Direct,Consumer
10249,2024-03-28,1,Social,Small Business
10250,2025-05-08,4,Organic,Consumer
10251,2024-12-03,2,Affiliate,Consumer
10252,2024-07-29,4,Organic,Consumer
10253,2024-11-14,6,Organic,Consumer
10254,2024-10-31,2,Direct,Small Business
10255,2025-07-20,5,Paid Search,Small Business
10256,2024-02-29,1,Paid Search,Consumer
10257,2025-07-24,3,Email,Consumer
10258,2023-06-12,6,Organic,Consumer
10259,2025-03-18,1,Paid Search,Consumer
10260,2025-07-14,6,Social,Consumer
10261,2024-07-29,1,Organic,Consumer
10262,2023-09-05,3,Social,Small Business
10263,2025-04-10,2,Affiliate,Consumer
10264,2025-05-08,1,Affiliate,Small Business
10265,2024-06-15,3,Social,Consumer
10266,2024-10-22,4,Organic,Consumer
10267,2025-04-13,5,Organic,Consumer
10268,2024-02-06,2,Paid Search,Consumer
10269,2024-12-28,3,Social,Consumer
10270,2024-08-24,2,Social,Consumer
10271,2024-01-18,5,Affiliate,Small Business
10272,2025-04-29,2,Affiliate,Enterprise
10273,2024-06-06,6,Paid Search,Consumer
10274,2025-07-31,2,Affiliate,Consumer
10275,2024-11-22,4,Organic,Consumer
10276,2024-10-19,2,Paid Search,Enterprise
10277,2024-08-19,6,Social,Small Business
10278,2024-08-03,2,Affiliate,Small Business
10279,2025-04-19,6,Social,Consumer
10280,2025-01-24,6,Organic,Enterprise
10281,2025-03-21,3,Organic,Consumer
10282,2024-08-18,3,Organic,Consumer
10283,2024-04-13,3,Social,Consumer
10284,2023-09-28,3,Social,Consumer
10285,2025-03-23,3,Affiliate,Small Business
10286,2024-08-13,1,Social,Consumer
10287,2024-10-16,2,Paid Search,Small Business
10288,2024-09-20,6,Social,Consumer
10289,2024-08-25,6,Email,Consumer
10290,2025-01-28,1,Social,Small Business
10291,2024-12-16,5,Email,Consumer
10292,2025-09-22,2,Paid Search,Consumer
10293,2023-12-08,4,Organic,Consumer
10294,2024-11-25,4,Affiliate,Small Business
10295,2023-08-19,6,Social,Small Business
10296,2025-04-12,5,Organic,Small Business
10297,2024-12-20,5,Organic,Consumer
10298,2024-08-23,5,Email,Small Business
10299,2025-04-09,4,Social,Consumer
10300,2024-09-10,3,Organic,Consumer
10301,2024-03-13,3,Social,Consumer
10302,2024-09-22,3,Social,Enterprise
10303,2023-09-02,3,Social,Consumer
10304,2025-06-23,2,Social,Enterprise
10305,2025-02-23,2,Paid Search,Small Business
10306,2025-03-13,4,Email,Consumer
10307,2025-06-02,2,Organic,Consumer
10308,2025-04-01,3,Paid Search,Consumer
10309,2024-08-25,5,Paid Search,Consumer
10310,2023-11-12,2,Organic,Consumer
10311,2024-07-14,1,Social,Small Business
10312,2025-07-30,1,Email,Consumer
10313,2025-08-18,5,Social,Small Business
10314,2025-03-17,6,Affiliate,Consumer
10315,2024-02-19,5,Paid Search,Small Business
10316,2024-02-09,1,Organic,Small Business
10317,2025-06-06,4,Social,Consumer
10318,2023-12-12,2,Social,Consumer
10319,2024-12-01,2,Direct,Enterprise
10320,2024-07-17,6,Affiliate,Small Business
10321,2024-05-18,5,Paid Search,Small Business
10322,2025-01-24,5,Paid Search,Consumer
10323,2025-09-02,4,Affiliate,Small Business
10324,2025-03-23,4,Paid Search,Consumer
10325,2024-10-01,6,Direct,Consumer
10326,2024-08-31,4,Paid Search,Consumer
10327,2025-07-02,4,Social,Consumer
10328,2024-11-28,1,Paid Search,Consumer
10329,2024-10-08,6,Social,Consumer
10330,2025-01-27,5,Paid Search,Consumer
10331,2024-03-22,3,Social,Consumer
10332,2023-08-20,2,Affiliate,Consumer
10333,2025-05-17,6,Paid Search,Consumer
10334,2024-12-15,6,Organic,Consumer
10335,2024-01-08,3,Paid Search,Enterprise
10336,2024-05-15,2,Organic,Consumer
10337,2025-11-01,5,Paid Search,Consumer
10338,2024-12-31,4,Organic,Enterprise
10339,2025-01-01,6,Email,Small Business
10340,2023-09-04,4,Affiliate,Consumer
10341,2025-09-17,4,Affiliate,Consumer
10342,2025-06-18,1,Paid Search,Consumer
10343,2024-11-09,4,Paid Search,Consumer
10344,2024-05-25,3,Paid Search,Small Business
10345,2025-02-05,2,Email,Enterprise
10346,2025-04-30,5,Paid Search,Consumer
10347,2025-03-29,3,Email,Consumer
10348,2025-10-02,2,Direct,Small Business
10349,2025-01-01,6,Paid Search,Small Business
10350,2024-06-03,6,Paid Search,Consumer
10351,2024-10-09,3,Social,Consumer
10352,2025-04-18,2,Social,Consumer
10353,2024-04-17,1,Social,Consumer
10354,2024-03-17,4,Paid Search,Consumer
10355,2025-02-20,4,Affiliate,Consumer
10356,2024-09-03,4,Organic,Consumer
10357,2025-04-18,5,Paid Search,Consumer
10358,2023-12-14,3,Paid Search,Consumer
10359,2024-06-15,5,Email,Consumer
10360,2024-04-19,4,Paid Search,Consumer
10361,2025-02-05,5,Affiliate,Consumer
10362,2025-03-12,5,Social,Enterprise
10363,2024-09-11,1,Direct,Small Business
10364,2024-09-25,4,Email,Consumer
10365,2023-11-30,6,Affiliate,Consumer
10366,2025-02-07,4,Email,Consumer
10367,2025-11-09,4,Organic,Consumer
10368,2025-03-24,4,Paid Search,Consumer
10369,2024-03-09,4,Email,Small Business
10370,2024-12-24,3,Organic,Consumer
10371,2024-05-13,6,Social,Small Business
10372,2023-06-09,1,Organic,Consumer
10373,2024-01-24,5,Paid Search,Consumer
10374,2023-10-21,1,Social,Small Business
10375,2024-02-10,2,Paid Search,Consumer
10376,2025-04-04,4,Social,Consumer
10377,2024-05-11,4,Social,Small Business
10378,2025-03-11,6,Affiliate,Consumer
10379,2025-08-18,2,Social,Consumer
10380,2024-11-25,1,Affiliate,Small Business
10381,2024-09-30,2,Direct,Consumer
10382,2025-03-06,4,Paid Search,Small Business
10383,2023-10-13,3,Organic,Consumer
10384,2024-08-23,2,Paid Search,Consumer
10385,2024-10-09,6,Affiliate,Consumer
10386,2025-04-29,4,Social,Consumer
10387,2025-04-17,5,Paid Search,Enterprise
10388,2025-05-12,5,Paid Search,Consumer
10389,2025-02-05,3,Organic,Consumer
10390,2024-10-29,5,Paid Search,Consumer
10391,2025-04-26,6,Social,Consumer
10392,2025-06-01,5,Affiliate,Consumer
10393,2024-09-27,2,Paid Search,Consumer
10394,2025-10-21,5,Organic,Consumer
10395,2025-06-02,2,Organic,Consumer
10396,2024-10-17,1,Social,Enterprise
10397,2023-08-30,3,Paid Search,Consumer
10398,2024-03-10,4,Paid Search,Small Business
10399,2025-03-23,3,Direct,Consumer
10400,2023-11-02,2,Organic,Consumer
10401,2024-09-20,2,Social,Consumer
10402,2024-12-14,6,Affiliate,Consumer
10403,2025-06-05,2,Paid Search,Small Business
10404,2025-05-11,5,Paid Search,Small Business
10405,2025-03-15,2,Paid Search,Consumer
10406,2024-08-08,1,Email,Small Business
10407,2023-12-12,1,Social,Consumer
10408,2025-01-20,2,Organic,Consumer
10409,2024-01-26,6,Paid Search,Consumer
10410,2024-11-18,3,Email,Small Business
10411,2025-10-09,5,Email,Consumer
10412,2024-11-11,6,Social,Consumer
10413,2025-01-06,1,Paid Search,Small Business
10414,2025-01-24,1,Organic,Consumer
10415,2025-04-28,6,Paid Search,Consumer
10416,2024-08-27,4,Paid Search,Consumer
10417,2024-10-08,4,Organic,Consumer
10418,2024-01-20,3,Social,Consumer
10419,2024-12-19,5,Email,Consumer
10420,2024-05-13,4,Paid Search,Consumer
10421,2024-10-15,2,Paid Search,Consumer
10422,2025-03-16,4,Organic,Consumer
10423,2023-05-02,1,Organic,Consumer
10424,2024-11-19,2,Social,Small Business
10425,2024-01-17,2,Social,Consumer
10426,2024-04-29,5,Paid Search,Consumer
10427,2023-06-20,5,Social,Consumer
10428,2024-01-13,1,Direct,Consumer
10429,2025-10-23,6,Paid Search,Consumer
10430,2025-12-08,5,Organic,Small Business
10431,2025-02-17,3,Paid Search,Consumer
10432,2024-12-18,2,Social,Small Business
10433,2025-03-23,3,Email,Consumer
10434,2025-06-21,4,Organic,Small Business
10435,2024-10-22,4,Paid Search,Consumer
10436,2023-06-22,3,Social,Consumer
10437,2025-02-11,1,Paid Search,Consumer
10438,2025-10-18,4,Social,Small Business
10439,2024-04-10,5,Email,Consumer
10440,2024-09-16,2,Paid Search,Small Business
10441,2024-07-05,4,Social,Consumer
10442,2024-07-26,4,Social,Small Business
10443,2025-02-18,4,Affiliate,Consumer
10444,2024-07-18,1,Paid Search,Consumer
10445,2025-08-08,2,Organic,Consumer
10446,2025-03-31,3,Paid Search,Consumer
10447,2023-06-02,6,Paid Search,Consumer
10448,2025-04-20,5,Paid Search,Consumer
10449,2025-03-20,6,Organic,Consumer
10450,2024-10-21,3,Paid Search,Consumer
10451,2024-10-08,2,Direct,Consumer
10452,2025-05-02,3,Social,Consumer
10453,2024-08-20,5,Affiliate,Consumer
10454,2024-01-02,4,Paid Search,Small Business
10455,2024-05-27,4,Social,Consumer
10456,2024-04-17,3,Email,Small Business
10457,2025-01-26,5,Social,Consumer
10458,2024-01-23,6,Social,Consumer
10459,2025-01-06,5,Email,Consumer
10460,2024-09-17,3,Organic,Consumer
10461,2025-05-05,6,Affiliate,Consumer
10462,2024-09-30,6,Paid Search,Consumer
10463,2025-07-25,5,Organic,Consumer
10464,2025-06-25,6,Organic,Consumer
10465,2024-01-30,2,Organic,Small Business
10466,2025-01-29,3,Organic,Consumer
10467,2024-02-29,2,Email,Consumer
10468,2025-04-23,3,Affiliate,Consumer
10469,2025-01-01,5,Paid Search,Consumer
10470,2024-05-12,5,Paid Search,Small Business
10471,2024-04-02,1,Paid Search,Small Business
10472,2024-08-24,5,Paid Search,Consumer
10473,2025-04-08,2,Organic,Small Business
10474,2025-04-04,2,Social,Consumer
10475,2023-06-17,4,Social,Consumer
10476,2024-05-19,2,Affiliate,Consumer
10477,2024-08-19,6,Affiliate,Consumer
10478,2024-12-02,1,Social,Consumer
10479,2023-12-21,1,Social,Consumer
10480,2024-06-14,5,Paid Search,Consumer
10481,2025-06-11,2,Social,Consumer
10482,2024-09-25,5,Social,Small Business
10483,2025-03-03,5,Paid Search,Small Business
10484,2024-09-30,2,Email,Consumer
10485,2024-09-17,4,Social,Small Business
10486,2024-12-24,4,Paid Search,Consumer
10487,2024-04-11,1,Organic,Consumer
10488,2024-04-03,5,Social,Small Business
10489,2025-10-31,6,Social,Consumer
10490,2025-05-28,6,Paid Search,Consumer
10491,2025-02-27,1,Paid Search,Small Business
10492,2023-12-06,2,Social,Consumer
10493,2023-06-09,5,Social,Consumer
10494,2024-01-20,2,Paid Search,Small Business
10495,2025-08-04,4,Email,Consumer
10496,2025-04-18,3,Email,Consumer
10497,2024-10-25,2,Social,Enterprise
10498,2025-09-16,4,Affiliate,Small Business
10499,2023-12-18,2,Social,Small Business
10500,2024-11-16,1,Paid Search,Consumer
10501,2024-01-28,4,Social,Small Business
10502,2024-05-22,2,Social,Consumer
10503,2025-08-07,2,Social,Consumer
10504,2025-05-28,5,Direct,Consumer
10505,2023-10-20,4,Social,Consumer
10506,2024-04-03,4,Paid Search,Consumer
10507,2024-12-08,1,Paid Search,Small Business
10508,2023-08-16,1,Affiliate,Consumer
10509,2024-11-11,3,Paid Search,Consumer
10510,2024-12-02,3,Affiliate,Consumer
10511,2024-05-09,3,Paid Search,Consumer
10512,2024-05-11,1,Email,Consumer
10513,2024-03-14,6,Paid Search,Small Business
10514,2025-08-01,3,Paid Search,Consumer
10515,2024-07-25,5,Paid Search,Consumer
10516,2024-12-02,3,Paid Search,Consumer
10517,2024-05-18,3,Paid Search,Consumer
10518,2025-02-07,1,Paid Search,Consumer
10519,2023-10-20,5,Organic,Consumer
10520,2023-09-03,1,Organic,Consumer
10521,2025-03-03,5,Paid Search,Consumer
10522,2025-02-21,6,Organic,Consumer
10523,2024-04-17,3,Email,Consumer
10524,2024-06-30,6,Direct,Consumer
10525,2025-08-29,5,Social,Consumer
10526,2023-10-24,1,Social,Consumer
10527,2024-01-28,2,Direct,Consumer
10528,2024-08-24,4,Direct,Consumer
10529,2024-05-02,5,Direct,Consumer
10530,2025-01-08,1,Organic,Small Business
10531,2025-02-01,5,Organic,Consumer
10532,2024-10-27,5,Direct,Enterprise
10533,2024-12-17,1,Social,Consumer
10534,2024-08-26,6,Paid Search,Small Business
10535,2025-03-13,4,Direct,Enterprise
10536,2023-07-08,4,Affiliate,Consumer
10537,2024-05-27,1,Paid Search,Consumer
10538,2025-01-28,4,Paid Search,Consumer
10539,2024-06-10,3,Affiliate,Consumer
10540,2023-09-14,3,Social,Small Business
10541,2024-06-22,5,Organic,Consumer
10542,2025-02-12,2,Paid Search,Small Business
10543,2023-11-17,1,Paid Search,Small Business
10544,2025-02-19,3,Email,Consumer
10545,2025-03-22,5,Direct,Consumer
10546,2024-12-31,1,Social,Small Business
10547,2024-03-29,6,Paid Search,Consumer
10548,2025-04-11,5,Paid Search,Small Business
10549,2024-02-29,6,Paid Search,Consumer
10550,2025-06-30,3,Direct,Consumer
10551,2025-02-09,1,Social,Consumer
10552,2023-08-03,2,Direct,Consumer
10553,2025-04-07,4,Affiliate,Consumer
10554,2024-10-14,4,Social,Consumer
10555,2024-09-08,5,Paid Search,Consumer
10556,2024-08-17,5,Direct,Small Business
10557,2024-12-15,5,Paid Search,Small Business
10558,2025-02-19,4,Affiliate,Small Business
10559,2025-06-21,1,Social,Small Business
10560,2024-04-24,4,Social,Small Business
10561,2024-12-29,5,Social,Consumer
10562,2025-01-29,6,Social,Consumer
10563,2025-01-23,6,Organic,Consumer
10564,2024-10-05,1,Organic,Consumer
10565,2024-07-27,3,Paid Search,Small Business
10566,2025-03-14,4,Social,Consumer
10567,2024-05-17,2,Social,Small Business
10568,2024-02-23,3,Direct,Consumer
10569,2024-11-08,1,Affiliate,Small Business
10570,2024-04-19,2,Organic,Consumer
10571,2023-06-17,1,Direct,Consumer
10572,2023-07-28,6,Social,Small Business
10573,2025-02-03,6,Paid Search,Consumer
10574,2025-09-24,3,Paid Search,Small Business
10575,2024-09-10,1,Affiliate,Consumer
10576,2023-12-18,3,Social,Small Business
10577,2025-04-19,3,Affiliate,Consumer
10578,2024-04-13,2,Social,Small Business
10579,2025-11-22,4,Paid Search,Consumer
10580,2024-11-19,6,Social,Consumer
10581,2024-03-18,6,Organic,Consumer
10582,2024-10-07,6,Social,Consumer
10583,2024-06-15,5,Affiliate,Consumer
10584,2025-03-25,1,Organic,Consumer
10585,2023-10-26,4,Social,Small Business
10586,2025-05-18,4,Organic,Consumer
10587,2025-03-17,1,Social,Consumer
10588,2025-05-22,1,Affiliate,Consumer
10589,2025-06-20,4,Paid Search,Consumer
10590,2024-03-15,5,Organic,Small Business
10591,2024-10-23,2,Social,Enterprise
10592,2025-05-13,3,Paid Search,Consumer
10593,2024-07-17,1,Organic,Enterprise
10594,2023-08-14,1,Social,Consumer
10595,2024-05-10,4,Organic,Consumer
10596,2024-03-27,4,Social,Consumer
10597,2025-05-29,5,Paid Search,Consumer
10598,2024-09-16,6,Paid Search,Enterprise
10599,2025-01-28,2,Organic,Consumer
10600,2025-09-06,3,Social,Consumer
10601,2024-05-16,6,Social,Consumer
10602,2025-03-13,1,Paid Search,Consumer
10603,2023-05-19,5,Social,Consumer
10604,2023-10-23,6,Organic,Consumer
10605,2024-01-04,1,Affiliate,Small Business
10606,2024-05-27,1,Organic,Consumer
10607,2024-08-05,5,Organic,Consumer
10608,2024-09-25,3,Social,Consumer
10609,2024-03-30,6,Organic,Small Business
10610,2023-08-24,4,Email,Small Business
10611,2025-01-24,4,Paid Search,Small Business
10612,2023-05-22,2,Organic,Consumer
10613,2025-04-13,2,Paid Search,Consumer
10614,2025-07-25,2,Paid Search,Small Business
10615,2025-02-11,1,Paid Search,Consumer
10616,2024-12-08,1,Paid Search,Consumer
10617,2025-01-13,6,Paid Search,Small Business
10618,2025-01-10,1,Paid Search,Consumer
10619,2025-07-28,4,Paid Search,Consumer
10620,2025-09-09,4,Paid Search,Consumer
10621,2024-08-21,1,Paid Search,Consumer
10622,2024-12-21,6,Social,Enterprise
10623,2025-04-09,4,Affiliate,Consumer
10624,2023-01-30,1,Organic,Consumer
10625,2024-10-27,1,Paid Search,Consumer
10626,2025-01-10,5,Social,Consumer
10627,2025-02-15,4,Social,Small Business
10628,2024-07-10,3,Paid Search,Consumer
10629,2024-05-13,3,Social,Consumer
10630,2024-01-27,1,Social,Consumer
10631,2024-11-15,1,Social,Consumer
10632,2025-07-14,4,Organic,Consumer
10633,2025-06-21,3,Social,Small Business
10634,2024-07-04,2,Paid Search,Small Business
10635,2024-04-10,3,Paid Search,Consumer
10636,2025-03-31,4,Affiliate,Small Business
10637,2025-02-20,2,Organic,Small Business
10638,2024-10-13,3,Organic,Small Business
10639,2024-07-25,2,Affiliate,Small Business
10640,2023-11-19,4,Organic,Enterprise
10641,2025-03-28,1,Paid Search,Consumer
10642,2024-12-21,6,Organic,Consumer
10643,2024-07-16,4,Paid Search,Enterprise
10644,2025-07-13,2,Organic,Consumer
10645,2025-01-14,5,Social,Consumer
10646,2025-07-25,6,Paid Search,Consumer
10647,2024-09-23,1,Paid Search,Consumer
10648,2024-09-10,2,Social,Enterprise
10649,2025-08-03,1,Organic,Consumer
10650,2025-09-02,1,Paid Search,Consumer
10651,2025-09-04,5,Paid Search,Consumer
10652,2025-04-20,2,Social,Enterprise
10653,2024-09-15,3,Email,Consumer
10654,2024-02-25,5,Email,Small Business
10655,2024-07-21,4,Organic,Consumer
10656,2025-08-04,5,Social,Enterprise
10657,2024-07-06,1,Social,Consumer
10658,2025-03-10,6,Paid Search,Small Business
10659,2025-07-18,1,Paid Search,Consumer
10660,2025-09-19,5,Paid Search,Consumer
10661,2025-08-16,4,Affiliate,Consumer
10662,2024-11-14,3,Social,Small Business
10663,2024-10-05,6,Paid Search,Consumer
10664,2025-10-26,6,Social,Consumer
10665,2024-03-04,1,Paid Search,Consumer
10666,2024-02-02,6,Social,Small Business
10667,2025-09-07,2,Organic,Consumer
10668,2025-01-31,5,Email,Consumer
10669,2024-11-02,5,Organic,Consumer
10670,2023-11-30,4,Affiliate,Consumer
10671,2024-10-18,6,Paid Search,Consumer
10672,2025-08-12,5,Organic,Consumer
10673,2024-12-12,4,Affiliate,Enterprise
10674,2024-08-06,2,Social,Consumer
10675,2024-11-11,3,Email,Consumer
10676,2025-06-12,6,Direct,Consumer
10677,2025-07-07,2,Organic,Consumer
10678,2024-08-03,6,Paid Search,Consumer
10679,2024-12-16,2,Paid Search,Consumer
10680,2024-04-29,4,Organic,Small Business
10681,2024-09-07,4,Affiliate,Consumer
10682,2024-03-05,2,Paid Search,Small Business
10683,2024-10-30,3,Social,Enterprise
10684,2024-11-28,1,Paid Search,Enterprise
10685,2024-06-16,3,Social,Consumer
10686,2024-04-23,6,Email,Consumer
10687,2023-12-23,1,Social,Small Business
10688,2023-12-09,6,Social,Small Business
10689,2025-02-12,5,Organic,Consumer
10690,2024-03-07,5,Social,Small Business
10691,2023-11-11,2,Organic,Small Business
10692,2025-12-11,6,Paid Search,Small Business
10693,2024-04-12,2,Paid Search,Consumer
10694,2025-06-21,4,Affiliate,Consumer
10695,2024-12-16,1,Social,Consumer
10696,2025-02-14,6,Paid Search,Consumer
10697,2024-11-17,5,Social,Small Business
10698,2024-01-25,1,Organic,Consumer
10699,2025-05-11,4,Paid Search,Consumer
10700,2025-04-27,2,Social,Small Business
10701,2024-06-26,3,Paid Search,Consumer
10702,2025-03-15,4,Affiliate,Consumer
10703,2024-11-06,6,Organic,Small Business
10704,2025-07-03,2,Email,Small Business
10705,2025-04-09,1,Email,Small Business
10706,2023-07-05,3,Email,Consumer
10707,2025-06-06,6,Social,Consumer
10708,2025-09-16,5,Paid Search,Consumer
10709,2025-03-02,1,Affiliate,Consumer
10710,2023-11-14,1,Affiliate,Consumer
10711,2025-04-12,5,Affiliate,Consumer
10712,2025-01-07,5,Direct,Consumer
10713,2024-06-17,4,Organic,Consumer
10714,2025-06-10,1,Social,Small Business
10715,2024-11-20,2,Email,Enterprise
10716,2025-05-15,6,Paid Search,Consumer
10717,2025-01-20,1,Email,Small Business
10718,2024-05-07,2,Email,Consumer
10719,2025-09-28,3,Organic,Consumer
10720,2024-11-23,5,Social,Consumer
10721,2024-10-21,5,Organic,Small Business
10722,2024-08-05,4,Affiliate,Consumer
10723,2023-12-05,3,Paid Search,Consumer
10724,2025-01-29,3,Social,Consumer
10725,2024-08-24,1,Organic,Consumer
10726,2025-07-31,2,Affiliate,Consumer
10727,2025-09-10,2,Organic,Consumer
10728,2025-03-17,1,Organic,Small Business
10729,2024-03-27,5,Paid Search,Consumer
10730,2025-02-15,3,Social,Consumer
10731,2023-05-12,4,Affiliate,Small Business
10732,2025-04-25,2,Social,Consumer
10733,2024-10-06,4,Social,Consumer
10734,2025-08-03,1,Social,Consumer
10735,2024-07-17,5,Social,Consumer
10736,2024-04-15,5,Social,Small Business
10737,2025-11-19,2,Email,Small Business
10738,2024-10-29,2,Social,Consumer
10739,2025-05-23,5,Organic,Consumer
10740,2025-07-05,2,Social,Consumer
10741,2024-10-22,2,Affiliate,Consumer
10742,2024-09-11,3,Paid Search,Small Business
10743,2024-11-12,6,Paid Search,Consumer
10744,2025-05-11,3,Social,Consumer
10745,2025-09-10,2,Direct,Consumer
10746,2024-06-09,4,Organic,Consumer
10747,2025-02-28,3,Organic,Small Business
10748,2024-05-04,4,Social,Consumer
10749,2024-12-17,3,Paid Search,Consumer
10750,2025-04-10,4,Direct,Consumer
10751,2025-06-12,3,Social,Consumer
10752,2024-09-06,3,Organic,Consumer
10753,2024-07-11,3,Email,Consumer
10754,2024-04-06,3,Organic,Consumer
10755,2023-12-01,6,Paid Search,Small Business
10756,2024-07-07,2,Paid Search,Consumer
10757,2025-05-31,5,Paid Search,Enterprise
10758,2024-08-16,5,Direct,Consumer
10759,2024-05-31,4,Affiliate,Consumer
10760,2025-02-28,2,Social,Consumer
10761,2024-03-01,3,Affiliate,Small Business
10762,2024-04-09,6,Paid Search,Consumer
10763,2025-08-02,2,Paid Search,Consumer
10764,2023-09-19,4,Paid Search,Consumer
10765,2024-08-13,5,Affiliate,Consumer
10766,2024-11-27,4,Paid Search,Consumer
10767,2024-03-16,1,Paid Search,Consumer
10768,2024-05-01,4,Paid Search,Consumer
10769,2024-03-07,2,Social,Consumer
10770,2024-06-22,6,Social,Small Business
10771,2025-06-23,3,Paid Search,Consumer
10772,2024-08-25,3,Email,Consumer
10773,2024-08-15,6,Direct,Enterprise
10774,2024-07-24,3,Paid Search,Consumer
10775,2025-09-09,2,Direct,Consumer
10776,2023-11-11,6,Email,Consumer
10777,2025-05-31,4,Affiliate,Consumer
10778,2024-06-08,4,Paid Search,Consumer
10779,2025-08-28,1,Affiliate,Small Business
10780,2024-05-29,3,Organic,Consumer
10781,2023-09-21,3,Paid Search,Consumer
10782,2024-10-23,2,Email,Consumer
10783,2024-03-13,4,Paid Search,Consumer
10784,2025-03-08,2,Email,Consumer
10785,2025-01-13,3,Organic,Consumer
10786,2025-01-29,5,Social,Small Business
10787,2024-02-08,5,Paid Search,Consumer
10788,2025-02-10,2,Affiliate,Consumer
10789,2024-05-26,2,Paid Search,Small Business
10790,2025-12-10,1,Affiliate,Consumer
10791,2025-02-24,3,Organic,Consumer
10792,2024-12-05,1,Paid Search,Enterprise
10793,2025-05-27,1,Organic,Consumer
10794,2024-12-04,6,Direct,Consumer
10795,2024-11-12,6,Direct,Small Business
10796,2024-03-22,4,Paid Search,Consumer
10797,2025-01-25,5,Paid Search,Consumer
10798,2024-07-15,3,Paid Search,Consumer
10799,2023-07-10,4,Email,Consumer
10800,2025-04-18,6,Paid Search,Consumer
10801,2023-07-28,1,Paid Search,Consumer
10802,2025-01-21,3,Social,Consumer
10803,2023-12-30,1,Direct,Consumer
10804,2024-08-26,5,Social,Consumer
10805,2025-05-20,5,Email,Consumer
10806,2023-10-09,5,Paid Search,Small Business
10807,2025-01-18,4,Organic,Consumer
10808,2024-12-18,3,Organic,Consumer
10809,2025-05-27,1,Affiliate,Consumer
10810,2024-01-17,5,Organic,Consumer
10811,2025-04-07,6,Paid Search,Consumer
10812,2024-09-07,6,Social,Consumer
10813,2024-08-23,3,Paid Search,Consumer
10814,2024-07-05,2,Paid Search,Consumer
10815,2024-07-23,4,Direct,Consumer
10816,2024-10-23,1,Social,Consumer
10817,2023-10-27,1,Affiliate,Consumer
10818,2024-08-20,5,Paid Search,Consumer
10819,2025-01-10,6,Affiliate,Consumer
10820,2024-10-09,3,Affiliate,Consumer
10821,2024-01-09,4,Organic,Consumer
10822,2024-07-06,4,Paid Search,Small Business
10823,2024-09-02,1,Affiliate,Consumer
10824,2025-01-19,2,Affiliate,Consumer
10825,2025-06-25,2,Paid Search,Consumer
10826,2024-11-11,6,Direct,Consumer
10827,2025-01-24,3,Affiliate,Consumer
10828,2023-09-12,5,Paid Search,Enterprise
10829,2025-08-25,2,Social,Consumer
10830,2024-05-29,6,Social,Consumer
10831,2024-06-29,6,Social,Consumer
10832,2024-03-08,3,Affiliate,Small Business
10833,2023-09-24,2,Affiliate,Consumer
10834,2025-03-31,6,Paid Search,Small Business
10835,2024-03-25,5,Organic,Consumer
10836,2024-05-02,4,Social,Small Business
10837,2024-01-26,2,Social,Small Business
10838,2025-09-27,4,Organic,Consumer
10839,2025-03-26,3,Organic,Enterprise
10840,2025-07-26,5,Paid Search,Small Business
10841,2025-05-22,5,Social,Consumer
10842,2025-07-01,3,Affiliate,Consumer
10843,2024-09-26,1,Social,Consumer
10844,2024-01-14,4,Social,Small Business
10845,2024-06-08,6,Direct,Consumer
10846,2024-05-10,2,Affiliate,Consumer
10847,2025-02-15,6,Organic,Consumer
10848,2023-05-27,3,Social,Small Business
10849,2023-12-12,5,Organic,Consumer
10850,2025-01-27,5,Organic,Consumer
10851,2023-11-19,2,Social,Consumer
10852,2023-07-21,1,Paid Search,Small Business
10853,2023-10-31,6,Social,Small Business
10854,2025-02-01,5,Social,Consumer
10855,2023-12-09,4,Direct,Small Business
10856,2023-12-17,2,Email,Small Business
10857,2024-03-16,1,Paid Search,Consumer
10858,2025-03-07,2,Social,Consumer
10859,2024-02-15,4,Social,Consumer
10860,2023-06-22,5,Social,Consumer
10861,2025-06-30,2,Paid Search,Small Business
10862,2025-06-03,2,Direct,Consumer
10863,2024-01-30,2,Affiliate,Consumer
10864,2024-04-17,6,Direct,Consumer
10865,2024-02-03,4,Social,Consumer
10866,2025-02-17,6,Affiliate,Consumer
10867,2024-04-03,1,Organic,Consumer
10868,2025-07-27,3,Social,Small Business
10869,2025-04-26,3,Paid Search,Consumer
10870,2024-12-04,3,Paid Search,Consumer
10871,2023-03-28,3,Paid Search,Consumer
10872,2025-06-10,1,Affiliate,Consumer
10873,2025-02-21,1,Organic,Consumer
10874,2025-03-30,5,Direct,Consumer
10875,2023-09-03,3,Organic,Small Business
10876,2025-02-10,1,Paid Search,Consumer
10877,2025-04-10,3,Social,Small Business
10878,2025-08-28,6,Paid Search,Consumer
10879,2024-11-29,3,Affiliate,Consumer
10880,2024-10-15,6,Paid Search,Consumer
10881,2024-08-21,1,Paid Search,Consumer
10882,2025-02-06,1,Social,Consumer
10883,2025-07-16,4,Email,Consumer
10884,2024-12-11,5,Social,Consumer
10885,2024-03-13,6,Paid Search,Consumer
10886,2023-05-02,3,Email,Consumer
10887,2024-12-22,2,Paid Search,Small Business
10888,2025-05-25,4,Organic,Small Business
10889,2023-08-24,2,Organic,Consumer
10890,2024-08-01,2,Paid Search,Consumer
10891,2025-08-07,1,Social,Consumer
10892,2024-10-11,5,Paid Search,Small Business
10893,2024-03-06,4,Paid Search,Small Business
10894,2024-06-29,1,Organic,Consumer
10895,2024-08-08,4,Paid Search,Consumer
10896,2023-11-11,6,Paid Search,Consumer
10897,2025-01-15,5,Organic,Consumer
10898,2024-12-06,3,Email,Consumer
10899,2025-01-07,1,Affiliate,Consumer
10900,2024-12-17,4,Affiliate,Consumer
10901,2023-04-29,4,Social,Consumer
10902,2024-01-19,6,Social,Consumer
10903,2024-01-09,4,Organic,Small Business
10904,2023-10-14,5,Email,Consumer
10905,2025-02-26,4,Social,Small Business
10906,2023-11-14,4,Direct,Consumer
10907,2025-01-19,2,Organic,Consumer
10908,2024-01-23,3,Social,Consumer
10909,2023-11-12,2,Email,Consumer
10910,2024-01-05,3,Paid Search,Consumer
10911,2024-10-15,6,Direct,Consumer
10912,2025-01-06,3,Social,Small Business
10913,2025-04-15,3,Organic,Consumer
10914,2023-11-25,6,Organic,Consumer
10915,2024-12-20,1,Paid Search,Consumer
10916,2025-03-21,2,Email,Consumer
10917,2024-05-27,3,Social,Small Business
10918,2023-09-16,3,Social,Consumer
10919,2023-12-29,3,Paid Search,Consumer
10920,2023-10-05,5,Email,Consumer
10921,2025-06-13,3,Affiliate,Small Business
10922,2024-07-16,3,Paid Search,Consumer
10923,2024-10-25,3,Email,Consumer
10924,2025-03-18,6,Affiliate,Consumer
10925,2024-07-12,6,Paid Search,Consumer
10926,2025-01-08,2,Direct,Consumer
10927,2023-09-11,1,Paid Search,Consumer
10928,2024-09-27,1,Affiliate,Consumer
10929,2023-10-12,3,Organic,Consumer
10930,2024-04-01,4,Direct,Consumer
10931,2024-05-11,1,Social,Consumer
10932,2025-02-15,4,Social,Small Business
10933,2025-01-22,3,Affiliate,Small Business
10934,2025-03-05,6,Organic,Consumer
10935,2023-08-16,4,Organic,Consumer
10936,2025-11-15,3,Organic,Consumer
10937,2023-08-02,4,Organic,Small Business
10938,2025-04-25,1,Paid Search,Consumer
10939,2025-03-01,3,Paid Search,Consumer
10940,2024-12-06,2,Paid Search,Consumer
10941,2024-08-30,2,Paid Search,Consumer
10942,2025-03-11,3,Affiliate,Consumer
10943,2025-02-28,4,Social,Consumer
10944,2023-12-06,4,Social,Consumer
10945,2025-04-02,6,Paid Search,Consumer
10946,2023-09-15,2,Affiliate,Enterprise
10947,2024-10-10,5,Paid Search,Consumer
10948,2025-01-06,4,Paid Search,Small Business
10949,2025-04-22,6,Email,Consumer
10950,2024-09-16,6,Paid Search,Small Business
10951,2024-03-22,5,Email,Consumer
10952,2024-10-04,3,Social,Consumer
10953,2024-04-03,4,Email,Small Business
10954,2024-10-28,4,Paid Search,Consumer
10955,2024-09-15,5,Social,Consumer
10956,2025-03-25,2,Social,Small Business
10957,2024-03-25,6,Organic,Consumer
10958,2024-02-15,5,Affiliate,Consumer
10959,2024-09-23,1,Paid Search,Enterprise
10960,2023-07-26,2,Organic,Small Business
10961,2024-03-15,2,Paid Search,Consumer
10962,2024-06-29,4,Email,Small Business
10963,2024-10-02,2,Direct,Small Business
10964,2024-04-20,2,Paid Search,Consumer
10965,2024-11-17,2,Paid Search,Consumer
10966,2025-06-05,1,Email,Consumer
10967,2024-11-07,3,Affiliate,Consumer
10968,2024-05-06,2,Organic,Consumer
10969,2023-08-17,4,Social,Enterprise
10970,2023-12-05,2,Email,Consumer
10971,2024-11-17,2,Paid Search,Small Business
10972,2025-01-28,6,Direct,Consumer
10973,2023-07-24,5,Affiliate,Consumer
10974,2024-01-30,2,Affiliate,Consumer
10975,2024-06-01,1,Affiliate,Consumer
10976,2024-06-02,6,Direct,Consumer
10977,2025-08-31,5,Paid Search,Consumer
10978,2024-02-18,3,Affiliate,Small Business
10979,2023-08-18,5,Paid Search,Consumer
10980,2024-06-28,2,Social,Consumer
10981,2023-12-03,3,Social,Consumer
10982,2023-11-23,3,Paid Search,Enterprise
10983,2024-08-08,5,Social,Consumer
10984,2024-05-22,2,Social,Consumer
10985,2023-10-05,3,Paid Search,Enterprise
10986,2024-12-13,6,Social,Enterprise
10987,2024-10-11,2,Social,Consumer
10988,2023-09-12,1,Organic,Small Business
10989,2025-05-23,5,Organic,Small Business
10990,2024-05-04,6,Organic,Consumer
10991,2025-09-05,3,Email,Small Business
10992,2025-07-27,1,Organic,Consumer
10993,2024-08-27,4,Paid Search,Small Business
10994,2024-03-14,2,Social,Consumer
10995,2025-05-02,4,Social,Consumer
10996,2024-07-05,1,Paid Search,Small Business
10997,2024-01-06,5,Affiliate,Consumer
10998,2024-11-12,5,Paid Search,Small Business
10999,2024-10-03,4,Direct,Consumer
11000,2025-05-13,4,Paid Search,Consumer
11001,2025-02-22,2,Email,Small Business
11002,2025-06-03,6,Paid Search,Small Business
11003,2025-02-25,2,Affiliate,Small Business
11004,2025-01-04,3,Affiliate,Small Business
11005,2024-10-10,6,Paid Search,Consumer
11006,2025-10-26,1,Paid Search,Consumer
11007,2025-09-01,1,Organic,Small Business
11008,2025-05-12,5,Paid Search,Small Business
11009,2025-03-22,3,Paid Search,Consumer
11010,2024-11-27,4,Direct,Consumer
11011,2024-04-12,4,Organic,Consumer
11012,2025-06-03,5,Paid Search,Consumer
11013,2023-04-06,4,Social,Small Business
11014,2024-03-13,3,Paid Search,Consumer
11015,2024-08-05,4,Email,Consumer
11016,2024-12-03,5,Paid Search,Consumer
11017,2024-11-17,3,Social,Small Business
11018,2024-01-20,2,Paid Search,Enterprise
11019,2023-10-24,3,Direct,Consumer
11020,2024-03-08,6,Paid Search,Enterprise
11021,2024-06-25,1,Organic,Consumer
11022,2023-04-19,2,Social,Consumer
11023,2025-02-02,6,Email,Small Business
11024,2024-04-01,5,Paid Search,Consumer
11025,2024-06-27,1,Affiliate,Consumer
11026,2024-06-14,2,Direct,Consumer
11027,2024-10-18,5,Paid Search,Consumer
11028,2025-05-21,5,Paid Search,Small Business
11029,2023-12-21,5,Direct,Consumer
11030,2024-06-19,6,Social,Consumer
11031,2025-02-01,4,Affiliate,Consumer
11032,2023-07-12,6,Affiliate,Consumer
11033,2025-04-28,4,Social,Consumer
11034,2025-09-05,3,Paid Search,Consumer
11035,2024-12-15,4,Social,Small Business
11036,2025-08-28,3,Organic,Consumer
11037,2024-08-12,4,Social,Consumer
11038,2024-08-13,6,Email,Consumer
11039,2023-10-26,6,Organic,Consumer
11040,2023-06-22,4,Email,Consumer
11041,2024-03-29,1,Paid Search,Consumer
11042,2024-09-26,4,Social,Consumer
11043,2024-10-15,2,Paid Search,Consumer
11044,2024-03-03,2,Paid Search,Small Business
11045,2024-12-18,6,Social,Consumer
11046,2024-01-26,3,Affiliate,Consumer
11047,2024-06-07,5,Social,Consumer
11048,2024-02-10,3,Paid Search,Small Business
11049,2025-02-04,4,Organic,Consumer
11050,2024-10-21,4,Organic,Consumer
11051,2025-02-26,6,Social,Consumer
11052,2023-08-08,2,Paid Search,Consumer
11053,2024-08-21,4,Social,Consumer
11054,2025-09-13,3,Paid Search,Small Business
11055,2023-08-01,3,Social,Consumer
11056,2024-08-16,6,Paid Search,Small Business
11057,2023-07-04,1,Organic,Small Business
11058,2023-12-18,4,Affiliate,Small Business
11059,2024-09-15,3,Paid Search,Small Business
11060,2023-12-30,6,Paid Search,Consumer
11061,2024-10-22,2,Affiliate,Small Business
11062,2025-07-18,2,Organic,Consumer
11063,2024-02-15,1,Email,Small Business
11064,2023-10-28,3,Affiliate,Consumer
11065,2025-04-25,1,Organic,Small Business
11066,2024-09-14,4,Email,Consumer
11067,2025-06-09,2,Social,Consumer
11068,2024-05-22,3,Direct,Consumer
11069,2024-12-27,4,Organic,Consumer
11070,2025-07-18,5,Paid Search,Consumer
11071,2024-01-15,1,Organic,Small Business
11072,2025-04-08,1,Paid Search,Consumer
11073,2024-12-29,2,Social,Small Business
11074,2025-04-16,4,Paid Search,Small Business
11075,2024-01-14,6,Organic,Small Business
11076,2024-08-27,1,Social,Small Business
11077,2023-11-26,1,Organic,Consumer
11078,2025-09-03,4,Organic,Small Business
11079,2023-08-18,6,Paid Search,Consumer
11080,2023-08-23,5,Social,Consumer
11081,2025-06-23,4,Social,Consumer
11082,2024-05-17,1,Organic,Consumer
11083,2024-12-09,4,Direct,Consumer
11084,2024-05-06,3,Social,Consumer
11085,2025-01-08,3,Organic,Enterprise
11086,2024-02-07,3,Direct,Consumer
11087,2024-09-13,4,Organic,Small Business
11088,2024-10-31,5,Social,Small Business
11089,2024-06-13,2,Social,Small Business
11090,2024-04-05,1,Affiliate,Small Business
11091,2023-12-10,1,Social,Enterprise
11092,2025-02-09,3,Paid Search,Consumer
11093,2024-01-12,4,Social,Consumer
11094,2024-05-10,5,Paid Search,Consumer
11095,2024-06-16,3,Organic,Consumer
11096,2024-09-10,4,Direct,Consumer
11097,2025-02-07,6,Direct,Consumer
11098,2024-08-22,5,Organic,Enterprise
11099,2025-05-30,5,Affiliate,Consumer
11100,2025-01-26,3,Email,Small Business
11101,2025-05-04,1,Direct,Consumer
11102,2025-02-15,6,Affiliate,Consumer
11103,2023-12-20,4,Affiliate,Consumer
11104,2025-10-03,1,Paid Search,Enterprise
11105,2025-03-29,3,Paid Search,Consumer
11106,2024-11-24,1,Paid Search,Consumer
11107,2024-01-08,6,Organic,Small Business
11108,2024-01-17,4,Direct,Consumer
11109,2024-12-19,5,Direct,Small Business
11110,2024-08-14,3,Affiliate,Consumer
11111,2025-01-23,1,Affiliate,Consumer
11112,2024-07-13,4,Social,Consumer
11113,2024-10-18,4,Social,Consumer
11114,2024-02-02,2,Organic,Small Business
11115,2023-12-28,5,Paid Search,Consumer
11116,2023-09-10,2,Email,Consumer
11117,2025-04-21,5,Organic,Consumer
11118,2024-11-14,5,Paid Search,Consumer
11119,2025-08-15,1,Organic,Consumer
11120,2025-03-06,2,Organic,Consumer
11121,2025-03-18,1,Email,Consumer
11122,2024-10-16,5,Affiliate,Consumer
11123,2025-04-18,2,Paid Search,Consumer
11124,2025-08-09,4,Email,Consumer
11125,2025-02-18,3,Paid Search,Small Business
11126,2023-10-25,1,Social,Small Business
11127,2025-01-09,6,Social,Small Business
11128,2023-11-15,5,Email,Small Business
11129,2023-09-12,2,Affiliate,Consumer
11130,2025-02-02,6,Paid Search,Enterprise
11131,2025-05-01,5,Email,Consumer
11132,2024-01-01,5,Affiliate,Consumer
11133,2023-09-07,2,Direct,Small Business
11134,2025-06-12,1,Paid Search,Small Business
11135,2023-11-30,1,Paid Search,Consumer
11136,2023-06-21,4,Social,Small Business
11137,2025-02-17,5,Affiliate,Consumer
11138,2025-05-11,6,Social,Consumer
11139,2024-10-19,6,Social,Small Business
11140,2024-11-04,4,Direct,Consumer
11141,2024-06-16,4,Social,Small Business
11142,2024-03-23,2,Organic,Small Business
11143,2025-03-10,1,Direct,Consumer
11144,2025-05-12,2,Social,Small Business
11145,2024-06-03,1,Paid Search,Consumer
11146,2024-04-24,5,Paid Search,Small Business
11147,2024-04-19,4,Organic,Small Business
11148,2023-07-26,5,Paid Search,Small Business
11149,2024-05-01,1,Paid Search,Small Business
11150,2023-05-27,6,Paid Search,Consumer
11151,2025-03-30,5,Organic,Consumer
11152,2024-04-08,6,Affiliate,Consumer
11153,2025-01-31,4,Social,Consumer
11154,2024-11-06,3,Email,Consumer
11155,2025-05-03,4,Direct,Consumer
11156,2025-09-03,4,Email,Consumer
11157,2024-07-09,2,Organic,Small Business
11158,2023-09-30,1,Paid Search,Consumer
11159,2025-03-06,4,Social,Small Business
11160,2023-05-14,1,Paid Search,Consumer
11161,2024-03-08,1,Social,Enterprise
11162,2023-07-31,1,Direct,Small Business
11163,2025-06-23,4,Social,Consumer
11164,2023-03-08,6,Paid Search,Consumer
11165,2024-10-05,3,Affiliate,Enterprise
11166,2024-08-20,1,Direct,Enterprise
11167,2025-01-10,4,Email,Consumer
11168,2024-05-08,3,Paid Search,Small Business
11169,2025-06-01,4,Organic,Small Business
11170,2025-02-25,3,Social,Consumer
11171,2024-08-25,4,Organic,Consumer
11172,2024-07-02,2,Organic,Small Business
11173,2025-04-18,6,Email,Consumer
11174,2025-03-11,4,Paid Search,Small Business
11175,2024-08-02,2,Direct,Consumer
11176,2024-06-19,1,Paid Search,Consumer
11177,2023-06-30,5,Paid Search,Consumer
11178,2023-09-20,3,Affiliate,Small Business
11179,2023-08-01,2,Social,Consumer
11180,2023-05-24,3,Social,Consumer
11181,2023-12-25,3,Social,Consumer
11182,2025-05-19,5,Paid Search,Consumer
11183,2025-04-06,4,Paid Search,Small Business
11184,2025-05-10,5,Email,Consumer
11185,2024-12-25,4,Paid Search,Consumer
11186,2024-12-25,6,Direct,Consumer
11187,2023-11-19,1,Email,Consumer
11188,2025-02-05,3,Affiliate,Consumer
11189,2024-04-30,5,Affiliate,Consumer
11190,2024-10-22,1,Organic,Small Business
11191,2025-08-26,3,Social,Consumer
11192,2025-05-30,3,Affiliate,Consumer
11193,2024-03-18,5,Social,Consumer
11194,2025-02-26,6,Paid Search,Small Business
11195,2023-10-23,1,Organic,Consumer
11196,2023-05-30,2,Paid Search,Small Business
11197,2023-06-03,5,Organic,Enterprise
11198,2024-01-14,2,Direct,Consumer
11199,2025-02-03,3,Organic,Consumer
11200,2024-07-06,6,Paid Search,Small Business
11201,2023-04-26,6,Paid Search,Small Business
11202,2025-10-27,6,Social,Consumer
11203,2024-10-31,1,Paid Search,Consumer
11204,2024-07-29,1,Organic,Small Business
11205,2024-10-22,2,Email,Consumer
11206,2024-10-23,5,Organic,Consumer
11207,2024-09-20,2,Organic,Consumer
11208,2024-12-18,3,Social,Small Business
11209,2025-06-11,5,Paid Search,Consumer
11210,2024-05-18,3,Organic,Consumer
11211,2024-10-01,6,Social,Consumer
11212,2023-02-25,3,Social,Consumer
11213,2025-05-21,3,Organic,Consumer
11214,2024-05-22,6,Social,Consumer
11215,2024-04-22,4,Paid Search,Consumer
11216,2025-12-02,2,Social,Consumer
11217,2024-12-01,4,Paid Search,Small Business
11218,2023-11-18,5,Email,Small Business
11219,2024-04-17,6,Paid Search,Consumer
11220,2024-06-28,1,Affiliate,Consumer
11221,2025-10-22,1,Social,Consumer
11222,2024-08-24,4,Paid Search,Consumer
11223,2024-03-15,5,Paid Search,Consumer
11224,2024-11-23,4,Direct,Consumer
11225,2024-08-06,3,Social,Small Business
11226,2023-08-03,5,Email,Enterprise
11227,2025-05-22,4,Affiliate,Consumer
11228,2023-04-25,6,Social,Consumer
11229,2025-06-23,3,Organic,Consumer
11230,2025-04-02,5,Organic,Consumer
11231,2023-09-10,1,Affiliate,Small Business
11232,2025-02-19,5,Social,Consumer
11233,2025-03-19,5,Direct,Small Business
11234,2024-12-12,2,Organic,Consumer
11235,2024-11-27,1,Affiliate,Consumer
11236,2023-07-24,6,Paid Search,Consumer
11237,2023-08-12,1,Social,Consumer
11238,2025-02-21,3,Paid Search,Consumer
11239,2023-10-25,1,Affiliate,Small Business
11240,2024-03-26,3,Paid Search,Consumer
11241,2024-10-09,5,Organic,Consumer
11242,2024-01-07,4,Paid Search,Consumer
11243,2025-03-31,2,Paid Search,Enterprise
11244,2025-04-12,3,Social,Enterprise
11245,2025-05-07,1,Email,Consumer
11246,2023-07-24,4,Paid Search,Small Business
11247,2024-08-22,1,Email,Small Business
11248,2025-05-11,3,Email,Small Business
11249,2024-07-06,1,Direct,Consumer
11250,2025-02-03,2,Organic,Enterprise
11251,2024-12-04,1,Organic,Small Business
11252,2024-06-24,6,Organic,Consumer
11253,2024-04-27,5,Paid Search,Consumer
11254,2025-01-10,6,Social,Consumer
11255,2023-12-02,5,Affiliate,Consumer
11256,2025-05-21,3,Paid Search,Small Business
11257,2024-11-27,2,Paid Search,Small Business
11258,2023-11-03,6,Organic,Enterprise
11259,2025-02-08,6,Affiliate,Consumer
11260,2024-08-25,3,Social,Small Business
11261,2024-02-19,2,Affiliate,Small Business
11262,2025-09-04,3,Social,Consumer
11263,2025-02-17,3,Social,Consumer
11264,2024-12-07,6,Direct,Small Business
11265,2025-05-12,1,Social,Consumer
11266,2024-11-07,4,Organic,Consumer
11267,2024-09-01,5,Direct,Small Business
11268,2024-02-04,5,Paid Search,Consumer
11269,2023-12-26,2,Paid Search,Consumer
11270,2024-08-25,3,Direct,Small Business
11271,2024-09-11,3,Organic,Consumer
11272,2025-02-24,3,Direct,Consumer
11273,2024-09-01,1,Affiliate,Consumer
11274,2024-12-07,1,Organic,Small Business
11275,2025-04-30,1,Social,Consumer
11276,2025-11-12,6,Social,Consumer
11277,2024-06-04,3,Paid Search,Consumer
11278,2025-06-27,2,Social,Small Business
11279,2025-04-11,5,Affiliate,Consumer
11280,2023-08-28,3,Direct,Consumer
11281,2024-06-14,3,Direct,Consumer
11282,2024-03-05,1,Direct,Consumer
11283,2025-01-17,3,Paid Search,Consumer
11284,2024-11-14,4,Social,Consumer
11285,2024-10-07,4,Paid Search,Small Business
11286,2025-03-15,3,Organic,Small Business
11287,2024-06-13,4,Direct,Consumer
11288,2024-07-21,5,Affiliate,Small Business
11289,2025-05-25,6,Affiliate,Consumer
11290,2025-09-22,4,Social,Consumer
11291,2025-03-23,2,Social,Small Business
11292,2024-03-03,1,Paid Search,Consumer
11293,2023-11-04,1,Organic,Consumer
11294,2024-02-24,1,Social,Consumer
11295,2024-08-19,4,Email,Small Business
11296,2024-03-22,2,Social,Consumer
11297,2025-06-26,2,Organic,Consumer
11298,2025-01-20,5,Affiliate,Consumer
11299,2024-08-14,2,Paid Search,Consumer
11300,2024-04-24,5,Organic,Consumer
11301,2024-07-19,1,Affiliate,Small Business
11302,2024-09-24,3,Direct,Consumer
11303,2025-02-13,1,Paid Search,Consumer
11304,2023-10-02,4,Organic,Consumer
11305,2025-05-12,1,Social,Consumer
11306,2023-11-24,2,Paid Search,Consumer
11307,2024-04-14,5,Paid Search,Consumer
11308,2025-11-13,6,Organic,Consumer
11309,2024-02-04,4,Social,Enterprise
11310,2023-10-19,6,Organic,Consumer
11311,2025-01-02,5,Paid Search,Consumer
11312,2024-07-28,5,Paid Search,Small Business
11313,2023-10-05,6,Email,Consumer
11314,2023-02-26,1,Paid Search,Small Business
11315,2023-09-15,2,Paid Search,Consumer
11316,2024-10-24,3,Paid Search,Consumer
11317,2024-03-16,4,Social,Enterprise
11318,2025-03-23,6,Social,Consumer
11319,2025-05-19,1,Email,Small Business
11320,2023-12-15,2,Organic,Consumer
11321,2024-06-16,2,Paid Search,Consumer
11322,2023-12-18,5,Paid Search,Consumer
11323,2024-05-05,6,Affiliate,Consumer
11324,2024-03-24,6,Paid Search,Small Business
11325,2025-03-29,5,Paid Search,Consumer
11326,2024-06-22,5,Paid Search,Consumer
11327,2024-10-07,3,Email,Consumer
11328,2025-01-22,4,Email,Consumer
11329,2025-04-22,2,Social,Consumer
11330,2024-05-18,4,Paid Search,Consumer
11331,2024-02-24,2,Email,Consumer
11332,2025-10-04,6,Paid Search,Small Business
11333,2024-06-02,3,Social,Enterprise
11334,2025-01-21,3,Affiliate,Consumer
11335,2025-01-24,3,Paid Search,Consumer
11336,2024-10-19,6,Social,Consumer
11337,2024-03-14,6,Organic,Consumer
11338,2023-12-11,3,Organic,Consumer
11339,2024-10-01,6,Social,Consumer
11340,2024-10-17,5,Social,Consumer
11341,2025-03-21,6,Social,Consumer
11342,2025-02-11,6,Social,Consumer
11343,2025-07-06,2,Social,Small Business
11344,2025-09-20,4,Paid Search,Small Business
11345,2025-02-21,2,Social,Consumer
11346,2023-09-11,2,Social,Consumer
11347,2024-08-06,3,Social,Consumer
11348,2024-12-16,1,Organic,Consumer
11349,2024-12-05,2,Organic,Small Business
11350,2024-01-26,5,Direct,Small Business
11351,2024-12-01,1,Organic,Consumer
11352,2024-06-26,4,Email,Consumer
11353,2024-06-17,5,Paid Search,Consumer
11354,2025-05-01,2,Email,Small Business
11355,2024-08-18,3,Social,Consumer
11356,2024-10-27,6,Affiliate,Consumer
11357,2024-11-18,6,Direct,Consumer
11358,2024-11-19,6,Paid Search,Consumer
11359,2024-02-28,4,Direct,Small Business
11360,2024-12-10,6,Organic,Small Business
11361,2024-06-14,3,Email,Consumer
11362,2025-01-12,4,Social,Consumer
11363,2023-12-17,5,Social,Consumer
11364,2025-11-15,6,Email,Consumer
11365,2025-03-20,3,Paid Search,Consumer
11366,2024-08-15,6,Organic,Consumer
11367,2024-05-18,4,Paid Search,Small Business
11368,2024-07-25,1,Paid Search,Consumer
11369,2025-02-18,4,Email,Consumer
11370,2025-01-12,6,Email,Small Business
11371,2025-02-07,3,Affiliate,Consumer
11372,2025-06-14,4,Organic,Consumer
11373,2024-09-11,6,Organic,Enterprise
11374,2025-01-20,6,Direct,Consumer
11375,2024-09-01,3,Social,Consumer
11376,2025-01-02,5,Organic,Consumer
11377,2024-09-23,4,Affiliate,Consumer
11378,2025-03-23,4,Email,Small Business
11379,2023-03-08,5,Email,Consumer
11380,2024-03-01,2,Social,Consumer
11381,2024-05-14,2,Social,Enterprise
11382,2025-08-13,1,Organic,Consumer
11383,2024-10-14,6,Organic,Small Business
11384,2024-07-07,2,Organic,Consumer
11385,2024-08-06,5,Paid Search,Consumer
11386,2024-09-08,5,Paid Search,Small Business
11387,2025-05-27,5,Social,Consumer
11388,2025-09-06,6,Paid Search,Consumer
11389,2025-05-09,6,Social,Consumer
11390,2025-05-07,1,Paid Search,Consumer
11391,2024-02-14,6,Paid Search,Consumer
11392,2024-04-20,2,Affiliate,Consumer
11393,2024-12-08,4,Organic,Consumer
11394,2025-01-12,5,Email,Consumer
11395,2024-02-17,1,Paid Search,Consumer
11396,2025-03-04,2,Paid Search,Small Business
11397,2024-02-15,6,Paid Search,Consumer
11398,2024-04-15,1,Paid Search,Consumer
11399,2024-05-22,2,Paid Search,Consumer
11400,2025-05-10,1,Social,Enterprise
11401,2025-02-24,2,Paid Search,Small Business
11402,2024-10-30,4,Email,Enterprise
11403,2025-04-21,6,Social,Small Business
11404,2025-04-16,4,Paid Search,Consumer
11405,2024-07-26,2,Affiliate,Consumer
11406,2025-03-26,6,Social,Small Business
11407,2024-02-21,3,Social,Small Business
11408,2024-10-12,2,Organic,Consumer
11409,2023-11-12,4,Organic,Consumer
11410,2024-08-22,1,Organic,Consumer
11411,2024-10-23,3,Direct,Consumer
11412,2023-09-17,5,Social,Enterprise
11413,2024-09-15,4,Social,Consumer
11414,2025-01-10,6,Affiliate,Consumer
11415,2024-12-19,5,Organic,Consumer
11416,2023-08-02,3,Direct,Consumer
11417,2023-10-11,5,Email,Small Business
11418,2024-06-27,6,Social,Consumer
11419,2025-05-07,4,Organic,Consumer
11420,2025-05-29,5,Social,Small Business
11421,2024-05-25,4,Paid Search,Consumer
11422,2025-02-16,6,Social,Consumer
11423,2024-11-27,2,Paid Search,Consumer
11424,2025-10-15,3,Organic,Consumer
11425,2023-10-10,2,Organic,Consumer
11426,2024-11-09,1,Direct,Consumer
11427,2024-12-06,4,Paid Search,Consumer
11428,2024-05-23,1,Social,Small Business
11429,2023-07-18,2,Social,Consumer
11430,2023-07-29,5,Social,Consumer
11431,2024-09-09,2,Paid Search,Consumer
11432,2025-02-02,6,Social,Consumer
11433,2025-02-06,1,Organic,Enterprise
11434,2024-01-26,3,Social,Consumer
11435,2025-05-19,1,Organic,Consumer
11436,2024-07-17,1,Paid Search,Enterprise
11437,2025-09-09,5,Social,Consumer
11438,2023-11-12,1,Affiliate,Consumer
11439,2025-05-03,6,Paid Search,Consumer
11440,2025-07-03,4,Paid Search,Consumer
11441,2025-04-23,3,Direct,Enterprise
11442,2025-04-13,6,Paid Search,Enterprise
11443,2024-07-05,3,Social,Enterprise
11444,2025-02-13,3,Social,Small Business
11445,2024-11-28,3,Organic,Consumer
11446,2024-08-20,4,Organic,Consumer
11447,2025-11-12,6,Organic,Consumer
11448,2024-05-09,4,Direct,Small Business
11449,2024-08-12,2,Social,Small Business
11450,2025-06-27,6,Social,Consumer
11451,2024-05-07,4,Direct,Consumer
11452,2023-12-25,5,Paid Search,Consumer
11453,2024-05-25,3,Direct,Small Business
11454,2025-03-12,2,Direct,Enterprise
11455,2025-05-21,6,Direct,Consumer
11456,2023-11-07,5,Paid Search,Consumer
11457,2024-12-24,2,Organic,Small Business
11458,2024-11-21,6,Affiliate,Consumer
11459,2025-01-19,1,Social,Consumer
11460,2025-01-21,6,Organic,Enterprise
11461,2025-09-02,4,Paid Search,Consumer
11462,2024-06-23,4,Paid Search,Consumer
11463,2024-05-17,1,Affiliate,Consumer
11464,2024-11-30,2,Direct,Consumer
11465,2024-08-23,5,Paid Search,Consumer
11466,2024-09-23,4,Paid Search,Consumer
11467,2023-08-30,1,Organic,Small Business
11468,2023-12-20,4,Paid Search,Consumer
11469,2025-08-01,5,Organic,Small Business
11470,2023-08-28,2,Organic,Consumer
11471,2024-12-05,5,Social,Consumer
11472,2025-03-09,6,Email,Consumer
11473,2023-04-10,3,Paid Search,Consumer
11474,2024-03-08,2,Social,Consumer
11475,2024-07-17,6,Email,Small Business
11476,2024-10-14,6,Paid Search,Consumer
11477,2024-06-19,3,Paid Search,Consumer
11478,2025-01-08,3,Organic,Small Business
11479,2024-03-12,6,Paid Search,Consumer
11480,2023-05-27,1,Social,Small Business
11481,2023-02-06,2,Affiliate,Small Business
11482,2024-06-23,4,Paid Search,Consumer
11483,2024-07-05,4,Social,Consumer
11484,2025-08-17,4,Paid Search,Consumer
11485,2023-07-14,3,Organic,Consumer
11486,2024-10-29,6,Social,Consumer
11487,2024-11-28,4,Affiliate,Consumer
11488,2025-02-05,4,Paid Search,Small Business
11489,2025-01-02,6,Email,Consumer
11490,2023-03-24,1,Email,Consumer
11491,2024-12-29,5,Email,Small Business
11492,2024-06-04,6,Email,Consumer
11493,2025-03-20,4,Paid Search,Consumer
11494,2024-02-02,4,Social,Consumer
11495,2025-02-15,3,Social,Small Business
11496,2024-12-26,2,Paid Search,Consumer
11497,2025-01-10,4,Social,Consumer
11498,2024-01-20,6,Organic,Small Business
11499,2025-01-20,3,Social,Consumer
11500,2025-02-27,1,Direct,Consumer
11501,2024-10-03,3,Organic,Consumer
11502,2024-06-18,1,Social,Consumer
11503,2024-01-10,6,Social,Consumer
11504,2024-05-08,4,Organic,Consumer
11505,2025-03-15,2,Social,Consumer
11506,2024-08-09,4,Paid Search,Small Business
11507,2025-02-07,4,Social,Consumer
11508,2025-02-28,4,Organic,Consumer
11509,2025-01-22,4,Social,Consumer
11510,2025-01-22,6,Paid Search,Consumer
11511,2024-12-17,6,Paid Search,Consumer
11512,2024-10-22,2,Social,Small Business
11513,2024-02-12,2,Paid Search,Consumer
11514,2025-05-07,6,Email,Consumer
11515,2025-09-09,4,Organic,Consumer
11516,2024-09-18,1,Paid Search,Small Business
11517,2025-07-29,4,Direct,Consumer
11518,2025-12-05,1,Organic,Consumer
11519,2024-10-01,1,Paid Search,Consumer
11520,2025-02-19,2,Affiliate,Consumer
11521,2025-01-05,2,Email,Consumer
11522,2024-03-22,1,Social,Consumer
11523,2023-07-18,6,Paid Search,Small Business
11524,2024-09-09,3,Email,Small Business
11525,2025-03-30,4,Paid Search,Consumer
11526,2024-06-06,6,Social,Consumer
11527,2025-03-28,6,Email,Consumer
11528,2025-01-12,5,Email,Small Business
11529,2025-02-03,2,Organic,Consumer
11530,2024-05-05,5,Paid Search,Consumer
11531,2024-09-20,6,Social,Consumer
11532,2024-01-26,1,Affiliate,Consumer
11533,2024-03-31,6,Email,Consumer
11534,2023-10-02,6,Email,Enterprise
11535,2023-11-23,6,Paid Search,Consumer
11536,2024-02-25,3,Direct,Consumer
11537,2024-11-29,2,Paid Search,Consumer
11538,2024-09-01,5,Social,Consumer
11539,2024-04-18,4,Affiliate,Consumer
11540,2025-05-22,5,Social,Consumer
11541,2024-10-26,2,Organic,Small Business
11542,2025-07-18,2,Organic,Small Business
11543,2024-12-31,6,Affiliate,Consumer
11544,2023-04-26,4,Paid Search,Consumer
11545,2025-07-08,6,Paid Search,Enterprise
11546,2025-05-19,6,Organic,Consumer
11547,2024-12-31,3,Affiliate,Consumer
11548,2024-11-01,2,Direct,Small Business
11549,2024-09-09,6,Social,Consumer
11550,2024-09-28,5,Email,Enterprise
11551,2025-03-18,4,Social,Consumer
11552,2024-10-18,6,Social,Small Business
11553,2024-01-20,2,Paid Search,Consumer
11554,2023-08-10,3,Paid Search,Small Business
11555,2023-11-22,1,Paid Search,Consumer
11556,2024-04-04,3,Paid Search,Consumer
11557,2024-07-10,3,Paid Search,Consumer
11558,2025-06-18,3,Affiliate,Small Business
11559,2024-03-24,1,Paid Search,Consumer
11560,2024-06-02,5,Email,Consumer
11561,2024-03-09,3,Affiliate,Consumer
11562,2024-11-08,3,Social,Consumer
11563,2024-12-21,6,Email,Consumer
11564,2024-10-30,3,Social,Consumer
11565,2025-08-22,6,Paid Search,Small Business
11566,2025-11-21,2,Organic,Consumer
11567,2025-05-03,6,Organic,Consumer
11568,2025-04-11,6,Social,Consumer
11569,2024-07-08,5,Affiliate,Consumer
11570,2024-11-29,6,Email,Consumer
11571,2024-06-27,5,Social,Small Business
11572,2025-03-28,4,Paid Search,Consumer
11573,2024-01-16,5,Affiliate,Consumer
11574,2024-03-02,6,Direct,Consumer
11575,2023-06-30,4,Organic,Consumer
11576,2024-12-16,5,Email,Small Business
11577,2025-01-30,1,Social,Small Business
11578,2023-02-23,6,Paid Search,Consumer
11579,2024-10-17,5,Affiliate,Consumer
11580,2024-07-16,1,Organic,Consumer
11581,2025-04-02,2,Organic,Consumer
11582,2023-06-30,2,Organic,Consumer
11583,2023-07-22,2,Social,Consumer
11584,2024-12-23,6,Paid Search,Small Business
11585,2024-12-06,3,Organic,Enterprise
11586,2025-04-29,3,Paid Search,Small Business
11587,2024-12-06,5,Paid Search,Consumer
11588,2025-08-18,3,Paid Search,Small Business
11589,2024-05-29,6,Social,Consumer
11590,2024-08-01,5,Affiliate,Enterprise
11591,2025-10-03,2,Paid Search,Consumer
11592,2023-10-28,4,Social,Consumer
11593,2025-04-04,3,Email,Consumer
11594,2023-04-09,3,Affiliate,Consumer
11595,2024-10-01,6,Email,Consumer
11596,2023-12-26,3,Direct,Consumer
11597,2024-12-10,1,Organic,Consumer
11598,2025-04-06,3,Email,Consumer
11599,2023-06-16,4,Social,Consumer
11600,2024-01-07,1,Social,Small Business
11601,2024-06-20,5,Social,Consumer
11602,2024-04-08,2,Email,Consumer
11603,2024-07-21,1,Organic,Consumer
11604,2025-08-22,4,Email,Consumer
11605,2023-10-19,1,Organic,Enterprise
11606,2024-08-19,5,Email,Consumer
11607,2024-09-11,1,Paid Search,Enterprise
11608,2024-04-30,3,Social,Consumer
11609,2024-04-28,1,Organic,Consumer
11610,2025-02-14,3,Paid Search,Consumer
11611,2024-12-21,6,Affiliate,Enterprise
11612,2025-04-16,4,Paid Search,Small Business
11613,2024-08-06,4,Paid Search,Consumer
11614,2024-12-15,1,Organic,Consumer
11615,2025-06-19,2,Paid Search,Consumer
11616,2025-05-14,3,Organic,Consumer
11617,2025-07-15,4,Paid Search,Consumer
11618,2024-04-20,2,Paid Search,Enterprise
11619,2025-10-20,6,Email,Small Business
11620,2025-04-18,4,Social,Consumer
11621,2025-04-04,2,Organic,Consumer
11622,2025-01-19,1,Paid Search,Consumer
11623,2025-10-15,4,Organic,Small Business
11624,2024-09-01,3,Social,Small Business
11625,2025-03-01,5,Paid Search,Small Business
11626,2025-02-05,4,Email,Small Business
11627,2025-02-24,4,Organic,Consumer
11628,2025-03-07,6,Direct,Consumer
11629,2024-02-05,4,Email,Small Business
11630,2024-06-25,5,Organic,Consumer
11631,2024-07-28,3,Paid Search,Small Business
11632,2025-03-05,6,Email,Small Business
11633,2025-02-15,3,Organic,Consumer
11634,2025-04-30,5,Affiliate,Consumer
11635,2025-03-30,6,Organic,Small Business
11636,2024-12-08,3,Paid Search,Consumer
11637,2023-12-10,1,Email,Consumer
11638,2024-12-31,2,Email,Consumer
11639,2025-06-13,2,Paid Search,Consumer
11640,2025-01-05,1,Organic,Consumer
11641,2025-06-21,4,Social,Consumer
11642,2025-12-13,2,Organic,Consumer
11643,2024-07-03,1,Affiliate,Enterprise
11644,2025-02-19,1,Paid Search,Consumer
11645,2024-11-04,2,Paid Search,Enterprise
11646,2024-09-10,3,Paid Search,Small Business
11647,2024-03-25,6,Affiliate,Small Business
11648,2024-03-30,5,Paid Search,Small Business
11649,2024-01-30,5,Organic,Consumer
11650,2024-12-29,5,Email,Consumer
11651,2023-12-12,5,Email,Consumer
11652,2024-08-25,2,Paid Search,Consumer
11653,2024-10-25,1,Paid Search,Consumer
11654,2024-08-30,4,Direct,Consumer
11655,2025-05-17,1,Social,Small Business
11656,2024-09-02,2,Paid Search,Small Business
11657,2023-09-21,5,Paid Search,Consumer
11658,2025-11-08,4,Email,Consumer
11659,2025-05-09,5,Affiliate,Small Business
11660,2025-01-14,4,Social,Enterprise
11661,2025-03-10,4,Social,Consumer
11662,2023-11-25,2,Organic,Consumer
11663,2025-03-16,2,Paid Search,Small Business
11664,2024-02-22,2,Affiliate,Consumer
11665,2024-10-03,5,Paid Search,Consumer
11666,2024-01-22,6,Paid Search,Consumer
11667,2025-03-09,1,Social,Consumer
11668,2024-03-30,4,Paid Search,Consumer
11669,2024-04-06,3,Social,Small Business
11670,2023-10-31,4,Organic,Consumer
11671,2025-02-17,2,Social,Small Business
11672,2024-05-13,1,Organic,Consumer
11673,2024-10-22,2,Paid Search,Small Business
11674,2024-06-12,2,Social,Consumer
11675,2025-03-22,1,Social,Consumer
11676,2024-03-12,3,Organic,Enterprise
11677,2025-08-07,5,Paid Search,Consumer
11678,2024-06-03,6,Email,Consumer
11679,2023-10-23,4,Paid Search,Consumer
11680,2024-03-25,2,Paid Search,Consumer
11681,2023-09-07,3,Paid Search,Small Business
11682,2024-09-19,2,Organic,Small Business
11683,2024-04-03,2,Paid Search,Consumer
11684,2025-06-12,6,Paid Search,Consumer
11685,2024-10-21,4,Social,Consumer
11686,2024-03-18,3,Social,Enterprise
11687,2024-09-07,3,Paid Search,Consumer
11688,2024-02-10,2,Organic,Consumer
11689,2024-01-23,3,Organic,Consumer
11690,2024-05-17,4,Paid Search,Consumer
11691,2023-10-29,6,Paid Search,Consumer
11692,2024-02-03,3,Social,Consumer
11693,2025-08-04,2,Direct,Consumer
11694,2025-01-18,6,Email,Consumer
11695,2025-07-16,2,Social,Consumer
11696,2024-04-09,1,Direct,Consumer
11697,2025-05-19,4,Social,Small Business
11698,2024-07-05,5,Social,Consumer
11699,2023-12-15,2,Direct,Consumer
11700,2025-04-10,2,Email,Small Business
11701,2023-08-12,2,Organic,Consumer
11702,2024-08-06,5,Organic,Consumer
11703,2025-04-20,6,Direct,Consumer
11704,2024-12-21,6,Paid Search,Consumer
11705,2024-10-22,2,Social,Consumer
11706,2024-06-29,6,Social,Consumer
11707,2023-09-09,2,Direct,Consumer
11708,2025-11-04,6,Paid Search,Consumer
11709,2024-01-19,6,Paid Search,Consumer
11710,2024-04-08,5,Social,Consumer
11711,2024-03-21,6,Paid Search,Enterprise
11712,2025-07-02,1,Organic,Small Business
11713,2025-03-15,4,Social,Consumer
11714,2024-09-12,1,Affiliate,Consumer
11715,2025-08-27,4,Email,Consumer
11716,2023-07-30,3,Social,Enterprise
11717,2025-06-19,6,Affiliate,Consumer
11718,2023-08-14,3,Paid Search,Consumer
11719,2024-07-27,5,Organic,Enterprise
11720,2023-08-02,2,Organic,Consumer
11721,2025-12-12,1,Paid Search,Small Business
11722,2025-07-09,5,Paid Search,Consumer
11723,2024-12-02,2,Social,Consumer
11724,2024-03-03,5,Social,Consumer
11725,2024-04-27,3,Organic,Small Business
11726,2024-09-06,6,Paid Search,Consumer
11727,2024-06-04,3,Paid Search,Consumer
11728,2023-05-14,3,Direct,Small Business
11729,2025-01-12,5,Paid Search,Consumer
11730,2024-12-19,5,Direct,Consumer
11731,2025-06-29,1,Organic,Consumer
11732,2024-09-25,5,Organic,Consumer
11733,2024-06-22,3,Social,Consumer
11734,2024-10-17,6,Affiliate,Small Business
11735,2024-02-09,4,Affiliate,Consumer
11736,2024-12-26,5,Email,Consumer
11737,2025-03-19,3,Organic,Small Business
11738,2023-12-26,2,Social,Consumer
11739,2024-06-01,5,Paid Search,Consumer
11740,2025-05-27,1,Direct,Consumer
11741,2024-10-13,4,Paid Search,Small Business
11742,2024-10-30,6,Social,Small Business
11743,2025-02-18,6,Social,Consumer
11744,2024-11-28,5,Email,Consumer
11745,2023-08-30,3,Email,Consumer
11746,2025-04-10,5,Organic,Consumer
11747,2025-07-18,1,Paid Search,Consumer
11748,2023-07-31,5,Paid Search,Small Business
11749,2023-11-16,2,Paid Search,Small Business
11750,2025-02-07,5,Direct,Consumer
11751,2024-12-13,3,Paid Search,Consumer
11752,2024-07-21,5,Direct,Consumer
11753,2024-11-04,4,Paid Search,Consumer
11754,2025-02-08,6,Affiliate,Consumer
11755,2024-10-13,5,Organic,Enterprise
11756,2023-12-10,6,Affiliate,Enterprise
11757,2023-10-02,1,Organic,Enterprise
11758,2024-08-30,3,Email,Small Business
11759,2025-07-18,3,Email,Consumer
11760,2024-11-15,1,Paid Search,Consumer
11761,2024-07-02,1,Direct,Enterprise
11762,2025-07-03,1,Organic,Consumer
11763,2024-07-25,5,Paid Search,Consumer
11764,2024-10-16,3,Social,Consumer
11765,2023-11-09,5,Social,Small Business
11766,2025-02-27,6,Affiliate,Consumer
11767,2025-02-06,1,Email,Small Business
11768,2025-04-03,6,Social,Consumer
11769,2024-06-06,2,Organic,Consumer
11770,2024-08-28,3,Paid Search,Small Business
11771,2024-01-12,6,Social,Small Business
11772,2025-09-09,2,Affiliate,Consumer
11773,2023-09-27,6,Paid Search,Consumer
11774,2025-01-08,4,Social,Consumer
11775,2025-02-09,1,Paid Search,Consumer
11776,2023-12-31,5,Paid Search,Consumer
11777,2024-07-08,1,Paid Search,Small Business
11778,2023-07-10,4,Paid Search,Consumer
11779,2024-11-15,3,Social,Consumer
11780,2025-11-19,1,Affiliate,Consumer
11781,2024-08-24,4,Paid Search,Consumer
11782,2025-11-01,3,Affiliate,Consumer
11783,2023-11-22,1,Organic,Consumer
11784,2024-07-28,4,Paid Search,Small Business
11785,2025-06-27,1,Paid Search,Small Business
11786,2025-06-04,4,Paid Search,Consumer
11787,2024-06-05,2,Email,Small Business
11788,2025-01-25,5,Email,Consumer
11789,2025-06-12,6,Social,Consumer
11790,2025-03-17,6,Paid Search,Small Business
11791,2024-12-27,6,Paid Search,Consumer
11792,2023-12-25,1,Organic,Enterprise
11793,2023-09-05,4,Paid Search,Consumer
11794,2024-12-19,2,Social,Enterprise
11795,2024-10-10,1,Organic,Consumer
11796,2024-03-23,3,Organic,Consumer
11797,2024-05-11,3,Paid Search,Consumer
11798,2024-07-28,2,Social,Small Business
11799,2024-10-07,1,Social,Consumer
11800,2024-07-26,3,Affiliate,Consumer
11801,2024-07-24,1,Social,Enterprise
11802,2023-11-08,1,Social,Consumer
11803,2025-05-25,3,Paid Search,Consumer
11804,2024-12-16,1,Organic,Consumer
11805,2023-12-17,6,Organic,Small Business
11806,2024-08-20,6,Organic,Small Business
11807,2024-08-14,6,Organic,Small Business
11808,2024-12-11,1,Affiliate,Consumer
11809,2024-12-16,3,Affiliate,Consumer
11810,2025-01-06,5,Social,Consumer
11811,2025-02-05,4,Paid Search,Small Business
11812,2023-10-22,2,Direct,Small Business
11813,2024-05-21,5,Organic,Small Business
11814,2023-05-01,2,Direct,Consumer
11815,2024-09-10,6,Social,Consumer
11816,2024-08-23,1,Direct,Small Business
11817,2025-02-25,5,Paid Search,Consumer
11818,2024-01-10,1,Organic,Consumer
11819,2024-12-29,6,Social,Small Business
11820,2024-05-22,3,Paid Search,Consumer
11821,2024-07-20,1,Paid Search,Small Business
11822,2025-02-16,6,Paid Search,Consumer
11823,2023-09-03,6,Paid Search,Consumer
11824,2024-06-20,6,Direct,Small Business
11825,2024-07-27,3,Direct,Consumer
11826,2025-02-14,1,Affiliate,Consumer
11827,2024-02-14,2,Direct,Enterprise
11828,2025-08-16,1,Affiliate,Small Business
11829,2025-12-03,1,Direct,Consumer
11830,2025-04-20,1,Paid Search,Consumer
11831,2024-05-17,4,Paid Search,Consumer
11832,2025-01-17,5,Affiliate,Small Business
11833,2023-09-22,4,Social,Consumer
11834,2025-05-30,2,Organic,Consumer
11835,2024-10-20,4,Organic,Consumer
11836,2024-01-21,2,Social,Small Business
11837,2024-06-08,3,Paid Search,Small Business
11838,2025-04-08,6,Email,Consumer
11839,2025-05-29,1,Social,Consumer
11840,2024-10-23,6,Social,Consumer
11841,2024-09-27,2,Organic,Consumer
11842,2025-03-07,5,Social,Consumer
11843,2025-04-25,2,Social,Small Business
11844,2025-03-15,1,Organic,Consumer
11845,2024-07-22,3,Social,Consumer
11846,2025-01-04,3,Direct,Small Business
11847,2025-05-19,4,Social,Consumer
11848,2023-12-24,2,Direct,Consumer
11849,2024-07-25,6,Affiliate,Enterprise
11850,2023-08-07,5,Affiliate,Small Business
11851,2024-08-09,6,Email,Consumer
11852,2025-03-20,5,Organic,Consumer
11853,2024-02-12,5,Social,Small Business
11854,2024-11-06,1,Organic,Consumer
11855,2023-06-25,4,Paid Search,Consumer
11856,2025-06-22,6,Paid Search,Consumer
11857,2025-04-21,1,Paid Search,Small Business
11858,2024-10-26,3,Email,Consumer
11859,2025-02-09,2,Paid Search,Consumer
11860,2023-10-23,5,Organic,Small Business
11861,2025-05-09,6,Paid Search,Consumer
11862,2025-02-14,1,Paid Search,Consumer
11863,2023-11-14,5,Social,Enterprise
11864,2025-10-09,3,Affiliate,Consumer
11865,2023-05-18,6,Social,Consumer
11866,2024-12-27,1,Affiliate,Small Business
11867,2024-01-16,2,Paid Search,Consumer
11868,2025-02-16,5,Social,Consumer
11869,2023-09-01,5,Paid Search,Consumer
11870,2023-09-19,1,Social,Small Business
11871,2024-09-18,1,Paid Search,Consumer
11872,2025-11-15,3,Paid Search,Consumer
11873,2024-04-27,1,Organic,Consumer
11874,2024-12-18,5,Organic,Consumer
11875,2024-10-22,5,Paid Search,Small Business
11876,2025-05-07,5,Affiliate,Consumer
11877,2024-05-07,3,Organic,Consumer
11878,2024-11-14,4,Social,Consumer
11879,2025-08-20,4,Social,Small Business
11880,2024-06-12,5,Paid Search,Consumer
11881,2024-08-30,3,Affiliate,Consumer
11882,2025-06-14,4,Social,Consumer
11883,2024-06-12,4,Paid Search,Enterprise
11884,2024-07-19,4,Paid Search,Consumer
11885,2024-05-20,6,Paid Search,Consumer
11886,2025-04-14,3,Social,Consumer
11887,2025-07-26,6,Organic,Consumer
11888,2024-12-29,1,Direct,Consumer
11889,2024-12-25,3,Paid Search,Consumer
11890,2024-07-26,3,Social,Consumer
11891,2023-04-13,6,Paid Search,Consumer
11892,2024-01-18,1,Social,Small Business
11893,2023-12-19,2,Organic,Consumer
11894,2023-11-09,3,Direct,Consumer
11895,2025-01-11,5,Email,Consumer
11896,2023-12-05,3,Paid Search,Small Business
11897,2023-09-26,4,Affiliate,Small Business
11898,2024-07-21,2,Affiliate,Small Business
11899,2024-04-02,6,Paid Search,Small Business
11900,2023-12-17,5,Direct,Consumer
11901,2023-12-17,1,Organic,Consumer
11902,2024-04-09,5,Email,Consumer
11903,2024-11-02,1,Social,Consumer
11904,2025-03-11,4,Paid Search,Small Business
11905,2025-05-15,5,Email,Consumer
11906,2025-03-07,6,Social,Consumer
11907,2024-12-27,1,Direct,Consumer
11908,2025-07-02,2,Paid Search,Small Business
11909,2024-10-23,5,Social,Small Business
11910,2024-12-30,2,Email,Small Business
11911,2024-08-11,5,Organic,Consumer
11912,2024-06-08,2,Social,Small Business
11913,2024-06-12,1,Organic,Small Business
11914,2023-12-20,4,Email,Consumer
11915,2025-04-05,5,Organic,Consumer
11916,2023-08-04,2,Social,Consumer
11917,2025-01-23,6,Organic,Small Business
11918,2025-05-24,6,Organic,Small Business
11919,2024-10-08,1,Email,Consumer
11920,2023-08-31,2,Organic,Consumer
11921,2024-08-23,4,Social,Consumer
11922,2024-06-21,3,Paid Search,Enterprise
11923,2025-10-20,2,Paid Search,Consumer
11924,2025-02-01,4,Social,Enterprise
11925,2025-02-18,6,Organic,Consumer
11926,2024-10-20,2,Email,Consumer
11927,2025-02-11,2,Direct,Consumer
11928,2025-02-18,5,Organic,Consumer
11929,2023-08-25,4,Email,Consumer
11930,2024-03-08,5,Organic,Consumer
11931,2023-04-15,4,Social,Consumer
11932,2024-10-16,5,Organic,Consumer
11933,2025-06-03,5,Social,Consumer
11934,2024-12-16,4,Social,Small Business
11935,2024-10-10,3,Affiliate,Consumer
11936,2025-07-21,3,Organic,Small Business
11937,2024-01-16,2,Paid Search,Consumer
11938,2023-09-08,3,Social,Consumer
11939,2025-07-12,4,Direct,Consumer
11940,2025-06-27,5,Paid Search,Consumer
11941,2025-01-27,5,Direct,Small Business
11942,2024-03-30,3,Direct,Small Business
11943,2025-09-18,5,Organic,Consumer
11944,2025-03-16,3,Social,Consumer
11945,2025-01-22,3,Paid Search,Small Business
11946,2024-03-08,1,Paid Search,Small Business
11947,2024-10-18,2,Social,Consumer
11948,2025-04-23,5,Email,Consumer
11949,2025-05-21,2,Direct,Consumer
11950,2024-11-18,1,Paid Search,Small Business
11951,2024-10-25,2,Social,Consumer
11952,2025-02-04,6,Social,Consumer
11953,2024-10-28,1,Social,Consumer
11954,2024-08-15,1,Social,Consumer
11955,2023-09-26,3,Direct,Consumer
11956,2023-11-22,3,Social,Consumer
11957,2025-03-13,6,Paid Search,Small Business
11958,2023-05-25,2,Organic,Small Business
11959,2023-07-29,3,Paid Search,Consumer
11960,2025-06-29,2,Direct,Small Business
11961,2025-02-08,2,Direct,Consumer
11962,2023-03-01,2,Paid Search,Consumer
11963,2024-05-27,2,Organic,Consumer
11964,2025-03-14,5,Email,Enterprise
11965,2024-08-15,5,Social,Consumer
11966,2024-09-19,2,Social,Consumer
11967,2024-09-13,3,Direct,Consumer
11968,2024-02-17,2,Paid Search,Small Business
11969,2025-02-18,6,Social,Consumer
11970,2023-10-22,1,Paid Search,Small Business
11971,2024-10-15,3,Social,Small Business
11972,2024-01-14,2,Affiliate,Small Business
11973,2023-07-17,3,Organic,Small Business
11974,2023-12-14,6,Organic,Consumer
11975,2025-05-29,4,Paid Search,Small Business
11976,2024-01-20,3,Affiliate,Consumer
11977,2024-04-28,5,Paid Search,Consumer
11978,2023-12-07,5,Social,Consumer
11979,2025-02-26,1,Paid Search,Consumer
11980,2024-09-04,3,Social,Consumer
11981,2025-08-11,3,Organic,Consumer
11982,2025-01-17,3,Social,Consumer
11983,2024-10-30,3,Social,Consumer
11984,2025-01-13,5,Social,Consumer
11985,2023-07-04,6,Organic,Consumer
11986,2025-08-20,1,Organic,Consumer
11987,2025-08-28,6,Affiliate,Consumer
11988,2024-04-26,6,Paid Search,Small Business
11989,2024-12-27,3,Paid Search,Consumer
11990,2024-02-17,3,Paid Search,Small Business
11991,2024-11-09,1,Paid Search,Consumer
11992,2025-03-19,3,Social,Small Business
11993,2025-08-06,2,Paid Search,Small Business
11994,2024-06-18,6,Paid Search,Consumer
11995,2025-02-02,1,Paid Search,Enterprise
11996,2025-02-15,3,Social,Consumer
11997,2024-03-07,3,Organic,Small Business
11998,2024-12-28,6,Social,Consumer
11999,2025-01-12,5,Direct,Consumer
12000,2025-03-15,6,Paid Search,Consumer
