return_id,order_id,return_date,reason,refund_amount
1,8,2025-09-10,Changed mind,776.03
2,25,2025-01-09,Not as described,410.4
3,39,2025-03-01,Not as described,70.48
4,59,2025-05-27,Wrong size/fit,502.72
5,69,2025-03-01,Not as described,350.7
6,92,2024-12-31,Defective,198.64
7,96,2024-08-05,Changed mind,83.34
8,109,2025-11-26,Damaged in transit,155.53
9,135,2025-04-22,Not as described,490.36
10,136,2024-06-15,Not as described,920.7
11,152,2024-08-23,Wrong size/fit,651.08
12,164,2024-07-26,Changed mind,247.44
13,166,2025-04-20,Wrong size/fit,2228.91
14,168,2025-11-19,Wrong size/fit,800.87
15,179,2025-03-06,Changed mind,197.29
16,189,2025-12-30,Defective,201.73
17,244,2023-11-27,Not as described,637.75
18,258,2025-07-12,Damaged in transit,125.64
19,263,2025-01-27,Wrong size/fit,53.65
20,268,2024-10-18,Wrong size/fit,887.88
21,287,2025-04-24,Changed mind,157.19
22,288,2024-11-04,Wrong size/fit,82.94
23,290,2025-05-20,Changed mind,671.76
24,293,2024-08-10,Defective,37.72
25,321,2024-08-06,Not as described,45.12
26,331,2025-08-03,Defective,184.49
27,352,2025-07-21,Changed mind,1198.35
28,353,2025-03-04,Wrong size/fit,164.41
29,361,2025-11-04,Wrong size/fit,564.34
30,403,2024-06-10,Wrong size/fit,309.85
31,407,2025-12-15,Wrong size/fit,411.93
32,425,2024-03-02,Not as described,2708.81
33,437,2025-07-09,Changed mind,168.1
34,453,2023-04-26,Changed mind,168.64
35,454,2025-09-01,Not as described,227.61
36,478,2024-04-10,Wrong size/fit,384.33
37,479,2025-01-11,Defective,368.24
38,486,2025-09-21,Defective,120.0
39,496,2023-08-11,Not as described,109.36
40,509,2024-12-24,Changed mind,102.48
41,512,2024-08-05,Defective,1084.13
42,515,2024-12-20,Wrong size/fit,156.39
43,559,2025-07-22,Changed mind,258.63
44,564,2025-10-20,Wrong size/fit,57.49
45,578,2025-06-14,Wrong size/fit,306.98
46,579,2025-10-23,Not as described,1228.53
47,582,2024-04-25,Defective,36.69
48,591,2025-03-19,Changed mind,44.14
49,594,2025-10-30,Wrong size/fit,709.96
50,607,2025-09-11,Changed mind,139.94
51,635,2025-11-16,Defective,292.76
52,640,2025-11-05,Changed mind,30.11
53,647,2025-12-25,Not as described,105.84
54,665,2025-11-30,Changed mind,29.11
55,669,2025-06-12,Defective,731.17
56,672,2025-06-25,Wrong size/fit,108.13
57,682,2025-08-07,Wrong size/fit,2595.2
58,689,2025-06-09,Wrong size/fit,186.65
59,702,2025-11-14,Wrong size/fit,514.15
60,725,2025-07-17,Defective,385.73
61,752,2025-03-23,Changed mind,472.51
62,776,2024-02-29,Wrong size/fit,132.24
63,806,2025-02-05,Wrong size/fit,55.22
64,826,2025-03-14,Not as described,365.32
65,830,2025-04-05,Not as described,113.98
66,832,2025-10-28,Wrong size/fit,630.33
67,863,2025-09-04,Changed mind,746.86
68,867,2025-08-23,Wrong size/fit,1325.28
69,885,2025-11-18,Changed mind,624.82
70,890,2025-09-11,Changed mind,1461.23
71,899,2025-03-18,Changed mind,1346.2
72,905,2023-12-29,Wrong size/fit,18.86
73,921,2025-11-03,Changed mind,281.09
74,925,2025-05-07,Wrong size/fit,286.61
75,936,2024-03-20,Defective,208.5
76,944,2024-04-13,Wrong size/fit,63.17
77,948,2025-12-28,Changed mind,75.8
78,974,2025-11-21,Changed mind,789.86
79,1011,2025-05-26,Wrong size/fit,363.28
80,1030,2025-03-16,Wrong size/fit,571.33
81,1034,2025-10-24,Changed mind,859.96
82,1036,2025-09-16,Damaged in transit,61.72
83,1039,2024-10-22,Changed mind,81.57
84,1043,2025-02-01,Wrong size/fit,209.65
85,1060,2024-07-10,Not as described,269.75
86,1064,2025-07-15,Defective,1222.58
87,1076,2024-10-18,Changed mind,233.9
88,1116,2025-01-20,Changed mind,30.54
89,1127,2025-02-09,Not as described,310.32
90,1188,2025-12-09,Defective,136.28
91,1198,2025-02-07,Wrong size/fit,1871.49
92,1219,2025-11-02,Defective,434.76
93,1222,2024-10-18,Changed mind,627.65
94,1224,2024-11-09,Not as described,115.82
95,1234,2024-07-20,Not as described,25.92
96,1254,2025-10-22,Changed mind,310.43
97,1264,2025-03-15,Changed mind,30.06
98,1265,2024-07-05,Not as described,111.76
99,1272,2025-04-30,Wrong size/fit,49.52
100,1283,2025-02-23,Wrong size/fit,102.85
101,1290,2024-06-13,Damaged in transit,239.9
102,1302,2024-08-05,Not as described,69.0
103,1312,2025-10-13,Changed mind,144.14
104,1326,2025-07-12,Defective,147.45
105,1343,2025-10-21,Wrong size/fit,242.6
106,1349,2023-12-07,Defective,50.03
107,1359,2025-04-18,Not as described,476.18
108,1379,2024-11-21,Damaged in transit,113.78
109,1380,2025-09-14,Not as described,212.16
110,1390,2025-04-27,Changed mind,1174.98
111,1394,2025-09-22,Not as described,374.87
112,1400,2025-08-06,Damaged in transit,105.15
113,1402,2025-11-29,Damaged in transit,218.11
114,1432,2025-01-29,Wrong size/fit,173.37
115,1437,2024-10-06,Changed mind,137.35
116,1440,2025-09-21,Not as described,98.54
117,1446,2025-03-27,Wrong size/fit,2580.42
118,1468,2024-08-02,Not as described,2709.19
119,1486,2024-02-22,Not as described,71.67
120,1497,2024-12-30,Defective,131.95
121,1504,2025-06-06,Defective,63.32
122,1533,2025-08-19,Changed mind,20.13
123,1549,2024-10-26,Not as described,129.47
124,1553,2024-10-21,Defective,103.56
125,1572,2025-07-23,Damaged in transit,303.9
126,1587,2025-10-17,Wrong size/fit,74.18
127,1591,2025-08-20,Changed mind,2667.62
128,1594,2024-04-22,Defective,100.34
129,1607,2025-10-08,Changed mind,271.91
130,1616,2025-03-18,Wrong size/fit,1095.32
131,1669,2024-11-26,Wrong size/fit,191.08
132,1674,2024-10-04,Wrong size/fit,1066.64
133,1676,2024-12-14,Wrong size/fit,91.54
134,1688,2025-08-30,Defective,385.37
135,1708,2025-10-13,Changed mind,316.73
136,1717,2025-09-06,Not as described,243.14
137,1731,2025-03-20,Changed mind,35.41
138,1732,2025-12-25,Changed mind,362.91
139,1762,2025-05-10,Not as described,505.26
140,1768,2025-05-02,Not as described,199.53
141,1772,2024-06-08,Changed mind,64.92
142,1784,2025-11-05,Damaged in transit,392.22
143,1814,2025-06-07,Changed mind,524.92
144,1819,2025-04-12,Changed mind,338.04
145,1828,2024-03-31,Damaged in transit,1016.99
147,1840,2024-05-15,Defective,210.08
148,1855,2024-03-02,Wrong size/fit,288.99
149,1865,2024-08-16,Wrong size/fit,1316.55
150,1867,2024-05-06,Changed mind,531.57
151,1869,2025-06-22,Defective,120.33
152,1878,2025-09-04,Wrong size/fit,1342.0
153,1882,2025-07-17,Damaged in transit,201.6
154,1918,2025-07-04,Damaged in transit,273.49
155,1930,2025-12-17,Changed mind,425.2
156,1944,2024-12-19,Not as described,683.47
157,1952,2025-12-26,Changed mind,240.06
158,2038,2025-10-12,Not as described,555.73
159,2066,2025-10-10,Not as described,410.85
160,2072,2025-03-22,Damaged in transit,53.68
161,2079,2025-01-22,Changed mind,110.13
162,2100,2025-02-25,Wrong size/fit,1196.17
163,2155,2025-06-20,Wrong size/fit,796.65
164,2173,2025-06-17,Wrong size/fit,378.1
165,2191,2025-07-12,Changed mind,74.87
166,2196,2025-11-20,Wrong size/fit,297.87
167,2200,2025-12-22,Damaged in transit,254.79
168,2226,2025-08-05,Damaged in transit,1245.41
169,2229,2024-03-16,Wrong size/fit,1548.97
170,2230,2023-10-16,Changed mind,903.33
171,2241,2024-03-13,Changed mind,104.64
172,2276,2025-02-24,Defective,239.42
173,2280,2024-07-03,Changed mind,115.32
174,2304,2024-12-15,Defective,617.19
175,2327,2025-02-20,Changed mind,74.51
176,2338,2025-12-11,Wrong size/fit,682.95
177,2364,2025-09-12,Defective,276.45
178,2375,2024-12-25,Changed mind,61.73
179,2398,2025-04-30,Wrong size/fit,602.93
180,2408,2023-12-25,Wrong size/fit,250.92
181,2437,2024-04-29,Not as described,406.43
182,2438,2025-12-05,Wrong size/fit,135.44
183,2455,2025-06-03,Defective,119.29
184,2462,2025-04-18,Wrong size/fit,1523.26
185,2464,2025-03-06,Not as described,222.08
186,2466,2025-11-29,Damaged in transit,304.36
187,2476,2025-11-22,Defective,13.41
188,2481,2024-04-26,Not as described,30.54
189,2488,2025-12-03,Changed mind,54.99
190,2497,2025-05-06,Damaged in transit,187.05
191,2506,2025-06-29,Changed mind,143.67
192,2512,2025-01-29,Changed mind,1214.47
193,2536,2024-03-24,Not as described,72.8
194,2567,2025-03-15,Changed mind,519.46
195,2578,2025-07-23,Not as described,131.1
196,2618,2025-12-20,Not as described,58.44
197,2628,2025-07-22,Not as described,25.43
198,2634,2025-05-03,Changed mind,58.66
199,2641,2025-04-18,Wrong size/fit,29.97
200,2642,2025-07-02,Not as described,198.56
201,2647,2025-08-15,Wrong size/fit,543.67
202,2654,2025-12-21,Wrong size/fit,1081.06
203,2664,2024-08-03,Not as described,154.3
204,2671,2023-12-27,Changed mind,87.24
205,2673,2025-05-11,Changed mind,56.68
206,2675,2025-04-28,Changed mind,41.08
207,2685,2025-07-18,Damaged in transit,811.38
208,2686,2025-04-08,Wrong size/fit,121.83
209,2693,2023-10-11,Damaged in transit,582.44
210,2720,2025-07-20,Damaged in transit,36.4
211,2733,2024-08-06,Damaged in transit,26.87
212,2784,2024-11-13,Wrong size/fit,2093.57
213,2789,2024-11-23,Wrong size/fit,41.88
214,2794,2025-11-24,Wrong size/fit,992.43
215,2811,2025-12-31,Not as described,41.49
216,2813,2025-08-22,Changed mind,14.41
217,2816,2024-03-31,Wrong size/fit,145.65
218,2832,2025-08-05,Wrong size/fit,606.97
219,2837,2025-09-21,Wrong size/fit,1017.06
220,2857,2025-02-09,Changed mind,279.56
221,2861,2025-10-23,Defective,1543.53
222,2865,2025-02-19,Changed mind,273.25
223,2877,2024-09-26,Not as described,26.63
224,2884,2025-06-06,Changed mind,225.89
225,2894,2025-11-17,Wrong size/fit,2369.24
226,2896,2025-12-14,Not as described,82.3
227,2901,2024-10-29,Defective,163.32
228,2912,2025-10-31,Not as described,586.34
229,2916,2025-08-01,Wrong size/fit,105.15
230,2937,2024-07-22,Defective,54.06
231,3007,2025-02-09,Wrong size/fit,610.32
232,3016,2024-09-19,Not as described,65.53
233,3051,2025-05-05,Not as described,181.09
234,3057,2024-07-23,Defective,220.48
235,3062,2025-05-26,Not as described,113.04
236,3064,2024-08-19,Changed mind,116.65
237,3090,2025-06-09,Wrong size/fit,65.02
238,3091,2025-12-19,Changed mind,49.08
239,3112,2025-03-04,Changed mind,36.16
240,3113,2025-01-27,Wrong size/fit,504.3
241,3138,2025-05-13,Not as described,724.39
242,3153,2025-06-05,Damaged in transit,322.63
243,3166,2025-10-26,Wrong size/fit,45.6
244,3171,2025-08-07,Changed mind,377.85
245,3201,2024-03-15,Wrong size/fit,119.45
246,3214,2025-10-14,Wrong size/fit,646.15
247,3224,2025-06-18,Not as described,212.2
248,3238,2024-12-11,Defective,282.69
249,3241,2024-01-21,Wrong size/fit,605.55
250,3247,2025-07-31,Changed mind,232.66
251,3254,2025-05-31,Changed mind,2580.29
252,3262,2025-10-18,Changed mind,54.85
253,3263,2025-09-29,Wrong size/fit,62.52
254,3287,2024-10-28,Defective,207.95
255,3289,2025-09-19,Wrong size/fit,666.35
256,3290,2025-11-14,Changed mind,364.45
257,3300,2024-11-17,Wrong size/fit,436.71
258,3303,2025-12-14,Wrong size/fit,92.92
259,3304,2025-12-31,Wrong size/fit,87.96
260,3321,2025-04-14,Changed mind,240.88
261,3325,2024-04-16,Changed mind,143.0
262,3328,2025-09-24,Wrong size/fit,126.36
263,3345,2025-08-10,Defective,21.1
264,3346,2025-03-23,Wrong size/fit,351.03
265,3347,2025-11-08,Damaged in transit,67.1
266,3348,2025-07-09,Damaged in transit,87.87
267,3357,2024-06-26,Defective,1163.5
268,3363,2024-11-03,Wrong size/fit,245.71
269,3364,2025-06-22,Defective,987.37
270,3416,2025-08-25,Wrong size/fit,704.82
271,3470,2025-09-15,Wrong size/fit,219.34
272,3471,2025-07-17,Wrong size/fit,204.24
273,3482,2025-04-06,Defective,218.67
274,3506,2025-11-20,Changed mind,272.29
275,3520,2025-12-30,Changed mind,125.4
276,3530,2025-07-11,Not as described,480.71
277,3531,2025-05-07,Defective,330.51
278,3585,2024-09-13,Damaged in transit,37.0
279,3587,2023-11-16,Damaged in transit,199.51
280,3604,2025-10-13,Changed mind,332.69
281,3620,2025-05-30,Changed mind,63.05
282,3628,2025-10-15,Defective,54.88
283,3643,2024-12-16,Not as described,263.66
284,3653,2025-02-26,Defective,143.56
285,3654,2025-07-04,Defective,128.45
286,3660,2025-11-17,Not as described,116.26
287,3665,2025-10-22,Wrong size/fit,269.11
288,3667,2025-06-10,Not as described,44.5
289,3671,2025-10-19,Wrong size/fit,79.99
290,3700,2024-05-29,Defective,163.16
291,3703,2024-09-05,Not as described,46.12
292,3709,2025-01-21,Damaged in transit,369.75
293,3713,2025-09-16,Changed mind,275.48
294,3738,2025-02-18,Defective,83.1
295,3740,2025-10-30,Damaged in transit,293.49
296,3742,2025-03-16,Defective,4037.0
297,3746,2024-11-21,Wrong size/fit,675.03
298,3759,2025-01-18,Not as described,637.42
299,3763,2025-02-23,Damaged in transit,76.71
300,3764,2025-11-03,Not as described,2081.82
301,3795,2024-11-23,Defective,396.83
302,3797,2025-02-18,Changed mind,601.38
303,3807,2025-07-24,Changed mind,278.24
304,3809,2025-04-27,Changed mind,130.23
305,3824,2025-11-23,Changed mind,379.55
306,3830,2025-02-23,Changed mind,416.95
307,3839,2025-11-04,Changed mind,241.36
308,3847,2025-12-17,Changed mind,1208.8
309,3861,2025-07-21,Wrong size/fit,41.8
310,3868,2025-01-31,Wrong size/fit,483.16
311,3880,2024-07-01,Not as described,559.24
312,3884,2025-06-04,Not as described,855.74
313,3891,2025-06-02,Changed mind,66.29
314,3910,2025-05-23,Not as described,415.38
315,3926,2025-08-27,Wrong size/fit,105.79
316,3943,2025-10-07,Changed mind,15.61
317,3955,2024-02-29,Wrong size/fit,787.89
318,3957,2025-06-28,Wrong size/fit,1024.07
319,3966,2024-12-21,Not as described,1122.48
320,3969,2025-03-18,Not as described,29.15
321,3983,2024-03-06,Damaged in transit,57.71
322,3994,2025-08-12,Wrong size/fit,255.96
323,3997,2025-11-13,Damaged in transit,741.61
324,4012,2025-08-22,Changed mind,295.93
325,4058,2025-09-04,Defective,96.47
326,4066,2025-07-24,Wrong size/fit,382.46
327,4072,2025-11-11,Changed mind,126.78
328,4081,2025-02-24,Wrong size/fit,689.86
329,4084,2025-02-03,Not as described,22.52
330,4106,2023-06-27,Defective,237.01
331,4111,2025-11-06,Changed mind,374.35
332,4116,2025-11-30,Defective,614.64
333,4118,2024-07-25,Wrong size/fit,848.95
334,4120,2025-05-20,Wrong size/fit,274.59
335,4127,2025-08-29,Changed mind,106.81
336,4162,2025-02-28,Wrong size/fit,584.9
337,4180,2025-12-16,Changed mind,39.23
338,4191,2025-05-09,Defective,523.46
339,4230,2025-08-06,Not as described,145.72
340,4242,2025-01-06,Wrong size/fit,662.47
341,4258,2025-06-14,Damaged in transit,71.95
342,4266,2025-12-30,Changed mind,285.21
343,4270,2024-11-07,Damaged in transit,182.98
344,4273,2024-12-05,Wrong size/fit,291.79
345,4277,2023-10-01,Wrong size/fit,192.66
346,4287,2025-05-04,Not as described,554.11
347,4290,2025-09-21,Not as described,206.95
348,4316,2025-06-05,Damaged in transit,290.08
349,4347,2025-04-20,Changed mind,19.98
350,4351,2025-02-12,Defective,212.33
351,4364,2025-12-03,Not as described,1153.17
352,4367,2025-11-21,Wrong size/fit,111.52
353,4404,2025-10-23,Not as described,55.83
354,4439,2025-08-29,Defective,348.83
355,4440,2025-07-13,Changed mind,103.24
356,4492,2025-06-12,Wrong size/fit,1341.52
357,4525,2025-03-19,Changed mind,216.56
358,4535,2024-06-30,Damaged in transit,197.07
359,4537,2025-01-19,Defective,576.78
360,4545,2025-06-09,Not as described,159.9
361,4550,2025-11-27,Wrong size/fit,140.2
362,4555,2025-09-07,Wrong size/fit,152.33
363,4562,2025-10-20,Damaged in transit,423.9
364,4601,2025-03-14,Wrong size/fit,86.29
365,4633,2024-10-28,Wrong size/fit,33.09
366,4634,2025-03-25,Wrong size/fit,172.39
367,4635,2025-09-04,Not as described,122.12
368,4640,2025-07-09,Changed mind,78.82
369,4664,2025-05-11,Changed mind,159.39
370,4668,2024-07-25,Wrong size/fit,107.08
371,4671,2025-11-12,Damaged in transit,204.31
372,4692,2025-04-20,Defective,264.94
373,4693,2025-05-13,Changed mind,524.5
374,4701,2025-08-12,Wrong size/fit,124.02
375,4712,2025-02-22,Not as described,57.69
376,4719,2025-07-17,Not as described,28.6
377,4731,2025-08-16,Changed mind,49.85
378,4739,2025-08-07,Defective,101.9
379,4747,2025-09-15,Wrong size/fit,37.27
380,4751,2024-10-27,Wrong size/fit,13.37
381,4760,2025-10-06,Not as described,43.85
382,4782,2025-09-13,Damaged in transit,95.17
383,4790,2025-12-17,Wrong size/fit,123.31
384,4794,2024-12-22,Wrong size/fit,134.02
385,4810,2025-05-12,Changed mind,359.9
386,4832,2025-12-01,Damaged in transit,339.89
387,4845,2025-05-30,Defective,60.25
388,4847,2025-08-26,Wrong size/fit,471.04
389,4857,2024-03-31,Defective,133.0
390,4860,2025-12-12,Defective,70.8
391,4865,2025-02-05,Damaged in transit,62.0
392,4866,2024-05-01,Wrong size/fit,107.61
393,4871,2024-10-18,Defective,138.08
394,4913,2024-10-02,Defective,40.9
396,4928,2025-08-27,Changed mind,601.16
397,4951,2025-10-30,Not as described,15.14
398,4963,2024-12-09,Defective,773.05
399,5005,2024-02-01,Damaged in transit,158.36
400,5010,2024-05-22,Not as described,197.7
401,5014,2025-02-23,Changed mind,189.62
402,5027,2025-08-21,Not as described,303.33
403,5030,2024-11-19,Changed mind,881.44
404,5040,2025-04-07,Wrong size/fit,190.87
405,5048,2024-10-03,Defective,51.22
406,5098,2024-08-24,Changed mind,660.24
407,5104,2025-09-21,Damaged in transit,282.64
408,5111,2025-07-01,Defective,501.58
409,5114,2025-02-18,Damaged in transit,128.76
410,5121,2025-11-07,Not as described,104.45
411,5138,2025-01-20,Not as described,327.16
412,5147,2025-08-14,Defective,14.74
413,5163,2024-04-04,Wrong size/fit,13.89
414,5179,2023-11-26,Defective,281.41
415,5223,2024-01-27,Wrong size/fit,458.29
416,5226,2025-11-24,Changed mind,78.31
417,5249,2025-09-26,Changed mind,286.45
418,5250,2025-01-17,Wrong size/fit,154.89
419,5256,2024-10-12,Changed mind,2182.32
420,5258,2024-08-19,Changed mind,389.88
421,5262,2025-10-16,Damaged in transit,580.32
422,5264,2024-12-08,Changed mind,306.62
423,5268,2025-03-13,Changed mind,364.81
424,5271,2024-06-03,Wrong size/fit,315.57
425,5286,2025-03-22,Damaged in transit,2338.41
426,5314,2025-11-30,Changed mind,4982.53
427,5329,2025-07-28,Wrong size/fit,217.55
428,5346,2025-08-20,Not as described,103.56
429,5378,2025-05-02,Not as described,760.04
430,5382,2025-07-24,Defective,368.49
431,5399,2025-05-21,Changed mind,85.82
432,5400,2025-08-14,Wrong size/fit,269.19
433,5428,2024-11-04,Damaged in transit,343.99
434,5440,2025-08-12,Not as described,60.31
435,5444,2023-05-27,Wrong size/fit,29.89
436,5450,2024-08-26,Wrong size/fit,44.25
437,5455,2025-04-26,Defective,302.46
438,5456,2025-12-05,Damaged in transit,113.03
439,5459,2025-01-11,Changed mind,34.01
440,5460,2025-05-04,Damaged in transit,140.33
441,5474,2023-10-02,Not as described,182.26
442,5479,2025-01-11,Damaged in transit,973.19
443,5483,2025-08-29,Changed mind,472.78
444,5484,2025-05-18,Wrong size/fit,53.04
445,5493,2025-12-15,Not as described,64.92
446,5496,2025-06-29,Defective,442.41
447,5502,2024-08-07,Damaged in transit,128.34
448,5541,2025-04-28,Not as described,707.35
449,5544,2025-07-31,Wrong size/fit,1332.5
450,5551,2025-06-18,Changed mind,152.04
451,5605,2024-12-03,Changed mind,70.29
452,5622,2025-07-23,Not as described,345.23
453,5625,2025-02-26,Not as described,52.4
454,5640,2024-09-15,Not as described,113.13
455,5684,2025-07-02,Damaged in transit,126.04
456,5687,2025-06-08,Changed mind,745.55
457,5732,2024-11-30,Not as described,13.76
458,5733,2025-12-17,Changed mind,231.05
459,5743,2025-03-26,Not as described,283.56
460,5767,2024-11-29,Not as described,43.99
461,5769,2024-12-04,Changed mind,30.04
462,5797,2025-05-13,Wrong size/fit,149.21
463,5804,2025-06-18,Wrong size/fit,40.21
464,5806,2025-10-20,Wrong size/fit,31.91
465,5808,2025-04-20,Wrong size/fit,52.33
466,5818,2025-01-07,Changed mind,260.9
467,5830,2025-01-06,Damaged in transit,1815.11
468,5846,2025-11-22,Not as described,241.13
469,5878,2025-03-07,Changed mind,584.36
470,5889,2024-01-06,Defective,209.74
471,5892,2024-08-09,Not as described,161.07
472,5899,2025-12-19,Defective,349.46
473,5901,2024-07-27,Damaged in transit,1483.1
474,5911,2025-09-15,Changed mind,830.05
475,5925,2025-10-20,Not as described,240.39
476,5940,2025-11-26,Not as described,88.53
477,5941,2024-12-20,Damaged in transit,36.28
478,5968,2025-11-22,Changed mind,34.85
479,5973,2024-07-15,Wrong size/fit,145.3
480,5975,2025-08-05,Changed mind,267.37
481,5988,2025-08-07,Damaged in transit,14.42
482,5994,2024-11-27,Defective,633.22
483,6002,2025-10-11,Wrong size/fit,109.37
484,6004,2025-09-25,Changed mind,141.34
485,6016,2025-07-26,Changed mind,222.78
486,6019,2024-12-17,Wrong size/fit,83.09
487,6022,2025-06-09,Wrong size/fit,1298.17
488,6035,2024-08-26,Not as described,601.44
489,6038,2025-09-06,Changed mind,124.61
490,6049,2024-12-25,Wrong size/fit,126.63
491,6060,2025-11-25,Damaged in transit,29.29
492,6076,2023-09-01,Not as described,958.21
493,6084,2025-01-17,Defective,972.04
494,6087,2025-12-24,Changed mind,83.73
495,6121,2024-09-28,Not as described,499.47
496,6125,2025-12-20,Wrong size/fit,371.31
497,6131,2025-05-31,Changed mind,47.21
498,6134,2024-12-21,Not as described,2342.02
499,6179,2025-10-09,Wrong size/fit,62.28
500,6182,2024-04-03,Wrong size/fit,147.58
501,6195,2025-09-17,Damaged in transit,648.79
502,6199,2025-06-03,Changed mind,21.43
503,6220,2025-12-22,Damaged in transit,44.24
504,6223,2024-04-10,Changed mind,1684.89
505,6244,2025-01-03,Changed mind,155.35
506,6263,2025-04-29,Not as described,671.63
507,6271,2023-09-11,Not as described,212.41
508,6281,2025-09-27,Damaged in transit,104.34
509,6307,2025-03-22,Wrong size/fit,477.14
510,6311,2025-11-04,Damaged in transit,1058.83
511,6328,2025-11-26,Wrong size/fit,644.0
512,6331,2025-10-01,Changed mind,1404.93
513,6341,2025-01-14,Not as described,608.5
514,6345,2025-05-26,Defective,533.37
515,6360,2025-05-10,Changed mind,96.93
516,6361,2025-03-22,Not as described,43.86
517,6380,2025-11-05,Damaged in transit,161.72
518,6406,2024-11-09,Changed mind,463.34
519,6414,2025-11-30,Wrong size/fit,676.11
520,6427,2025-08-16,Not as described,140.12
521,6431,2025-12-12,Not as described,122.42
522,6538,2025-11-08,Defective,256.63
523,6543,2025-04-10,Changed mind,169.83
524,6553,2024-06-26,Changed mind,354.1
525,6589,2024-02-18,Changed mind,230.64
526,6636,2025-11-27,Changed mind,123.57
527,6703,2025-10-01,Changed mind,462.02
528,6706,2025-10-06,Changed mind,235.2
529,6709,2025-02-02,Defective,12.12
530,6738,2025-07-11,Damaged in transit,31.19
531,6743,2025-06-28,Not as described,429.85
532,6770,2025-11-26,Changed mind,913.78
533,6771,2024-04-11,Not as described,741.56
534,6788,2025-11-23,Changed mind,1263.63
535,6790,2024-12-14,Wrong size/fit,1585.97
536,6819,2025-09-21,Wrong size/fit,60.98
537,6832,2025-04-13,Changed mind,7018.45
538,6851,2024-09-30,Not as described,908.96
539,6863,2025-08-29,Defective,492.73
540,6864,2025-12-23,Changed mind,503.39
541,6885,2025-02-21,Changed mind,244.27
542,6887,2023-07-10,Changed mind,440.33
543,6888,2025-09-17,Wrong size/fit,201.44
544,6920,2025-09-02,Changed mind,428.74
545,6980,2024-08-31,Wrong size/fit,102.72
546,6983,2024-07-02,Changed mind,982.09
547,6989,2025-10-16,Wrong size/fit,657.08
548,7015,2024-07-13,Defective,117.02
549,7031,2025-05-09,Damaged in transit,89.84
550,7039,2023-11-09,Changed mind,372.86
551,7043,2025-09-01,Changed mind,58.14
552,7063,2024-03-05,Changed mind,193.24
553,7075,2025-12-17,Damaged in transit,29.62
554,7091,2024-06-17,Wrong size/fit,118.77
555,7117,2025-09-07,Not as described,1855.35
556,7118,2025-09-04,Wrong size/fit,2291.92
557,7120,2025-06-03,Wrong size/fit,267.03
558,7157,2025-12-13,Changed mind,609.91
559,7183,2024-11-21,Wrong size/fit,138.85
560,7184,2025-08-05,Changed mind,429.24
561,7185,2025-11-07,Damaged in transit,151.67
562,7199,2024-10-22,Wrong size/fit,260.12
563,7236,2025-11-08,Changed mind,251.18
564,7239,2025-01-05,Not as described,13.53
565,7244,2025-05-14,Not as described,77.23
566,7260,2025-08-09,Changed mind,503.79
567,7265,2024-11-07,Wrong size/fit,330.12
568,7278,2025-02-25,Damaged in transit,127.13
569,7291,2025-12-13,Defective,207.39
570,7320,2024-12-21,Wrong size/fit,1016.32
571,7359,2025-09-05,Changed mind,13.33
572,7369,2024-11-21,Wrong size/fit,42.09
573,7374,2024-04-20,Wrong size/fit,464.42
574,7393,2025-09-29,Not as described,137.82
575,7398,2024-09-18,Changed mind,101.91
576,7418,2024-12-16,Wrong size/fit,1285.28
577,7419,2024-04-10,Changed mind,69.51
578,7426,2023-11-13,Damaged in transit,489.32
579,7445,2024-11-25,Changed mind,72.45
580,7446,2025-11-24,Damaged in transit,688.87
581,7469,2024-07-13,Wrong size/fit,272.66
582,7489,2024-11-30,Wrong size/fit,158.96
583,7510,2025-07-02,Defective,296.53
584,7516,2025-10-01,Not as described,123.15
585,7560,2025-11-14,Changed mind,390.79
586,7575,2025-03-20,Not as described,429.27
587,7582,2025-03-08,Wrong size/fit,103.97
588,7584,2024-10-25,Not as described,313.26
589,7593,2025-01-11,Damaged in transit,812.0
590,7630,2024-10-01,Wrong size/fit,459.97
591,7663,2025-10-08,Changed mind,223.67
592,7692,2025-05-10,Changed mind,470.67
593,7716,2025-09-01,Defective,787.77
594,7721,2025-10-17,Changed mind,1603.12
595,7733,2025-02-28,Defective,273.72
596,7737,2025-01-15,Not as described,354.37
597,7747,2025-07-27,Damaged in transit,216.8
598,7753,2025-02-21,Defective,149.22
599,7754,2024-10-18,Wrong size/fit,104.86
600,7755,2025-01-15,Changed mind,28.1
601,7773,2025-05-12,Wrong size/fit,434.69
602,7782,2025-04-04,Changed mind,94.89
603,7792,2025-10-15,Changed mind,224.92
604,7799,2024-07-10,Changed mind,335.63
605,7817,2025-09-27,Wrong size/fit,77.04
606,7836,2025-09-12,Not as described,30.02
607,7845,2025-01-09,Wrong size/fit,1167.44
608,7852,2025-04-13,Defective,288.31
609,7855,2025-04-25,Damaged in transit,49.76
610,7856,2025-05-29,Not as described,107.97
611,7864,2024-08-06,Changed mind,234.99
612,7869,2025-06-20,Wrong size/fit,67.59
613,7871,2025-03-30,Wrong size/fit,40.29
614,7879,2025-03-25,Wrong size/fit,300.66
615,7886,2023-10-08,Wrong size/fit,1036.92
616,7887,2025-03-29,Wrong size/fit,16.17
617,7898,2025-07-05,Defective,82.58
618,7910,2025-08-20,Damaged in transit,52.03
619,7914,2025-08-22,Not as described,30.46
620,7923,2025-04-30,Changed mind,218.93
621,7946,2025-04-04,Wrong size/fit,102.69
622,7962,2025-03-23,Wrong size/fit,135.13
623,7978,2025-02-21,Damaged in transit,287.1
624,8027,2025-04-16,Wrong size/fit,174.81
625,8098,2024-06-16,Changed mind,207.27
626,8099,2025-03-20,Defective,581.22
627,8101,2025-01-08,Changed mind,190.31
628,8102,2024-12-31,Wrong size/fit,316.88
629,8107,2025-11-20,Changed mind,340.08
630,8139,2024-09-12,Wrong size/fit,47.25
631,8152,2025-12-29,Defective,3275.35
632,8157,2024-12-25,Wrong size/fit,14.78
633,8161,2024-08-09,Changed mind,372.55
634,8181,2024-05-30,Wrong size/fit,1485.55
635,8195,2025-01-19,Not as described,266.51
636,8250,2025-04-01,Changed mind,281.23
637,8259,2025-06-21,Wrong size/fit,160.36
638,8275,2025-08-11,Damaged in transit,32.52
639,8279,2025-08-17,Defective,99.0
640,8285,2024-11-09,Damaged in transit,1624.63
641,8307,2025-02-26,Wrong size/fit,708.92
642,8310,2024-12-07,Damaged in transit,48.67
643,8314,2024-09-17,Changed mind,660.36
644,8316,2024-03-23,Changed mind,451.88
645,8348,2025-08-22,Not as described,174.44
646,8378,2025-11-05,Changed mind,61.9
647,8398,2025-10-11,Damaged in transit,55.4
648,8414,2024-05-08,Wrong size/fit,57.48
649,8417,2025-02-16,Changed mind,61.96
650,8430,2024-11-15,Changed mind,59.93
651,8441,2025-01-02,Changed mind,419.29
652,8467,2025-07-03,Wrong size/fit,270.4
653,8479,2025-06-21,Defective,91.79
654,8494,2025-11-20,Changed mind,113.24
655,8505,2024-01-26,Changed mind,126.21
656,8510,2023-08-25,Wrong size/fit,211.06
657,8516,2025-08-05,Changed mind,218.48
658,8565,2025-11-13,Wrong size/fit,35.48
659,8595,2025-04-25,Wrong size/fit,136.7
660,8614,2025-04-04,Changed mind,205.87
661,8621,2024-11-09,Damaged in transit,31.28
662,8650,2024-12-06,Changed mind,4395.55
663,8654,2025-12-09,Defective,355.73
664,8658,2025-04-28,Damaged in transit,112.87
665,8672,2024-03-31,Changed mind,166.85
666,8683,2024-11-01,Changed mind,556.59
667,8709,2024-11-28,Changed mind,1698.53
668,8711,2025-12-29,Wrong size/fit,758.44
669,8712,2025-11-01,Wrong size/fit,217.84
670,8718,2025-03-16,Damaged in transit,790.77
671,8726,2023-12-31,Changed mind,302.52
672,8748,2024-06-24,Changed mind,171.95
673,8752,2025-08-14,Wrong size/fit,137.05
674,8767,2025-10-17,Not as described,1860.15
675,8773,2025-02-21,Not as described,484.86
676,8800,2024-05-25,Changed mind,684.73
677,8849,2025-05-18,Wrong size/fit,284.58
678,8850,2025-09-03,Not as described,33.29
679,8872,2024-11-16,Wrong size/fit,521.63
680,8875,2025-11-14,Wrong size/fit,1320.37
681,8878,2025-05-05,Wrong size/fit,1059.74
682,8882,2025-02-27,Wrong size/fit,957.11
683,8892,2025-10-31,Wrong size/fit,199.85
684,8901,2025-11-02,Wrong size/fit,508.17
685,8904,2025-01-20,Wrong size/fit,625.34
686,8910,2025-05-26,Changed mind,111.01
687,8931,2025-09-12,Wrong size/fit,117.01
688,8933,2025-09-28,Damaged in transit,133.74
689,8939,2025-09-19,Not as described,357.59
690,8976,2025-06-05,Damaged in transit,3154.74
691,8987,2023-10-05,Defective,203.7
692,8991,2024-06-15,Changed mind,30.35
693,8997,2025-06-22,Not as described,261.05
694,9006,2025-05-07,Defective,702.64
695,9007,2024-11-24,Defective,455.0
696,9017,2024-07-30,Changed mind,706.95
697,9047,2025-11-26,Damaged in transit,38.34
698,9059,2024-11-21,Defective,598.31
699,9070,2025-04-19,Defective,1144.21
700,9085,2025-04-08,Changed mind,37.94
701,9092,2025-03-24,Not as described,28.08
702,9096,2024-11-05,Not as described,452.01
703,9097,2025-08-08,Changed mind,391.23
704,9101,2025-08-14,Changed mind,1024.12
705,9102,2024-05-31,Not as described,58.68
706,9107,2025-10-29,Changed mind,248.09
707,9117,2024-03-13,Defective,124.33
708,9121,2024-01-12,Defective,317.33
709,9128,2024-10-14,Damaged in transit,927.69
710,9131,2025-04-28,Changed mind,71.34
711,9160,2025-09-07,Wrong size/fit,189.87
712,9178,2025-08-01,Defective,424.23
713,9185,2024-11-23,Defective,251.28
714,9209,2024-11-27,Damaged in transit,1531.41
715,9211,2024-12-08,Defective,236.99
716,9220,2024-12-31,Wrong size/fit,907.66
717,9228,2025-04-27,Changed mind,484.79
718,9247,2025-09-12,Wrong size/fit,261.2
719,9258,2023-08-13,Not as described,33.61
720,9261,2025-05-20,Changed mind,37.39
721,9275,2024-07-26,Defective,767.11
722,9284,2025-10-15,Not as described,172.36
723,9287,2025-01-03,Damaged in transit,481.21
724,9291,2025-03-05,Wrong size/fit,104.08
725,9292,2025-04-23,Defective,312.76
726,9298,2024-09-21,Damaged in transit,627.32
727,9313,2025-02-23,Changed mind,398.96
728,9325,2025-12-02,Changed mind,877.02
729,9346,2024-06-16,Changed mind,244.69
730,9366,2024-11-23,Not as described,75.91
731,9385,2025-11-25,Defective,580.57
732,9386,2025-06-26,Wrong size/fit,134.13
733,9387,2025-03-14,Changed mind,1163.4
734,9391,2025-09-01,Changed mind,199.35
735,9394,2025-09-01,Wrong size/fit,265.93
736,9411,2024-12-24,Defective,61.79
737,9440,2025-04-24,Damaged in transit,425.51
738,9442,2025-11-13,Wrong size/fit,549.84
739,9451,2025-06-20,Damaged in transit,300.86
740,9475,2024-10-12,Wrong size/fit,57.93
741,9495,2025-06-10,Changed mind,563.06
742,9503,2025-09-07,Changed mind,144.86
743,9516,2024-09-17,Not as described,136.39
744,9551,2024-08-16,Not as described,143.22
745,9601,2024-03-22,Changed mind,2307.0
746,9639,2024-03-15,Not as described,42.09
747,9644,2025-04-04,Damaged in transit,201.07
748,9652,2025-05-06,Wrong size/fit,349.97
749,9653,2024-12-31,Defective,271.7
750,9654,2025-08-24,Wrong size/fit,62.29
751,9662,2025-03-27,Wrong size/fit,267.61
752,9683,2025-08-25,Not as described,626.26
753,9684,2024-08-24,Wrong size/fit,282.39
754,9697,2024-07-16,Defective,207.51
755,9701,2025-07-26,Changed mind,793.75
756,9720,2025-07-25,Wrong size/fit,101.68
757,9726,2024-03-16,Changed mind,75.69
758,9727,2025-09-01,Wrong size/fit,284.67
759,9757,2025-01-17,Defective,16.64
760,9762,2025-08-28,Changed mind,30.33
761,9787,2023-11-24,Not as described,241.29
762,9795,2025-01-13,Wrong size/fit,15.08
763,9826,2024-11-15,Changed mind,241.28
764,9827,2025-07-29,Changed mind,57.74
765,9834,2024-10-12,Damaged in transit,238.95
766,9858,2024-05-02,Wrong size/fit,147.98
767,9863,2024-02-20,Changed mind,539.03
768,9864,2025-02-12,Not as described,99.75
769,9871,2025-10-22,Not as described,14.65
770,9881,2025-11-23,Wrong size/fit,341.8
771,9890,2023-10-25,Wrong size/fit,2971.08
772,9919,2025-02-02,Defective,271.99
773,9944,2023-07-23,Wrong size/fit,134.32
774,9951,2025-11-23,Defective,119.82
775,9959,2025-11-08,Not as described,159.46
776,9962,2024-11-12,Changed mind,583.14
777,10004,2025-05-14,Wrong size/fit,791.14
778,10024,2025-11-29,Defective,71.45
779,10025,2025-06-01,Wrong size/fit,276.09
780,10029,2025-07-15,Damaged in transit,730.57
781,10031,2025-09-30,Changed mind,1279.96
782,10050,2025-09-30,Not as described,250.67
783,10058,2025-11-06,Not as described,188.44
784,10068,2025-09-22,Changed mind,373.15
785,10103,2025-12-07,Defective,34.43
786,10111,2025-11-19,Wrong size/fit,391.92
787,10118,2024-11-20,Wrong size/fit,194.11
788,10123,2025-07-25,Defective,124.56
789,10170,2025-04-11,Changed mind,55.11
790,10172,2024-12-09,Wrong size/fit,1023.48
791,10177,2025-12-16,Wrong size/fit,1610.96
792,10180,2025-12-08,Defective,83.19
793,10240,2025-11-10,Changed mind,848.91
794,10254,2025-10-22,Not as described,161.1
795,10263,2025-12-25,Wrong size/fit,277.84
796,10291,2025-01-11,Not as described,74.35
797,10292,2025-07-02,Damaged in transit,229.95
798,10311,2025-11-04,Changed mind,65.64
799,10323,2024-04-14,Changed mind,39.18
800,10334,2025-03-15,Wrong size/fit,147.15
801,10338,2025-04-19,Defective,917.28
802,10348,2025-10-10,Damaged in transit,420.25
803,10352,2024-07-14,Not as described,3057.03
804,10363,2025-06-13,Changed mind,141.81
805,10365,2024-01-25,Defective,96.19
806,10371,2024-11-17,Damaged in transit,2111.49
807,10391,2025-09-19,Changed mind,2868.41
808,10394,2025-03-29,Damaged in transit,1117.04
809,10406,2025-09-30,Wrong size/fit,399.32
810,10407,2024-11-24,Wrong size/fit,200.1
811,10408,2025-07-09,Not as described,63.43
812,10416,2025-12-01,Damaged in transit,1808.48
813,10436,2025-12-06,Not as described,314.83
814,10437,2025-01-10,Wrong size/fit,57.81
815,10444,2024-06-20,Defective,26.83
816,10457,2025-10-28,Damaged in transit,203.21
817,10471,2025-09-15,Wrong size/fit,65.82
818,10477,2024-09-29,Defective,189.38
819,10502,2025-11-16,Changed mind,63.81
820,10503,2024-10-13,Changed mind,116.71
821,10505,2024-07-06,Damaged in transit,646.45
822,10506,2024-03-05,Changed mind,119.39
823,10524,2025-08-21,Not as described,590.66
824,10540,2025-03-03,Changed mind,31.93
825,10551,2024-12-22,Changed mind,1203.74
826,10555,2025-12-05,Not as described,744.27
827,10568,2025-01-22,Wrong size/fit,144.82
828,10576,2024-06-28,Damaged in transit,37.49
829,10580,2024-10-21,Wrong size/fit,113.4
830,10598,2025-05-13,Defective,224.77
831,10605,2025-12-01,Damaged in transit,1062.51
832,10664,2025-03-19,Wrong size/fit,99.98
833,10665,2025-07-26,Wrong size/fit,134.63
834,10671,2025-01-20,Changed mind,70.22
835,10682,2025-07-11,Not as described,28.86
836,10688,2025-07-26,Damaged in transit,187.78
837,10692,2025-02-21,Not as described,55.69
838,10706,2025-10-28,Changed mind,450.0
839,10725,2025-10-25,Defective,223.21
840,10768,2025-12-15,Damaged in transit,1316.66
841,10771,2024-05-02,Damaged in transit,32.25
842,10784,2025-01-25,Defective,136.02
843,10808,2025-04-07,Not as described,932.07
844,10820,2023-09-27,Changed mind,88.36
845,10828,2024-10-20,Wrong size/fit,104.04
846,10840,2024-10-15,Changed mind,319.54
847,10841,2025-06-06,Defective,28.37
848,10862,2025-07-28,Wrong size/fit,624.32
849,10889,2025-09-27,Defective,262.26
850,10906,2024-01-04,Wrong size/fit,101.09
851,10921,2024-12-26,Changed mind,106.03
852,10967,2025-06-14,Wrong size/fit,317.95
853,10983,2025-07-13,Changed mind,239.95
854,10984,2025-12-19,Damaged in transit,90.66
855,11008,2024-11-19,Damaged in transit,98.15
856,11021,2025-05-06,Not as described,541.47
857,11025,2025-05-16,Wrong size/fit,45.08
858,11038,2024-03-25,Changed mind,28.22
859,11057,2025-04-25,Changed mind,225.1
860,11059,2025-06-16,Wrong size/fit,406.0
861,11066,2025-07-06,Not as described,182.62
862,11070,2024-04-07,Changed mind,139.7
863,11074,2025-02-19,Changed mind,118.77
864,11080,2025-12-06,Changed mind,528.3
865,11096,2024-11-08,Wrong size/fit,151.43
866,11102,2025-02-06,Damaged in transit,361.67
867,11104,2025-10-01,Changed mind,752.52
868,11117,2024-09-03,Changed mind,60.16
869,11155,2025-04-29,Changed mind,194.73
870,11170,2023-12-24,Not as described,683.28
871,11172,2025-08-31,Not as described,216.66
872,11186,2025-11-01,Not as described,404.21
873,11192,2025-08-25,Wrong size/fit,158.75
874,11194,2025-11-13,Wrong size/fit,212.46
875,11231,2024-04-15,Changed mind,117.55
876,11234,2025-09-30,Damaged in transit,739.28
877,11243,2025-03-17,Changed mind,1518.58
878,11246,2025-10-11,Wrong size/fit,70.23
879,11247,2025-07-23,Changed mind,437.11
880,11254,2025-08-04,Wrong size/fit,576.36
881,11263,2025-09-11,Defective,261.4
882,11278,2024-12-13,Wrong size/fit,148.09
883,11279,2025-10-29,Changed mind,451.01
884,11296,2024-06-09,Damaged in transit,154.53
885,11302,2025-03-30,Wrong size/fit,335.92
886,11315,2024-06-04,Defective,102.21
887,11336,2025-11-30,Defective,122.12
888,11342,2024-08-18,Defective,255.48
889,11351,2025-06-14,Defective,752.42
890,11360,2025-01-09,Not as described,179.2
891,11361,2023-11-06,Changed mind,933.04
892,11363,2025-09-15,Damaged in transit,1071.21
893,11365,2024-07-03,Damaged in transit,75.59
894,11367,2025-09-25,Changed mind,1217.59
895,11370,2024-10-27,Damaged in transit,79.63
896,11384,2024-11-24,Not as described,242.76
897,11401,2024-06-10,Not as described,107.77
898,11431,2025-01-14,Damaged in transit,130.58
899,11444,2024-05-16,Wrong size/fit,27.62
900,11480,2024-09-24,Defective,319.62
901,11488,2024-12-15,Wrong size/fit,120.5
902,11498,2025-08-30,Damaged in transit,282.53
903,11520,2024-07-26,Wrong size/fit,124.45
904,11533,2025-02-26,Changed mind,3561.34
905,11536,2025-04-30,Changed mind,753.89
906,11570,2025-01-05,Defective,349.05
907,11577,2025-03-03,Damaged in transit,173.02
908,11590,2025-07-24,Defective,71.56
909,11620,2023-12-06,Wrong size/fit,68.05
910,11622,2025-06-22,Damaged in transit,237.26
911,11627,2024-10-15,Changed mind,189.74
912,11650,2025-11-15,Changed mind,1209.05
913,11654,2025-05-02,Damaged in transit,46.1
914,11666,2025-06-10,Damaged in transit,633.81
915,11667,2025-09-28,Not as described,790.24
916,11680,2025-04-15,Changed mind,248.43
917,11714,2025-09-16,Damaged in transit,364.48
918,11738,2023-12-20,Wrong size/fit,900.0
919,11743,2025-05-16,Defective,94.07
920,11747,2025-11-07,Not as described,366.83
921,11760,2025-02-04,Changed mind,158.31
922,11764,2024-10-24,Damaged in transit,170.25
923,11773,2025-02-09,Wrong size/fit,163.4
924,11789,2025-10-06,Not as described,113.19
925,11792,2025-05-03,Damaged in transit,321.04
926,11797,2023-08-20,Defective,1477.48
927,11812,2024-08-31,Wrong size/fit,251.01
928,11824,2024-10-06,Changed mind,108.6
929,11835,2025-01-27,Damaged in transit,57.22
930,11855,2025-06-22,Damaged in transit,532.25
931,11862,2025-05-12,Changed mind,67.64
932,11871,2024-12-08,Defective,133.57
933,11877,2025-03-02,Not as described,153.97
934,11887,2025-09-29,Changed mind,474.82
935,11894,2023-07-24,Wrong size/fit,18.95
936,11900,2025-12-12,Defective,293.86
937,11923,2024-08-15,Not as described,206.83
938,11926,2025-02-21,Wrong size/fit,2248.71
939,11967,2025-10-09,Changed mind,3229.96
940,11984,2025-08-18,Changed mind,759.47
941,12000,2025-01-25,Defective,149.55
942,12009,2025-12-05,Wrong size/fit,117.68
943,12011,2025-02-11,Changed mind,261.65
944,12060,2025-07-14,Defective,429.92
945,12061,2024-07-31,Damaged in transit,3086.96
946,12073,2024-11-03,Changed mind,115.66
947,12079,2025-10-11,Damaged in transit,276.92
948,12081,2025-06-11,Wrong size/fit,49.31
949,12083,2025-01-08,Damaged in transit,64.41
950,12115,2025-12-16,Wrong size/fit,1960.65
951,12124,2025-07-24,Defective,160.78
952,12134,2025-12-23,Not as described,295.75
953,12141,2025-01-25,Wrong size/fit,514.04
954,12151,2025-04-08,Wrong size/fit,228.5
955,12155,2025-06-30,Not as described,594.56
956,12160,2024-12-06,Changed mind,286.64
957,12177,2025-07-04,Changed mind,44.35
958,12190,2025-12-20,Not as described,155.25
959,12212,2025-05-11,Damaged in transit,55.62
960,12219,2024-10-10,Damaged in transit,397.72
961,12220,2025-09-13,Changed mind,125.55
962,12241,2024-07-24,Changed mind,228.14
963,12246,2025-02-07,Wrong size/fit,239.45
964,12249,2024-05-10,Not as described,886.81
965,12260,2024-04-19,Wrong size/fit,873.11
966,12264,2025-05-29,Wrong size/fit,88.4
967,12289,2025-10-10,Wrong size/fit,690.85
968,12330,2024-01-11,Wrong size/fit,417.07
969,12352,2025-09-27,Not as described,45.64
970,12356,2024-09-02,Defective,666.44
971,12362,2024-06-26,Changed mind,110.73
972,12367,2025-05-15,Wrong size/fit,156.82
973,12388,2025-01-24,Wrong size/fit,29.88
974,12407,2024-11-17,Changed mind,359.94
975,12438,2025-12-08,Changed mind,92.62
976,12449,2024-09-19,Wrong size/fit,223.15
977,12461,2024-10-17,Wrong size/fit,67.3
978,12475,2025-12-17,Wrong size/fit,1300.24
979,12489,2025-12-16,Changed mind,308.69
980,12498,2025-11-30,Not as described,1187.56
981,12537,2024-09-18,Damaged in transit,73.84
982,12546,2025-08-07,Changed mind,669.44
983,12563,2025-03-31,Defective,222.0
984,12583,2024-07-22,Defective,65.33
985,12606,2024-09-23,Damaged in transit,283.24
986,12618,2025-09-10,Wrong size/fit,200.95
987,12644,2024-10-28,Wrong size/fit,2390.69
988,12661,2025-07-20,Not as described,45.01
989,12665,2025-12-05,Changed mind,75.5
990,12671,2025-11-27,Changed mind,58.97
991,12680,2025-11-06,Defective,1084.44
992,12685,2025-07-10,Defective,549.08
993,12699,2024-04-08,Changed mind,370.8
994,12706,2025-01-12,Not as described,55.74
995,12710,2024-11-13,Wrong size/fit,425.6
996,12715,2024-04-03,Wrong size/fit,261.67
997,12734,2025-11-23,Not as described,82.29
998,12784,2024-09-05,Wrong size/fit,610.8
999,12799,2025-10-20,Changed mind,138.04
1000,12811,2025-09-15,Damaged in transit,37.86
1001,12818,2025-05-30,Damaged in transit,338.37
1002,12848,2024-09-22,Wrong size/fit,104.32
1003,12851,2025-09-26,Defective,1128.68
1004,12859,2025-02-16,Wrong size/fit,105.87
1005,12894,2024-10-12,Changed mind,93.68
1006,12913,2025-01-28,Wrong size/fit,241.78
1007,12917,2025-06-16,Not as described,666.22
1008,12949,2025-07-10,Changed mind,42.15
1009,12954,2025-03-09,Not as described,83.87
1010,12978,2024-04-14,Not as described,482.84
1011,12983,2025-09-21,Wrong size/fit,61.56
1012,13005,2024-01-15,Defective,102.38
1013,13017,2025-08-21,Defective,122.74
1014,13027,2025-07-04,Wrong size/fit,234.03
1015,13030,2024-02-27,Changed mind,151.07
1016,13032,2025-09-15,Defective,72.19
1017,13054,2025-09-22,Not as described,258.92
1018,13059,2025-01-14,Defective,189.84
1019,13084,2024-10-05,Changed mind,136.14
1020,13090,2025-06-12,Not as described,252.82
1021,13114,2025-02-10,Wrong size/fit,354.89
1022,13160,2025-11-13,Wrong size/fit,892.5
1023,13161,2024-09-17,Not as described,1071.33
1024,13173,2024-12-22,Changed mind,836.28
1025,13176,2025-07-20,Defective,12.87
1026,13182,2025-04-30,Changed mind,62.95
1027,13188,2024-12-09,Defective,65.07
1028,13204,2025-08-05,Damaged in transit,711.61
1029,13205,2025-03-02,Wrong size/fit,579.31
1030,13225,2025-09-04,Defective,579.52
1031,13236,2025-11-03,Defective,70.6
1032,13242,2025-10-20,Wrong size/fit,289.4
1033,13257,2024-08-26,Not as described,249.9
1034,13287,2025-05-20,Changed mind,647.71
1035,13308,2025-12-22,Not as described,585.34
1036,13346,2025-05-22,Not as described,195.62
1037,13369,2025-04-14,Changed mind,229.03
1038,13371,2025-02-16,Not as described,49.72
1039,13378,2025-04-02,Defective,616.8
1040,13382,2025-06-07,Wrong size/fit,115.58
1041,13387,2025-10-11,Wrong size/fit,17.79
1042,13427,2024-12-02,Wrong size/fit,25.44
1043,13429,2024-12-05,Defective,180.54
1044,13436,2025-10-01,Damaged in transit,30.97
1045,13439,2025-07-02,Wrong size/fit,24.2
1046,13442,2025-07-25,Wrong size/fit,180.99
1047,13446,2023-04-25,Changed mind,481.61
1048,13451,2025-05-23,Not as described,87.82
1049,13462,2024-11-21,Defective,414.09
1050,13479,2025-10-30,Damaged in transit,1380.37
1051,13485,2024-10-23,Not as described,235.76
1052,13487,2024-09-11,Wrong size/fit,67.6
1053,13573,2025-08-11,Not as described,619.74
1054,13583,2025-07-05,Wrong size/fit,14.22
1055,13602,2025-05-12,Wrong size/fit,42.19
1056,13603,2025-11-10,Changed mind,65.79
1057,13613,2024-06-13,Wrong size/fit,380.68
1058,13630,2025-03-26,Not as described,638.25
1059,13635,2024-12-27,Wrong size/fit,1373.48
1060,13645,2025-06-26,Not as described,444.28
1061,13648,2023-12-03,Changed mind,115.49
1062,13658,2025-06-05,Wrong size/fit,42.71
1063,13662,2025-01-30,Changed mind,412.87
1064,13679,2025-06-12,Changed mind,298.47
1065,13688,2025-02-10,Changed mind,385.82
1066,13691,2025-10-10,Wrong size/fit,596.3
1067,13692,2025-03-26,Changed mind,379.78
1068,13693,2025-06-24,Wrong size/fit,494.06
1069,13695,2024-10-17,Not as described,3311.73
1070,13710,2024-01-06,Defective,397.07
1071,13713,2024-10-13,Defective,683.76
1072,13737,2025-03-24,Damaged in transit,267.99
1073,13771,2024-08-27,Changed mind,371.6
1074,13776,2024-07-23,Not as described,70.5
1075,13784,2025-12-07,Changed mind,56.47
1076,13790,2025-04-08,Changed mind,435.03
1077,13795,2024-12-23,Damaged in transit,38.87
1078,13808,2025-03-29,Wrong size/fit,31.59
1079,13811,2025-07-17,Changed mind,195.26
1080,13834,2024-12-12,Defective,197.33
1081,13839,2024-09-15,Not as described,62.76
1082,13841,2024-08-23,Changed mind,108.68
1083,13846,2025-08-26,Damaged in transit,36.03
1084,13849,2025-09-11,Damaged in transit,104.27
1085,13851,2025-05-05,Changed mind,52.22
1086,13853,2025-05-10,Wrong size/fit,648.5
1087,13859,2025-06-26,Changed mind,53.47
1088,13866,2024-11-07,Changed mind,141.94
1089,13867,2025-04-25,Wrong size/fit,297.21
1090,13876,2025-12-05,Wrong size/fit,136.48
1091,13941,2024-05-12,Wrong size/fit,285.35
1092,13948,2025-08-04,Damaged in transit,155.39
1093,13977,2025-05-30,Changed mind,258.6
1094,13978,2024-07-19,Damaged in transit,484.69
1095,13983,2025-11-09,Wrong size/fit,23.68
1096,13994,2025-11-29,Wrong size/fit,102.66
1097,14002,2025-03-07,Wrong size/fit,274.92
1098,14011,2025-02-05,Wrong size/fit,113.72
1099,14018,2025-01-26,Wrong size/fit,481.65
1100,14024,2024-12-05,Changed mind,178.68
1101,14028,2025-05-26,Damaged in transit,3980.82
1102,14047,2025-09-20,Not as described,267.39
1103,14057,2024-10-01,Damaged in transit,2428.0
1104,14112,2024-01-22,Not as described,54.39
1105,14116,2025-02-07,Damaged in transit,63.5
1106,14123,2025-06-07,Damaged in transit,260.07
1107,14142,2024-12-25,Wrong size/fit,64.99
1108,14143,2024-10-27,Damaged in transit,230.12
1109,14164,2024-04-26,Wrong size/fit,83.49
1110,14167,2025-01-16,Wrong size/fit,33.07
1111,14181,2025-11-01,Changed mind,598.39
1112,14194,2025-07-10,Changed mind,313.08
1113,14216,2025-12-06,Changed mind,144.9
1114,14232,2025-04-16,Changed mind,1220.13
1115,14258,2024-12-23,Wrong size/fit,136.58
1116,14262,2024-12-26,Changed mind,193.95
1117,14296,2025-09-22,Wrong size/fit,45.64
1118,14305,2025-04-21,Wrong size/fit,75.32
1119,14326,2025-06-10,Not as described,453.48
1120,14327,2025-08-16,Wrong size/fit,2481.11
1121,14343,2025-11-03,Not as described,13.74
1122,14351,2025-05-20,Changed mind,221.87
1123,14354,2025-04-20,Changed mind,77.67
1124,14363,2025-07-07,Wrong size/fit,257.12
1125,14371,2025-10-28,Not as described,712.27
1126,14375,2025-01-12,Defective,158.74
1127,14379,2025-04-16,Changed mind,48.13
1128,14398,2025-08-06,Damaged in transit,749.82
1129,14403,2025-03-18,Wrong size/fit,208.22
1130,14521,2025-02-23,Wrong size/fit,401.45
1131,14532,2025-07-21,Wrong size/fit,507.41
1132,14550,2024-10-17,Not as described,151.01
1133,14566,2025-05-25,Wrong size/fit,226.0
1134,14581,2025-07-26,Wrong size/fit,391.4
1135,14582,2025-06-28,Damaged in transit,284.33
1136,14585,2024-06-24,Changed mind,1548.81
1137,14587,2024-09-15,Wrong size/fit,14.73
1138,14601,2025-04-07,Not as described,114.7
1139,14610,2024-04-02,Wrong size/fit,429.54
1140,14615,2025-08-08,Wrong size/fit,381.9
1141,14674,2025-10-18,Not as described,335.03
1142,14681,2023-11-15,Changed mind,30.71
1143,14689,2025-05-23,Wrong size/fit,247.83
1144,14694,2025-07-08,Wrong size/fit,1061.2
1145,14699,2023-10-29,Changed mind,131.4
1146,14714,2024-04-15,Wrong size/fit,32.78
1147,14752,2024-01-22,Not as described,86.83
1148,14800,2025-09-01,Not as described,168.68
1149,14802,2025-06-05,Changed mind,6.23
1150,14808,2024-11-20,Wrong size/fit,1030.95
1151,14812,2025-06-30,Defective,220.09
1152,14821,2024-10-15,Changed mind,322.12
1153,14835,2024-02-14,Changed mind,100.36
1154,14848,2025-06-10,Defective,1362.57
1155,14863,2024-09-15,Wrong size/fit,124.04
1156,14865,2025-11-10,Changed mind,332.78
1157,14870,2025-10-09,Not as described,93.3
1158,14883,2024-02-29,Not as described,125.24
1159,14889,2025-10-01,Not as described,1304.59
1160,14895,2025-09-06,Changed mind,206.2
1161,14903,2024-09-15,Changed mind,235.28
1162,14904,2025-04-05,Wrong size/fit,2726.51
1163,14929,2025-04-06,Wrong size/fit,191.15
1164,14948,2024-12-21,Defective,2438.48
1165,14964,2024-06-29,Not as described,423.03
1166,14977,2024-11-10,Defective,1346.4
1167,14978,2024-08-23,Defective,32.65
1168,14982,2025-03-02,Not as described,981.25
1169,14987,2025-06-13,Changed mind,1586.75
1170,14990,2024-10-02,Wrong size/fit,113.04
1171,15000,2024-02-18,Changed mind,35.11
1172,15004,2024-07-17,Changed mind,730.52
1173,15009,2024-10-04,Wrong size/fit,198.32
1174,15029,2025-09-29,Damaged in transit,158.87
1175,15034,2025-09-29,Wrong size/fit,127.92
1176,15042,2024-06-07,Wrong size/fit,191.04
1177,15048,2024-12-02,Wrong size/fit,1222.06
1178,15065,2024-08-26,Changed mind,425.8
1179,15072,2025-04-27,Wrong size/fit,893.74
1180,15092,2024-12-09,Wrong size/fit,429.56
1181,15106,2025-09-10,Wrong size/fit,27.55
1182,15121,2025-03-31,Changed mind,330.52
1183,15135,2025-04-14,Not as described,132.57
1184,15161,2024-02-19,Wrong size/fit,510.97
1185,15162,2024-12-08,Changed mind,499.43
1186,15187,2025-05-13,Not as described,693.05
1187,15199,2025-03-19,Not as described,702.12
1188,15206,2025-07-17,Damaged in transit,30.95
1189,15234,2025-02-10,Wrong size/fit,70.73
1190,15252,2025-02-25,Defective,116.14
1192,15259,2025-08-10,Wrong size/fit,177.79
1193,15261,2025-10-28,Not as described,57.17
1194,15273,2025-11-14,Damaged in transit,124.39
1195,15279,2025-08-13,Not as described,120.74
1196,15288,2024-10-24,Not as described,14.13
1197,15289,2024-08-08,Wrong size/fit,769.51
1198,15328,2024-02-04,Damaged in transit,132.21
1199,15341,2025-06-02,Changed mind,482.89
1200,15397,2025-08-13,Changed mind,640.79
1201,15409,2024-10-25,Damaged in transit,1954.81
1202,15422,2025-11-13,Not as described,3506.49
1203,15433,2024-10-25,Not as described,135.16
1204,15459,2024-02-08,Defective,91.65
1205,15482,2025-03-17,Damaged in transit,315.24
1206,15489,2025-06-24,Changed mind,107.51
1207,15493,2025-11-17,Damaged in transit,1552.35
1208,15515,2025-07-25,Defective,59.38
1209,15540,2025-09-11,Changed mind,964.19
1210,15541,2025-02-15,Wrong size/fit,168.45
1211,15543,2025-07-12,Defective,39.53
1212,15555,2025-08-14,Wrong size/fit,675.68
1213,15569,2025-06-14,Changed mind,81.57
1214,15573,2024-04-08,Changed mind,42.2
1215,15574,2025-03-02,Wrong size/fit,611.29
1216,15575,2025-12-20,Wrong size/fit,1100.73
1217,15605,2024-07-03,Not as described,1068.77
1218,15698,2025-12-18,Not as described,376.94
1219,15717,2025-12-16,Not as described,116.49
1220,15738,2025-08-26,Changed mind,115.97
1221,15746,2025-02-04,Not as described,200.19
1222,15752,2025-05-22,Wrong size/fit,76.14
1223,15754,2025-05-08,Not as described,1268.69
1224,15776,2025-02-22,Not as described,831.46
1225,15785,2025-12-31,Changed mind,248.01
1226,15825,2025-12-09,Not as described,92.85
1227,15826,2024-06-12,Wrong size/fit,524.11
1228,15840,2025-07-04,Wrong size/fit,136.86
1229,15844,2025-04-28,Wrong size/fit,1288.6
1230,15856,2024-01-19,Damaged in transit,317.53
1231,15864,2025-04-11,Not as described,205.75
1232,15866,2025-07-14,Defective,76.82
1233,15869,2025-12-26,Changed mind,3429.36
1234,15879,2023-12-29,Not as described,1190.53
1235,15896,2025-02-11,Wrong size/fit,1065.95
1236,15910,2025-11-20,Not as described,379.68
1237,15945,2025-11-23,Not as described,309.16
1238,15956,2025-09-16,Changed mind,61.17
1239,15965,2025-03-15,Changed mind,447.32
1240,15968,2025-05-13,Damaged in transit,206.45
1241,15978,2024-09-11,Changed mind,98.84
1242,15979,2025-11-10,Wrong size/fit,227.4
1243,15980,2023-09-13,Not as described,278.15
1244,15992,2025-07-30,Changed mind,71.6
1245,15997,2024-09-29,Not as described,1179.01
1246,16000,2025-06-11,Defective,15.37
1247,16041,2025-09-01,Wrong size/fit,37.52
1248,16047,2025-07-08,Defective,278.72
1249,16053,2024-06-10,Defective,58.54
1250,16061,2025-09-05,Damaged in transit,127.24
1251,16081,2024-02-13,Wrong size/fit,176.2
1252,16096,2024-04-23,Wrong size/fit,214.39
1253,16102,2025-12-09,Changed mind,31.29
1254,16106,2025-09-15,Not as described,91.17
1255,16130,2024-11-14,Not as described,554.74
1256,16132,2024-04-18,Wrong size/fit,128.29
1257,16150,2024-10-14,Damaged in transit,541.26
1258,16153,2025-06-14,Not as described,178.0
1259,16160,2025-05-17,Changed mind,129.89
1260,16161,2025-10-04,Wrong size/fit,268.84
1261,16163,2025-06-22,Changed mind,131.89
1262,16186,2024-07-30,Not as described,399.01
1263,16210,2025-12-22,Wrong size/fit,239.99
1264,16239,2025-05-01,Damaged in transit,224.57
1265,16244,2025-03-29,Damaged in transit,189.0
1266,16283,2024-11-15,Defective,147.03
1267,16324,2025-07-12,Wrong size/fit,62.83
1268,16327,2025-05-05,Damaged in transit,124.69
1269,16335,2025-02-25,Wrong size/fit,184.03
1270,16361,2024-11-18,Defective,579.44
1271,16366,2024-07-21,Not as described,371.71
1272,16373,2025-12-19,Wrong size/fit,295.43
1273,16403,2025-12-05,Not as described,1365.28
1274,16412,2025-09-12,Changed mind,1791.67
1275,16415,2024-10-19,Wrong size/fit,59.67
1276,16426,2025-04-28,Defective,61.47
1277,16437,2025-05-23,Not as described,1375.75
1278,16443,2025-06-09,Defective,448.83
1279,16461,2023-08-12,Not as described,81.14
1280,16493,2025-10-27,Changed mind,1624.58
1281,16494,2025-09-10,Damaged in transit,212.02
1282,16519,2025-11-11,Changed mind,121.58
1283,16525,2025-05-21,Defective,38.7
1284,16532,2025-09-13,Wrong size/fit,185.91
1285,16543,2025-06-16,Defective,30.1
1286,16562,2025-10-22,Wrong size/fit,152.06
1287,16575,2023-12-29,Wrong size/fit,790.44
1288,16588,2025-10-06,Defective,55.27
1289,16598,2025-06-16,Damaged in transit,213.92
1290,16599,2024-01-31,Changed mind,583.18
1291,16619,2024-09-28,Defective,337.97
1292,16628,2025-04-18,Changed mind,229.81
1293,16631,2025-09-28,Changed mind,82.52
1294,16641,2025-11-14,Defective,282.73
1295,16648,2025-02-02,Changed mind,49.03
1296,16656,2025-08-19,Wrong size/fit,427.39
1297,16671,2024-03-01,Defective,120.59
1298,16683,2025-03-14,Defective,146.18
1299,16700,2025-05-25,Damaged in transit,545.75
1300,16703,2025-07-27,Changed mind,1267.41
1301,16731,2025-08-05,Changed mind,178.66
1302,16732,2024-12-20,Wrong size/fit,1419.42
1303,16749,2024-02-06,Wrong size/fit,3594.15
1304,16759,2024-08-24,Changed mind,709.53
1305,16774,2025-05-13,Damaged in transit,678.57
1306,16784,2023-12-03,Damaged in transit,256.98
1307,16814,2025-02-27,Wrong size/fit,173.99
1308,16820,2025-11-18,Damaged in transit,298.3
1309,16828,2025-01-23,Wrong size/fit,201.46
1310,16839,2025-11-01,Defective,1226.51
1311,16846,2025-11-05,Changed mind,138.03
1312,16851,2024-07-08,Changed mind,532.57
1313,16858,2024-11-27,Defective,279.15
1314,16865,2024-07-06,Wrong size/fit,344.67
1315,16876,2025-06-06,Defective,413.81
1316,16877,2025-11-13,Wrong size/fit,417.63
1317,16903,2025-02-21,Changed mind,3018.6
1318,16905,2025-09-17,Changed mind,103.09
1319,16907,2025-02-17,Changed mind,1426.83
1320,16915,2025-09-30,Wrong size/fit,65.59
1321,16925,2025-03-24,Damaged in transit,135.13
1322,16926,2025-03-30,Changed mind,109.54
1323,16928,2025-05-09,Changed mind,2361.05
1324,16965,2025-04-28,Wrong size/fit,325.69
1325,16968,2025-12-19,Wrong size/fit,60.52
1326,16976,2025-08-05,Wrong size/fit,761.94
1327,16979,2024-06-07,Defective,668.45
1328,16988,2024-08-15,Damaged in transit,389.61
1329,17026,2025-09-08,Changed mind,636.53
1330,17027,2024-04-21,Defective,5887.03
1331,17028,2024-03-31,Not as described,50.22
1332,17061,2025-04-24,Wrong size/fit,369.9
1333,17078,2024-12-10,Not as described,488.89
1334,17085,2025-10-31,Damaged in transit,55.82
1335,17088,2025-02-06,Defective,169.82
1336,17105,2025-10-17,Damaged in transit,215.49
1337,17106,2025-05-12,Wrong size/fit,25.3
1338,17112,2025-11-17,Wrong size/fit,278.39
1339,17113,2025-02-13,Defective,19.39
1340,17120,2024-06-19,Defective,1127.87
1341,17127,2023-11-13,Damaged in transit,69.16
1342,17162,2025-09-15,Wrong size/fit,848.26
1343,17172,2024-09-24,Not as described,205.39
1344,17184,2024-10-14,Not as described,80.73
1345,17185,2025-05-09,Damaged in transit,308.79
1346,17202,2025-01-17,Defective,242.89
1347,17204,2025-09-22,Changed mind,107.84
1348,17225,2025-04-30,Wrong size/fit,204.28
1349,17229,2023-06-14,Not as described,284.29
1350,17239,2025-12-30,Wrong size/fit,720.27
1351,17246,2025-03-25,Defective,388.8
1352,17249,2025-02-15,Defective,732.52
1353,17262,2024-05-25,Defective,49.68
1354,17282,2025-02-08,Defective,57.29
1355,17288,2024-04-01,Damaged in transit,140.92
1356,17335,2024-01-21,Not as described,47.27
1357,17341,2025-10-25,Wrong size/fit,76.11
1358,17347,2025-06-12,Not as described,279.48
1359,17351,2024-04-23,Wrong size/fit,181.27
1360,17353,2025-07-29,Wrong size/fit,122.83
1361,17370,2025-10-06,Changed mind,1888.63
1362,17381,2025-12-19,Defective,135.64
1363,17403,2025-08-01,Changed mind,221.96
1364,17437,2025-02-24,Wrong size/fit,155.64
1365,17455,2025-05-16,Defective,1236.78
1366,17460,2025-05-15,Wrong size/fit,163.04
1367,17464,2024-06-27,Damaged in transit,1214.08
1368,17465,2024-12-23,Changed mind,42.91
1369,17492,2025-06-28,Not as described,314.87
1370,17493,2024-10-24,Not as described,475.84
1371,17503,2025-10-03,Wrong size/fit,416.51
1372,17513,2025-11-08,Changed mind,505.09
1373,17544,2025-05-15,Changed mind,208.2
1374,17554,2025-09-19,Wrong size/fit,544.3
1375,17561,2025-09-28,Changed mind,276.91
1376,17563,2025-08-22,Changed mind,40.0
1377,17566,2024-07-20,Defective,758.25
1378,17570,2025-10-22,Wrong size/fit,145.79
1379,17571,2024-11-15,Damaged in transit,1187.9
1380,17581,2025-09-02,Not as described,132.08
1381,17590,2025-11-12,Not as described,14.31
1382,17607,2025-06-18,Wrong size/fit,81.04
1383,17613,2025-12-27,Defective,303.97
1384,17615,2025-10-08,Damaged in transit,635.16
1385,17616,2024-11-26,Not as described,48.82
1386,17622,2025-04-17,Changed mind,297.01
1387,17625,2024-10-15,Wrong size/fit,1441.87
1388,17630,2024-04-01,Wrong size/fit,161.45
1389,17637,2025-10-24,Not as described,121.19
1390,17642,2024-06-24,Defective,14.79
1391,17649,2024-07-09,Wrong size/fit,22.5
1392,17684,2025-04-03,Defective,12.64
1393,17697,2024-04-04,Wrong size/fit,402.48
1394,17701,2025-03-17,Not as described,124.02
1395,17711,2025-06-14,Defective,508.94
1396,17716,2024-09-15,Not as described,2917.24
1397,17718,2025-07-02,Not as described,71.18
1398,17736,2025-04-06,Defective,911.32
1399,17750,2025-11-18,Changed mind,167.26
1400,17754,2024-03-23,Changed mind,97.43
1401,17759,2025-09-01,Not as described,69.17
1402,17763,2024-10-08,Wrong size/fit,327.79
1403,17769,2025-10-15,Defective,594.01
1404,17777,2025-12-02,Not as described,15.12
1405,17783,2024-08-21,Not as described,100.61
1406,17784,2025-02-03,Damaged in transit,197.97
1407,17817,2025-11-22,Defective,340.54
1408,17821,2025-10-25,Changed mind,567.88
1409,17828,2025-12-10,Damaged in transit,281.11
1410,17838,2024-03-28,Wrong size/fit,260.3
1411,17845,2025-11-28,Wrong size/fit,15.45
1412,17850,2024-12-28,Defective,111.8
1413,17859,2025-08-06,Changed mind,150.21
1414,17863,2025-05-05,Not as described,173.58
1415,17869,2025-06-27,Changed mind,709.81
1416,17870,2025-06-08,Wrong size/fit,97.36
1417,17905,2025-12-03,Defective,145.42
1418,17910,2025-08-23,Changed mind,296.5
1419,17926,2025-07-26,Wrong size/fit,205.04
1420,17934,2024-08-27,Defective,352.11
1421,17970,2025-11-29,Wrong size/fit,241.83
1422,18000,2025-11-13,Not as described,1024.0
1423,18013,2024-03-19,Changed mind,374.94
1424,18018,2025-02-10,Wrong size/fit,1358.41
1425,18032,2024-07-07,Defective,113.21
1426,18038,2025-05-16,Damaged in transit,1028.49
1427,18076,2024-12-11,Not as described,124.81
1428,18078,2024-10-24,Changed mind,743.35
1429,18082,2025-04-24,Wrong size/fit,131.22
1430,18088,2025-09-28,Wrong size/fit,15.79
1431,18102,2025-03-04,Changed mind,99.95
1432,18113,2025-07-16,Wrong size/fit,2992.04
1433,18114,2024-03-10,Changed mind,864.15
1434,18151,2025-07-18,Changed mind,189.18
1435,18152,2025-09-02,Damaged in transit,15.75
1436,18165,2025-11-21,Damaged in transit,38.22
1437,18176,2025-12-11,Wrong size/fit,661.92
1438,18188,2025-01-02,Defective,59.35
1439,18219,2024-11-30,Wrong size/fit,63.19
1440,18227,2025-07-01,Wrong size/fit,272.28
1441,18244,2025-12-25,Changed mind,995.61
1442,18249,2025-02-26,Damaged in transit,226.56
1443,18264,2024-08-27,Changed mind,177.02
1444,18281,2025-07-20,Changed mind,14.24
1445,18291,2024-12-06,Damaged in transit,171.45
1446,18335,2024-12-23,Defective,236.97
1447,18344,2025-04-12,Not as described,297.03
1448,18349,2024-06-19,Wrong size/fit,116.31
1449,18355,2025-11-16,Damaged in transit,1460.4
1450,18374,2025-08-28,Not as described,22.61
1451,18388,2025-03-23,Damaged in transit,1953.37
1452,18394,2024-01-25,Wrong size/fit,293.31
1453,18404,2024-02-02,Changed mind,274.08
1454,18410,2025-02-12,Not as described,44.53
1455,18416,2025-05-01,Wrong size/fit,774.68
1456,18422,2025-03-27,Wrong size/fit,147.79
1457,18426,2025-12-01,Wrong size/fit,336.63
1458,18442,2024-05-11,Defective,135.14
1459,18446,2023-08-18,Changed mind,947.38
1460,18465,2025-10-07,Not as described,676.71
1461,18471,2025-04-20,Defective,657.9
1462,18473,2024-08-22,Wrong size/fit,32.99
1463,18479,2025-01-28,Changed mind,50.76
1464,18490,2025-06-26,Wrong size/fit,366.87
1465,18492,2025-11-10,Defective,281.97
1466,18504,2024-07-29,Changed mind,1383.19
1467,18506,2025-04-24,Defective,926.05
1468,18508,2025-08-03,Not as described,630.72
1469,18511,2025-03-29,Wrong size/fit,844.65
1470,18539,2025-09-04,Defective,13.95
1471,18561,2024-01-28,Wrong size/fit,247.48
1472,18573,2025-05-30,Wrong size/fit,70.31
1473,18574,2024-11-25,Wrong size/fit,3158.3
1474,18576,2024-11-24,Changed mind,105.38
1475,18595,2025-10-17,Not as described,308.64
1476,18610,2025-12-13,Not as described,177.07
1477,18615,2025-12-26,Defective,102.64
1478,18638,2025-05-20,Not as described,704.9
1479,18654,2025-03-13,Not as described,298.2
1480,18664,2025-10-01,Damaged in transit,853.05
1481,18669,2025-05-08,Wrong size/fit,1001.26
1482,18685,2025-12-10,Not as described,255.95
1483,18695,2024-01-15,Defective,14.41
1484,18725,2023-12-20,Wrong size/fit,171.41
1485,18735,2024-04-06,Defective,1939.11
1486,18745,2025-07-06,Defective,131.55
1487,18754,2024-12-05,Defective,1125.2
1488,18755,2025-12-15,Wrong size/fit,397.85
1489,18757,2025-04-11,Changed mind,283.57
1490,18759,2024-07-29,Changed mind,696.94
1491,18764,2025-02-16,Damaged in transit,252.8
1492,18780,2025-10-20,Defective,1218.4
1493,18789,2025-10-06,Not as described,40.92
1494,18826,2025-09-04,Not as described,267.74
1495,18850,2025-10-02,Changed mind,755.34
1496,18856,2025-07-13,Wrong size/fit,1161.41
1497,18858,2025-11-21,Defective,20.54
1498,18875,2025-06-13,Defective,133.98
1499,18887,2024-12-11,Not as described,541.18
1500,18897,2025-09-26,Damaged in transit,118.08
1501,18934,2025-03-25,Defective,268.54
1502,18937,2024-12-31,Not as described,60.02
1503,18970,2024-12-12,Defective,557.98
1504,18977,2024-08-29,Changed mind,288.65
1505,18981,2024-12-02,Defective,1144.7
1506,18990,2024-02-08,Wrong size/fit,193.26
1507,18991,2025-03-09,Not as described,1174.22
1508,19001,2025-06-11,Defective,881.98
1509,19005,2025-06-23,Damaged in transit,102.72
1510,19006,2025-06-03,Changed mind,211.47
1511,19025,2025-09-09,Wrong size/fit,77.05
1512,19030,2024-12-24,Not as described,469.54
1513,19031,2025-09-02,Changed mind,204.73
1514,19065,2025-11-13,Damaged in transit,243.99
1515,19070,2025-05-24,Defective,31.17
1516,19071,2024-04-25,Not as described,96.55
1517,19072,2025-11-03,Changed mind,15.54
1518,19073,2025-02-02,Wrong size/fit,277.64
1519,19077,2025-08-03,Not as described,29.8
1520,19130,2024-07-26,Wrong size/fit,1188.63
1521,19142,2024-12-25,Wrong size/fit,362.47
1522,19159,2025-07-15,Wrong size/fit,556.1
1523,19162,2025-02-25,Defective,24.65
1524,19172,2023-07-10,Changed mind,997.51
1525,19185,2025-08-28,Defective,96.66
1526,19190,2024-08-04,Not as described,775.23
1527,19201,2025-06-24,Not as described,91.79
1528,19220,2024-08-29,Wrong size/fit,70.31
1529,19227,2025-07-18,Wrong size/fit,398.6
1530,19231,2025-12-22,Not as described,167.37
1531,19256,2024-10-11,Wrong size/fit,324.53
1532,19288,2025-09-19,Wrong size/fit,230.14
1533,19292,2025-08-29,Wrong size/fit,70.67
1534,19299,2024-02-02,Changed mind,557.28
1535,19306,2024-08-06,Changed mind,130.22
1536,19317,2025-03-04,Not as described,112.46
1537,19353,2025-08-18,Changed mind,62.26
1538,19354,2025-07-30,Not as described,156.88
1539,19382,2025-10-30,Not as described,114.1
1540,19394,2024-12-10,Changed mind,39.27
1541,19400,2025-07-09,Defective,72.59
1542,19415,2025-08-24,Defective,412.26
1543,19438,2025-09-15,Defective,410.83
1544,19443,2025-10-23,Wrong size/fit,121.27
1545,19457,2025-09-13,Damaged in transit,75.44
1546,19458,2025-12-23,Defective,214.96
1547,19475,2025-11-17,Not as described,120.7
1548,19476,2025-11-03,Wrong size/fit,315.88
1549,19477,2025-05-13,Damaged in transit,275.76
1550,19492,2024-07-26,Damaged in transit,2692.97
1551,19495,2025-08-22,Changed mind,272.76
1552,19528,2024-09-25,Changed mind,28.09
1553,19532,2025-11-13,Wrong size/fit,659.96
1554,19537,2024-09-05,Changed mind,3894.32
1555,19543,2025-12-04,Changed mind,88.44
1556,19558,2025-05-19,Changed mind,822.29
1557,19559,2024-09-05,Changed mind,260.18
1558,19564,2025-03-17,Not as described,159.18
1559,19586,2025-10-12,Changed mind,38.85
1560,19593,2025-10-18,Wrong size/fit,266.31
1561,19607,2024-09-10,Not as described,143.86
1562,19617,2024-01-25,Wrong size/fit,1777.42
1563,19635,2025-12-13,Damaged in transit,126.18
1564,19651,2025-02-20,Changed mind,192.75
1565,19656,2024-08-22,Wrong size/fit,303.99
1566,19664,2025-09-21,Wrong size/fit,60.01
1567,19724,2024-11-16,Defective,66.48
1568,19725,2025-01-12,Changed mind,1590.42
1569,19728,2024-04-27,Wrong size/fit,32.53
1570,19734,2025-06-16,Changed mind,5798.24
1571,19741,2025-05-21,Wrong size/fit,1088.33
1572,19749,2025-02-19,Changed mind,255.18
1573,19754,2024-10-12,Wrong size/fit,596.43
1574,19756,2024-12-23,Changed mind,77.86
1575,19769,2024-12-15,Wrong size/fit,69.73
1576,19772,2024-10-02,Changed mind,125.15
1577,19811,2024-08-14,Wrong size/fit,922.11
1578,19826,2023-08-17,Not as described,287.13
1579,19827,2025-12-27,Wrong size/fit,27.1
1580,19831,2024-12-04,Defective,66.76
1581,19840,2024-08-02,Not as described,220.07
1582,19842,2025-09-13,Changed mind,183.18
1583,19859,2025-09-26,Not as described,218.2
1584,19864,2024-05-19,Wrong size/fit,265.09
1585,19895,2023-07-15,Damaged in transit,431.08
1586,19905,2025-01-03,Not as described,220.09
1587,19909,2024-07-23,Wrong size/fit,190.33
1588,19913,2024-06-15,Wrong size/fit,50.62
1589,19914,2024-12-24,Changed mind,105.03
1590,19927,2025-07-06,Changed mind,96.9
1591,19939,2025-10-23,Changed mind,128.75
1592,19945,2025-01-26,Changed mind,38.16
1593,19955,2025-09-08,Changed mind,90.36
1594,19957,2025-03-24,Wrong size/fit,213.35
1595,19968,2025-05-02,Not as described,692.38
1596,19987,2025-06-02,Defective,62.02
1597,19999,2025-08-08,Changed mind,274.81
1598,20031,2025-03-08,Damaged in transit,310.69
1599,20033,2025-10-18,Damaged in transit,1067.76
1600,20038,2025-10-18,Damaged in transit,4036.34
1601,20060,2024-06-06,Defective,95.83
1602,20062,2025-08-26,Changed mind,28.42
1603,20081,2025-10-19,Defective,39.34
1604,20091,2025-03-17,Damaged in transit,47.03
1605,20099,2025-09-19,Not as described,401.55
1606,20105,2025-08-24,Wrong size/fit,59.15
1607,20113,2025-10-25,Wrong size/fit,50.75
1608,20121,2025-03-23,Not as described,487.28
1609,20144,2024-07-01,Damaged in transit,101.3
1610,20146,2025-07-22,Damaged in transit,67.25
1611,20147,2025-01-04,Changed mind,572.76
1612,20156,2025-05-16,Wrong size/fit,200.74
1613,20174,2025-02-19,Changed mind,770.37
1614,20179,2025-09-18,Damaged in transit,219.62
1615,20183,2025-12-02,Defective,645.09
1616,20216,2024-06-07,Damaged in transit,305.66
1617,20222,2025-12-07,Changed mind,299.09
1618,20233,2025-06-30,Wrong size/fit,75.78
1619,20238,2024-02-21,Wrong size/fit,116.95
1620,20243,2024-12-09,Defective,131.8
1621,20255,2025-09-13,Defective,101.94
1622,20271,2024-11-02,Wrong size/fit,369.35
1623,20280,2025-12-21,Not as described,380.96
1624,20291,2025-12-30,Changed mind,93.88
1625,20299,2025-10-12,Damaged in transit,175.78
1626,20301,2025-09-25,Damaged in transit,76.48
1627,20311,2025-02-26,Defective,43.1
1628,20337,2025-12-31,Damaged in transit,143.41
1629,20362,2025-04-30,Defective,336.51
1630,20375,2024-05-29,Wrong size/fit,68.74
1631,20394,2024-05-26,Not as described,127.25
1632,20414,2025-11-25,Wrong size/fit,277.88
1633,20425,2025-11-28,Wrong size/fit,542.85
1634,20451,2024-08-11,Changed mind,256.64
1635,20478,2024-11-06,Changed mind,486.99
1636,20490,2025-12-07,Wrong size/fit,778.43
1637,20500,2025-01-01,Wrong size/fit,40.03
1638,20506,2024-10-29,Changed mind,182.31
1639,20523,2025-06-07,Not as described,1391.08
1640,20551,2025-10-07,Damaged in transit,12.01
1641,20552,2025-11-11,Changed mind,534.54
1642,20559,2023-10-04,Changed mind,250.64
1643,20573,2024-02-03,Wrong size/fit,21.68
1644,20583,2023-09-19,Not as described,969.5
1645,20584,2024-11-24,Wrong size/fit,237.45
1646,20590,2025-07-06,Wrong size/fit,74.45
1647,20613,2025-09-23,Wrong size/fit,94.89
1648,20617,2025-05-18,Damaged in transit,47.3
1649,20669,2025-05-06,Damaged in transit,281.67
1650,20676,2025-01-29,Wrong size/fit,207.93
1651,20694,2025-07-06,Not as described,127.06
1652,20742,2025-04-12,Damaged in transit,128.35
1653,20750,2025-12-08,Wrong size/fit,527.24
1654,20776,2025-12-24,Defective,502.69
1655,20785,2025-08-29,Changed mind,446.97
1656,20790,2024-12-04,Changed mind,619.77
1657,20796,2025-01-31,Damaged in transit,196.42
1658,20809,2025-12-28,Wrong size/fit,477.81
1659,20830,2025-04-30,Defective,425.32
1660,20850,2025-04-20,Changed mind,1887.5
1661,20875,2025-05-11,Wrong size/fit,35.5
1662,20879,2025-08-11,Defective,121.96
1663,20891,2025-11-27,Changed mind,115.93
1664,20899,2024-10-31,Changed mind,128.39
1665,20907,2025-06-21,Wrong size/fit,330.64
1666,20920,2024-12-18,Wrong size/fit,647.88
1667,20968,2023-11-09,Damaged in transit,494.17
1668,20972,2024-04-20,Wrong size/fit,21.45
1669,21026,2025-12-26,Changed mind,1838.82
1670,21039,2025-06-19,Not as described,626.89
1671,21100,2025-11-03,Wrong size/fit,436.49
1672,21108,2025-02-01,Damaged in transit,119.53
1673,21120,2025-04-18,Changed mind,494.84
1674,21121,2025-04-14,Changed mind,20.24
1675,21132,2024-07-06,Changed mind,135.64
1676,21140,2024-12-22,Wrong size/fit,59.18
1677,21152,2025-08-07,Damaged in transit,782.17
1678,21162,2025-11-27,Changed mind,145.02
1679,21169,2025-11-27,Damaged in transit,397.44
1680,21180,2024-06-08,Wrong size/fit,248.58
1681,21198,2024-03-13,Not as described,480.23
1682,21230,2023-04-25,Wrong size/fit,244.76
1683,21266,2025-12-13,Damaged in transit,725.98
1684,21272,2025-10-22,Defective,70.46
1685,21273,2025-05-22,Not as described,106.44
1686,21295,2025-05-23,Damaged in transit,53.64
1687,21299,2025-08-18,Not as described,44.22
1688,21307,2025-12-06,Wrong size/fit,117.07
1689,21310,2025-06-06,Changed mind,695.81
1690,21321,2025-12-05,Not as described,2086.23
1691,21322,2024-01-19,Wrong size/fit,99.75
1692,21329,2025-01-21,Changed mind,265.36
1693,21333,2025-12-25,Changed mind,161.46
1694,21347,2025-06-11,Changed mind,2832.99
1695,21349,2025-02-17,Not as described,127.45
1696,21378,2025-06-06,Changed mind,28.32
1697,21390,2024-04-27,Not as described,3048.25
1698,21393,2025-08-30,Damaged in transit,238.43
1699,21394,2025-06-02,Wrong size/fit,243.44
1700,21399,2024-01-09,Not as described,1042.15
1701,21403,2025-10-16,Not as described,30.55
1702,21412,2025-10-05,Wrong size/fit,85.83
1703,21436,2025-04-03,Wrong size/fit,705.28
1704,21447,2025-10-13,Defective,292.91
1705,21466,2025-03-09,Changed mind,82.91
1706,21483,2025-10-28,Changed mind,696.76
1707,21486,2025-11-07,Changed mind,155.02
1708,21512,2025-05-24,Not as described,284.26
1709,21517,2025-09-22,Defective,323.37
1710,21530,2025-07-20,Damaged in transit,149.1
1711,21540,2024-12-26,Wrong size/fit,154.66
1712,21555,2024-05-16,Changed mind,387.1
1713,21561,2025-03-13,Defective,120.04
1714,21563,2025-08-02,Wrong size/fit,30.83
1715,21600,2024-12-12,Damaged in transit,636.1
1717,21611,2025-11-30,Changed mind,232.52
1718,21631,2025-02-18,Wrong size/fit,53.83
1719,21662,2025-08-07,Changed mind,218.88
1720,21671,2025-10-27,Wrong size/fit,281.58
1721,21672,2024-12-31,Defective,406.88
1722,21676,2025-11-29,Damaged in transit,34.64
1723,21696,2025-01-03,Wrong size/fit,313.59
1724,21715,2025-03-20,Defective,80.61
1725,21722,2025-10-30,Changed mind,237.82
1726,21756,2025-06-17,Damaged in transit,152.66
1727,21760,2025-08-08,Changed mind,69.89
1728,21769,2024-05-20,Not as described,621.73
1729,21780,2024-10-06,Not as described,450.54
1730,21797,2025-08-02,Not as described,706.86
1731,21808,2025-01-30,Damaged in transit,400.17
1732,21810,2025-07-01,Changed mind,254.09
1733,21812,2025-12-13,Wrong size/fit,40.99
1734,21834,2025-06-12,Defective,269.81
1735,21850,2025-09-23,Not as described,149.46
1736,21851,2025-08-12,Wrong size/fit,407.53
1737,21864,2024-09-12,Not as described,237.15
1738,21871,2025-01-04,Changed mind,195.2
1739,21917,2025-06-27,Damaged in transit,622.09
1740,21938,2024-12-27,Damaged in transit,129.53
1741,21964,2025-08-02,Not as described,48.27
1742,21971,2024-05-13,Not as described,52.01
1743,21975,2025-09-07,Wrong size/fit,69.83
1744,21978,2025-11-22,Changed mind,67.34
1745,21987,2024-05-14,Wrong size/fit,848.12
1746,21995,2025-08-03,Defective,12.85
1747,21999,2025-11-10,Defective,1312.35
1748,22021,2025-11-13,Wrong size/fit,1248.36
1749,22026,2024-11-27,Not as described,18.67
1750,22030,2025-03-19,Changed mind,561.78
1751,22049,2025-06-29,Damaged in transit,1216.47
1752,22078,2025-04-24,Changed mind,72.78
1753,22119,2024-11-05,Changed mind,194.96
1754,22125,2025-12-10,Not as described,94.38
1755,22129,2025-05-21,Wrong size/fit,581.48
1756,22139,2025-06-18,Not as described,116.6
1757,22158,2025-11-18,Wrong size/fit,42.64
1758,22162,2025-06-06,Changed mind,444.04
1759,22176,2024-09-03,Wrong size/fit,66.05
1760,22193,2025-08-31,Damaged in transit,263.88
1761,22196,2025-11-27,Changed mind,162.57
1762,22200,2025-09-24,Changed mind,118.33
1763,22212,2025-03-30,Changed mind,92.19
1764,22250,2024-11-03,Not as described,3477.35
1765,22253,2025-08-14,Wrong size/fit,406.12
1766,22266,2024-11-15,Wrong size/fit,206.33
1767,22267,2024-02-06,Damaged in transit,5075.13
1768,22271,2025-02-18,Not as described,301.99
1769,22294,2025-12-06,Wrong size/fit,591.32
1770,22318,2025-02-05,Not as described,323.79
1771,22340,2025-09-07,Changed mind,57.32
1772,22347,2025-08-17,Changed mind,2047.69
1773,22363,2025-11-12,Wrong size/fit,255.06
1774,22382,2025-08-08,Changed mind,26.71
1775,22392,2025-11-16,Wrong size/fit,73.94
1776,22397,2025-09-30,Wrong size/fit,113.36
1777,22430,2023-12-20,Changed mind,137.0
1778,22435,2025-03-29,Changed mind,541.06
1779,22437,2025-05-14,Changed mind,112.81
1780,22450,2025-01-25,Wrong size/fit,113.8
1781,22453,2025-06-18,Changed mind,661.19
1782,22526,2025-01-25,Changed mind,29.17
1783,22542,2025-01-19,Wrong size/fit,34.06
1784,22556,2025-09-18,Changed mind,411.5
1785,22600,2024-07-26,Wrong size/fit,182.36
1786,22607,2025-11-28,Defective,2723.46
1787,22617,2025-02-26,Changed mind,662.15
1788,22621,2025-03-15,Wrong size/fit,552.57
1789,22648,2024-07-10,Defective,366.08
1790,22657,2025-11-17,Damaged in transit,127.6
1791,22676,2024-09-19,Not as described,463.5
1792,22688,2024-10-23,Not as described,430.99
1793,22691,2025-01-11,Defective,95.01
1794,22693,2023-11-02,Not as described,16.49
1795,22707,2025-07-02,Damaged in transit,132.58
1796,22729,2025-04-12,Not as described,81.02
1797,22742,2023-11-04,Changed mind,66.2
1798,22753,2025-06-19,Wrong size/fit,162.77
1799,22757,2025-04-26,Wrong size/fit,154.22
1800,22776,2025-08-25,Wrong size/fit,379.6
1801,22782,2023-12-17,Changed mind,113.37
1802,22787,2025-11-23,Changed mind,417.94
1803,22814,2024-06-20,Defective,34.77
1804,22836,2024-10-10,Changed mind,355.09
1805,22837,2024-12-06,Not as described,117.0
1806,22856,2024-09-08,Wrong size/fit,65.56
1807,22864,2024-06-22,Wrong size/fit,188.93
1808,22873,2025-12-02,Changed mind,57.46
1809,22883,2025-08-05,Wrong size/fit,962.57
1810,22887,2025-02-07,Defective,117.96
1811,22896,2024-11-11,Changed mind,237.45
1812,22898,2025-08-28,Defective,383.51
1813,22908,2025-09-15,Defective,182.1
1814,22924,2024-01-27,Changed mind,244.62
1815,22927,2025-05-13,Wrong size/fit,111.77
1816,22930,2025-01-06,Wrong size/fit,22.93
1817,22932,2025-07-12,Wrong size/fit,16.27
1818,22935,2025-12-27,Damaged in transit,209.39
1819,22946,2025-01-16,Defective,46.27
1820,22976,2025-12-01,Defective,47.32
1821,22989,2025-08-20,Damaged in transit,99.38
1822,23005,2024-11-12,Not as described,1144.5
1823,23007,2025-06-05,Not as described,188.35
1824,23015,2025-10-01,Damaged in transit,347.2
1825,23019,2025-06-18,Changed mind,2078.76
1826,23028,2025-11-06,Not as described,1401.07
1827,23073,2025-04-06,Wrong size/fit,48.54
1828,23075,2025-09-26,Defective,15.41
1829,23111,2025-05-11,Wrong size/fit,136.19
1830,23115,2025-05-05,Damaged in transit,512.78
1831,23141,2024-11-20,Defective,592.87
1832,23145,2025-10-23,Wrong size/fit,512.84
1833,23161,2025-08-29,Not as described,29.82
1834,23179,2025-03-19,Damaged in transit,69.94
1835,23209,2025-06-05,Not as described,570.2
1836,23232,2024-10-11,Not as described,351.07
1837,23265,2024-02-25,Wrong size/fit,142.71
1838,23270,2024-12-08,Damaged in transit,13.45
1839,23279,2025-11-21,Defective,481.32
1840,23281,2025-04-14,Changed mind,619.2
1841,23283,2025-05-15,Wrong size/fit,411.91
1842,23287,2025-12-14,Not as described,141.73
1843,23296,2025-10-15,Wrong size/fit,137.31
1844,23308,2025-06-07,Damaged in transit,25.52
1845,23309,2025-10-09,Wrong size/fit,73.86
1846,23314,2024-01-11,Not as described,594.35
1847,23329,2025-09-02,Wrong size/fit,103.39
1848,23362,2025-06-06,Changed mind,49.83
1849,23365,2025-12-14,Damaged in transit,191.17
1850,23387,2025-08-09,Changed mind,66.78
1851,23390,2025-11-09,Changed mind,152.21
1852,23440,2025-08-12,Damaged in transit,219.45
1853,23443,2025-11-07,Wrong size/fit,1150.61
1854,23444,2025-01-06,Changed mind,47.43
1855,23459,2024-01-14,Wrong size/fit,32.24
1856,23465,2025-02-21,Wrong size/fit,70.08
1857,23469,2025-08-23,Wrong size/fit,503.59
1858,23487,2025-08-27,Changed mind,52.3
1860,23498,2025-12-21,Wrong size/fit,440.37
1861,23507,2024-07-06,Damaged in transit,652.67
1862,23510,2025-10-28,Changed mind,304.33
1863,23535,2025-02-01,Not as described,418.89
1864,23543,2025-07-08,Changed mind,117.6
1865,23569,2024-10-19,Not as described,117.41
1866,23581,2024-01-31,Not as described,4450.3
1867,23600,2025-05-06,Changed mind,114.28
1868,23626,2025-12-15,Not as described,116.24
1869,23647,2025-09-03,Changed mind,222.18
1870,23674,2025-07-03,Damaged in transit,659.89
1871,23676,2023-11-09,Defective,115.72
1872,23678,2024-09-20,Not as described,262.35
1873,23705,2024-09-01,Changed mind,784.13
1874,23716,2025-08-30,Damaged in transit,25.46
1875,23735,2025-07-27,Changed mind,1215.11
1876,23753,2025-06-17,Not as described,192.02
1877,23756,2024-12-08,Changed mind,118.71
1878,23768,2025-09-03,Changed mind,1356.73
1879,23771,2024-09-20,Changed mind,300.83
1880,23783,2025-08-07,Defective,1708.28
1881,23784,2023-12-25,Changed mind,103.99
1882,23799,2025-05-11,Changed mind,114.43
1883,23817,2025-03-19,Damaged in transit,192.15
1884,23827,2024-08-04,Defective,19.46
1885,23848,2025-05-21,Changed mind,1321.38
1886,23884,2025-05-20,Wrong size/fit,111.14
1887,23893,2025-08-23,Changed mind,263.23
1888,23952,2025-02-27,Wrong size/fit,474.53
1889,23967,2025-01-08,Defective,1306.51
1890,23974,2025-08-12,Wrong size/fit,275.12
1891,23979,2024-08-06,Defective,180.15
1892,23980,2025-04-20,Damaged in transit,133.04
1893,23998,2024-11-17,Wrong size/fit,24.46
1894,24003,2025-02-11,Changed mind,69.35
1895,24017,2025-05-26,Not as described,75.19
1896,24043,2024-12-17,Not as described,70.95
1897,24070,2024-06-05,Defective,259.19
1898,24080,2025-06-23,Changed mind,416.23
1899,24082,2025-12-06,Wrong size/fit,43.43
1900,24101,2024-10-21,Wrong size/fit,61.1
1901,24155,2024-06-20,Changed mind,27.08
1902,24170,2024-12-21,Damaged in transit,261.48
1903,24194,2024-09-16,Not as described,73.91
1904,24217,2025-06-12,Defective,130.81
1905,24240,2023-12-30,Defective,2911.44
1906,24246,2024-11-18,Damaged in transit,131.83
1907,24248,2025-11-30,Not as described,468.52
1908,24261,2024-11-28,Not as described,324.09
1909,24273,2025-03-22,Not as described,226.9
1910,24286,2025-09-24,Defective,194.71
1911,24287,2025-01-14,Changed mind,104.74
1912,24297,2025-03-16,Wrong size/fit,118.3
1913,24300,2025-10-29,Changed mind,232.23
1914,24312,2024-10-03,Changed mind,282.73
1915,24320,2024-10-07,Changed mind,162.73
1916,24323,2024-09-14,Changed mind,57.18
1917,24326,2025-10-22,Wrong size/fit,42.73
1918,24333,2024-12-03,Not as described,143.12
1919,24352,2025-10-04,Changed mind,574.52
1920,24359,2024-12-19,Defective,114.06
1921,24394,2025-12-29,Defective,295.97
1922,24396,2025-01-04,Defective,73.99
1923,24397,2024-09-18,Not as described,683.7
1924,24505,2025-12-30,Changed mind,292.07
1925,24537,2025-03-18,Defective,114.32
1926,24571,2024-05-05,Wrong size/fit,216.01
1927,24581,2024-04-26,Damaged in transit,82.0
1928,24582,2024-12-16,Not as described,391.59
1929,24588,2025-08-31,Changed mind,162.88
1930,24595,2025-12-26,Wrong size/fit,119.66
1931,24600,2024-02-06,Wrong size/fit,90.18
1932,24607,2024-10-18,Defective,69.54
1933,24611,2025-04-08,Wrong size/fit,175.6
1934,24635,2024-07-20,Not as described,155.76
1935,24643,2025-08-14,Wrong size/fit,631.19
1936,24649,2025-09-24,Wrong size/fit,32.15
1937,24689,2025-11-21,Defective,543.95
1938,24710,2024-11-01,Not as described,168.05
1939,24714,2024-03-30,Wrong size/fit,1565.33
1940,24721,2025-10-24,Damaged in transit,1120.57
1941,24725,2025-03-02,Wrong size/fit,327.57
1942,24739,2023-12-17,Changed mind,193.42
1943,24745,2025-08-14,Wrong size/fit,345.2
1944,24747,2025-12-12,Defective,117.97
1945,24770,2025-05-20,Wrong size/fit,79.97
1946,24777,2025-09-15,Defective,153.65
1947,24790,2024-08-19,Defective,21.51
1948,24795,2025-09-04,Defective,82.09
1949,24801,2025-03-16,Wrong size/fit,42.28
1950,24804,2025-10-24,Not as described,139.12
1951,24821,2024-01-23,Defective,84.38
1952,24826,2025-09-13,Defective,139.44
1953,24833,2025-09-05,Defective,96.88
1954,24859,2025-08-12,Changed mind,69.72
1955,24884,2025-06-01,Not as described,936.65
1956,24885,2025-10-20,Wrong size/fit,71.95
1957,24895,2025-08-26,Not as described,180.99
1958,24903,2024-09-05,Changed mind,52.7
1959,24918,2025-10-19,Defective,122.51
1960,24930,2025-11-14,Damaged in transit,511.0
1961,24942,2025-07-04,Defective,287.0
1962,24974,2025-01-03,Defective,226.98
1963,25019,2025-01-28,Not as described,743.25
1964,25025,2025-02-27,Not as described,31.5
1965,25043,2024-12-19,Changed mind,41.35
1966,25049,2025-04-23,Wrong size/fit,300.99
1967,25054,2025-10-04,Changed mind,246.38
1968,25077,2024-11-05,Wrong size/fit,2292.89
1969,25095,2024-07-13,Not as described,1342.57
1970,25134,2025-12-24,Damaged in transit,1953.61
1971,25141,2025-06-03,Damaged in transit,1215.87
1972,25145,2024-09-07,Damaged in transit,126.44
1973,25154,2024-11-14,Changed mind,29.82
1974,25176,2024-10-04,Changed mind,217.75
1975,25207,2024-12-10,Wrong size/fit,237.41
1976,25228,2025-12-23,Damaged in transit,26.59
1977,25231,2024-06-15,Not as described,259.18
1978,25271,2025-10-18,Not as described,436.16
1979,25284,2025-08-27,Defective,365.22
1980,25285,2024-10-25,Changed mind,273.34
1981,25291,2024-12-07,Changed mind,573.02
1982,25293,2025-06-30,Wrong size/fit,2514.2
1983,25296,2024-11-28,Defective,1063.27
1984,25299,2025-09-18,Changed mind,439.0
1985,25312,2025-01-02,Changed mind,429.8
1986,25315,2024-09-16,Wrong size/fit,764.33
1987,25321,2025-11-28,Changed mind,43.75
1988,25344,2024-09-26,Changed mind,78.48
1989,25382,2025-12-15,Wrong size/fit,130.27
1990,25392,2024-10-31,Wrong size/fit,565.06
1991,25393,2024-06-11,Wrong size/fit,105.79
1992,25404,2025-09-22,Damaged in transit,133.17
1993,25432,2025-12-22,Not as described,148.55
1994,25434,2025-07-08,Wrong size/fit,25.3
1995,25439,2024-11-10,Not as described,170.3
1996,25448,2025-04-13,Not as described,155.47
1997,25496,2025-04-16,Defective,125.32
1998,25524,2025-07-21,Not as described,144.39
1999,25549,2025-09-17,Wrong size/fit,6781.65
2000,25574,2025-10-22,Not as described,275.68
2001,25583,2024-07-26,Wrong size/fit,194.87
2002,25591,2025-12-14,Wrong size/fit,124.32
2003,25629,2024-10-29,Damaged in transit,169.32
2004,25637,2025-02-22,Changed mind,1139.81
2005,25638,2025-03-16,Wrong size/fit,448.32
2006,25640,2025-08-13,Defective,52.17
2007,25643,2025-07-31,Changed mind,28.8
2008,25648,2025-04-26,Wrong size/fit,58.74
2009,25657,2024-12-05,Changed mind,82.6
2010,25661,2025-03-17,Wrong size/fit,341.75
2011,25665,2025-08-04,Damaged in transit,248.44
2012,25685,2023-12-21,Defective,624.13
2013,25696,2025-10-18,Changed mind,217.77
2014,25707,2025-12-11,Changed mind,25.13
2015,25722,2025-12-15,Not as described,1529.26
2016,25723,2025-09-22,Defective,330.72
2017,25730,2025-02-15,Changed mind,36.8
2018,25741,2024-09-19,Wrong size/fit,736.17
2019,25743,2025-07-27,Not as described,1220.11
2020,25764,2024-11-13,Not as described,1142.22
2021,25776,2025-08-24,Changed mind,729.68
2022,25778,2024-08-15,Changed mind,113.42
2023,25792,2024-12-07,Changed mind,66.49
2024,25818,2024-12-25,Wrong size/fit,30.14
2025,25824,2025-01-02,Wrong size/fit,182.51
2026,25855,2025-01-29,Changed mind,555.37
2027,25856,2024-07-16,Not as described,172.79
2028,25861,2025-10-09,Defective,356.34
2029,25870,2025-08-02,Defective,465.14
2030,25880,2025-10-19,Not as described,123.84
2031,25885,2025-10-10,Wrong size/fit,1205.03
2032,25893,2025-01-12,Not as described,1164.39
2033,25921,2025-12-14,Changed mind,104.78
2034,25935,2025-04-05,Not as described,1324.49
2035,25937,2024-06-18,Wrong size/fit,3540.01
2036,25939,2025-08-02,Not as described,113.3
2037,25966,2024-05-14,Wrong size/fit,91.67
2038,25979,2024-11-05,Wrong size/fit,147.78
2039,26003,2025-08-08,Defective,728.91
2040,26027,2025-10-09,Changed mind,2031.81
2041,26032,2025-10-18,Changed mind,868.36
2042,26050,2025-05-24,Defective,3837.21
2043,26069,2025-12-27,Damaged in transit,252.72
2044,26073,2024-03-24,Wrong size/fit,309.71
2045,26078,2025-07-13,Defective,233.07
2046,26083,2025-03-20,Changed mind,102.05
2047,26085,2024-04-08,Defective,252.07
2048,26108,2025-02-24,Not as described,569.63
2049,26127,2024-04-15,Changed mind,239.32
2050,26163,2024-06-27,Not as described,150.7
2051,26168,2025-02-07,Changed mind,119.9
2052,26172,2025-08-29,Defective,124.85
2053,26174,2024-11-25,Defective,87.11
2054,26186,2024-03-31,Wrong size/fit,413.83
2055,26192,2025-10-09,Changed mind,31.49
2056,26211,2025-11-05,Wrong size/fit,265.67
2057,26218,2024-11-06,Defective,197.93
2058,26231,2025-11-01,Wrong size/fit,61.41
2059,26232,2024-03-24,Not as described,58.97
2060,26244,2025-05-10,Changed mind,340.27
2061,26265,2025-10-11,Wrong size/fit,265.54
2062,26293,2025-06-25,Damaged in transit,148.83
2064,26303,2025-06-04,Wrong size/fit,226.04
2065,26325,2024-01-05,Not as described,1349.86
2066,26339,2025-04-20,Defective,746.85
2067,26353,2025-04-23,Damaged in transit,241.96
2068,26378,2025-12-28,Changed mind,1297.98
2069,26385,2025-01-10,Changed mind,120.02
2070,26398,2025-10-08,Changed mind,279.68
2071,26410,2025-06-15,Wrong size/fit,317.95
2072,26423,2024-11-15,Not as described,213.6
2073,26429,2025-05-12,Changed mind,38.46
2074,26436,2025-04-01,Wrong size/fit,405.0
2075,26442,2025-06-08,Wrong size/fit,17.33
2076,26452,2023-12-09,Changed mind,73.23
2077,26471,2025-09-22,Changed mind,173.32
2078,26474,2025-02-21,Wrong size/fit,115.77
2080,26521,2024-12-08,Damaged in transit,502.77
2081,26524,2024-02-12,Wrong size/fit,64.89
2082,26536,2025-10-19,Not as described,641.49
2083,26543,2024-05-16,Damaged in transit,380.06
2084,26619,2025-11-10,Wrong size/fit,84.95
2085,26627,2025-08-07,Defective,13.77
2086,26636,2025-12-01,Not as described,16.14
2087,26641,2024-11-14,Wrong size/fit,1583.24
2088,26647,2025-10-20,Changed mind,248.24
2089,26648,2024-10-01,Damaged in transit,14.61
2090,26675,2024-03-10,Wrong size/fit,134.48
2091,26697,2024-12-21,Wrong size/fit,84.81
2092,26702,2025-10-15,Defective,295.99
2093,26712,2025-12-23,Changed mind,115.91
2094,26739,2024-09-20,Changed mind,103.0
2095,26746,2025-05-12,Defective,60.24
2096,26752,2025-10-24,Not as described,103.42
2097,26788,2025-10-06,Wrong size/fit,353.3
2098,26796,2025-12-23,Changed mind,963.57
2099,26810,2024-06-23,Not as described,616.9
2100,26840,2025-04-05,Changed mind,527.7
2101,26851,2025-09-10,Damaged in transit,88.5
2102,26882,2024-11-01,Not as described,180.52
2103,26894,2025-08-24,Wrong size/fit,36.09
2104,26896,2025-11-16,Defective,29.12
2105,26936,2025-01-25,Not as described,69.0
2106,26941,2025-11-23,Damaged in transit,20.67
2107,26945,2024-08-19,Wrong size/fit,12.7
2108,26953,2025-07-22,Changed mind,125.87
2109,26960,2024-09-03,Wrong size/fit,192.0
2110,26963,2023-09-30,Changed mind,223.63
2111,26964,2024-11-13,Changed mind,640.19
2112,26965,2024-11-19,Changed mind,360.01
2113,26997,2025-09-09,Changed mind,264.5
2114,27007,2025-11-13,Wrong size/fit,212.24
2115,27020,2025-12-31,Changed mind,1577.97
2116,27035,2025-07-07,Changed mind,140.76
2117,27037,2025-04-12,Wrong size/fit,126.97
2118,27039,2025-05-18,Changed mind,51.41
2119,27040,2025-07-21,Changed mind,112.2
2120,27062,2025-07-04,Not as described,241.88
2121,27072,2025-04-29,Changed mind,1168.36
2122,27081,2024-08-28,Not as described,105.03
2123,27082,2025-11-25,Wrong size/fit,641.05
2124,27084,2024-06-21,Wrong size/fit,360.26
2125,27094,2025-01-02,Not as described,104.81
2126,27104,2024-02-27,Not as described,3030.69
2127,27113,2025-11-15,Changed mind,3401.44
2128,27117,2025-11-24,Wrong size/fit,215.63
2129,27136,2025-02-15,Changed mind,153.7
2130,27141,2025-10-22,Defective,213.82
2131,27148,2025-10-02,Wrong size/fit,291.18
2132,27156,2025-10-23,Wrong size/fit,39.87
2133,27160,2024-07-26,Defective,282.51
2134,27173,2025-11-10,Wrong size/fit,95.77
2135,27174,2024-09-03,Wrong size/fit,3454.02
2136,27178,2025-11-15,Damaged in transit,175.47
2137,27187,2023-10-05,Wrong size/fit,3537.78
2138,27219,2025-12-29,Damaged in transit,198.55
2139,27239,2025-03-05,Damaged in transit,25.61
2140,27243,2024-03-24,Defective,67.1
2141,27254,2024-09-13,Wrong size/fit,237.66
2142,27256,2025-12-19,Not as described,161.32
2143,27272,2025-11-06,Changed mind,676.39
2144,27278,2024-08-01,Wrong size/fit,2005.63
2145,27285,2025-04-15,Defective,400.68
2146,27298,2025-03-05,Defective,272.14
2147,27310,2025-12-20,Damaged in transit,540.65
2148,27336,2024-11-27,Damaged in transit,412.01
2149,27343,2024-12-13,Defective,119.57
2150,27346,2025-10-28,Wrong size/fit,93.16
2151,27354,2024-09-09,Damaged in transit,41.57
2152,27355,2024-06-27,Not as described,625.47
2153,27359,2025-10-21,Damaged in transit,125.89
2154,27380,2024-08-23,Changed mind,1390.94
2155,27382,2025-12-25,Not as described,278.4
2156,27385,2025-10-11,Defective,34.31
2157,27389,2025-06-18,Changed mind,271.82
2158,27400,2025-07-04,Wrong size/fit,68.44
2159,27406,2025-10-03,Changed mind,2130.65
2160,27421,2025-04-22,Damaged in transit,70.54
2161,27432,2025-07-20,Wrong size/fit,144.83
2162,27437,2025-12-30,Damaged in transit,431.26
2163,27439,2025-06-09,Damaged in transit,446.65
2164,27463,2025-07-11,Damaged in transit,1507.76
2165,27481,2024-06-19,Wrong size/fit,421.67
2166,27484,2024-12-10,Wrong size/fit,153.83
2167,27496,2025-05-08,Damaged in transit,75.79
2168,27508,2025-07-22,Wrong size/fit,81.29
2169,27514,2025-02-26,Defective,71.49
2170,27522,2025-12-27,Changed mind,22.97
2171,27527,2024-10-28,Changed mind,139.87
2172,27534,2023-10-12,Changed mind,92.82
2173,27544,2025-05-15,Wrong size/fit,1411.24
2174,27545,2024-06-03,Changed mind,725.61
2175,27567,2025-01-03,Changed mind,63.21
2176,27609,2025-11-09,Damaged in transit,39.23
2177,27611,2025-01-19,Wrong size/fit,294.99
2179,27672,2025-12-16,Not as described,224.9
2180,27684,2025-02-20,Not as described,378.41
2181,27686,2023-12-02,Changed mind,217.03
2182,27698,2025-02-24,Wrong size/fit,144.27
2183,27703,2024-09-03,Changed mind,33.21
2184,27714,2025-02-18,Not as described,116.15
2185,27744,2025-04-06,Damaged in transit,254.15
2186,27756,2025-01-24,Damaged in transit,90.15
2187,27760,2024-02-09,Changed mind,747.18
2188,27761,2025-04-29,Wrong size/fit,250.25
2189,27764,2024-07-21,Not as described,57.86
2190,27768,2025-08-04,Changed mind,378.92
2191,27770,2025-10-31,Changed mind,483.14
2192,27788,2025-08-24,Not as described,306.6
2193,27797,2024-08-16,Changed mind,101.82
2194,27804,2024-05-18,Damaged in transit,1747.51
2195,27819,2025-08-16,Changed mind,119.47
2196,27851,2025-11-17,Changed mind,304.35
2197,27858,2025-06-25,Not as described,154.64
2198,27909,2025-03-26,Damaged in transit,96.76
2199,27957,2025-11-13,Wrong size/fit,35.78
2200,27976,2025-08-19,Damaged in transit,305.98
2201,28003,2025-02-01,Changed mind,286.36
2202,28006,2025-08-16,Defective,145.28
2203,28033,2024-12-27,Wrong size/fit,731.41
2204,28036,2023-08-03,Changed mind,10.03
2205,28060,2025-07-13,Damaged in transit,3038.5
2206,28096,2025-07-06,Not as described,75.04
2207,28116,2025-05-02,Wrong size/fit,5267.98
2208,28126,2024-08-19,Wrong size/fit,13.44
2209,28135,2025-10-05,Changed mind,54.08
2210,28140,2024-02-20,Wrong size/fit,59.62
2211,28160,2025-12-15,Changed mind,65.55
2212,28164,2025-01-13,Changed mind,684.02
2213,28166,2025-01-11,Defective,368.57
2214,28175,2025-08-12,Damaged in transit,14.68
2215,28185,2024-10-12,Wrong size/fit,73.68
2216,28195,2024-10-27,Changed mind,264.79
2217,28200,2024-05-05,Damaged in transit,172.29
2218,28234,2023-09-07,Not as described,52.44
2219,28245,2024-06-18,Not as described,63.16
2220,28268,2024-12-08,Not as described,1045.74
2221,28286,2024-09-30,Wrong size/fit,528.64
2222,28312,2023-09-20,Changed mind,150.82
2223,28313,2024-03-30,Defective,438.96
2224,28318,2025-11-29,Not as described,70.2
2225,28335,2025-02-16,Wrong size/fit,1193.34
2226,28357,2023-07-16,Not as described,44.42
2227,28359,2024-02-17,Wrong size/fit,2939.15
2228,28381,2025-07-27,Changed mind,54.08
2229,28392,2025-12-23,Changed mind,246.3
2230,28417,2025-12-08,Not as described,348.44
2231,28426,2024-11-30,Wrong size/fit,61.51
2232,28436,2024-11-02,Defective,684.01
2233,28444,2025-04-06,Damaged in transit,1476.78
2234,28449,2025-07-20,Not as described,980.46
2235,28454,2025-05-29,Not as described,9.04
2236,28472,2025-10-31,Damaged in transit,118.04
2237,28511,2023-05-18,Damaged in transit,74.09
2238,28512,2024-04-28,Changed mind,65.11
2239,28538,2024-11-07,Defective,15.27
2240,28541,2025-06-14,Changed mind,96.98
2241,28564,2025-07-03,Wrong size/fit,21.42
2242,28569,2024-05-19,Not as described,573.05
2243,28577,2025-08-08,Changed mind,1328.83
2244,28592,2025-01-30,Changed mind,116.13
2245,28602,2024-07-05,Changed mind,241.08
2246,28611,2024-07-07,Damaged in transit,145.09
2247,28636,2025-09-05,Changed mind,1917.91
2248,28653,2025-12-21,Wrong size/fit,23.37
2249,28667,2024-01-13,Wrong size/fit,291.31
2250,28696,2023-11-30,Not as described,150.02
2251,28698,2024-09-02,Damaged in transit,29.68
2252,28745,2024-07-03,Wrong size/fit,290.22
2253,28750,2024-11-28,Defective,192.81
2254,28757,2024-09-30,Defective,167.06
2255,28771,2025-09-18,Not as described,45.1
2256,28799,2024-12-02,Changed mind,234.15
2257,28810,2025-04-06,Not as described,150.55
2258,28815,2024-11-15,Damaged in transit,127.61
2259,28823,2024-10-25,Wrong size/fit,631.54
2260,28828,2025-02-23,Wrong size/fit,206.16
2261,28878,2025-05-01,Wrong size/fit,38.34
2262,28886,2025-01-22,Wrong size/fit,91.11
2263,28899,2023-08-21,Wrong size/fit,747.66
2264,28934,2025-10-08,Damaged in transit,52.31
2265,28943,2025-05-13,Changed mind,65.13
2266,28961,2025-11-01,Not as described,63.23
2267,29010,2025-04-19,Wrong size/fit,293.15
2268,29024,2024-09-01,Changed mind,1087.15
2269,29026,2025-08-10,Not as described,35.26
2270,29058,2024-02-28,Not as described,184.92
2271,29075,2025-10-29,Changed mind,771.48
2272,29083,2024-11-25,Changed mind,110.68
2273,29118,2025-10-30,Not as described,115.51
2274,29121,2024-07-22,Not as described,415.39
2275,29129,2024-10-28,Changed mind,272.45
2276,29130,2025-05-05,Damaged in transit,570.24
2277,29150,2025-11-26,Wrong size/fit,314.68
2278,29156,2025-04-14,Defective,501.4
2279,29171,2025-05-26,Damaged in transit,3110.69
2280,29184,2025-05-22,Changed mind,56.54
2281,29188,2025-01-23,Wrong size/fit,146.71
2282,29191,2025-05-29,Not as described,60.91
2283,29207,2025-04-07,Not as described,139.46
2284,29210,2025-06-28,Changed mind,225.02
2285,29241,2025-11-09,Damaged in transit,50.0
2286,29273,2025-10-30,Not as described,625.97
2287,29276,2025-11-27,Wrong size/fit,660.48
2288,29280,2023-08-29,Changed mind,454.46
2289,29283,2024-09-18,Defective,1987.57
2290,29303,2025-10-06,Wrong size/fit,68.34
2291,29314,2025-05-03,Wrong size/fit,104.97
2292,29321,2025-03-26,Not as described,64.96
2293,29323,2025-05-02,Wrong size/fit,388.7
2294,29354,2025-09-27,Changed mind,166.38
2295,29365,2025-12-22,Damaged in transit,186.34
2296,29382,2025-05-27,Wrong size/fit,2355.76
2297,29406,2025-06-25,Changed mind,548.55
2298,29411,2024-03-07,Not as described,435.81
2299,29471,2024-12-11,Wrong size/fit,206.63
2300,29485,2025-12-06,Not as described,457.87
2301,29535,2024-09-11,Not as described,260.58
2302,29541,2025-12-01,Wrong size/fit,285.42
2303,29543,2025-01-20,Wrong size/fit,354.19
2304,29548,2025-02-16,Defective,70.1
2305,29572,2024-12-22,Not as described,411.53
2306,29574,2024-09-29,Damaged in transit,131.71
2307,29584,2024-02-13,Not as described,1142.19
2308,29607,2025-03-18,Wrong size/fit,208.47
2309,29617,2025-12-15,Defective,313.59
2310,29625,2024-12-31,Wrong size/fit,390.48
2311,29676,2025-03-09,Changed mind,41.6
2312,29677,2025-08-23,Wrong size/fit,123.17
2313,29681,2024-08-27,Changed mind,72.72
2314,29689,2025-12-29,Damaged in transit,231.4
2315,29690,2025-08-23,Changed mind,1779.31
2316,29691,2025-06-01,Defective,419.94
2317,29694,2025-11-20,Changed mind,103.44
2318,29703,2023-12-24,Not as described,172.92
2319,29712,2025-05-06,Defective,697.96
2320,29754,2024-10-09,Not as described,140.61
2321,29779,2025-09-30,Defective,281.47
2322,29785,2024-05-11,Wrong size/fit,50.26
2323,29798,2025-07-16,Not as described,3484.54
2324,29804,2024-11-27,Wrong size/fit,250.84
2325,29808,2025-10-17,Damaged in transit,195.93
2326,29809,2025-11-26,Defective,939.61
2327,29810,2025-07-15,Defective,164.4
2328,29813,2025-11-20,Not as described,33.48
2329,29827,2025-11-19,Not as described,218.53
2330,29898,2025-11-04,Not as described,780.37
2331,29906,2025-06-15,Changed mind,89.45
2332,29910,2025-05-12,Damaged in transit,141.84
2333,29936,2025-06-04,Wrong size/fit,1562.32
2334,29962,2025-01-16,Not as described,119.67
2335,29973,2025-07-15,Changed mind,219.97
2336,29981,2024-08-28,Wrong size/fit,369.31
2337,29995,2024-05-11,Defective,148.06
2338,30009,2025-05-25,Not as described,120.86
2339,30017,2025-11-05,Changed mind,64.16
2340,30041,2024-05-27,Damaged in transit,62.1
2341,30052,2024-04-25,Wrong size/fit,50.21
2342,30062,2025-08-09,Changed mind,133.22
2343,30064,2025-01-16,Damaged in transit,733.33
2344,30087,2024-11-01,Damaged in transit,111.85
2345,30105,2025-07-23,Wrong size/fit,1090.57
2346,30128,2023-08-25,Defective,104.08
2348,30152,2025-05-01,Not as described,275.98
2349,30155,2025-06-14,Defective,61.06
2350,30177,2025-03-19,Changed mind,36.93
2351,30195,2025-10-02,Damaged in transit,189.58
2352,30209,2024-10-29,Wrong size/fit,237.44
2353,30217,2024-07-13,Changed mind,189.14
2354,30222,2025-06-14,Changed mind,78.24
2355,30235,2025-01-12,Not as described,159.14
2356,30238,2025-07-20,Wrong size/fit,586.87
2357,30299,2024-03-13,Changed mind,87.57
2358,30304,2024-05-28,Damaged in transit,572.1
2359,30329,2025-08-28,Damaged in transit,398.72
2360,30366,2024-08-18,Not as described,106.76
2361,30380,2025-01-18,Wrong size/fit,100.56
2362,30397,2025-04-18,Not as described,1791.47
2363,30403,2024-10-04,Wrong size/fit,723.46
2364,30409,2025-12-16,Defective,621.8
2365,30411,2025-04-28,Not as described,101.91
2366,30413,2025-10-08,Changed mind,98.04
2367,30432,2025-06-25,Not as described,380.45
2368,30437,2025-09-09,Damaged in transit,48.55
2369,30444,2025-05-10,Not as described,30.89
2370,30476,2025-11-24,Changed mind,3.09
2371,30484,2024-11-15,Wrong size/fit,93.86
2372,30500,2025-11-09,Wrong size/fit,284.35
2373,30510,2025-04-16,Not as described,4617.48
2375,30552,2024-09-07,Changed mind,124.29
2376,30557,2025-04-19,Not as described,420.14
2377,30558,2024-09-09,Not as described,77.08
2378,30561,2024-09-19,Damaged in transit,133.24
2379,30571,2025-04-22,Wrong size/fit,64.47
2380,30580,2024-12-31,Wrong size/fit,776.01
2381,30605,2025-10-02,Not as described,119.93
2382,30606,2025-01-06,Wrong size/fit,780.57
2383,30626,2025-07-29,Not as described,144.85
2384,30629,2025-09-06,Wrong size/fit,1782.36
2385,30632,2023-12-12,Changed mind,127.17
2386,30637,2025-01-19,Damaged in transit,990.09
2387,30643,2025-02-15,Damaged in transit,72.66
2388,30661,2024-04-01,Not as described,257.13
2389,30672,2025-09-02,Wrong size/fit,289.82
2390,30673,2025-08-01,Not as described,683.42
2391,30680,2023-11-25,Changed mind,640.45
2392,30729,2025-12-13,Not as described,1616.95
2393,30746,2025-11-21,Changed mind,77.52
2394,30750,2025-03-23,Wrong size/fit,350.5
2395,30751,2023-11-04,Defective,316.05
2396,30770,2025-02-06,Defective,645.23
2397,30780,2025-11-04,Defective,975.84
2398,30822,2025-05-11,Wrong size/fit,301.9
2399,30831,2025-06-05,Changed mind,1291.06
2400,30840,2023-12-09,Defective,1690.05
2401,30843,2024-10-04,Not as described,112.59
2402,30858,2024-06-30,Wrong size/fit,296.65
2403,30861,2025-11-08,Changed mind,33.56
2404,30873,2024-11-30,Damaged in transit,84.64
2405,30874,2024-04-05,Not as described,52.82
2406,30876,2024-10-11,Not as described,545.22
2407,30883,2025-09-05,Defective,347.91
2408,30893,2025-07-29,Wrong size/fit,75.15
2409,30930,2024-09-13,Defective,343.13
2410,30931,2024-07-26,Not as described,36.4
2411,30941,2025-06-08,Not as described,235.88
2412,30944,2025-11-23,Wrong size/fit,117.7
2413,30962,2025-10-11,Defective,137.32
2414,30967,2024-12-07,Not as described,47.71
2415,30979,2025-11-19,Changed mind,56.78
2416,30983,2025-01-15,Damaged in transit,408.04
2417,30988,2025-10-29,Changed mind,366.21
2418,30989,2025-11-02,Wrong size/fit,140.59
2419,30992,2025-01-25,Changed mind,242.4
2420,31020,2024-10-23,Changed mind,1168.53
2421,31021,2024-12-29,Not as described,170.69
2422,31063,2025-08-09,Changed mind,537.82
2423,31067,2025-09-05,Wrong size/fit,273.38
2424,31076,2025-05-09,Changed mind,220.03
2425,31085,2025-04-07,Damaged in transit,34.44
2426,31102,2025-11-06,Changed mind,74.15
2427,31106,2025-07-26,Not as described,128.61
2428,31111,2025-06-19,Wrong size/fit,37.05
2429,31126,2025-12-25,Not as described,173.03
2430,31136,2025-01-05,Changed mind,272.95
2431,31160,2024-11-18,Changed mind,112.86
2432,31161,2025-08-07,Wrong size/fit,109.91
2433,31179,2024-08-07,Changed mind,29.92
2434,31215,2024-05-24,Changed mind,1263.13
2435,31257,2024-07-15,Not as described,1093.23
2436,31258,2024-06-26,Wrong size/fit,4113.37
2437,31264,2023-11-17,Damaged in transit,56.12
2438,31272,2025-06-05,Wrong size/fit,71.62
2439,31292,2025-01-06,Changed mind,109.46
2440,31321,2024-04-06,Damaged in transit,101.49
2441,31322,2024-03-05,Wrong size/fit,14.86
2442,31370,2024-08-20,Defective,706.9
2443,31372,2025-04-26,Not as described,16.17
2444,31373,2025-08-12,Changed mind,36.53
2445,31381,2025-04-17,Damaged in transit,264.49
2446,31382,2025-07-04,Defective,62.47
2447,31393,2025-03-08,Wrong size/fit,186.86
2448,31424,2024-08-17,Changed mind,566.62
2449,31437,2025-11-16,Wrong size/fit,542.9
2450,31456,2025-06-07,Damaged in transit,266.84
2451,31464,2025-10-05,Damaged in transit,499.56
2452,31472,2025-06-21,Wrong size/fit,696.69
2453,31504,2025-06-06,Damaged in transit,15.8
2454,31518,2025-09-14,Wrong size/fit,31.97
2455,31524,2025-12-12,Defective,765.02
2456,31531,2025-03-30,Wrong size/fit,45.94
2457,31533,2025-07-14,Defective,66.85
2458,31539,2024-11-19,Wrong size/fit,56.06
2459,31556,2025-06-01,Wrong size/fit,223.13
2460,31567,2025-08-06,Changed mind,1391.02
2461,31568,2024-08-13,Damaged in transit,59.12
2462,31575,2025-02-25,Changed mind,1270.4
2463,31588,2025-08-08,Defective,430.13
2464,31600,2025-09-20,Damaged in transit,78.08
2465,31603,2024-10-08,Defective,1472.43
2466,31627,2025-10-02,Changed mind,140.96
2467,31636,2025-11-13,Wrong size/fit,410.66
2468,31642,2025-05-27,Not as described,1964.89
2469,31643,2025-07-02,Not as described,129.21
2470,31649,2025-04-03,Wrong size/fit,29.06
2471,31651,2025-03-02,Changed mind,285.13
2472,31663,2024-05-14,Defective,24.09
2473,31686,2024-08-26,Wrong size/fit,1133.0
2474,31688,2025-09-02,Changed mind,208.34
2475,31714,2025-07-26,Changed mind,67.31
2476,31722,2025-10-20,Changed mind,607.76
2477,31723,2025-06-30,Not as described,185.17
2478,31728,2025-07-01,Wrong size/fit,236.19
2479,31732,2025-10-26,Not as described,252.09
2480,31738,2024-11-25,Changed mind,1651.91
2481,31776,2025-03-28,Changed mind,43.75
2482,31782,2025-12-30,Wrong size/fit,579.4
2483,31784,2025-07-08,Damaged in transit,648.63
2484,31789,2025-10-02,Changed mind,678.4
2485,31803,2025-03-27,Wrong size/fit,55.43
2486,31812,2025-08-08,Changed mind,270.78
2487,31815,2025-05-13,Damaged in transit,193.61
2488,31817,2024-11-14,Changed mind,443.76
2489,31819,2024-11-09,Not as described,56.87
2490,31830,2024-07-21,Changed mind,598.54
2491,31857,2024-05-11,Defective,21.68
2492,31859,2025-09-12,Not as described,552.82
2493,31873,2025-08-24,Defective,237.96
2494,31924,2025-10-30,Changed mind,394.9
2495,31927,2025-08-04,Wrong size/fit,29.18
2496,31943,2024-09-04,Wrong size/fit,238.85
2497,31945,2025-04-24,Changed mind,1491.46
2498,31959,2025-08-12,Not as described,105.58
2499,31964,2024-12-23,Changed mind,163.8
2500,31966,2025-08-27,Changed mind,1145.79
2501,31998,2024-11-11,Defective,183.78
2502,32012,2024-01-28,Wrong size/fit,281.26
2503,32017,2025-03-30,Wrong size/fit,778.36
2504,32026,2024-09-15,Damaged in transit,30.8
2505,32038,2025-08-20,Changed mind,611.5
2506,32043,2025-09-25,Wrong size/fit,76.21
2507,32055,2025-05-06,Wrong size/fit,1151.38
2508,32081,2025-10-10,Not as described,12.92
2509,32122,2024-09-29,Wrong size/fit,414.59
2510,32132,2025-11-11,Defective,36.12
2511,32133,2024-04-22,Wrong size/fit,34.13
2512,32139,2023-06-26,Not as described,413.62
2513,32147,2025-01-13,Not as described,131.62
2514,32153,2024-11-28,Not as described,881.61
2515,32166,2025-07-27,Defective,1038.09
2516,32180,2024-04-26,Not as described,39.13
2517,32222,2025-05-18,Defective,1323.48
2518,32238,2024-09-26,Defective,132.73
2519,32239,2024-10-20,Changed mind,111.77
2520,32246,2025-03-13,Wrong size/fit,31.52
2521,32248,2024-10-30,Wrong size/fit,291.6
2522,32291,2025-10-30,Changed mind,149.86
2523,32318,2025-04-11,Wrong size/fit,669.4
2524,32326,2024-09-10,Not as described,107.71
2525,32340,2024-03-12,Wrong size/fit,138.5
2526,32341,2024-02-01,Changed mind,701.56
2527,32345,2025-09-22,Not as described,129.0
2528,32354,2025-03-15,Wrong size/fit,661.39
2529,32378,2025-07-26,Wrong size/fit,198.67
2530,32390,2025-09-19,Wrong size/fit,2696.55
2531,32396,2025-07-26,Defective,128.87
2532,32397,2025-09-17,Not as described,956.63
2533,32408,2025-05-14,Not as described,396.73
2534,32420,2025-08-23,Not as described,70.18
2535,32427,2025-12-22,Wrong size/fit,347.56
2536,32439,2025-08-22,Changed mind,279.28
2537,32441,2025-06-06,Wrong size/fit,156.85
2538,32471,2025-09-29,Wrong size/fit,141.15
2539,32495,2025-03-23,Damaged in transit,914.43
2540,32518,2024-08-03,Not as described,143.43
2541,32539,2025-10-21,Changed mind,188.44
2542,32543,2024-10-11,Not as described,169.39
2543,32546,2025-01-08,Defective,404.44
2544,32556,2025-12-12,Damaged in transit,32.16
2545,32559,2025-11-24,Changed mind,61.26
2546,32580,2024-07-14,Not as described,1512.91
2547,32590,2024-08-09,Not as described,849.06
2548,32593,2024-11-04,Not as described,1366.02
2549,32596,2025-11-11,Wrong size/fit,229.98
2550,32600,2024-11-20,Damaged in transit,380.95
2551,32616,2025-09-02,Defective,9.81
2552,32637,2025-10-13,Not as described,248.38
2553,32654,2024-10-25,Not as described,37.65
2554,32659,2024-10-05,Wrong size/fit,38.76
2555,32660,2024-10-13,Wrong size/fit,231.33
2556,32675,2024-07-11,Defective,57.3
2557,32697,2024-05-20,Damaged in transit,49.02
2558,32701,2024-10-27,Changed mind,27.7
2559,32731,2025-02-03,Damaged in transit,167.58
2560,32732,2025-08-06,Changed mind,683.89
2561,32733,2024-07-30,Not as described,129.35
2562,32740,2024-08-22,Wrong size/fit,633.23
2563,32743,2025-11-07,Changed mind,73.31
2564,32760,2025-02-17,Damaged in transit,58.39
2565,32775,2025-06-11,Wrong size/fit,564.11
2566,32782,2024-03-31,Not as described,908.43
2567,32856,2025-11-17,Not as described,115.06
2568,32886,2025-08-09,Wrong size/fit,29.99
2569,32894,2025-08-15,Defective,459.28
2570,32923,2024-05-13,Wrong size/fit,132.67
2571,32951,2025-04-16,Wrong size/fit,280.64
2572,32993,2025-03-12,Not as described,220.08
2573,33087,2024-05-31,Changed mind,6345.85
2574,33090,2025-09-27,Defective,282.44
2575,33097,2025-07-15,Damaged in transit,199.64
2576,33098,2024-05-26,Not as described,108.63
2577,33133,2025-05-29,Wrong size/fit,1672.1
2578,33167,2024-07-01,Defective,119.55
2579,33168,2024-01-30,Not as described,29.22
2580,33171,2025-10-05,Not as described,212.88
2581,33182,2025-06-17,Changed mind,178.21
2582,33190,2024-12-28,Wrong size/fit,27.29
2583,33198,2025-11-22,Not as described,1170.49
2584,33203,2024-05-24,Not as described,340.2
2585,33214,2024-10-10,Changed mind,88.44
2586,33219,2025-08-08,Defective,51.6
2587,33229,2025-01-13,Changed mind,14.33
2588,33239,2025-08-05,Changed mind,677.52
2589,33247,2023-10-23,Wrong size/fit,104.56
2590,33249,2024-12-30,Damaged in transit,261.47
2591,33278,2025-10-30,Changed mind,69.46
2592,33292,2025-12-08,Damaged in transit,90.27
2593,33300,2025-08-05,Changed mind,796.81
2594,33306,2025-09-14,Damaged in transit,66.62
2595,33328,2024-04-14,Wrong size/fit,75.63
2596,33352,2025-12-09,Not as described,386.02
2597,33359,2025-08-16,Wrong size/fit,85.88
2598,33363,2025-02-13,Wrong size/fit,11.99
2599,33381,2025-07-18,Changed mind,15.33
2600,33397,2024-06-24,Wrong size/fit,2253.62
2601,33398,2024-03-15,Not as described,28.19
2602,33428,2024-07-29,Defective,217.52
2603,33438,2024-12-02,Defective,97.75
2604,33442,2024-10-29,Not as described,351.67
2605,33447,2024-09-27,Defective,53.51
2606,33455,2024-02-23,Wrong size/fit,2225.03
2607,33490,2024-05-29,Wrong size/fit,693.49
2608,33505,2025-06-16,Defective,168.03
2609,33509,2025-04-10,Wrong size/fit,2276.5
2610,33537,2025-06-08,Wrong size/fit,766.83
2611,33562,2024-12-27,Not as described,384.74
2612,33572,2024-05-13,Wrong size/fit,113.39
2613,33573,2025-12-10,Changed mind,88.12
2614,33577,2024-06-19,Wrong size/fit,1019.78
2615,33578,2024-11-26,Defective,68.54
2616,33583,2025-12-26,Wrong size/fit,662.77
2617,33610,2025-06-16,Defective,74.55
2618,33618,2024-05-09,Defective,33.13
2619,33619,2025-04-07,Wrong size/fit,248.57
2620,33667,2025-07-25,Changed mind,161.35
2621,33677,2025-08-10,Defective,275.89
2622,33697,2024-02-28,Damaged in transit,1587.57
2623,33702,2025-12-08,Changed mind,560.92
2624,33718,2025-08-05,Not as described,98.47
2625,33740,2025-11-08,Wrong size/fit,70.9
2626,33741,2025-07-03,Not as described,422.29
2627,33761,2024-03-25,Wrong size/fit,114.23
2628,33765,2024-09-08,Changed mind,640.3
2629,33788,2025-08-27,Damaged in transit,1813.97
2630,33799,2024-12-31,Changed mind,59.78
2631,33808,2025-12-24,Defective,250.1
2632,33824,2025-03-12,Changed mind,734.38
2633,33834,2025-08-10,Changed mind,364.86
2634,33839,2025-11-17,Wrong size/fit,65.68
2635,33867,2025-10-22,Not as described,674.4
2636,33883,2025-12-27,Defective,98.13
2637,33886,2025-11-04,Damaged in transit,1155.43
2638,33888,2025-04-18,Wrong size/fit,195.7
2639,33899,2024-12-17,Changed mind,411.98
2640,33924,2024-08-24,Not as described,159.51
2641,33952,2023-10-01,Changed mind,491.58
2642,33953,2025-11-10,Wrong size/fit,727.71
2643,33958,2025-11-23,Wrong size/fit,221.62
2644,33987,2024-08-26,Defective,84.9
2645,34000,2025-03-07,Changed mind,663.82
2646,34013,2025-05-10,Changed mind,152.08
2647,34026,2024-12-06,Not as described,54.59
2648,34038,2025-04-03,Defective,9.52
2649,34060,2025-07-07,Wrong size/fit,261.31
2650,34092,2025-06-17,Wrong size/fit,2147.3
2651,34106,2024-02-02,Not as described,64.22
2652,34122,2024-11-05,Defective,140.01
2653,34134,2025-01-26,Changed mind,15.56
2654,34137,2024-11-12,Wrong size/fit,38.12
2655,34156,2025-09-11,Damaged in transit,851.84
2656,34158,2025-09-11,Changed mind,391.34
2657,34167,2025-07-19,Not as described,775.34
2658,34236,2025-07-13,Wrong size/fit,99.06
2659,34245,2025-12-13,Changed mind,114.33
2660,34250,2025-08-08,Wrong size/fit,377.11
2661,34290,2024-11-20,Defective,302.19
2662,34298,2024-05-17,Wrong size/fit,243.59
2663,34299,2025-11-11,Changed mind,231.36
2664,34321,2025-07-05,Defective,163.19
2665,34344,2025-08-15,Changed mind,440.75
2666,34365,2025-07-29,Not as described,266.24
2667,34376,2025-04-06,Not as described,289.4
2668,34398,2025-07-12,Wrong size/fit,333.48
2669,34414,2025-09-14,Damaged in transit,409.57
2670,34415,2025-02-12,Changed mind,709.96
2671,34462,2025-11-20,Changed mind,238.0
2672,34479,2025-10-02,Wrong size/fit,468.75
2673,34501,2025-12-22,Not as described,432.68
2674,34517,2025-11-11,Damaged in transit,72.37
2675,34519,2025-07-15,Not as described,100.98
2676,34523,2025-07-29,Defective,179.48
2677,34531,2025-12-18,Changed mind,365.74
2678,34535,2025-05-02,Wrong size/fit,638.16
2679,34573,2025-09-17,Not as described,403.82
2680,34580,2025-11-04,Wrong size/fit,116.71
2681,34592,2024-08-17,Wrong size/fit,41.23
2682,34606,2024-12-17,Wrong size/fit,613.91
2683,34642,2025-11-07,Wrong size/fit,233.33
2684,34662,2024-11-02,Changed mind,220.35
2685,34665,2024-11-29,Changed mind,147.56
2686,34670,2023-10-24,Wrong size/fit,104.74
2687,34701,2025-07-28,Damaged in transit,466.27
2688,34719,2024-10-13,Wrong size/fit,1116.31
2689,34729,2025-08-09,Not as described,72.25
2690,34735,2025-07-15,Wrong size/fit,61.35
2691,34744,2024-12-14,Wrong size/fit,422.41
2692,34752,2025-06-19,Wrong size/fit,114.56
2693,34759,2025-04-18,Defective,162.18
2694,34763,2024-05-25,Damaged in transit,1539.27
2695,34764,2025-01-13,Changed mind,441.09
2696,34775,2024-06-10,Defective,348.13
2697,34797,2025-11-30,Wrong size/fit,40.48
2698,34802,2025-08-17,Changed mind,321.66
2699,34822,2025-04-25,Not as described,23.77
2700,34828,2025-05-29,Wrong size/fit,15.22
2701,34836,2024-09-22,Damaged in transit,71.72
2702,34840,2025-12-17,Not as described,154.63
2703,34853,2025-10-23,Wrong size/fit,232.12
2704,34856,2025-12-30,Changed mind,202.76
2705,34860,2024-09-19,Not as described,15.0
2706,34880,2025-11-04,Defective,307.88
2707,34903,2024-12-07,Not as described,23.05
2708,34913,2025-12-21,Changed mind,158.9
2709,34921,2025-04-19,Changed mind,461.79
2710,34943,2025-07-25,Wrong size/fit,56.76
2711,34963,2025-11-08,Not as described,208.25
2712,34975,2024-11-05,Defective,569.64
2713,34981,2024-11-02,Wrong size/fit,387.13
2714,34995,2025-01-06,Defective,313.77
2715,35000,2025-02-20,Wrong size/fit,98.94
2716,35007,2025-05-05,Changed mind,15.06
2717,35035,2023-10-02,Damaged in transit,388.04
2718,35060,2025-11-22,Damaged in transit,419.91
2719,35063,2024-05-20,Defective,858.02
2720,35066,2025-01-02,Wrong size/fit,146.38
2721,35083,2025-02-04,Not as described,149.53
2722,35105,2025-09-10,Wrong size/fit,233.94
2723,35146,2025-07-24,Damaged in transit,144.82
2724,35150,2025-12-06,Changed mind,59.02
2725,35153,2025-11-25,Defective,67.97
2726,35175,2025-01-16,Changed mind,155.72
2727,35205,2024-12-18,Not as described,261.05
2728,35216,2025-10-21,Not as described,228.12
2729,35222,2025-07-25,Wrong size/fit,198.18
2730,35228,2025-08-10,Not as described,242.13
2731,35238,2024-12-17,Defective,111.9
2732,35242,2025-10-22,Changed mind,24.37
2733,35248,2024-07-18,Wrong size/fit,945.63
2734,35256,2025-09-12,Damaged in transit,38.35
2735,35260,2025-02-19,Wrong size/fit,875.41
2736,35294,2025-09-24,Wrong size/fit,15.28
2737,35309,2023-12-27,Not as described,1342.47
2738,35312,2025-11-13,Wrong size/fit,32.9
2739,35319,2025-07-29,Defective,456.33
2740,35322,2025-10-12,Damaged in transit,34.96
2741,35329,2024-12-01,Wrong size/fit,1238.61
2742,35377,2025-04-01,Not as described,328.97
2743,35454,2024-08-02,Changed mind,556.7
2744,35458,2024-11-22,Wrong size/fit,45.98
2745,35461,2024-12-13,Changed mind,376.65
2746,35487,2025-11-23,Wrong size/fit,121.68
2747,35489,2025-11-09,Defective,454.54
2748,35499,2025-08-12,Wrong size/fit,542.94
2749,35504,2025-10-03,Changed mind,255.46
2750,35513,2024-11-19,Not as described,291.78
2751,35529,2025-12-22,Changed mind,722.77
2752,35530,2025-11-28,Wrong size/fit,192.65
2753,35532,2025-12-13,Wrong size/fit,89.08
2754,35555,2024-07-31,Changed mind,95.71
2755,35557,2025-06-20,Damaged in transit,135.68
2756,35584,2025-12-26,Wrong size/fit,344.1
2757,35624,2025-09-20,Defective,87.07
2758,35669,2025-07-08,Wrong size/fit,70.18
2759,35680,2025-02-03,Wrong size/fit,419.8
2760,35701,2025-09-19,Not as described,110.52
2761,35722,2025-09-02,Damaged in transit,30.76
2762,35723,2024-05-20,Not as described,82.4
2763,35726,2025-03-08,Wrong size/fit,14.68
2764,35739,2025-05-26,Defective,214.53
2765,35746,2025-11-07,Defective,111.62
2766,35755,2025-04-12,Damaged in transit,478.7
2767,35760,2025-10-22,Wrong size/fit,241.19
2768,35892,2024-05-05,Defective,465.17
2769,35900,2025-09-21,Wrong size/fit,30.78
2770,35910,2025-08-31,Defective,111.01
2771,35935,2024-07-17,Damaged in transit,92.87
2772,35940,2025-10-27,Damaged in transit,149.82
2773,35944,2025-07-10,Not as described,42.86
2774,35954,2023-11-25,Damaged in transit,251.85
2775,35961,2025-11-23,Changed mind,50.52
2776,36003,2023-12-10,Damaged in transit,471.22
2777,36008,2025-12-30,Changed mind,80.96
2778,36021,2025-05-07,Wrong size/fit,105.15
2779,36038,2024-08-17,Changed mind,730.08
2780,36048,2025-10-11,Damaged in transit,606.73
2781,36074,2025-11-30,Wrong size/fit,41.82
2782,36115,2025-06-11,Changed mind,1475.5
2783,36116,2025-09-03,Changed mind,49.1
2784,36132,2025-06-12,Changed mind,58.52
2785,36139,2025-01-25,Damaged in transit,165.83
2786,36151,2024-06-16,Changed mind,270.68
2787,36175,2025-04-29,Wrong size/fit,31.65
2788,36186,2025-01-25,Wrong size/fit,74.44
2789,36192,2025-05-23,Defective,155.32
2790,36197,2025-04-21,Wrong size/fit,100.73
2791,36201,2025-08-18,Wrong size/fit,108.27
2792,36218,2024-08-11,Not as described,193.49
2793,36231,2025-04-02,Defective,132.48
2794,36237,2025-02-19,Damaged in transit,319.5
2795,36284,2024-11-20,Changed mind,340.3
2796,36318,2025-08-23,Wrong size/fit,147.24
2797,36333,2024-11-26,Changed mind,1163.85
2798,36384,2025-02-16,Wrong size/fit,157.25
2799,36413,2025-11-20,Defective,533.71
2800,36421,2023-11-19,Wrong size/fit,193.45
2801,36487,2024-12-12,Damaged in transit,368.8
2802,36507,2024-12-06,Defective,263.42
2803,36512,2025-07-10,Changed mind,327.25
2804,36513,2024-07-07,Not as described,292.59
2805,36522,2025-12-21,Changed mind,180.14
2806,36539,2024-07-10,Changed mind,2040.74
2807,36570,2025-01-02,Defective,293.94
2808,36586,2025-12-11,Wrong size/fit,1760.02
2809,36589,2025-11-18,Damaged in transit,70.1
2810,36600,2025-11-23,Changed mind,59.68
2811,36609,2024-09-21,Defective,1283.13
2812,36618,2024-12-09,Damaged in transit,2958.55
2813,36619,2024-11-22,Not as described,4438.18
2814,36626,2025-04-26,Changed mind,216.52
2815,36633,2024-05-18,Wrong size/fit,251.98
2816,36644,2025-04-15,Wrong size/fit,317.42
2817,36645,2025-05-06,Defective,299.59
2818,36671,2025-11-13,Changed mind,392.96
2819,36674,2025-07-26,Wrong size/fit,130.84
2820,36679,2023-07-13,Changed mind,67.54
2821,36710,2024-09-06,Damaged in transit,154.69
2822,36715,2025-03-08,Not as described,293.11
2823,36717,2025-07-13,Damaged in transit,157.29
2824,36733,2023-09-14,Wrong size/fit,187.53
2825,36782,2025-03-11,Defective,1918.63
2826,36794,2025-07-11,Not as described,603.55
2827,36804,2023-09-14,Changed mind,370.79
2828,36812,2025-09-16,Wrong size/fit,68.94
2829,36819,2025-10-26,Changed mind,25.44
2830,36822,2025-10-04,Damaged in transit,121.54
2831,36828,2024-05-17,Wrong size/fit,112.13
2832,36880,2025-01-07,Wrong size/fit,443.7
2833,36905,2024-11-07,Defective,42.49
2834,36926,2025-08-02,Not as described,159.31
2835,36967,2024-09-25,Not as described,459.2
2836,36974,2024-10-19,Not as described,204.42
2837,36978,2025-01-22,Not as described,202.82
2838,36993,2024-05-08,Damaged in transit,148.75
2839,37004,2023-06-15,Damaged in transit,386.82
2840,37011,2025-10-20,Wrong size/fit,1736.2
2841,37020,2025-05-05,Defective,44.85
2842,37032,2024-04-08,Changed mind,118.77
2843,37049,2025-05-20,Wrong size/fit,115.08
2844,37125,2024-12-29,Damaged in transit,223.58
2845,37131,2025-07-05,Defective,514.41
2846,37132,2025-08-24,Not as described,115.83
2847,37141,2025-11-03,Damaged in transit,534.56
2848,37146,2025-01-28,Not as described,338.85
2849,37152,2024-11-27,Not as described,35.34
2850,37165,2025-07-15,Changed mind,151.33
2851,37167,2025-05-27,Not as described,14.6
2852,37177,2024-09-10,Changed mind,27.96
2853,37223,2025-06-08,Wrong size/fit,676.25
2854,37234,2025-06-14,Damaged in transit,133.7
2855,37235,2025-08-12,Defective,3006.67
2856,37238,2024-04-17,Changed mind,223.46
2857,37259,2025-10-28,Wrong size/fit,393.83
2858,37262,2025-11-12,Damaged in transit,36.96
2859,37301,2024-03-20,Defective,1948.56
2860,37328,2024-11-09,Not as described,626.81
2861,37336,2024-03-25,Changed mind,76.34
2862,37356,2025-09-07,Wrong size/fit,12.95
2863,37358,2025-04-18,Defective,235.88
2864,37388,2025-04-18,Not as described,410.11
2865,37410,2024-05-20,Changed mind,236.56
2866,37411,2025-01-28,Not as described,100.5
2867,37414,2024-11-01,Defective,48.21
2868,37415,2023-07-12,Changed mind,158.95
2869,37441,2024-10-04,Wrong size/fit,1624.02
2870,37447,2025-01-25,Defective,243.1
2871,37448,2025-12-21,Wrong size/fit,92.35
2872,37470,2025-08-21,Not as described,156.07
2873,37503,2024-09-28,Wrong size/fit,104.47
2874,37508,2024-07-11,Changed mind,85.49
2875,37523,2025-10-26,Defective,70.47
2876,37585,2025-10-23,Wrong size/fit,1025.1
2877,37593,2024-12-15,Wrong size/fit,31.65
2878,37610,2025-12-02,Wrong size/fit,44.92
2879,37622,2025-03-29,Wrong size/fit,346.97
2880,37630,2025-03-20,Wrong size/fit,67.38
2881,37640,2025-09-19,Changed mind,33.39
2882,37648,2025-12-26,Not as described,52.96
2883,37649,2025-10-17,Defective,683.2
2884,37660,2025-04-17,Wrong size/fit,94.79
2885,37666,2025-12-26,Defective,34.35
2886,37675,2025-08-29,Wrong size/fit,2357.35
2887,37681,2025-06-11,Changed mind,38.88
2888,37707,2025-08-04,Wrong size/fit,100.32
2889,37716,2025-05-04,Not as described,281.34
2890,37728,2025-10-07,Not as described,495.64
2891,37746,2024-12-29,Wrong size/fit,460.25
2892,37750,2025-06-25,Wrong size/fit,104.79
2893,37752,2025-11-10,Defective,13.92
2894,37753,2025-12-04,Wrong size/fit,16.63
2895,37780,2025-08-03,Changed mind,5669.2
2896,37781,2025-04-16,Wrong size/fit,144.62
2897,37784,2025-06-19,Changed mind,1076.96
2898,37794,2025-12-23,Wrong size/fit,712.98
2899,37804,2025-11-13,Damaged in transit,106.73
2900,37805,2025-03-20,Defective,754.43
2901,37811,2024-12-20,Defective,323.4
2902,37848,2025-07-31,Changed mind,45.23
2903,37849,2024-11-02,Wrong size/fit,155.49
2904,37852,2024-08-10,Damaged in transit,2014.15
2905,37858,2024-08-05,Changed mind,69.94
2906,37882,2025-10-02,Defective,563.81
2907,37886,2025-02-21,Changed mind,277.26
2908,37894,2025-10-27,Changed mind,118.7
2909,37912,2024-10-13,Not as described,399.66
2910,37916,2024-01-01,Wrong size/fit,96.45
2911,37942,2025-10-05,Wrong size/fit,139.15
2912,37946,2024-10-28,Defective,7280.89
2913,37951,2025-07-08,Defective,148.68
2914,37987,2025-03-24,Changed mind,298.62
2915,37991,2025-04-19,Not as described,122.84
2916,38035,2024-12-20,Not as described,1453.33
2917,38039,2025-12-28,Not as described,1380.36
2918,38043,2024-10-14,Changed mind,66.01
2919,38076,2025-07-29,Damaged in transit,287.56
2920,38079,2025-02-21,Wrong size/fit,561.96
2921,38088,2025-02-18,Wrong size/fit,29.88
2922,38110,2025-11-20,Wrong size/fit,568.38
2923,38111,2025-10-01,Wrong size/fit,67.82
2924,38113,2023-12-06,Damaged in transit,414.92
2925,38118,2025-09-20,Wrong size/fit,44.52
2926,38129,2024-10-22,Changed mind,267.73
2927,38141,2024-09-07,Changed mind,142.52
2928,38146,2025-11-17,Damaged in transit,91.6
2929,38150,2025-12-21,Changed mind,1004.64
2930,38153,2025-12-24,Wrong size/fit,681.68
2931,38169,2025-10-28,Changed mind,132.94
2932,38181,2024-06-11,Not as described,334.69
2933,38186,2025-10-19,Not as described,34.37
2934,38190,2025-12-16,Not as described,87.53
2935,38193,2025-11-16,Wrong size/fit,3864.91
2936,38225,2025-07-30,Changed mind,282.64
2937,38228,2024-10-30,Not as described,347.21
2938,38243,2025-06-08,Changed mind,261.17
2939,38268,2025-01-22,Not as described,256.76
2940,38282,2024-06-25,Wrong size/fit,115.08
2941,38290,2025-06-21,Defective,245.23
2942,38291,2025-01-20,Wrong size/fit,167.98
2943,38308,2024-12-18,Changed mind,240.65
2944,38325,2025-05-03,Not as described,303.93
2945,38333,2025-09-30,Changed mind,162.91
2946,38337,2025-01-25,Defective,240.4
2947,38365,2025-08-14,Wrong size/fit,14.93
2948,38371,2025-07-19,Damaged in transit,410.6
2949,38390,2025-04-26,Changed mind,1159.5
2950,38393,2024-02-21,Not as described,56.17
2951,38432,2024-04-12,Wrong size/fit,44.92
2952,38461,2025-09-29,Wrong size/fit,2419.73
2953,38472,2024-10-20,Wrong size/fit,174.78
2954,38481,2025-02-08,Changed mind,1384.42
2955,38483,2025-01-14,Changed mind,722.18
2956,38491,2025-10-13,Changed mind,304.81
2957,38523,2025-06-16,Changed mind,251.6
2958,38543,2025-08-27,Damaged in transit,1459.61
2959,38594,2025-02-07,Not as described,841.41
2960,38607,2025-08-14,Damaged in transit,245.04
2961,38641,2024-10-01,Changed mind,148.81
2962,38654,2024-12-30,Not as described,124.84
2963,38665,2025-12-12,Not as described,216.46
2964,38677,2025-12-17,Changed mind,49.1
2965,38692,2025-11-24,Not as described,184.46
2966,38696,2025-07-06,Changed mind,624.27
2967,38698,2024-12-09,Not as described,388.02
2968,38700,2025-10-13,Changed mind,728.42
2969,38703,2024-09-06,Not as described,29.78
2970,38722,2025-11-05,Changed mind,30.63
2971,38732,2025-11-10,Changed mind,222.7
2972,38766,2025-08-31,Not as described,298.71
2973,38774,2025-08-15,Wrong size/fit,317.15
2974,38792,2024-12-27,Not as described,131.13
2975,38796,2025-11-24,Defective,128.29
2976,38800,2025-06-18,Wrong size/fit,308.19
2977,38804,2024-02-02,Changed mind,144.05
2978,38812,2024-12-05,Changed mind,116.1
2979,38829,2025-08-22,Damaged in transit,380.4
2980,38852,2024-11-19,Wrong size/fit,1135.45
2981,38857,2025-12-26,Wrong size/fit,997.97
2982,38873,2024-08-29,Changed mind,472.23
2983,38878,2023-11-18,Wrong size/fit,656.98
2984,38889,2025-12-17,Wrong size/fit,286.44
2985,38905,2024-10-02,Damaged in transit,215.33
2986,38910,2025-02-26,Defective,42.02
2987,38925,2024-01-29,Damaged in transit,650.21
2988,38930,2024-06-04,Not as described,81.24
2989,38935,2025-07-14,Defective,40.2
2990,38944,2025-01-20,Defective,113.54
2991,38952,2025-12-23,Defective,191.44
2992,38964,2023-09-05,Wrong size/fit,225.39
2993,38966,2025-04-01,Defective,194.08
2994,38970,2025-05-27,Not as described,1531.54
2995,38972,2024-11-22,Changed mind,350.21
2996,38974,2024-09-24,Wrong size/fit,699.13
2997,39015,2025-01-31,Defective,77.53
2998,39020,2025-10-19,Changed mind,232.21
2999,39024,2025-10-04,Wrong size/fit,869.41
3000,39025,2025-07-06,Not as described,127.24
3001,39032,2024-09-10,Changed mind,1676.89
3002,39052,2025-12-04,Wrong size/fit,643.59
3003,39057,2025-10-24,Not as described,22.08
3004,39086,2024-01-19,Defective,940.08
3005,39098,2025-08-19,Wrong size/fit,53.62
3006,39102,2024-02-11,Defective,5856.53
3007,39106,2024-04-18,Not as described,5830.69
3008,39131,2025-05-05,Defective,104.05
3009,39133,2025-04-04,Not as described,55.88
3010,39154,2024-07-02,Defective,39.97
3011,39162,2024-11-13,Defective,31.61
3012,39180,2025-02-02,Wrong size/fit,256.77
3013,39193,2025-12-23,Wrong size/fit,2916.87
3014,39200,2025-05-22,Not as described,563.84
3015,39204,2025-10-30,Wrong size/fit,74.38
3016,39208,2025-01-22,Changed mind,227.0
3017,39212,2025-07-11,Wrong size/fit,61.41
3018,39231,2025-12-22,Not as described,1334.94
3019,39252,2025-08-09,Damaged in transit,1687.0
3020,39258,2025-07-13,Changed mind,88.95
3021,39278,2025-05-07,Not as described,53.07
3022,39301,2025-08-13,Defective,53.7
3023,39322,2025-06-22,Wrong size/fit,772.28
3024,39333,2025-11-28,Damaged in transit,252.41
3025,39344,2025-08-06,Not as described,290.66
3026,39349,2025-12-30,Not as described,116.23
3027,39361,2025-10-17,Damaged in transit,727.96
3028,39366,2025-11-12,Wrong size/fit,199.94
3029,39372,2025-09-25,Changed mind,115.29
3030,39387,2024-08-30,Changed mind,807.21
3031,39398,2025-05-05,Changed mind,97.42
3032,39403,2025-01-29,Changed mind,380.36
3033,39404,2024-06-12,Not as described,201.52
3034,39415,2024-12-30,Defective,136.37
3035,39422,2025-12-16,Wrong size/fit,70.53
3036,39427,2024-03-30,Changed mind,104.47
3037,39439,2025-11-05,Not as described,377.36
3038,39461,2025-03-12,Defective,426.46
3039,39492,2025-03-09,Changed mind,1093.44
3040,39499,2024-10-29,Changed mind,231.69
3041,39500,2023-12-04,Wrong size/fit,110.73
3042,39502,2023-11-29,Damaged in transit,118.77
3043,39508,2024-07-21,Wrong size/fit,103.06
3044,39523,2025-12-14,Changed mind,110.0
3045,39539,2025-02-03,Defective,309.34
3046,39573,2025-07-28,Not as described,115.69
3047,39600,2025-10-02,Not as described,42.41
3048,39627,2024-03-14,Changed mind,151.55
3049,39677,2025-03-01,Changed mind,103.58
3050,39684,2025-12-27,Defective,123.83
3051,39694,2024-10-24,Not as described,7630.1
3052,39700,2024-06-03,Wrong size/fit,156.04
3053,39717,2025-03-11,Changed mind,546.83
3054,39750,2025-09-09,Damaged in transit,346.61
3055,39754,2025-11-25,Wrong size/fit,294.62
3056,39757,2025-09-15,Changed mind,409.25
3057,39759,2025-10-16,Not as described,80.19
3058,39760,2024-04-10,Wrong size/fit,120.92
3059,39763,2024-12-18,Wrong size/fit,37.4
3060,39797,2025-04-09,Defective,285.64
3061,39798,2025-01-06,Defective,87.47
3062,39818,2025-10-15,Damaged in transit,202.01
3063,39833,2025-11-15,Not as described,295.36
3064,39872,2025-06-23,Wrong size/fit,398.56
3065,39878,2025-09-08,Changed mind,1316.37
3066,39882,2025-06-22,Wrong size/fit,2647.32
3067,39888,2024-12-30,Defective,1091.01
3068,39894,2025-04-06,Not as described,194.31
3069,39900,2024-06-08,Not as described,124.08
3070,39917,2025-07-12,Changed mind,48.8
3071,39936,2024-06-30,Defective,126.44
3072,39980,2025-08-02,Damaged in transit,121.77
3073,39987,2025-11-18,Defective,233.07
3074,39993,2024-04-28,Wrong size/fit,381.92
3075,40001,2025-01-26,Wrong size/fit,184.63
3076,40027,2024-02-18,Not as described,1317.48
3077,40028,2025-08-02,Damaged in transit,67.85
3078,40036,2025-03-13,Wrong size/fit,467.82
3079,40043,2025-04-05,Defective,131.9
3080,40046,2023-10-03,Wrong size/fit,61.51
3081,40060,2025-05-24,Changed mind,352.89
3082,40061,2025-09-15,Wrong size/fit,270.61
3083,40073,2025-09-14,Changed mind,758.74
3084,40082,2025-05-20,Changed mind,107.15
3085,40086,2025-08-11,Wrong size/fit,1261.06
3086,40112,2025-12-19,Not as described,242.53
3087,40113,2025-07-17,Changed mind,86.54
3088,40122,2025-09-29,Wrong size/fit,236.34
3089,40126,2025-11-14,Wrong size/fit,1155.11
3090,40129,2025-07-07,Defective,109.38
3091,40146,2024-07-11,Not as described,34.35
3092,40174,2025-01-17,Not as described,81.24
3093,40191,2025-07-18,Defective,107.54
3094,40210,2025-11-30,Changed mind,528.21
3095,40216,2025-10-21,Not as described,629.75
3096,40222,2025-10-23,Changed mind,125.14
3097,40240,2025-07-14,Defective,151.27
3098,40246,2024-08-27,Changed mind,149.54
3099,40247,2025-05-02,Wrong size/fit,148.24
3100,40248,2025-11-19,Damaged in transit,298.3
3101,40249,2025-11-09,Defective,166.22
3102,40266,2025-08-09,Damaged in transit,30.76
3103,40272,2025-05-29,Not as described,65.54
3104,40279,2025-08-22,Changed mind,228.57
3105,40293,2025-07-08,Damaged in transit,77.65
3106,40294,2025-05-18,Defective,736.57
3107,40324,2025-06-15,Defective,158.2
3108,40353,2025-05-12,Defective,60.24
3109,40354,2025-11-24,Not as described,63.55
3111,40383,2024-11-21,Wrong size/fit,253.6
3112,40393,2025-12-11,Changed mind,27.8
3113,40399,2025-09-18,Not as described,356.28
3114,40413,2024-08-08,Wrong size/fit,27.49
3115,40419,2024-05-11,Not as described,127.64
3116,40435,2025-09-05,Wrong size/fit,58.96
3117,40441,2025-10-21,Defective,118.78
3118,40490,2024-06-13,Changed mind,305.72
3119,40502,2024-08-03,Not as described,1650.57
3120,40512,2025-07-22,Not as described,294.64
3121,40557,2025-12-27,Wrong size/fit,136.38
3122,40560,2025-09-01,Not as described,29.93
3123,40561,2025-01-24,Changed mind,123.84
3124,40572,2025-11-08,Wrong size/fit,327.98
3125,40573,2025-01-29,Changed mind,287.9
3126,40580,2025-11-02,Wrong size/fit,40.61
3127,40607,2025-08-06,Not as described,754.08
3128,40624,2025-05-11,Changed mind,362.77
3129,40655,2025-11-20,Not as described,269.99
3130,40659,2024-02-21,Not as described,47.77
3131,40695,2024-09-24,Wrong size/fit,123.51
3132,40719,2025-12-17,Not as described,1008.91
3133,40721,2025-12-31,Wrong size/fit,115.95
3134,40735,2025-04-21,Changed mind,265.04
3135,40738,2024-09-10,Changed mind,228.06
3136,40752,2024-03-08,Damaged in transit,150.83
3137,40755,2024-08-22,Damaged in transit,419.84
3138,40777,2025-10-05,Not as described,3438.7
3139,40780,2025-08-27,Wrong size/fit,925.8
3140,40782,2024-11-19,Damaged in transit,2769.12
3141,40842,2025-12-31,Changed mind,212.48
3142,40864,2024-09-03,Changed mind,82.37
3143,40865,2024-05-30,Defective,40.24
3144,40877,2025-06-23,Not as described,1778.07
3145,40885,2025-02-07,Not as described,66.08
3146,40888,2024-08-22,Changed mind,56.09
3147,40889,2024-11-25,Not as described,186.89
3148,40911,2025-12-16,Damaged in transit,63.76
3149,40914,2025-09-27,Wrong size/fit,331.88
3150,40928,2025-06-09,Changed mind,1186.56
3151,40936,2025-11-29,Damaged in transit,114.89
3152,40941,2023-10-17,Damaged in transit,365.37
3153,40964,2024-09-27,Wrong size/fit,277.02
3154,40972,2024-09-18,Defective,566.06
3155,40974,2025-02-09,Damaged in transit,216.44
3156,41004,2025-10-07,Not as described,2049.71
3157,41055,2025-10-16,Defective,429.84
3158,41079,2025-12-19,Wrong size/fit,40.93
3159,41081,2025-10-03,Wrong size/fit,532.81
3160,41109,2024-03-23,Changed mind,74.71
3161,41117,2023-12-12,Wrong size/fit,1162.02
3162,41140,2024-03-27,Wrong size/fit,528.4
3163,41146,2025-04-10,Defective,208.09
3164,41148,2024-02-02,Changed mind,1218.54
3165,41153,2025-06-09,Changed mind,75.97
3166,41183,2025-05-07,Defective,330.01
3167,41191,2025-04-29,Wrong size/fit,281.5
3168,41194,2025-06-19,Changed mind,848.74
3169,41229,2025-11-21,Changed mind,130.54
3170,41241,2025-01-14,Damaged in transit,71.62
3171,41267,2025-12-31,Changed mind,102.23
3172,41269,2024-09-25,Changed mind,524.17
3173,41275,2025-01-31,Not as described,116.67
3174,41277,2024-05-04,Damaged in transit,135.92
3175,41281,2025-04-18,Wrong size/fit,532.44
3176,41287,2025-12-29,Not as described,943.14
3177,41291,2025-04-05,Wrong size/fit,109.95
3178,41303,2025-04-05,Damaged in transit,653.61
3179,41330,2025-09-01,Changed mind,1010.05
3180,41336,2025-04-05,Changed mind,49.74
3181,41338,2025-09-16,Not as described,2119.16
3182,41353,2025-04-10,Wrong size/fit,28.12
3183,41370,2024-12-11,Damaged in transit,41.78
3184,41379,2025-01-20,Changed mind,337.86
3185,41391,2025-10-27,Wrong size/fit,1684.75
3186,41395,2024-08-24,Not as described,264.27
3187,41406,2024-05-15,Not as described,213.64
3188,41412,2025-09-30,Defective,267.52
3189,41433,2025-01-11,Changed mind,378.23
3190,41447,2025-09-16,Damaged in transit,39.88
3191,41505,2025-01-21,Defective,675.39
3192,41515,2025-01-12,Damaged in transit,118.84
3193,41525,2025-07-20,Defective,314.59
3194,41531,2025-11-20,Wrong size/fit,204.0
3195,41570,2025-12-21,Changed mind,56.83
3196,41603,2025-09-15,Damaged in transit,3688.36
3197,41604,2025-03-06,Changed mind,115.74
3198,41608,2025-04-08,Wrong size/fit,593.58
3199,41656,2024-06-30,Wrong size/fit,436.77
3200,41659,2025-11-20,Not as described,1811.82
3201,41661,2025-05-24,Changed mind,201.38
3202,41685,2024-12-19,Wrong size/fit,557.59
3203,41690,2025-09-05,Damaged in transit,196.95
3204,41691,2025-10-19,Changed mind,53.82
3205,41708,2025-02-13,Changed mind,544.37
3206,41726,2025-09-01,Changed mind,605.67
3207,41743,2025-12-14,Changed mind,464.33
3208,41745,2025-12-18,Wrong size/fit,229.49
3209,41748,2024-09-21,Defective,1335.17
3210,41752,2025-01-31,Wrong size/fit,337.84
3211,41776,2025-08-04,Changed mind,37.4
3212,41779,2025-03-21,Changed mind,262.98
3213,41803,2025-06-27,Defective,608.47
3214,41826,2024-09-02,Changed mind,519.07
3215,41828,2025-11-09,Not as described,463.53
3216,41836,2024-11-26,Changed mind,123.13
3217,41859,2024-08-01,Wrong size/fit,67.85
3218,41920,2025-12-25,Changed mind,70.32
3219,41928,2025-11-27,Wrong size/fit,188.82
3220,41934,2024-06-13,Wrong size/fit,30.89
3221,41945,2024-12-02,Damaged in transit,160.29
3222,41962,2025-12-15,Wrong size/fit,71.83
3223,41969,2024-10-24,Not as described,371.72
3224,41970,2025-12-24,Damaged in transit,17.86
3225,41973,2025-12-09,Not as described,125.72
3226,41989,2025-06-25,Wrong size/fit,288.3
3227,41994,2025-01-08,Wrong size/fit,365.58
3228,41999,2024-09-19,Changed mind,2291.07
3229,42009,2025-05-23,Wrong size/fit,225.4
3230,42011,2025-04-24,Wrong size/fit,146.28
3231,42016,2025-12-21,Not as described,30.07
3232,42033,2025-06-22,Wrong size/fit,310.44
3233,42042,2024-11-15,Changed mind,139.23
3234,42043,2024-01-29,Wrong size/fit,319.68
3235,42047,2025-10-04,Wrong size/fit,1038.22
3236,42085,2024-03-19,Changed mind,702.19
3237,42099,2025-07-28,Wrong size/fit,685.78
3238,42105,2025-08-24,Damaged in transit,286.45
3239,42132,2024-10-31,Changed mind,202.36
3240,42143,2025-01-05,Changed mind,48.8
3241,42155,2025-01-13,Changed mind,189.58
3242,42159,2024-06-22,Wrong size/fit,271.98
3243,42169,2025-03-02,Not as described,33.73
3244,42180,2024-04-01,Defective,309.8
3245,42204,2024-09-20,Wrong size/fit,67.21
3246,42228,2025-06-30,Defective,128.51
3247,42229,2025-11-14,Wrong size/fit,52.55
3248,42246,2024-02-03,Damaged in transit,212.66
3249,42252,2025-08-11,Changed mind,420.19
3250,42259,2025-06-26,Damaged in transit,650.65
3251,42262,2025-07-27,Changed mind,117.96
3252,42263,2025-02-06,Not as described,161.89
3253,42265,2024-06-15,Not as described,780.56
3254,42285,2025-09-27,Changed mind,1262.11
3255,42302,2024-06-19,Damaged in transit,303.95
3256,42329,2024-02-16,Defective,2013.09
3257,42335,2025-09-24,Changed mind,1176.49
3258,42342,2025-11-12,Damaged in transit,2461.01
3259,42354,2025-12-29,Changed mind,183.07
3260,42359,2025-09-06,Not as described,693.23
3261,42425,2023-09-25,Changed mind,490.08
3262,42455,2025-04-07,Wrong size/fit,525.88
3263,42481,2025-06-02,Wrong size/fit,815.97
3264,42505,2025-09-13,Not as described,529.08
3265,42513,2025-04-12,Defective,1886.94
3266,42518,2023-09-20,Not as described,517.43
3267,42531,2025-11-25,Changed mind,963.23
3268,42536,2024-09-21,Changed mind,117.66
3269,42538,2023-12-08,Wrong size/fit,1728.75
3270,42556,2025-06-05,Wrong size/fit,616.54
3271,42559,2025-05-29,Changed mind,264.5
3272,42590,2025-06-12,Defective,35.81
3273,42597,2025-09-04,Defective,1088.67
3274,42615,2025-09-12,Changed mind,2367.95
3275,42619,2024-11-19,Not as described,115.35
3276,42638,2024-08-17,Damaged in transit,672.24
3277,42640,2025-11-07,Changed mind,682.95
3278,42659,2023-10-30,Damaged in transit,311.39
3279,42660,2025-12-10,Wrong size/fit,112.82
3280,42661,2025-05-02,Wrong size/fit,1017.69
3281,42665,2025-07-15,Changed mind,388.69
3282,42671,2024-07-10,Defective,112.4
3283,42680,2024-11-25,Wrong size/fit,536.54
3284,42703,2025-09-04,Defective,75.17
3285,42706,2025-06-08,Damaged in transit,697.36
3286,42712,2025-06-09,Changed mind,191.46
3287,42716,2025-06-23,Not as described,14.5
3288,42721,2025-11-09,Not as described,139.06
3289,42772,2024-07-21,Damaged in transit,1281.29
3290,42788,2025-05-04,Damaged in transit,338.22
3291,42790,2025-01-07,Changed mind,278.58
3292,42798,2025-12-28,Wrong size/fit,2330.38
3293,42835,2025-05-21,Defective,101.77
3294,42842,2024-09-22,Not as described,175.11
3295,42848,2025-03-05,Changed mind,61.91
3296,42858,2025-09-14,Defective,230.54
3297,42878,2025-10-14,Wrong size/fit,55.45
3298,42880,2024-08-06,Wrong size/fit,1302.75
3299,42905,2025-12-26,Wrong size/fit,590.49
3300,42908,2024-01-22,Damaged in transit,722.21
3301,42921,2025-02-01,Changed mind,74.93
3302,42928,2024-01-26,Wrong size/fit,276.27
3303,42934,2025-10-04,Wrong size/fit,13.7
3304,42943,2025-11-05,Not as described,120.72
3305,42987,2024-12-07,Wrong size/fit,432.58
3306,43019,2024-09-24,Wrong size/fit,266.86
3307,43037,2023-11-30,Changed mind,9.36
3308,43039,2024-09-22,Damaged in transit,761.23
3309,43052,2025-01-05,Not as described,219.33
3310,43058,2025-07-25,Wrong size/fit,526.35
3311,43060,2025-01-19,Wrong size/fit,1346.71
3312,43095,2023-10-09,Changed mind,248.77
3313,43127,2024-08-15,Changed mind,559.03
3314,43141,2023-12-21,Not as described,547.31
3315,43148,2025-06-12,Wrong size/fit,678.44
3316,43149,2024-08-29,Not as described,323.93
3317,43167,2024-05-17,Changed mind,103.33
3318,43170,2025-04-01,Defective,543.25
3319,43184,2025-09-14,Defective,41.44
3320,43187,2024-04-05,Wrong size/fit,121.85
3321,43194,2025-04-10,Defective,679.77
3322,43242,2025-08-28,Defective,24.96
3323,43262,2025-06-24,Wrong size/fit,75.63
3324,43269,2024-09-14,Changed mind,115.13
3325,43275,2024-06-04,Changed mind,582.73
3326,43304,2025-03-08,Not as described,1571.99
3327,43312,2024-09-14,Wrong size/fit,243.41
3328,43322,2024-02-06,Damaged in transit,234.14
3329,43329,2025-05-13,Defective,2496.66
3330,43332,2025-09-08,Damaged in transit,217.83
3331,43338,2025-10-05,Not as described,30.12
3332,43367,2024-03-24,Damaged in transit,131.71
3333,43379,2025-11-28,Defective,63.31
3334,43384,2025-12-22,Damaged in transit,70.57
3335,43393,2025-01-08,Not as described,190.45
3336,43401,2023-10-18,Damaged in transit,332.81
3337,43420,2024-05-07,Defective,347.69
3338,43421,2024-03-20,Defective,516.03
3339,43461,2025-05-07,Defective,788.0
3340,43479,2024-08-28,Changed mind,69.85
3341,43486,2025-09-02,Damaged in transit,56.71
3342,43493,2024-06-14,Wrong size/fit,244.58
3343,43496,2025-09-17,Defective,112.47
3344,43508,2025-03-17,Not as described,2544.33
3345,43510,2024-07-19,Changed mind,552.0
3346,43520,2024-03-30,Wrong size/fit,118.65
3347,43535,2025-06-14,Wrong size/fit,402.68
3348,43566,2025-09-26,Defective,311.67
3349,43574,2024-07-10,Wrong size/fit,171.52
3350,43583,2025-06-15,Wrong size/fit,79.54
3351,43598,2025-02-22,Wrong size/fit,64.22
3352,43607,2025-10-17,Wrong size/fit,1796.35
3353,43618,2025-11-12,Not as described,15.15
3354,43620,2025-08-04,Wrong size/fit,34.56
3355,43635,2025-07-06,Not as described,14.87
3356,43638,2023-05-19,Damaged in transit,302.08
3357,43659,2024-11-03,Changed mind,225.18
3358,43663,2025-06-16,Changed mind,2410.07
3359,43664,2025-02-01,Not as described,1310.26
3360,43667,2025-01-20,Changed mind,141.63
3361,43677,2025-03-06,Changed mind,58.99
3362,43682,2025-01-08,Damaged in transit,301.08
3363,43696,2025-12-27,Damaged in transit,810.89
3364,43704,2025-04-22,Damaged in transit,78.36
3365,43705,2025-11-18,Damaged in transit,29.95
3366,43707,2025-07-10,Changed mind,470.04
3367,43719,2025-02-28,Defective,233.05
3368,43729,2025-03-20,Defective,55.41
3369,43738,2025-06-27,Wrong size/fit,73.5
3370,43740,2025-01-17,Not as described,375.23
3371,43746,2024-10-03,Damaged in transit,752.05
3372,43748,2025-12-02,Not as described,6312.99
3373,43796,2025-04-07,Changed mind,380.17
3374,43806,2025-11-25,Wrong size/fit,76.28
3375,43831,2024-07-27,Wrong size/fit,155.06
3376,43847,2024-12-27,Wrong size/fit,294.13
3377,43851,2025-12-17,Changed mind,35.46
3378,43855,2024-12-01,Not as described,76.23
3379,43879,2025-08-14,Changed mind,1050.93
3380,43884,2025-11-01,Not as described,295.17
3381,43885,2024-06-08,Defective,156.87
3382,43888,2023-08-23,Wrong size/fit,223.07
3383,43904,2024-12-12,Defective,82.25
3384,43910,2025-08-14,Changed mind,26.39
3385,43912,2025-09-11,Damaged in transit,38.19
3386,43924,2025-03-29,Wrong size/fit,32.25
3387,43934,2025-06-29,Not as described,13.65
3388,43962,2025-03-14,Wrong size/fit,30.29
3389,43976,2025-05-26,Not as described,123.49
3390,43992,2025-08-21,Wrong size/fit,335.15
3391,44005,2024-11-24,Wrong size/fit,1542.05
3392,44026,2024-10-24,Wrong size/fit,3463.51
3393,44057,2025-08-18,Wrong size/fit,329.28
3394,44058,2024-12-23,Wrong size/fit,192.8
3395,44076,2024-12-18,Not as described,152.14
3396,44079,2025-06-13,Not as described,2834.54
3397,44094,2025-02-16,Wrong size/fit,542.05
3398,44104,2024-10-02,Defective,202.36
3399,44118,2025-08-19,Changed mind,115.1
3400,44143,2025-11-21,Wrong size/fit,196.33
3401,44154,2025-04-01,Changed mind,109.99
3402,44209,2024-12-20,Wrong size/fit,317.83
3403,44210,2025-12-18,Not as described,115.68
3404,44219,2025-03-14,Wrong size/fit,2725.14
3405,44226,2025-10-09,Changed mind,27.94
3406,44232,2024-10-22,Changed mind,105.16
3407,44233,2025-08-06,Wrong size/fit,73.92
3408,44248,2025-09-19,Changed mind,58.73
3409,44264,2025-06-25,Changed mind,1320.64
3410,44315,2025-11-11,Wrong size/fit,1047.58
3411,44341,2025-05-06,Wrong size/fit,122.39
3412,44359,2025-11-10,Not as described,691.1
3413,44364,2024-09-06,Wrong size/fit,141.83
3414,44399,2024-02-07,Wrong size/fit,706.57
3415,44408,2023-09-01,Not as described,122.83
3416,44427,2025-09-12,Defective,59.81
3417,44452,2025-04-18,Changed mind,79.65
3418,44466,2025-04-25,Defective,81.72
3419,44482,2025-12-15,Wrong size/fit,1505.04
3420,44501,2025-12-28,Changed mind,314.27
3421,44506,2025-03-21,Damaged in transit,5366.73
3422,44510,2025-08-26,Not as described,220.31
3423,44512,2025-09-22,Wrong size/fit,112.66
3424,44566,2025-02-06,Wrong size/fit,64.58
3425,44585,2025-10-08,Damaged in transit,66.34
3426,44604,2024-03-26,Changed mind,2361.15
3427,44606,2025-07-07,Not as described,4735.11
3428,44615,2025-04-25,Wrong size/fit,76.82
3429,44631,2024-05-28,Damaged in transit,74.72
3430,44642,2025-09-07,Not as described,120.89
3431,44646,2024-10-11,Changed mind,222.32
3432,44653,2025-10-21,Wrong size/fit,20.56
3433,44678,2024-10-06,Changed mind,13.69
3434,44682,2024-12-01,Wrong size/fit,155.74
3435,44685,2025-09-05,Wrong size/fit,340.31
3436,44724,2025-02-24,Wrong size/fit,253.56
3437,44745,2025-02-13,Wrong size/fit,114.46
3438,44752,2024-08-29,Changed mind,54.91
3439,44759,2025-03-06,Not as described,216.42
3440,44765,2024-02-29,Changed mind,301.74
3441,44773,2024-09-27,Damaged in transit,333.45
3442,44793,2023-11-05,Changed mind,880.85
3443,44797,2025-07-21,Wrong size/fit,26.31
3444,44812,2025-10-06,Changed mind,484.26
3445,44820,2024-03-04,Wrong size/fit,184.62
3446,44836,2024-02-05,Wrong size/fit,49.98
3447,44862,2025-05-19,Wrong size/fit,124.35
3448,44870,2025-03-01,Wrong size/fit,2207.52
3449,44876,2025-12-02,Changed mind,121.59
3450,44884,2025-07-01,Defective,294.88
3451,44892,2024-11-22,Not as described,104.92
3452,44897,2023-12-29,Damaged in transit,1663.74
3453,44900,2025-03-18,Changed mind,102.71
3454,44929,2024-01-15,Not as described,549.94
3455,44931,2025-04-26,Changed mind,31.15
3456,44932,2025-01-22,Changed mind,121.28
3457,44937,2025-08-05,Changed mind,23.99
3458,44947,2024-10-30,Not as described,259.01
3459,44960,2025-04-25,Defective,135.33
3460,44962,2024-09-22,Changed mind,64.26
3461,44963,2025-07-10,Damaged in transit,272.17
3462,44975,2025-04-20,Wrong size/fit,105.67
3463,45013,2025-12-16,Damaged in transit,26.32
3464,45044,2025-09-02,Defective,90.92
3465,45047,2024-05-13,Defective,14.64
3466,45058,2025-03-11,Wrong size/fit,76.79
3467,45070,2025-12-10,Wrong size/fit,331.0
3468,45072,2024-09-11,Wrong size/fit,132.67
3469,45091,2023-10-29,Not as described,985.14
3470,45107,2025-02-10,Defective,100.62
3471,45117,2025-09-03,Not as described,204.11
3472,45119,2025-03-28,Not as described,142.38
3473,45125,2025-12-26,Wrong size/fit,976.18
3474,45138,2025-05-19,Changed mind,205.16
3475,45139,2025-02-28,Not as described,392.6
3476,45144,2025-11-04,Wrong size/fit,526.23
3477,45145,2025-01-17,Wrong size/fit,40.12
3478,45154,2025-08-10,Changed mind,76.87
3479,45161,2025-12-25,Wrong size/fit,3908.04
3480,45165,2025-10-14,Changed mind,185.25
3481,45190,2025-06-29,Wrong size/fit,120.54
3482,45195,2025-09-23,Wrong size/fit,549.87
3483,45200,2025-10-18,Not as described,53.05
3484,45216,2024-06-03,Defective,511.92
3485,45217,2025-02-27,Wrong size/fit,43.48
3486,45223,2025-05-27,Damaged in transit,125.04
3487,45234,2025-05-02,Not as described,291.48
3488,45239,2024-12-19,Not as described,12.24
3489,45242,2024-12-23,Not as described,141.19
3490,45246,2024-06-04,Wrong size/fit,404.05
3491,45273,2025-09-20,Changed mind,423.61
3492,45285,2025-03-09,Wrong size/fit,929.38
3493,45289,2025-01-19,Not as described,33.15
3494,45300,2023-09-18,Wrong size/fit,552.09
3495,45305,2025-06-13,Defective,322.66
3496,45320,2025-09-29,Not as described,35.56
3497,45328,2025-10-31,Defective,12.82
3498,45332,2024-01-07,Wrong size/fit,450.8
3499,45339,2025-10-13,Wrong size/fit,114.32
3500,45347,2025-06-10,Defective,573.37
3501,45357,2025-05-03,Wrong size/fit,257.6
3502,45360,2025-12-30,Not as described,228.11
3503,45376,2025-02-04,Wrong size/fit,125.42
3504,45401,2024-07-01,Damaged in transit,1201.31
3505,45404,2024-01-03,Not as described,531.28
3506,45414,2023-12-01,Defective,278.42
3507,45427,2025-11-21,Wrong size/fit,137.25
3508,45431,2024-04-18,Changed mind,68.33
3509,45438,2025-11-19,Changed mind,45.26
3510,45446,2024-11-15,Wrong size/fit,124.89
3511,45462,2025-12-13,Changed mind,186.69
3512,45485,2024-03-22,Changed mind,81.72
3513,45488,2025-05-06,Defective,56.2
3514,45498,2025-06-05,Changed mind,167.97
3515,45521,2025-07-24,Wrong size/fit,249.63
3516,45526,2025-02-20,Wrong size/fit,1210.06
3517,45534,2025-12-05,Damaged in transit,148.3
3518,45542,2024-12-03,Damaged in transit,577.21
3519,45578,2025-10-28,Damaged in transit,1269.38
3520,45594,2025-04-22,Not as described,1326.76
3521,45622,2025-06-04,Not as described,36.62
3522,45632,2025-08-07,Not as described,1236.91
3523,45669,2025-08-14,Changed mind,222.26
3524,45678,2024-10-14,Defective,746.4
3525,45695,2024-11-15,Changed mind,537.8
3526,45700,2025-05-02,Defective,196.74
3527,45706,2024-07-07,Not as described,11.15
3528,45711,2024-08-27,Changed mind,62.24
3529,45723,2025-07-15,Changed mind,212.54
3530,45764,2025-09-17,Changed mind,2697.87
3531,45773,2025-06-02,Wrong size/fit,657.29
3532,45777,2024-05-13,Changed mind,50.7
3533,45780,2024-11-19,Not as described,1202.52
3535,45806,2024-06-10,Damaged in transit,227.19
3536,45818,2024-06-12,Defective,52.55
3537,45841,2024-03-09,Not as described,210.84
3538,45859,2025-10-14,Changed mind,109.51
3539,45873,2025-10-10,Defective,127.07
3540,45894,2025-10-10,Changed mind,261.25
3541,45895,2025-04-08,Changed mind,130.84
3542,45903,2025-08-20,Wrong size/fit,125.21
3543,45928,2023-12-18,Changed mind,1203.48
3544,45961,2024-04-04,Defective,59.94
3545,45971,2025-06-24,Defective,33.95
3546,45977,2025-10-17,Wrong size/fit,42.1
3547,45982,2025-03-09,Wrong size/fit,817.12
3548,45983,2025-11-22,Not as described,205.65
3549,45984,2024-12-20,Wrong size/fit,66.47
3550,46013,2025-02-21,Not as described,13.21
3551,46020,2025-03-01,Changed mind,751.41
3552,46023,2024-08-22,Changed mind,398.37
3553,46026,2025-12-20,Damaged in transit,69.92
3554,46028,2025-05-22,Damaged in transit,2773.16
3555,46061,2024-09-08,Defective,256.68
3556,46069,2025-06-17,Wrong size/fit,64.27
3557,46078,2025-08-06,Changed mind,1016.34
3558,46085,2024-09-26,Damaged in transit,220.95
3559,46124,2025-07-21,Defective,117.87
3560,46156,2025-09-26,Damaged in transit,66.16
3561,46160,2025-03-22,Not as described,19.37
3562,46174,2024-09-10,Wrong size/fit,1125.75
3563,46180,2024-11-25,Wrong size/fit,676.58
3564,46193,2025-10-26,Changed mind,116.08
3565,46200,2025-11-26,Wrong size/fit,118.77
3566,46217,2025-10-05,Wrong size/fit,273.78
3567,46242,2024-01-07,Not as described,350.7
3568,46268,2025-04-24,Changed mind,2129.6
3569,46297,2025-05-10,Changed mind,70.31
3570,46311,2025-09-04,Changed mind,322.31
3571,46314,2024-10-12,Wrong size/fit,258.94
3572,46315,2024-05-13,Damaged in transit,504.98
3573,46359,2025-04-11,Not as described,219.02
3574,46367,2025-08-10,Defective,331.94
3575,46392,2024-08-24,Wrong size/fit,603.64
3576,46404,2025-04-26,Changed mind,28.66
3577,46406,2024-12-22,Changed mind,303.52
3578,46412,2024-08-10,Changed mind,1064.6
3579,46419,2025-04-07,Defective,107.88
3580,46448,2025-10-25,Damaged in transit,728.16
3581,46452,2024-04-06,Changed mind,3324.07
3582,46481,2025-02-13,Wrong size/fit,243.39
3583,46483,2024-12-06,Changed mind,144.93
3584,46494,2025-04-06,Changed mind,29.48
3585,46519,2024-12-07,Wrong size/fit,264.05
3586,46532,2025-06-19,Changed mind,464.56
3587,46545,2025-11-10,Not as described,59.54
3588,46546,2025-08-22,Not as described,177.28
3589,46569,2024-09-25,Changed mind,262.44
3590,46570,2024-12-17,Changed mind,470.86
3591,46572,2024-08-15,Changed mind,261.52
3592,46587,2025-08-01,Wrong size/fit,205.31
3593,46592,2025-09-01,Damaged in transit,48.14
3594,46611,2025-10-12,Wrong size/fit,112.68
3595,46616,2023-06-14,Wrong size/fit,315.83
3596,46618,2025-12-10,Changed mind,7.57
3597,46622,2024-04-23,Changed mind,467.25
3598,46638,2024-11-07,Changed mind,24.48
3599,46645,2025-01-26,Changed mind,76.16
3600,46647,2025-09-16,Damaged in transit,1506.29
3601,46654,2024-07-09,Changed mind,1538.67
3602,46670,2025-02-14,Changed mind,42.45
3603,46695,2025-11-09,Changed mind,437.7
3604,46697,2025-05-05,Wrong size/fit,1018.35
3605,46721,2025-11-10,Changed mind,305.45
3606,46729,2025-12-27,Wrong size/fit,562.11
3607,46744,2024-12-16,Not as described,137.93
3608,46749,2025-11-03,Wrong size/fit,99.93
3609,46753,2025-12-26,Wrong size/fit,66.36
3610,46782,2025-08-29,Wrong size/fit,413.82
3611,46793,2025-04-11,Wrong size/fit,244.87
3612,46794,2024-12-05,Not as described,103.26
3613,46808,2025-08-01,Changed mind,241.44
3614,46814,2025-06-13,Not as described,459.1
3615,46842,2024-12-15,Changed mind,52.35
3616,46859,2025-02-18,Not as described,31.7
3617,46871,2025-11-28,Wrong size/fit,334.13
3618,46872,2025-09-29,Changed mind,758.03
3619,46877,2024-09-03,Changed mind,148.47
3620,46887,2025-12-17,Changed mind,931.61
3621,46895,2025-01-02,Wrong size/fit,425.44
3622,46896,2025-10-01,Wrong size/fit,126.1
3623,46899,2025-04-19,Wrong size/fit,104.69
3624,46908,2025-05-02,Wrong size/fit,61.22
3625,46911,2025-11-28,Not as described,306.34
3626,46944,2024-08-04,Wrong size/fit,431.68
3627,46959,2024-11-07,Not as described,1804.94
3628,46969,2025-06-16,Wrong size/fit,221.4
3629,46976,2025-05-06,Wrong size/fit,570.38
3630,46996,2025-09-02,Wrong size/fit,80.8
3631,47005,2024-10-15,Not as described,795.63
3632,47015,2024-12-14,Not as described,581.41
3633,47065,2025-03-01,Not as described,294.2
3634,47078,2025-06-06,Wrong size/fit,226.2
3635,47105,2025-10-26,Wrong size/fit,1195.73
3636,47119,2025-09-16,Changed mind,229.64
3637,47124,2024-07-06,Not as described,834.4
3638,47131,2025-02-06,Damaged in transit,51.49
3639,47132,2025-11-07,Defective,458.25
3640,47135,2025-05-19,Wrong size/fit,473.55
3641,47136,2024-12-16,Changed mind,275.52
3642,47138,2025-01-17,Changed mind,750.14
3643,47164,2024-07-19,Damaged in transit,25.4
3644,47170,2024-02-15,Wrong size/fit,67.73
3645,47181,2025-03-23,Changed mind,580.42
3646,47196,2025-10-24,Wrong size/fit,123.4
3647,47206,2025-05-25,Defective,66.95
3648,47230,2025-08-03,Defective,76.47
3649,47243,2024-09-07,Wrong size/fit,61.9
3650,47250,2025-09-03,Not as described,758.43
3651,47263,2025-07-25,Changed mind,121.0
3652,47265,2025-08-04,Changed mind,2488.28
3653,47290,2024-08-07,Changed mind,457.46
3654,47292,2025-12-17,Not as described,647.9
3655,47299,2025-05-26,Wrong size/fit,388.98
3656,47302,2024-10-25,Changed mind,368.57
3657,47318,2025-04-29,Damaged in transit,55.88
3658,47342,2025-01-12,Wrong size/fit,199.87
3659,47344,2025-07-26,Not as described,89.25
3660,47353,2024-08-31,Damaged in transit,369.22
3661,47387,2025-02-11,Wrong size/fit,534.74
3662,47391,2025-11-05,Changed mind,73.51
3663,47393,2025-12-15,Wrong size/fit,373.13
3664,47399,2025-07-27,Changed mind,837.58
3665,47405,2025-02-06,Defective,2467.66
3666,47447,2025-11-23,Not as described,41.4
3667,47449,2025-12-13,Not as described,26.26
3668,47489,2025-08-30,Changed mind,427.32
3669,47496,2023-11-05,Not as described,288.34
3670,47517,2024-12-28,Damaged in transit,237.15
3672,47552,2024-06-07,Wrong size/fit,428.13
3673,47558,2025-06-25,Changed mind,49.62
3674,47561,2025-10-18,Damaged in transit,62.54
3675,47583,2024-08-25,Wrong size/fit,387.91
3676,47588,2025-03-20,Changed mind,1047.23
3677,47589,2025-05-19,Defective,142.29
3678,47595,2025-09-23,Wrong size/fit,264.38
3679,47597,2025-04-11,Wrong size/fit,106.74
3680,47601,2025-11-28,Changed mind,290.24
3681,47602,2025-09-14,Changed mind,283.45
3682,47643,2025-11-12,Not as described,1443.82
3683,47652,2025-10-24,Wrong size/fit,300.21
3684,47658,2025-02-01,Damaged in transit,69.34
3685,47662,2024-03-31,Not as described,52.15
3686,47680,2025-12-21,Not as described,45.5
3687,47689,2025-09-15,Wrong size/fit,126.0
3688,47692,2024-12-15,Changed mind,79.5
3690,47713,2025-04-07,Not as described,180.32
3691,47748,2025-08-22,Changed mind,150.64
3692,47776,2025-08-23,Not as described,107.87
3693,47799,2025-05-21,Not as described,193.43
3694,47812,2025-10-01,Changed mind,15.76
3695,47839,2025-08-06,Defective,1574.05
3696,47840,2025-03-12,Damaged in transit,67.14
3697,47849,2024-05-22,Defective,82.8
3698,47854,2025-05-19,Defective,311.91
3699,47860,2025-09-07,Wrong size/fit,134.75
3700,47864,2025-03-18,Defective,56.95
3701,47867,2025-07-21,Not as described,19.5
3702,47872,2024-10-17,Damaged in transit,309.45
3703,47906,2025-06-23,Changed mind,70.38
3704,47939,2025-04-23,Defective,456.93
3705,47952,2025-01-08,Not as described,233.5
3706,47958,2025-06-25,Defective,966.36
3707,47973,2025-03-25,Damaged in transit,623.82
3708,47974,2024-02-10,Defective,238.07
3709,47984,2025-10-06,Wrong size/fit,30.05
3710,48011,2025-07-21,Defective,389.58
3711,48012,2025-09-29,Wrong size/fit,93.85
3712,48022,2025-04-13,Defective,305.47
3713,48035,2025-02-24,Damaged in transit,253.61
3714,48046,2025-06-21,Not as described,383.88
3715,48047,2025-06-21,Damaged in transit,1338.91
3716,48052,2025-02-28,Not as described,159.41
3717,48066,2024-11-16,Changed mind,217.54
3718,48070,2025-02-21,Wrong size/fit,316.41
3719,48075,2025-09-30,Not as described,12.75
3720,48101,2025-11-11,Damaged in transit,108.66
3721,48103,2023-12-13,Changed mind,166.44
3722,48110,2025-05-19,Defective,135.87
3724,48120,2025-12-12,Changed mind,1526.68
3725,48129,2025-01-10,Wrong size/fit,60.24
3726,48166,2025-08-02,Wrong size/fit,41.45
3727,48175,2023-10-26,Not as described,75.03
3728,48186,2025-02-06,Wrong size/fit,58.38
3729,48189,2025-06-28,Wrong size/fit,254.14
3730,48226,2025-11-12,Wrong size/fit,1044.81
3731,48234,2024-02-18,Wrong size/fit,13.22
3732,48236,2025-06-02,Not as described,40.39
3733,48245,2023-05-27,Wrong size/fit,65.17
3734,48266,2025-02-15,Changed mind,280.14
3735,48277,2024-07-19,Wrong size/fit,714.0
3736,48319,2025-10-17,Changed mind,291.04
3737,48356,2025-07-03,Changed mind,20.19
3738,48359,2025-06-12,Wrong size/fit,20.83
3739,48368,2025-04-25,Damaged in transit,846.26
3740,48392,2024-10-15,Wrong size/fit,166.76
3741,48396,2024-11-24,Wrong size/fit,15.04
3742,48407,2025-07-01,Changed mind,267.21
3743,48409,2024-07-17,Not as described,182.78
3744,48410,2025-09-18,Defective,15.36
3745,48412,2025-12-20,Changed mind,408.57
3746,48419,2025-07-23,Changed mind,67.16
3747,48422,2024-06-07,Changed mind,625.88
3748,48425,2024-01-30,Wrong size/fit,1511.08
3749,48438,2025-10-08,Not as described,561.12
3750,48444,2025-09-18,Damaged in transit,267.05
3751,48453,2025-01-07,Changed mind,301.19
3752,48472,2025-05-21,Wrong size/fit,291.48
3753,48477,2025-04-16,Damaged in transit,137.35
3754,48484,2025-05-17,Wrong size/fit,112.59
3755,48496,2025-10-24,Changed mind,104.44
3756,48523,2025-01-26,Defective,706.11
3757,48543,2025-12-30,Wrong size/fit,241.17
3758,48564,2024-05-30,Wrong size/fit,95.7
3759,48567,2024-12-21,Wrong size/fit,273.61
3760,48569,2025-10-01,Defective,726.51
3761,48575,2025-10-28,Defective,30.06
3762,48583,2025-11-17,Damaged in transit,2187.48
3763,48584,2025-10-18,Wrong size/fit,609.98
3764,48589,2024-12-04,Not as described,237.72
3765,48592,2025-10-02,Changed mind,24.37
3766,48598,2024-06-10,Changed mind,132.88
3767,48611,2024-10-06,Not as described,215.38
3768,48612,2025-04-08,Changed mind,74.85
3769,48632,2024-06-21,Wrong size/fit,69.79
3770,48667,2025-02-17,Not as described,77.61
3771,48686,2025-04-05,Changed mind,726.28
3772,48704,2025-10-27,Wrong size/fit,210.51
3773,48709,2025-07-01,Damaged in transit,14.17
3774,48710,2024-02-10,Damaged in transit,218.42
3775,48721,2025-01-08,Defective,388.49
3776,48729,2025-11-04,Wrong size/fit,42.09
3777,48731,2025-08-25,Defective,205.97
3778,48747,2025-01-26,Not as described,310.35
3779,48769,2024-09-25,Changed mind,2901.9
3780,48776,2024-12-14,Wrong size/fit,1578.25
3781,48779,2025-07-25,Changed mind,116.06
3782,48796,2025-07-08,Defective,162.87
3783,48799,2024-02-25,Damaged in transit,308.5
3784,48804,2025-02-14,Changed mind,371.4
3785,48822,2025-08-20,Defective,505.92
3786,48828,2025-06-06,Changed mind,328.55
3787,48864,2025-11-23,Defective,296.18
3788,48875,2025-07-24,Wrong size/fit,95.41
3789,48882,2024-12-05,Changed mind,960.93
3790,48890,2024-09-27,Damaged in transit,1105.23
3791,48908,2024-12-03,Wrong size/fit,217.7
3792,48918,2024-02-28,Defective,183.25
3793,48937,2025-09-27,Wrong size/fit,295.16
3794,48956,2024-03-03,Changed mind,97.76
3795,48957,2025-07-05,Defective,227.27
3796,48974,2025-08-10,Changed mind,281.82
3797,48975,2025-11-22,Wrong size/fit,1170.59
3798,49003,2025-10-19,Wrong size/fit,1182.63
3799,49023,2025-08-03,Changed mind,65.83
3800,49051,2024-04-01,Damaged in transit,100.19
3801,49053,2024-06-30,Not as described,1365.64
3802,49054,2025-07-27,Not as described,278.29
3803,49063,2025-10-09,Defective,37.47
3804,49068,2025-11-06,Not as described,280.9
3805,49075,2025-04-01,Changed mind,136.72
3806,49099,2024-03-10,Damaged in transit,275.09
3807,49102,2025-12-18,Wrong size/fit,1157.66
3808,49110,2025-09-06,Defective,123.34
3809,49111,2025-07-16,Changed mind,1868.85
3810,49117,2025-11-08,Not as described,2239.86
3811,49119,2024-07-07,Not as described,66.57
3812,49123,2024-04-28,Changed mind,28.68
3813,49148,2025-03-22,Defective,152.61
3814,49188,2024-05-19,Changed mind,117.62
3815,49208,2024-01-07,Wrong size/fit,94.91
3816,49228,2025-12-10,Defective,28.36
3817,49232,2025-04-01,Not as described,1495.94
3818,49243,2025-10-08,Changed mind,71.72
3819,49255,2025-01-16,Wrong size/fit,162.37
3820,49260,2023-05-19,Changed mind,362.71
3821,49271,2024-11-23,Wrong size/fit,398.44
3822,49280,2024-12-20,Wrong size/fit,193.37
3823,49297,2024-10-26,Wrong size/fit,175.7
3824,49313,2024-11-26,Wrong size/fit,1092.0
3825,49316,2025-08-17,Changed mind,80.12
3826,49325,2023-12-19,Changed mind,108.77
3827,49330,2025-08-08,Wrong size/fit,73.76
3828,49341,2025-04-29,Defective,173.22
3829,49346,2025-12-17,Defective,19.77
3830,49347,2025-08-11,Changed mind,145.42
3831,49352,2024-10-18,Defective,31.26
3832,49360,2024-04-02,Defective,67.52
3833,49396,2025-07-20,Wrong size/fit,309.15
3834,49408,2024-07-04,Wrong size/fit,694.65
3836,49451,2025-05-26,Wrong size/fit,92.04
3837,49457,2023-06-30,Not as described,227.71
3838,49472,2025-11-06,Damaged in transit,620.85
3839,49476,2025-06-16,Changed mind,1153.51
3840,49484,2025-03-03,Damaged in transit,104.47
3841,49486,2024-09-15,Wrong size/fit,299.2
3842,49499,2025-08-20,Wrong size/fit,226.96
3843,49511,2025-10-28,Defective,117.67
3844,49537,2025-04-27,Wrong size/fit,168.17
3845,49548,2025-02-02,Wrong size/fit,648.1
3846,49559,2025-11-06,Damaged in transit,23.83
3847,49560,2025-03-02,Wrong size/fit,610.71
3848,49589,2025-01-10,Not as described,166.67
3849,49595,2025-03-08,Wrong size/fit,109.36
3850,49596,2024-10-26,Changed mind,846.92
3851,49606,2025-09-14,Not as described,26.98
3852,49607,2024-05-03,Changed mind,59.76
3853,49623,2024-04-01,Not as described,856.54
3854,49625,2025-12-05,Wrong size/fit,302.25
3855,49646,2025-02-27,Not as described,42.02
3856,49653,2024-07-06,Wrong size/fit,631.47
3857,49654,2025-09-15,Not as described,114.53
3858,49655,2025-05-18,Not as described,215.99
3859,49656,2025-06-23,Not as described,366.8
3860,49679,2024-12-26,Not as described,324.61
3861,49688,2025-07-29,Defective,92.95
3862,49725,2024-03-07,Not as described,379.29
3863,49726,2025-04-11,Changed mind,453.72
3864,49732,2025-12-05,Wrong size/fit,29.88
3865,49735,2025-05-23,Wrong size/fit,54.51
3866,49756,2024-12-07,Wrong size/fit,857.25
3867,49764,2025-05-21,Defective,159.75
3868,49802,2025-11-11,Not as described,492.23
3869,49811,2024-10-17,Defective,272.06
3870,49821,2025-10-05,Not as described,561.52
3871,49837,2024-10-13,Defective,105.94
3872,49840,2025-03-26,Wrong size/fit,294.27
3873,49841,2025-04-07,Not as described,250.84
3874,49842,2024-12-26,Damaged in transit,33.95
3875,49844,2025-06-29,Damaged in transit,279.47
3876,49858,2025-06-30,Not as described,130.25
3877,49860,2025-04-28,Changed mind,14.03
3878,49866,2025-09-01,Not as described,106.33
3879,49870,2025-05-21,Wrong size/fit,102.0
3880,49896,2025-05-10,Not as described,216.45
3881,49901,2024-12-29,Damaged in transit,219.15
3882,49907,2025-03-04,Wrong size/fit,207.44
3883,49941,2025-10-01,Changed mind,30.06
3884,49946,2025-06-21,Damaged in transit,404.56
3885,50016,2024-07-16,Changed mind,374.99
3886,50022,2024-08-29,Defective,1186.78
3887,50023,2025-12-22,Defective,27.49
3888,50050,2025-03-15,Not as described,355.26
3889,50065,2024-06-23,Changed mind,141.58
3890,50076,2025-05-18,Wrong size/fit,120.98
3891,50080,2025-11-21,Wrong size/fit,119.45
3892,50093,2025-09-27,Wrong size/fit,64.62
3893,50098,2025-09-02,Wrong size/fit,173.16
3894,50099,2025-09-22,Wrong size/fit,29.16
3895,50101,2025-05-29,Wrong size/fit,117.73
3896,50106,2025-07-24,Changed mind,177.4
3897,50116,2025-12-21,Changed mind,13.67
3898,50139,2025-06-23,Changed mind,300.62
3899,50156,2025-12-30,Defective,2224.55
3900,50161,2025-03-14,Damaged in transit,128.7
3901,50162,2025-09-25,Changed mind,41.46
3902,50163,2025-04-16,Defective,132.83
3903,50192,2025-07-28,Changed mind,195.95
3904,50209,2025-05-14,Wrong size/fit,478.22
3905,50227,2025-09-17,Wrong size/fit,14.19
3906,50229,2025-08-15,Not as described,133.97
3907,50244,2024-09-10,Wrong size/fit,29.53
3908,50258,2025-05-12,Changed mind,30.77
3909,50271,2025-12-02,Wrong size/fit,37.2
3911,50291,2024-07-29,Defective,362.64
3912,50296,2025-08-16,Damaged in transit,77.25
3913,50297,2024-03-21,Defective,25.48
3914,50310,2024-11-18,Changed mind,336.23
3915,50313,2025-06-14,Changed mind,269.82
3916,50335,2024-11-20,Wrong size/fit,4684.06
3917,50341,2025-12-03,Wrong size/fit,99.57
3918,50345,2025-05-25,Defective,1139.68
3919,50359,2024-10-23,Changed mind,167.72
3920,50360,2024-08-06,Changed mind,28.81
3921,50376,2025-04-29,Changed mind,156.1
3922,50406,2024-05-18,Changed mind,1302.13
3923,50418,2024-12-16,Wrong size/fit,224.23
3924,50422,2025-06-27,Wrong size/fit,160.64
3925,50423,2025-06-10,Wrong size/fit,157.29
3926,50425,2025-01-31,Changed mind,1208.19
3927,50447,2025-05-14,Defective,305.78
3928,50486,2025-11-01,Changed mind,2879.22
3929,50500,2025-03-07,Wrong size/fit,41.2
3930,50519,2025-09-14,Damaged in transit,311.61
3931,50534,2025-04-20,Damaged in transit,161.56
3932,50537,2025-05-30,Changed mind,4980.06
3933,50550,2024-07-29,Damaged in transit,1177.84
3934,50556,2025-06-25,Defective,158.78
3935,50559,2025-03-12,Wrong size/fit,166.45
3936,50565,2024-09-21,Changed mind,182.26
3937,50570,2025-02-23,Changed mind,324.0
3938,50596,2023-07-17,Not as described,385.68
3939,50612,2025-10-06,Not as described,54.07
3940,50627,2024-11-26,Wrong size/fit,315.79
3941,50645,2025-08-09,Wrong size/fit,762.52
3942,50651,2025-06-29,Not as described,729.53
3943,50655,2024-10-17,Not as described,72.18
3944,50676,2023-12-09,Changed mind,211.45
3945,50679,2025-01-01,Not as described,59.1
3946,50681,2025-08-06,Wrong size/fit,648.55
3947,50701,2024-10-10,Damaged in transit,527.06
3948,50710,2023-12-24,Damaged in transit,177.12
3949,50717,2025-02-06,Damaged in transit,30.82
3950,50766,2025-04-15,Changed mind,98.27
3951,50808,2025-08-20,Defective,130.82
3952,50812,2024-09-12,Wrong size/fit,1183.46
3953,50823,2023-07-10,Not as described,323.04
3954,50831,2025-06-19,Changed mind,243.69
3955,50845,2025-10-23,Damaged in transit,366.4
3956,50867,2024-08-01,Wrong size/fit,529.08
3957,50868,2025-11-21,Wrong size/fit,26.7
3958,50884,2025-12-01,Not as described,1090.49
3959,50898,2024-10-10,Damaged in transit,365.27
3960,50928,2025-09-03,Wrong size/fit,66.28
3961,50930,2024-06-30,Not as described,282.35
3962,50946,2025-03-06,Not as described,531.26
3963,50964,2025-09-14,Defective,223.54
3964,50965,2024-12-03,Defective,1721.03
3965,50971,2025-08-17,Wrong size/fit,45.27
3966,50978,2025-05-02,Defective,41.93
3967,50979,2025-12-11,Defective,15.33
3968,50997,2024-04-16,Defective,512.43
3969,51002,2025-01-03,Defective,146.34
3970,51025,2025-03-27,Changed mind,23.82
3971,51032,2025-11-02,Changed mind,477.54
3972,51042,2024-09-20,Changed mind,270.52
3973,51047,2025-11-29,Damaged in transit,99.66
3974,51051,2023-08-27,Not as described,436.25
3975,51062,2024-09-23,Changed mind,62.86
3976,51116,2025-02-12,Wrong size/fit,240.1
3977,51171,2025-07-18,Changed mind,64.89
3978,51209,2025-03-23,Wrong size/fit,200.72
3979,51225,2025-06-20,Not as described,13.62
3980,51227,2025-01-23,Not as described,41.44
3981,51234,2025-01-31,Wrong size/fit,1103.61
3982,51243,2024-02-23,Defective,68.19
3983,51252,2025-05-09,Wrong size/fit,56.84
3984,51265,2025-09-25,Changed mind,42.05
3985,51271,2025-09-25,Damaged in transit,54.2
3986,51277,2025-04-19,Not as described,631.44
3987,51293,2025-10-19,Defective,1241.31
3988,51297,2024-08-30,Changed mind,771.56
3989,51321,2025-08-23,Wrong size/fit,150.32
3990,51333,2023-07-18,Wrong size/fit,87.45
3991,51356,2025-09-02,Changed mind,691.8
3992,51374,2025-11-30,Defective,14.66
3993,51381,2025-05-15,Changed mind,3660.61
3994,51382,2025-10-05,Not as described,18.73
3995,51386,2025-04-02,Defective,132.16
3996,51389,2024-11-26,Damaged in transit,65.34
3997,51415,2023-12-09,Not as described,175.4
3998,51433,2025-01-25,Damaged in transit,45.27
3999,51448,2025-04-10,Wrong size/fit,46.16
4000,51451,2025-10-19,Wrong size/fit,529.61
4001,51455,2024-07-26,Defective,148.37
4002,51475,2025-04-02,Not as described,113.4
4003,51570,2025-03-19,Damaged in transit,455.66
4004,51571,2024-12-17,Changed mind,30.86
4005,51575,2025-06-21,Changed mind,385.16
4006,51576,2024-07-17,Damaged in transit,8.21
4007,51598,2025-02-18,Wrong size/fit,162.26
4008,51613,2025-04-07,Wrong size/fit,60.4
4009,51647,2025-03-06,Changed mind,269.74
4010,51694,2024-09-24,Wrong size/fit,369.24
4011,51716,2025-08-06,Changed mind,248.38
4012,51739,2025-04-01,Wrong size/fit,400.28
4013,51754,2025-10-19,Wrong size/fit,252.54
4014,51759,2025-05-23,Wrong size/fit,70.29
4015,51788,2025-11-02,Changed mind,115.61
4016,51789,2025-08-13,Damaged in transit,155.43
4017,51809,2025-12-03,Changed mind,605.64
4018,51833,2025-11-15,Not as described,2372.54
4019,51846,2024-07-08,Changed mind,322.39
4020,51875,2023-12-24,Wrong size/fit,297.36
4021,51916,2024-06-08,Changed mind,137.87
4022,51929,2025-04-18,Wrong size/fit,33.22
4023,51930,2025-11-12,Changed mind,39.48
4024,51931,2025-10-22,Not as described,301.96
4025,51938,2023-06-19,Damaged in transit,72.07
4026,51939,2025-12-25,Defective,586.42
4027,51941,2025-08-07,Wrong size/fit,641.52
4028,51947,2025-10-18,Changed mind,2260.84
4029,51953,2024-11-30,Wrong size/fit,1112.01
4030,51960,2025-10-11,Wrong size/fit,95.12
4031,51963,2025-11-10,Not as described,146.92
4032,51966,2023-12-29,Wrong size/fit,197.18
4033,51969,2025-01-22,Wrong size/fit,27.51
4034,52020,2024-12-17,Damaged in transit,192.26
4035,52067,2024-09-10,Not as described,108.78
4036,52088,2025-05-18,Wrong size/fit,86.25
4037,52095,2024-11-27,Not as described,74.29
4038,52096,2025-07-26,Defective,1575.37
4039,52097,2025-08-25,Not as described,185.34
4040,52128,2025-10-18,Defective,351.3
4041,52131,2025-11-04,Changed mind,33.99
4042,52132,2024-12-22,Not as described,143.13
4043,52133,2025-02-28,Not as described,270.19
4044,52155,2025-05-25,Changed mind,181.38
4045,52168,2025-12-14,Not as described,122.43
4046,52183,2024-02-04,Damaged in transit,605.59
4047,52191,2025-12-14,Wrong size/fit,285.23
4048,52205,2024-03-22,Wrong size/fit,92.09
4049,52210,2024-12-27,Not as described,31.46
4050,52212,2024-08-05,Wrong size/fit,146.05
4051,52222,2024-09-15,Damaged in transit,95.46
4052,52223,2025-05-19,Changed mind,799.42
4053,52241,2024-09-29,Changed mind,2269.02
4054,52248,2024-10-13,Damaged in transit,622.53
4055,52282,2025-04-30,Wrong size/fit,132.95
4056,52323,2024-09-12,Not as described,331.15
4057,52335,2025-10-07,Wrong size/fit,93.2
4058,52347,2025-01-17,Wrong size/fit,1445.69
4059,52349,2025-09-23,Defective,154.74
4060,52351,2024-06-14,Defective,95.81
4061,52352,2025-04-24,Changed mind,404.49
4062,52355,2024-08-29,Wrong size/fit,97.29
4063,52361,2025-02-26,Wrong size/fit,323.53
4064,52365,2025-06-30,Wrong size/fit,150.96
4065,52375,2025-03-11,Not as described,139.32
4066,52385,2025-04-14,Not as described,26.29
4067,52390,2024-09-18,Changed mind,307.68
4068,52395,2025-01-21,Not as described,135.6
4069,52402,2025-08-26,Wrong size/fit,163.61
4070,52404,2024-10-22,Damaged in transit,90.78
4071,52407,2025-08-23,Changed mind,80.56
4072,52436,2023-12-19,Not as described,6727.53
4073,52443,2024-08-08,Changed mind,118.23
4074,52467,2025-03-24,Changed mind,194.52
4075,52468,2025-08-04,Damaged in transit,112.51
4076,52494,2024-07-23,Changed mind,40.74
4077,52505,2025-09-14,Changed mind,293.61
4079,52532,2025-04-18,Defective,67.78
4080,52545,2025-08-29,Wrong size/fit,673.15
4081,52557,2025-12-11,Not as described,251.77
4082,52558,2024-11-02,Wrong size/fit,2235.21
4083,52561,2025-11-14,Wrong size/fit,1288.67
4084,52589,2025-04-21,Not as described,255.62
4085,52614,2025-01-29,Damaged in transit,121.6
4086,52634,2025-08-19,Wrong size/fit,645.88
4087,52636,2025-05-22,Not as described,324.44
4088,52648,2025-07-14,Not as described,65.05
4089,52674,2025-11-04,Changed mind,212.17
4090,52675,2025-04-13,Changed mind,87.6
4091,52710,2025-08-21,Changed mind,510.04
4092,52711,2025-10-25,Wrong size/fit,17.4
4093,52732,2024-09-14,Damaged in transit,1602.66
4094,52733,2024-09-22,Changed mind,212.36
4095,52734,2025-12-17,Changed mind,713.62
4096,52736,2024-10-29,Defective,507.62
4097,52743,2025-10-30,Not as described,143.68
4098,52774,2023-11-15,Wrong size/fit,54.7
4099,52788,2025-04-05,Wrong size/fit,1119.38
4100,52792,2024-11-30,Wrong size/fit,875.41
4101,52800,2025-08-10,Changed mind,703.76
4102,52820,2024-06-13,Damaged in transit,607.09
4103,52821,2025-10-24,Damaged in transit,627.58
4104,52845,2025-11-19,Defective,38.2
4105,52856,2025-08-21,Not as described,309.73
4106,52872,2024-06-16,Defective,146.88
4107,52880,2025-02-01,Wrong size/fit,1349.16
4108,52897,2025-11-11,Not as described,1094.47
4109,52906,2024-11-12,Changed mind,215.72
4110,52912,2024-12-19,Changed mind,560.48
4111,52929,2024-08-18,Changed mind,177.68
4112,52935,2024-12-24,Defective,996.17
4113,52952,2025-12-12,Not as described,777.05
4114,52961,2025-08-03,Defective,251.51
4115,52974,2025-07-26,Wrong size/fit,377.14
4116,52993,2025-08-15,Damaged in transit,219.31
4117,52998,2025-05-18,Wrong size/fit,314.71
4118,52999,2023-12-18,Changed mind,259.97
4119,53044,2025-09-15,Changed mind,89.33
4120,53049,2025-01-16,Damaged in transit,181.87
4121,53057,2025-01-26,Damaged in transit,127.42
4122,53070,2025-12-12,Changed mind,146.66
4123,53071,2025-07-24,Not as described,148.2
4124,53086,2023-11-04,Not as described,66.07
4125,53090,2024-12-09,Changed mind,159.4
4126,53117,2025-07-07,Wrong size/fit,217.11
4127,53128,2024-05-13,Defective,242.73
4128,53137,2025-03-12,Not as described,134.18
4129,53138,2024-12-30,Not as described,376.24
4130,53153,2024-03-11,Not as described,2494.18
4131,53166,2024-10-28,Changed mind,44.54
4132,53206,2025-09-13,Defective,73.58
4133,53207,2024-12-07,Defective,38.07
4134,53216,2025-04-07,Defective,403.41
4135,53219,2025-11-27,Not as described,14.97
4136,53227,2024-05-30,Changed mind,135.98
4137,53261,2024-08-01,Changed mind,218.37
4138,53275,2025-04-05,Wrong size/fit,71.15
4139,53302,2023-08-20,Wrong size/fit,249.46
4140,53304,2023-12-17,Changed mind,74.66
4141,53312,2025-07-06,Changed mind,189.22
4142,53318,2025-06-23,Changed mind,139.53
4143,53330,2024-05-17,Not as described,101.91
4144,53340,2024-01-24,Defective,541.93
4145,53346,2025-11-15,Changed mind,105.6
4146,53350,2025-12-24,Changed mind,1808.98
4147,53361,2024-08-19,Changed mind,105.89
4149,53369,2025-12-29,Wrong size/fit,668.46
4150,53370,2025-08-14,Wrong size/fit,171.69
4151,53373,2025-10-11,Changed mind,5487.87
4152,53392,2025-06-28,Defective,197.92
4153,53398,2023-06-26,Defective,3155.15
4154,53412,2024-10-07,Changed mind,36.86
4155,53417,2025-05-11,Not as described,69.02
4156,53427,2024-11-24,Defective,166.33
4157,53430,2024-01-20,Defective,141.63
4158,53434,2024-12-13,Defective,132.46
4159,53471,2025-11-28,Wrong size/fit,592.0
4160,53472,2024-02-22,Not as described,385.87
4161,53475,2025-09-10,Changed mind,26.04
4162,53478,2025-02-19,Defective,377.0
4163,53485,2025-10-07,Wrong size/fit,517.12
4164,53495,2025-10-31,Not as described,131.64
4165,53523,2025-07-13,Damaged in transit,2164.64
4166,53544,2025-01-22,Not as described,71.11
4167,53599,2025-02-10,Wrong size/fit,862.94
4168,53602,2025-10-25,Wrong size/fit,3014.86
4169,53621,2024-04-02,Defective,75.02
4170,53624,2025-06-08,Defective,2489.93
4171,53632,2025-09-26,Changed mind,217.96
4172,53657,2025-09-18,Changed mind,141.02
4173,53677,2024-03-26,Wrong size/fit,107.43
4174,53683,2024-11-08,Wrong size/fit,105.73
4175,53709,2025-10-11,Changed mind,970.68
4176,53728,2025-08-01,Wrong size/fit,777.25
4177,53730,2025-07-17,Damaged in transit,31.21
4178,53731,2025-02-09,Defective,568.6
4179,53737,2025-11-25,Damaged in transit,461.99
4180,53738,2025-03-28,Not as described,32.87
4181,53739,2025-01-13,Not as described,352.08
4182,53754,2023-11-15,Changed mind,43.28
4183,53766,2024-06-05,Changed mind,242.45
4184,53769,2025-03-23,Changed mind,298.08
4185,53773,2025-12-10,Defective,181.11
4186,53793,2025-09-30,Changed mind,372.76
4187,53798,2025-02-05,Defective,697.43
4188,53815,2025-01-28,Wrong size/fit,218.49
4189,53817,2024-09-24,Changed mind,226.52
4190,53827,2024-09-15,Damaged in transit,65.29
4191,53829,2024-12-05,Changed mind,301.89
4193,53860,2025-01-11,Wrong size/fit,713.9
4194,53875,2025-12-11,Wrong size/fit,72.07
4195,53881,2025-11-28,Changed mind,598.24
4196,53895,2024-07-10,Damaged in transit,28.69
4197,53911,2025-10-11,Wrong size/fit,214.61
4198,53914,2025-06-10,Changed mind,352.7
4199,53937,2025-10-28,Wrong size/fit,156.87
4200,53980,2025-08-15,Changed mind,1060.41
4201,53992,2025-08-19,Changed mind,271.23
4202,53996,2025-12-03,Defective,133.19
4203,54011,2024-10-02,Changed mind,1251.79
4204,54037,2024-11-05,Defective,2760.69
4205,54040,2025-11-10,Damaged in transit,72.63
4206,54044,2025-10-15,Defective,229.57
4207,54061,2024-11-30,Changed mind,1921.58
4208,54074,2025-04-29,Defective,2211.14
4209,54078,2025-02-08,Changed mind,567.25
4210,54098,2025-12-24,Not as described,974.79
4211,54114,2025-11-16,Defective,12.04
4212,54137,2025-06-23,Wrong size/fit,74.49
4213,54147,2025-08-31,Changed mind,241.34
4214,54158,2025-08-24,Not as described,685.79
4215,54179,2025-08-28,Changed mind,898.05
4216,54187,2025-05-30,Not as described,34.43
4217,54213,2024-09-18,Changed mind,27.74
4218,54217,2023-10-13,Changed mind,519.74
4219,54242,2025-11-18,Wrong size/fit,198.84
4220,54264,2024-08-08,Wrong size/fit,430.35
4221,54281,2024-06-29,Wrong size/fit,346.56
4222,54286,2024-12-18,Defective,670.59
4223,54296,2025-12-05,Wrong size/fit,134.84
4224,54304,2023-08-03,Changed mind,1255.94
4225,54319,2024-05-28,Damaged in transit,279.36
4226,54342,2024-01-30,Wrong size/fit,95.28
4227,54350,2024-12-01,Damaged in transit,205.18
4228,54361,2025-02-21,Changed mind,51.76
4229,54378,2025-12-30,Wrong size/fit,164.81
4230,54390,2023-09-13,Changed mind,8.38
4231,54401,2025-12-02,Wrong size/fit,63.26
4232,54419,2025-09-17,Defective,201.27
4233,54436,2025-07-03,Changed mind,285.28
4234,54451,2025-09-10,Wrong size/fit,653.09
4235,54452,2025-09-12,Changed mind,36.57
4236,54454,2024-05-14,Changed mind,107.21
4237,54466,2023-10-16,Not as described,29.27
4238,54474,2024-04-02,Not as described,49.49
4239,54477,2025-02-16,Damaged in transit,1107.75
4240,54483,2025-04-30,Wrong size/fit,674.57
4241,54485,2025-05-23,Not as described,30.98
4242,54504,2025-11-17,Defective,16.86
4243,54508,2025-12-01,Wrong size/fit,180.45
4244,54524,2024-08-26,Wrong size/fit,62.95
4245,54563,2025-06-01,Wrong size/fit,126.53
4246,54574,2025-01-13,Wrong size/fit,284.76
4247,54596,2025-02-09,Wrong size/fit,153.56
4248,54606,2025-03-09,Defective,382.43
4249,54616,2024-04-28,Changed mind,136.47
4250,54636,2024-11-21,Damaged in transit,38.41
4251,54641,2025-07-29,Damaged in transit,300.66
4252,54676,2024-10-10,Wrong size/fit,101.14
4253,54682,2025-09-17,Defective,29.51
4254,54684,2025-12-11,Wrong size/fit,103.02
4255,54716,2024-10-11,Defective,20.9
4256,54750,2025-08-28,Changed mind,180.86
4257,54770,2024-08-23,Wrong size/fit,5630.11
4258,54782,2024-06-24,Changed mind,128.74
4259,54805,2024-01-27,Not as described,3416.21
4260,54806,2025-08-18,Wrong size/fit,1212.28
4261,54821,2025-11-30,Wrong size/fit,256.06
4262,54856,2025-04-25,Not as described,39.35
4263,54869,2025-06-20,Wrong size/fit,70.49
4264,54874,2025-04-11,Wrong size/fit,970.84
4265,54884,2025-08-21,Changed mind,63.53
4267,54907,2025-05-03,Changed mind,212.45
4268,54918,2025-12-08,Not as described,353.71
4269,54963,2025-05-06,Changed mind,60.94
4270,54971,2025-05-28,Changed mind,194.24
4271,54997,2025-04-30,Damaged in transit,118.99
4272,55040,2025-01-31,Defective,301.27
4273,55045,2025-02-13,Damaged in transit,25.58
4274,55069,2024-07-29,Damaged in transit,295.57
4275,55070,2025-07-08,Wrong size/fit,94.27
4276,55087,2024-11-22,Wrong size/fit,1301.18
4277,55089,2024-12-11,Defective,287.17
4278,55101,2024-12-30,Wrong size/fit,682.5
4279,55105,2025-09-29,Changed mind,62.12
4280,55112,2025-04-07,Wrong size/fit,80.15
4281,55120,2025-10-08,Not as described,786.16
4282,55134,2024-08-13,Damaged in transit,12.16
4283,55153,2025-11-06,Not as described,16.2
4284,55161,2025-04-09,Changed mind,791.65
4285,55162,2025-12-06,Not as described,1938.69
4286,55166,2023-12-11,Changed mind,1322.78
4287,55169,2025-06-23,Damaged in transit,7384.01
4288,55196,2025-03-24,Changed mind,559.71
4289,55201,2025-10-11,Changed mind,115.17
4290,55202,2024-06-11,Not as described,311.08
4291,55246,2025-01-25,Wrong size/fit,2150.73
4292,55260,2025-11-02,Not as described,138.75
4293,55273,2024-05-17,Defective,331.17
4294,55289,2024-12-27,Changed mind,201.83
4295,55301,2025-09-02,Not as described,1050.13
4296,55304,2025-09-04,Changed mind,203.47
4297,55324,2025-08-05,Defective,443.37
4298,55325,2025-10-01,Wrong size/fit,80.85
4299,55343,2024-06-08,Damaged in transit,555.8
4300,55348,2025-12-01,Not as described,243.19
4301,55351,2025-11-15,Damaged in transit,438.19
4302,55367,2025-12-21,Wrong size/fit,189.4
4303,55384,2025-07-10,Changed mind,1317.87
4304,55399,2025-11-20,Not as described,1097.91
4305,55406,2025-05-26,Changed mind,614.71
4306,55437,2024-03-29,Changed mind,769.73
4307,55504,2025-10-05,Damaged in transit,1237.58
4308,55509,2025-10-11,Defective,905.79
4309,55519,2024-09-09,Defective,438.14
4310,55526,2024-09-16,Wrong size/fit,78.98
4311,55531,2024-12-18,Defective,49.86
4312,55539,2025-03-09,Wrong size/fit,504.95
4313,55559,2025-05-15,Changed mind,117.3
4314,55600,2025-11-20,Wrong size/fit,108.7
4315,55602,2025-06-24,Damaged in transit,790.05
4316,55616,2025-04-02,Changed mind,25.39
4317,55645,2024-11-01,Wrong size/fit,132.43
4318,55681,2025-04-25,Damaged in transit,15.76
4320,55690,2025-12-18,Defective,69.88
4321,55704,2025-11-26,Damaged in transit,615.77
4322,55722,2025-06-11,Changed mind,41.62
4323,55729,2025-02-11,Changed mind,73.6
4324,55752,2024-01-26,Wrong size/fit,138.4
4325,55764,2023-09-15,Not as described,66.72
4326,55775,2025-11-16,Wrong size/fit,198.31
4327,55783,2025-08-19,Wrong size/fit,518.83
4328,55795,2025-02-07,Defective,181.3
4329,55803,2025-10-19,Changed mind,177.16
4330,55820,2025-03-30,Damaged in transit,233.0
4331,55824,2024-11-26,Defective,5078.15
4332,55854,2025-10-31,Changed mind,17.72
4333,55856,2025-09-30,Not as described,311.38
4334,55860,2025-02-26,Not as described,133.79
4335,55869,2025-05-12,Wrong size/fit,759.28
4336,55874,2025-07-21,Changed mind,525.82
4337,55881,2025-02-18,Not as described,80.81
4338,55907,2025-06-21,Damaged in transit,26.82
4339,55938,2025-04-22,Defective,214.51
4340,55963,2023-12-06,Defective,377.19
4341,55980,2024-10-04,Changed mind,233.4
4342,55994,2025-12-12,Wrong size/fit,58.17
4343,55995,2024-09-24,Damaged in transit,249.62
4344,55998,2025-03-11,Defective,33.23
4345,56003,2025-01-13,Defective,57.1
4346,56043,2025-12-02,Wrong size/fit,1426.91
4347,56081,2025-05-19,Changed mind,135.55
4348,56086,2024-10-14,Defective,2313.17
4349,56088,2025-07-10,Defective,1264.59
4350,56096,2025-05-01,Damaged in transit,503.66
4351,56097,2025-08-25,Defective,237.49
4352,56099,2025-02-09,Defective,238.69
4353,56106,2025-10-17,Changed mind,242.48
4354,56108,2025-03-20,Defective,348.48
4355,56115,2025-10-29,Wrong size/fit,448.07
4356,56182,2024-05-20,Changed mind,2216.63
4357,56189,2024-03-17,Wrong size/fit,1260.91
4358,56197,2025-03-08,Defective,226.4
4359,56212,2023-12-02,Wrong size/fit,380.87
4360,56219,2025-12-15,Changed mind,35.75
4361,56222,2025-04-15,Wrong size/fit,119.86
4362,56236,2024-10-29,Wrong size/fit,159.37
4363,56257,2025-02-05,Changed mind,95.91
4364,56260,2025-06-14,Changed mind,24.19
4365,56262,2024-09-30,Defective,52.46
4366,56263,2024-07-20,Wrong size/fit,741.2
4367,56292,2025-10-16,Wrong size/fit,104.6
4368,56298,2025-12-03,Not as described,250.76
4369,56312,2025-05-21,Changed mind,296.12
4370,56326,2025-12-12,Damaged in transit,232.65
4371,56327,2025-08-17,Not as described,633.16
4372,56347,2024-12-26,Damaged in transit,76.07
4373,56364,2024-04-28,Changed mind,130.26
4374,56366,2025-10-14,Wrong size/fit,314.37
4375,56368,2025-03-05,Not as described,140.75
4376,56384,2024-12-03,Wrong size/fit,518.09
4377,56385,2025-04-11,Not as described,73.02
4378,56391,2024-02-28,Changed mind,302.18
4379,56392,2025-02-10,Damaged in transit,91.14
4380,56404,2025-01-02,Changed mind,607.81
4381,56408,2024-12-15,Changed mind,1528.47
4382,56409,2024-10-24,Wrong size/fit,15.71
4383,56410,2025-11-24,Changed mind,1354.18
4384,56415,2025-08-08,Changed mind,705.0
4385,56427,2025-09-22,Not as described,128.11
4386,56431,2025-06-18,Damaged in transit,163.35
4387,56445,2025-03-25,Damaged in transit,13.98
4388,56458,2025-04-01,Defective,22.06
4389,56475,2025-08-05,Wrong size/fit,89.54
4390,56478,2025-05-17,Not as described,65.03
4391,56487,2025-08-25,Changed mind,145.83
4393,56505,2025-11-17,Not as described,854.98
4394,56527,2024-05-19,Defective,27.43
4395,56533,2025-03-26,Wrong size/fit,15.84
4396,56535,2024-09-18,Not as described,355.99
4397,56545,2024-01-09,Changed mind,456.03
4398,56565,2025-12-27,Wrong size/fit,691.01
4399,56570,2025-07-18,Changed mind,2772.68
4400,56584,2025-02-07,Not as described,47.08
4401,56587,2025-01-05,Changed mind,31.11
4402,56597,2025-05-01,Changed mind,263.09
4403,56628,2025-04-05,Damaged in transit,1040.6
4404,56633,2025-09-09,Changed mind,163.23
4405,56640,2025-04-29,Defective,225.89
4406,56644,2025-11-24,Defective,544.43
4407,56645,2025-04-04,Damaged in transit,1071.91
4408,56652,2025-09-18,Wrong size/fit,252.89
4409,56658,2025-08-16,Defective,76.9
4410,56675,2024-02-27,Damaged in transit,94.89
4411,56677,2024-11-29,Defective,631.5
4412,56715,2025-08-28,Defective,680.48
4413,56725,2025-10-27,Wrong size/fit,13.22
4414,56728,2025-12-12,Wrong size/fit,118.54
4415,56744,2024-04-22,Changed mind,61.09
4416,56746,2024-10-06,Changed mind,3821.12
4417,56768,2025-08-28,Changed mind,448.5
4418,56794,2025-08-04,Not as described,4973.69
4419,56795,2025-04-08,Damaged in transit,27.6
4420,56806,2025-07-05,Defective,276.53
4421,56844,2024-12-31,Changed mind,137.97
4422,56855,2025-09-19,Not as described,243.45
4423,56870,2025-07-11,Damaged in transit,75.93
4424,56871,2024-11-22,Wrong size/fit,553.1
4425,56897,2025-02-20,Damaged in transit,1269.8
4426,56932,2025-10-28,Not as described,150.92
4427,56960,2024-06-11,Changed mind,369.33
4428,56967,2024-08-02,Defective,599.67
4429,56998,2024-07-29,Wrong size/fit,70.16
4430,57000,2025-11-06,Not as described,512.3
4431,57008,2024-03-11,Defective,236.2
4432,57029,2025-07-02,Changed mind,599.61
4433,57058,2025-05-08,Changed mind,61.25
4434,57067,2025-07-31,Not as described,219.35
4435,57069,2024-08-17,Not as described,73.89
4436,57076,2024-04-20,Wrong size/fit,864.0
4437,57080,2025-11-01,Wrong size/fit,248.32
4438,57085,2024-12-21,Changed mind,86.18
4439,57093,2025-12-10,Wrong size/fit,144.97
4440,57099,2025-09-18,Wrong size/fit,290.01
4441,57123,2024-03-21,Not as described,302.33
4442,57126,2025-11-20,Not as described,61.03
4443,57133,2025-01-18,Wrong size/fit,1223.63
4444,57135,2025-05-13,Not as described,153.16
4445,57144,2025-03-25,Defective,1018.04
4446,57155,2025-12-13,Wrong size/fit,36.62
4447,57174,2025-06-12,Wrong size/fit,1272.78
4448,57181,2025-04-02,Wrong size/fit,13.55
4449,57187,2025-11-13,Wrong size/fit,98.41
4450,57195,2024-12-26,Changed mind,244.88
4451,57198,2025-02-22,Changed mind,49.35
4452,57235,2023-11-09,Changed mind,99.7
4453,57244,2024-11-07,Wrong size/fit,139.45
4454,57269,2025-05-24,Changed mind,678.68
4455,57276,2024-04-14,Not as described,271.05
4456,57324,2025-11-27,Wrong size/fit,36.7
4457,57378,2025-05-19,Damaged in transit,1127.09
4458,57385,2025-08-26,Defective,38.31
4459,57387,2023-08-08,Wrong size/fit,99.7
4460,57396,2025-08-23,Defective,122.82
4461,57416,2024-11-16,Wrong size/fit,533.59
4462,57440,2024-05-31,Not as described,98.85
4463,57442,2024-12-27,Damaged in transit,238.77
4464,57566,2025-10-03,Changed mind,127.27
4465,57585,2024-12-31,Changed mind,83.24
4466,57589,2024-12-12,Wrong size/fit,278.66
4467,57592,2024-10-15,Changed mind,31.59
4468,57616,2025-05-29,Wrong size/fit,127.7
4469,57634,2025-01-17,Not as described,57.92
4470,57664,2025-06-27,Changed mind,135.34
4471,57671,2024-10-21,Wrong size/fit,2252.0
4472,57673,2024-03-07,Wrong size/fit,35.89
4473,57676,2025-10-01,Wrong size/fit,101.98
4474,57691,2025-08-12,Wrong size/fit,47.38
4475,57697,2025-06-13,Defective,176.76
4476,57703,2025-05-11,Defective,250.4
4477,57731,2025-07-16,Not as described,225.17
4478,57745,2025-08-04,Wrong size/fit,595.72
4479,57750,2025-12-21,Wrong size/fit,74.6
4480,57760,2025-10-02,Wrong size/fit,95.86
4481,57763,2025-03-11,Not as described,1898.86
4482,57772,2025-09-27,Damaged in transit,1117.05
4483,57791,2024-06-24,Changed mind,12.96
4484,57800,2025-02-01,Wrong size/fit,292.95
4485,57807,2025-07-16,Wrong size/fit,298.35
4486,57811,2025-10-27,Defective,41.93
4487,57837,2025-12-11,Defective,518.4
4488,57848,2025-11-06,Wrong size/fit,1520.53
4489,57853,2025-06-25,Wrong size/fit,200.01
4490,57874,2024-07-23,Changed mind,328.88
4491,57909,2025-09-06,Not as described,392.35
4492,57918,2025-06-05,Damaged in transit,36.87
4493,57928,2024-11-23,Wrong size/fit,116.38
4494,57950,2025-05-24,Not as described,349.37
4495,57968,2023-09-24,Not as described,192.16
4496,57981,2025-01-01,Changed mind,441.43
4497,58007,2025-08-03,Wrong size/fit,135.3
4498,58070,2024-09-03,Defective,130.55
4499,58093,2025-05-30,Wrong size/fit,148.23
4500,58112,2024-01-25,Defective,838.74
4501,58133,2025-06-18,Defective,101.63
4502,58145,2025-09-07,Changed mind,37.25
4503,58160,2025-01-10,Defective,27.38
4504,58167,2024-05-07,Changed mind,119.93
4505,58187,2025-07-01,Wrong size/fit,104.35
4506,58191,2025-08-18,Not as described,133.59
4507,58196,2024-06-09,Defective,136.05
4508,58226,2025-06-17,Defective,247.25
4509,58239,2024-09-29,Not as described,1261.06
4510,58242,2025-12-05,Changed mind,1615.84
4511,58244,2025-02-12,Wrong size/fit,361.7
4512,58259,2024-05-06,Changed mind,306.75
4514,58273,2025-03-31,Not as described,180.68
4515,58275,2025-05-21,Changed mind,5286.23
4516,58299,2025-09-02,Wrong size/fit,18.67
4517,58313,2025-12-13,Wrong size/fit,115.74
4518,58314,2025-09-02,Not as described,119.55
4519,58378,2025-05-23,Not as described,68.2
4520,58380,2023-08-25,Changed mind,210.53
4521,58399,2025-06-13,Not as described,60.76
4522,58407,2024-07-27,Defective,34.81
4523,58409,2025-05-28,Wrong size/fit,107.72
4524,58410,2024-08-21,Changed mind,1110.44
4525,58432,2024-07-27,Damaged in transit,114.11
4526,58487,2025-07-30,Defective,43.7
4527,58506,2025-06-26,Changed mind,114.6
4528,58512,2025-08-02,Changed mind,31.84
4529,58517,2024-08-14,Wrong size/fit,327.5
4530,58553,2024-12-02,Not as described,2085.94
4531,58556,2025-09-24,Not as described,101.66
4532,58566,2025-11-08,Defective,166.32
4533,58570,2025-04-13,Not as described,4067.55
4534,58600,2025-01-14,Not as described,73.37
4535,58603,2024-08-16,Wrong size/fit,484.25
4536,58612,2025-03-24,Defective,346.39
4537,58632,2024-02-19,Not as described,530.02
4538,58650,2025-08-12,Wrong size/fit,287.7
4539,58666,2025-06-16,Wrong size/fit,295.33
4540,58702,2025-08-11,Damaged in transit,99.5
4541,58705,2025-04-05,Defective,35.44
4542,58716,2024-10-09,Not as described,87.79
4543,58719,2025-05-31,Changed mind,221.66
4544,58724,2025-11-10,Wrong size/fit,14.81
4545,58752,2025-12-11,Damaged in transit,470.17
4546,58780,2025-09-17,Changed mind,605.02
4547,58781,2024-12-13,Not as described,283.41
4548,58797,2024-02-29,Not as described,15.76
4549,58800,2025-06-16,Defective,143.67
4550,58801,2023-07-30,Changed mind,206.57
4551,58804,2024-05-09,Wrong size/fit,179.05
4552,58817,2025-10-26,Wrong size/fit,162.58
4553,58832,2025-09-26,Not as described,285.62
4554,58836,2024-08-21,Not as described,234.99
4556,58863,2024-01-25,Not as described,297.66
4557,58865,2025-09-04,Wrong size/fit,81.82
4558,58895,2025-08-08,Defective,53.4
4559,58896,2025-05-22,Wrong size/fit,732.63
4560,58899,2023-12-19,Defective,568.48
4561,58909,2024-12-18,Defective,111.95
4562,58917,2024-11-20,Changed mind,49.91
4563,58926,2024-12-30,Wrong size/fit,32.63
4564,58929,2025-09-19,Wrong size/fit,534.15
4565,58932,2023-11-03,Damaged in transit,98.04
4566,58957,2024-12-17,Wrong size/fit,194.75
4567,58960,2025-02-28,Defective,139.28
4568,58982,2025-03-11,Wrong size/fit,447.39
4569,58985,2025-09-24,Changed mind,34.22
4570,59024,2024-12-14,Damaged in transit,146.06
4571,59028,2025-10-17,Not as described,145.66
4572,59062,2025-06-24,Not as described,321.96
4573,59065,2025-11-29,Damaged in transit,58.48
4574,59069,2024-10-17,Wrong size/fit,50.46
4575,59076,2024-06-13,Changed mind,29.65
4576,59114,2025-07-22,Changed mind,222.74
4577,59128,2025-09-24,Not as described,748.83
4578,59186,2025-04-27,Defective,1893.37
4579,59198,2024-08-26,Changed mind,205.75
4580,59203,2025-11-11,Changed mind,111.37
4581,59206,2025-12-26,Changed mind,15.09
4582,59220,2025-04-06,Defective,141.79
4583,59227,2025-10-09,Changed mind,288.99
4584,59235,2025-04-01,Not as described,716.92
4585,59243,2025-05-30,Damaged in transit,665.17
4586,59248,2024-04-18,Changed mind,1184.32
4587,59276,2025-04-14,Changed mind,123.71
4588,59284,2025-07-30,Not as described,18.67
4589,59285,2025-05-09,Defective,752.22
4590,59297,2025-10-31,Defective,728.77
4591,59298,2025-05-17,Changed mind,120.86
4592,59299,2025-01-25,Not as described,31.42
4593,59301,2025-11-21,Damaged in transit,131.72
4594,59302,2025-05-15,Changed mind,66.2
4595,59325,2025-07-13,Changed mind,13.8
4596,59339,2025-01-12,Wrong size/fit,209.77
4597,59345,2025-07-29,Changed mind,75.76
4598,59363,2023-08-06,Wrong size/fit,138.57
4599,59373,2025-04-29,Not as described,147.31
4600,59377,2025-03-16,Defective,462.88
4601,59408,2025-11-14,Wrong size/fit,38.93
4602,59437,2024-08-08,Wrong size/fit,3574.29
4603,59445,2025-06-14,Wrong size/fit,270.4
4604,59474,2025-02-08,Not as described,38.48
4605,59490,2025-06-28,Wrong size/fit,80.88
4606,59501,2025-01-21,Not as described,153.32
4607,59514,2025-05-24,Not as described,15.45
4608,59521,2025-01-17,Wrong size/fit,29.34
4609,59551,2024-12-30,Not as described,113.17
4610,59552,2025-05-31,Not as described,239.91
4611,59556,2025-08-09,Wrong size/fit,429.34
4612,59560,2025-09-22,Changed mind,1359.31
4613,59561,2025-09-21,Wrong size/fit,229.15
4614,59584,2025-07-16,Defective,137.0
