customer_id,recency_days,frequency,monetary,r_score,f_score,m_score,segment
2.0,76,5,2020.6000000000001,2,3,3,At Risk (was frequent)
3.0,53,5,1319.72,3,3,3,Champions
4.0,232,1,74.8,1,1,1,Lost
5.0,94,9,5848.0599999999995,2,4,4,At Risk (was frequent)
6.0,3,10,3295.46,4,4,4,Champions
7.0,137,3,393.89,1,2,1,Lost
8.0,203,3,274.48,1,2,1,Lost
9.0,16,4,330.98,4,2,1,Loyal
10.0,52,8,1289.48,3,4,3,Champions
11.0,18,9,6307.37,4,4,4,Champions
12.0,27,5,1669.37,3,3,3,Champions
13.0,38,8,1606.37,3,4,3,Champions
14.0,16,4,587.95,4,2,2,Loyal
15.0,36,3,1525.47,3,2,3,Loyal
16.0,29,10,4417.74,3,4,4,Champions
17.0,43,10,1773.53,3,4,3,Champions
18.0,212,4,682.97,1,2,2,Lost
19.0,211,4,2002.2099999999998,1,2,3,Lost
20.0,218,6,2946.5099999999998,1,3,4,At Risk (was frequent)
21.0,12,7,2199.62,4,3,3,Champions
22.0,0,5,520.75,4,3,2,Loyal
23.0,3,19,13796.61,4,4,4,Champions
24.0,3,1,366.45,4,1,1,Developing
25.0,133,1,108.33,1,1,1,Lost
26.0,120,5,1577.33,2,3,3,At Risk (was frequent)
27.0,162,2,119.87,1,1,1,Lost
28.0,6,5,656.24,4,3,2,Loyal
30.0,14,3,299.78,4,2,1,Loyal
31.0,114,4,579.31,2,2,2,Lost
32.0,160,3,73.02,1,2,1,Lost
33.0,8,3,256.02,4,2,1,Loyal
34.0,101,7,5444.55,2,3,4,At Risk (was frequent)
35.0,1,2,311.24,4,1,1,Developing
36.0,48,10,2016.59,3,4,3,Champions
37.0,124,1,84.22,2,1,1,Lost
38.0,82,5,4218.04,2,3,4,At Risk (was frequent)
39.0,39,5,1966.03,3,3,3,Champions
40.0,6,10,9540.82,4,4,4,Champions
41.0,46,18,8019.299999999999,3,4,4,Champions
42.0,2,6,5757.719999999999,4,3,4,Champions
43.0,43,15,7145.66,3,4,4,Champions
44.0,40,3,1503.92,3,2,3,Loyal
45.0,42,12,3218.34,3,4,4,Champions
46.0,66,3,355.87,2,2,1,Lost
48.0,206,3,655.5600000000001,1,2,2,Lost
49.0,173,1,96.18,1,1,1,Lost
50.0,15,3,265.14,4,2,1,Loyal
51.0,8,4,1400.0300000000002,4,2,3,Loyal
52.0,40,16,15530.24,3,4,4,Champions
53.0,5,4,747.4399999999999,4,2,2,Loyal
54.0,11,9,828.06,4,4,2,Loyal
55.0,224,4,509.65,1,2,2,Lost
56.0,418,2,375.78,1,1,1,Lost
57.0,158,3,1458.5,1,2,3,Lost
58.0,53,6,1237.31,3,3,3,Champions
59.0,99,2,327.12,2,1,1,Lost
60.0,0,5,749.15,4,3,2,Loyal
61.0,93,3,769.46,2,2,2,Lost
62.0,252,4,735.18,1,2,2,Lost
63.0,66,7,1288.36,2,3,3,At Risk (was frequent)
64.0,136,7,2977.54,1,3,4,At Risk (was frequent)
66.0,124,4,526.97,2,2,2,Lost
67.0,123,4,494.54,2,2,2,Lost
68.0,6,12,2863.45,4,4,4,Champions
69.0,21,5,1347.04,4,3,3,Champions
70.0,45,4,1094.68,3,2,3,Loyal
71.0,196,4,657.98,1,2,2,Lost
72.0,195,3,3007.33,1,2,4,Lost
73.0,59,10,3029.6800000000003,3,4,4,Champions
75.0,89,1,73.1,2,1,1,Lost
76.0,58,5,548.66,3,3,2,Loyal
77.0,40,8,1367.78,3,4,3,Champions
78.0,83,8,5085.79,2,4,4,At Risk (was frequent)
79.0,47,9,1324.93,3,4,3,Champions
80.0,35,8,2564.87,3,4,4,Champions
82.0,102,6,1652.63,2,3,3,At Risk (was frequent)
83.0,230,5,2330.98,1,3,4,At Risk (was frequent)
84.0,4,7,2328.58,4,3,4,Champions
85.0,206,2,129.53,1,1,1,Lost
86.0,11,3,392.56000000000006,4,2,1,Loyal
87.0,143,4,3256.25,1,2,4,Lost
88.0,108,6,2254.32,2,3,4,At Risk (was frequent)
89.0,46,9,6376.07,3,4,4,Champions
90.0,68,2,2500.7299999999996,2,1,4,Lost
91.0,134,4,2246.04,1,2,4,Lost
93.0,172,6,395.03,1,3,1,At Risk (was frequent)
94.0,44,3,1190.8899999999999,3,2,3,Loyal
95.0,101,2,231.88,2,1,1,Lost
96.0,283,3,391.33,1,2,1,Lost
97.0,108,3,546.27,2,2,2,Lost
98.0,43,8,6952.959999999999,3,4,4,Champions
99.0,42,7,1041.63,3,3,3,Champions
100.0,11,9,2730.0,4,4,4,Champions
101.0,102,3,590.73,2,2,2,Lost
102.0,79,5,585.7,2,3,2,At Risk (was frequent)
103.0,96,2,396.40000000000003,2,1,1,Lost
104.0,176,4,565.26,1,2,2,Lost
105.0,4,8,1697.1599999999999,4,4,3,Champions
106.0,39,4,1215.0,3,2,3,Loyal
107.0,53,6,1339.12,3,3,3,Champions
108.0,73,4,507.79,2,2,2,Lost
111.0,373,3,1349.83,1,2,3,Lost
112.0,92,5,1639.6000000000001,2,3,3,At Risk (was frequent)
113.0,42,4,1489.2099999999998,3,2,3,Loyal
115.0,114,7,735.5,2,3,2,At Risk (was frequent)
116.0,334,1,61.04,1,1,1,Lost
117.0,38,11,1537.6499999999999,3,4,3,Champions
118.0,6,3,321.39,4,2,1,Loyal
119.0,3,12,6069.15,4,4,4,Champions
120.0,242,6,752.54,1,3,2,At Risk (was frequent)
121.0,55,5,2532.48,3,3,4,Champions
122.0,73,7,1942.34,2,3,3,At Risk (was frequent)
123.0,56,10,1951.0,3,4,3,Champions
124.0,72,2,240.14000000000001,2,1,1,Lost
125.0,13,4,821.3199999999999,4,2,2,Loyal
126.0,64,17,6602.63,2,4,4,At Risk (was frequent)
127.0,40,12,3797.95,3,4,4,Champions
128.0,48,8,2050.75,3,4,3,Champions
129.0,281,1,133.38,1,1,1,Lost
130.0,63,2,105.56,2,1,1,Lost
131.0,80,7,1763.97,2,3,3,At Risk (was frequent)
133.0,120,10,3953.9900000000002,2,4,4,At Risk (was frequent)
134.0,88,1,65.18,2,1,1,Lost
135.0,15,1,312.1,4,1,1,Developing
136.0,39,3,566.34,3,2,2,Loyal
137.0,32,5,706.79,3,3,2,Loyal
138.0,33,4,663.21,3,2,2,Loyal
139.0,81,7,1159.09,2,3,3,At Risk (was frequent)
140.0,159,4,655.62,1,2,2,Lost
141.0,7,18,18017.37,4,4,4,Champions
142.0,100,3,782.0899999999999,2,2,2,Lost
143.0,48,4,1292.52,3,2,3,Loyal
144.0,42,6,4528.5,3,3,4,Champions
145.0,11,2,201.74,4,1,1,Developing
146.0,42,5,1645.02,3,3,3,Champions
147.0,36,2,184.92000000000002,3,1,1,Developing
148.0,185,5,3310.79,1,3,4,At Risk (was frequent)
149.0,173,12,7045.3,1,4,4,At Risk (was frequent)
150.0,13,11,21362.09,4,4,4,Champions
151.0,80,1,989.66,2,1,2,Lost
152.0,153,4,1377.82,1,2,3,Lost
153.0,33,10,2162.89,3,4,3,Champions
154.0,93,4,1421.46,2,2,3,Lost
155.0,132,10,2686.68,1,4,4,At Risk (was frequent)
156.0,142,2,573.12,1,1,2,Lost
157.0,3,7,2038.53,4,3,3,Champions
158.0,504,2,142.19,1,1,1,Lost
159.0,33,20,30832.88,3,4,4,Champions
160.0,462,2,671.54,1,1,2,Lost
161.0,28,3,1776.9,3,2,3,Loyal
162.0,32,6,757.22,3,3,2,Loyal
164.0,38,4,237.2,3,2,1,Loyal
165.0,102,3,1611.3799999999999,2,2,3,Lost
166.0,106,6,2784.52,2,3,4,At Risk (was frequent)
168.0,71,4,1310.3000000000002,2,2,3,Lost
169.0,10,2,340.22,4,1,1,Developing
170.0,137,2,460.84,1,1,2,Lost
171.0,216,1,651.92,1,1,2,Lost
172.0,2,3,1689.26,4,2,3,Loyal
173.0,29,7,2163.96,3,3,3,Champions
174.0,237,1,155.2,1,1,1,Lost
175.0,34,8,3869.2000000000003,3,4,4,Champions
176.0,81,6,1732.55,2,3,3,At Risk (was frequent)
177.0,144,10,2460.1400000000003,1,4,4,At Risk (was frequent)
178.0,49,5,1122.77,3,3,3,Champions
179.0,8,12,3069.25,4,4,4,Champions
180.0,37,10,2212.64,3,4,4,Champions
181.0,84,4,343.5,2,2,1,Lost
182.0,82,4,1407.44,2,2,3,Lost
183.0,50,5,2684.12,3,3,4,Champions
184.0,142,3,626.09,1,2,2,Lost
185.0,80,6,392.89,2,3,1,At Risk (was frequent)
186.0,0,7,1343.93,4,3,3,Champions
187.0,10,4,267.17,4,2,1,Loyal
188.0,78,10,2366.41,2,4,4,At Risk (was frequent)
189.0,126,9,1153.3600000000001,2,4,3,At Risk (was frequent)
190.0,255,1,1376.66,1,1,3,Lost
191.0,122,6,2478.5699999999997,2,3,4,At Risk (was frequent)
192.0,51,14,7638.9400000000005,3,4,4,Champions
193.0,13,4,322.98,4,2,1,Loyal
194.0,7,1,21.5,4,1,1,Developing
195.0,125,6,1350.4099999999999,2,3,3,At Risk (was frequent)
196.0,44,4,263.53,3,2,1,Loyal
197.0,19,5,1723.8600000000001,4,3,3,Champions
198.0,30,9,6628.31,3,4,4,Champions
199.0,95,1,274.2,2,1,1,Lost
200.0,230,4,211.10000000000002,1,2,1,Lost
201.0,358,2,1826.34,1,1,3,Lost
202.0,4,4,823.1199999999999,4,2,2,Loyal
203.0,36,6,1687.01,3,3,3,Champions
204.0,0,5,1152.74,4,3,3,Champions
205.0,53,2,286.4,3,1,1,Developing
206.0,11,2,321.20000000000005,4,1,1,Developing
207.0,10,3,1107.8600000000001,4,2,3,Loyal
208.0,162,4,894.15,1,2,2,Lost
209.0,143,3,493.37,1,2,2,Lost
210.0,260,1,269.26,1,1,1,Lost
211.0,329,3,1431.44,1,2,3,Lost
212.0,68,3,1880.8400000000001,2,2,3,Lost
213.0,143,4,5452.96,1,2,4,Lost
214.0,84,7,791.03,2,3,2,At Risk (was frequent)
215.0,346,3,730.06,1,2,2,Lost
216.0,20,3,328.88,4,2,1,Loyal
217.0,57,10,3189.7,3,4,4,Champions
218.0,26,11,6490.09,3,4,4,Champions
219.0,43,3,474.42,3,2,2,Loyal
220.0,51,7,2563.2999999999997,3,3,4,Champions
221.0,37,10,4377.51,3,4,4,Champions
222.0,1,7,3629.8100000000004,4,3,4,Champions
223.0,52,13,4603.07,3,4,4,Champions
224.0,119,3,214.39000000000001,2,2,1,Lost
225.0,159,2,216.97,1,1,1,Lost
226.0,57,9,5280.24,3,4,4,Champions
227.0,22,6,2204.83,4,3,4,Champions
228.0,29,8,6370.02,3,4,4,Champions
229.0,7,13,2780.83,4,4,4,Champions
230.0,19,6,490.91,4,3,2,Loyal
231.0,15,3,2898.85,4,2,4,Loyal
233.0,61,7,1762.86,3,3,3,Champions
234.0,157,7,759.73,1,3,2,At Risk (was frequent)
235.0,36,6,10086.02,3,3,4,Champions
236.0,18,9,9086.46,4,4,4,Champions
237.0,2,13,13038.24,4,4,4,Champions
238.0,114,5,517.88,2,3,2,At Risk (was frequent)
239.0,51,14,7263.11,3,4,4,Champions
240.0,20,7,1337.8,4,3,3,Champions
241.0,241,1,14.19,1,1,1,Lost
242.0,0,4,981.8500000000001,4,2,2,Loyal
243.0,46,7,1074.82,3,3,3,Champions
244.0,7,4,1786.8600000000001,4,2,3,Loyal
245.0,6,1,301.22,4,1,1,Developing
246.0,106,4,315.42,2,2,1,Lost
247.0,15,2,788.96,4,1,2,Developing
249.0,135,2,31.75,1,1,1,Lost
250.0,185,4,482.99999999999994,1,2,2,Lost
251.0,188,2,172.15,1,1,1,Lost
252.0,40,9,2120.62,3,4,3,Champions
253.0,22,6,1656.53,4,3,3,Champions
254.0,75,7,1039.8600000000001,2,3,3,At Risk (was frequent)
255.0,20,5,1676.13,4,3,3,Champions
256.0,226,8,1805.83,1,4,3,At Risk (was frequent)
257.0,4,14,9962.82,4,4,4,Champions
258.0,23,1,113.96,4,1,1,Developing
259.0,122,13,4334.23,2,4,4,At Risk (was frequent)
260.0,395,1,26.9,1,1,1,Lost
261.0,317,2,729.04,1,1,2,Lost
262.0,135,2,312.62,1,1,1,Lost
263.0,94,5,973.35,2,3,2,At Risk (was frequent)
264.0,12,2,306.26,4,1,1,Developing
265.0,178,6,1827.2000000000003,1,3,3,At Risk (was frequent)
266.0,312,9,1458.87,1,4,3,At Risk (was frequent)
268.0,242,4,1189.82,1,2,3,Lost
269.0,176,2,266.62,1,1,1,Lost
270.0,49,3,179.58999999999997,3,2,1,Loyal
271.0,75,4,1894.19,2,2,3,Lost
272.0,81,13,4701.36,2,4,4,At Risk (was frequent)
273.0,61,7,5406.18,3,3,4,Champions
274.0,151,3,963.24,1,2,2,Lost
275.0,202,7,2615.33,1,3,4,At Risk (was frequent)
276.0,112,3,2447.65,2,2,4,Lost
277.0,123,6,1432.5,2,3,3,At Risk (was frequent)
278.0,100,3,2095.6099999999997,2,2,3,Lost
279.0,23,2,250.51000000000002,4,1,1,Developing
280.0,65,7,4791.39,2,3,4,At Risk (was frequent)
281.0,6,2,666.74,4,1,2,Developing
282.0,184,2,305.66,1,1,1,Lost
283.0,35,3,112.63000000000001,3,2,1,Loyal
284.0,40,2,103.78,3,1,1,Developing
285.0,3,1,122.99,4,1,1,Developing
286.0,119,6,986.8900000000001,2,3,2,At Risk (was frequent)
287.0,45,10,1516.99,3,4,3,Champions
288.0,69,5,791.51,2,3,2,At Risk (was frequent)
289.0,122,2,586.01,2,1,2,Lost
290.0,141,2,414.69,1,1,1,Lost
291.0,399,3,1007.74,1,2,3,Lost
292.0,134,2,109.84,1,1,1,Lost
293.0,54,6,1030.88,3,3,3,Champions
294.0,43,15,12656.79,3,4,4,Champions
295.0,3,2,1065.31,4,1,3,Developing
296.0,80,5,792.22,2,3,2,At Risk (was frequent)
297.0,9,9,1393.93,4,4,3,Champions
298.0,19,1,219.18,4,1,1,Developing
299.0,1,15,2367.12,4,4,4,Champions
300.0,203,6,1728.8600000000001,1,3,3,At Risk (was frequent)
301.0,86,5,839.4499999999999,2,3,2,At Risk (was frequent)
302.0,0,5,1066.44,4,3,3,Champions
304.0,28,4,1845.8400000000001,3,2,3,Loyal
305.0,10,5,921.67,4,3,2,Loyal
306.0,216,2,336.68,1,1,1,Lost
307.0,57,2,434.58000000000004,3,1,2,Developing
308.0,275,1,210.84,1,1,1,Lost
310.0,16,5,1559.36,4,3,3,Champions
311.0,26,3,548.8199999999999,3,2,2,Loyal
312.0,123,8,1791.38,2,4,3,At Risk (was frequent)
313.0,299,1,228.42,1,1,1,Lost
314.0,153,3,929.83,1,2,2,Lost
315.0,15,3,702.92,4,2,2,Loyal
316.0,231,2,501.55,1,1,2,Lost
317.0,47,1,117.27,3,1,1,Developing
319.0,113,8,852.0,2,4,2,At Risk (was frequent)
320.0,122,2,133.21,2,1,1,Lost
321.0,35,5,2175.27,3,3,3,Champions
322.0,5,3,194.21,4,2,1,Loyal
323.0,107,8,2909.9,2,4,4,At Risk (was frequent)
324.0,204,5,963.6899999999999,1,3,2,At Risk (was frequent)
325.0,155,1,134.23,1,1,1,Lost
326.0,237,2,227.87,1,1,1,Lost
328.0,101,3,587.52,2,2,2,Lost
329.0,8,2,579.88,4,1,2,Developing
330.0,198,2,269.9,1,1,1,Lost
331.0,68,2,50.02,2,1,1,Lost
332.0,94,8,663.95,2,4,2,At Risk (was frequent)
333.0,48,2,166.3,3,1,1,Developing
334.0,29,2,106.87,3,1,1,Developing
335.0,15,3,231.51,4,2,1,Loyal
336.0,65,3,1328.9499999999998,2,2,3,Lost
337.0,115,4,808.88,2,2,2,Lost
338.0,54,6,1928.3,3,3,3,Champions
339.0,56,6,1444.8500000000001,3,3,3,Champions
340.0,41,8,2178.46,3,4,3,Champions
341.0,115,2,209.51,2,1,1,Lost
342.0,64,3,1793.04,2,2,3,Lost
343.0,37,1,130.31,3,1,1,Developing
344.0,24,7,3044.71,4,3,4,Champions
345.0,53,2,479.03000000000003,3,1,2,Developing
347.0,25,19,22484.5,4,4,4,Champions
348.0,1,8,2369.0099999999998,4,4,4,Champions
349.0,104,4,687.72,2,2,2,Lost
350.0,39,9,3755.4700000000003,3,4,4,Champions
351.0,28,18,14353.769999999999,3,4,4,Champions
352.0,112,3,1484.1999999999998,2,2,3,Lost
353.0,91,4,3028.46,2,2,4,Lost
354.0,28,7,2541.36,3,3,4,Champions
355.0,358,2,155.32999999999998,1,1,1,Lost
356.0,27,2,895.23,3,1,2,Developing
357.0,10,5,1421.66,4,3,3,Champions
358.0,181,5,1893.6399999999999,1,3,3,At Risk (was frequent)
359.0,128,3,95.68,2,2,1,Lost
360.0,71,6,1507.06,2,3,3,At Risk (was frequent)
361.0,73,1,399.72,2,1,1,Lost
362.0,19,4,1032.76,4,2,3,Loyal
363.0,4,5,486.09999999999997,4,3,2,Loyal
364.0,120,9,1135.31,2,4,3,At Risk (was frequent)
365.0,29,9,2466.52,3,4,4,Champions
366.0,35,1,348.88,3,1,1,Developing
367.0,21,10,6064.400000000001,4,4,4,Champions
368.0,106,4,261.81,2,2,1,Lost
369.0,2,5,1034.3600000000001,4,3,3,Champions
370.0,1,4,1142.3,4,2,3,Loyal
371.0,229,1,367.96,1,1,1,Lost
373.0,35,7,1675.5400000000002,3,3,3,Champions
374.0,174,5,904.8900000000001,1,3,2,At Risk (was frequent)
375.0,19,8,2156.23,4,4,3,Champions
376.0,380,1,731.0,1,1,2,Lost
377.0,26,1,105.64,3,1,1,Developing
378.0,90,2,1657.79,2,1,3,Lost
379.0,234,2,428.84000000000003,1,1,1,Lost
380.0,4,8,1440.21,4,4,3,Champions
382.0,41,13,7129.43,3,4,4,Champions
383.0,17,6,1475.48,4,3,3,Champions
384.0,37,7,1934.53,3,3,3,Champions
385.0,281,4,540.55,1,2,2,Lost
386.0,182,5,774.07,1,3,2,At Risk (was frequent)
387.0,57,18,10953.44,3,4,4,Champions
388.0,29,7,1585.3799999999999,3,3,3,Champions
390.0,48,2,815.2299999999999,3,1,2,Developing
391.0,17,6,1547.75,4,3,3,Champions
392.0,26,3,3114.23,3,2,4,Loyal
393.0,50,2,226.35,3,1,1,Developing
394.0,44,8,2558.14,3,4,4,Champions
395.0,3,3,1283.93,4,2,3,Loyal
396.0,4,5,1392.93,4,3,3,Champions
397.0,198,8,4070.52,1,4,4,At Risk (was frequent)
398.0,13,5,2175.15,4,3,3,Champions
399.0,170,1,636.36,1,1,2,Lost
400.0,243,2,290.17,1,1,1,Lost
401.0,17,6,8847.07,4,3,4,Champions
402.0,212,3,1056.4099999999999,1,2,3,Lost
403.0,126,5,926.3100000000001,2,3,2,At Risk (was frequent)
404.0,135,3,265.18,1,2,1,Lost
405.0,9,11,2756.21,4,4,4,Champions
406.0,5,7,2143.5099999999998,4,3,3,Champions
407.0,71,6,2068.7,2,3,3,At Risk (was frequent)
408.0,94,3,397.6,2,2,1,Lost
409.0,48,6,1804.6399999999999,3,3,3,Champions
410.0,6,6,1876.81,4,3,3,Champions
411.0,5,4,576.7099999999999,4,2,2,Loyal
412.0,57,4,2507.9700000000003,3,2,4,Loyal
413.0,69,5,2897.18,2,3,4,At Risk (was frequent)
414.0,286,1,113.23,1,1,1,Lost
416.0,137,2,55.480000000000004,1,1,1,Lost
417.0,109,2,320.72,2,1,1,Lost
418.0,10,1,37.82,4,1,1,Developing
419.0,177,2,121.30000000000001,1,1,1,Lost
420.0,208,5,979.31,1,3,2,At Risk (was frequent)
421.0,43,4,469.87,3,2,2,Loyal
422.0,21,13,8401.5,4,4,4,Champions
423.0,46,6,768.8699999999999,3,3,2,Loyal
424.0,25,3,3440.44,4,2,4,Loyal
425.0,26,3,291.22,3,2,1,Loyal
426.0,64,3,1663.62,2,2,3,Lost
427.0,40,7,1807.97,3,3,3,Champions
428.0,37,4,2465.82,3,2,4,Loyal
429.0,109,11,4013.96,2,4,4,At Risk (was frequent)
430.0,8,12,2536.37,4,4,4,Champions
431.0,45,5,326.0,3,3,1,Loyal
432.0,771,4,1026.27,1,2,3,Lost
433.0,221,2,1414.8700000000001,1,1,3,Lost
434.0,390,1,111.09,1,1,1,Lost
435.0,217,6,1846.74,1,3,3,At Risk (was frequent)
436.0,172,8,840.8100000000001,1,4,2,At Risk (was frequent)
437.0,600,2,270.72,1,1,1,Lost
438.0,51,7,2297.87,3,3,4,Champions
439.0,76,5,506.21999999999997,2,3,2,At Risk (was frequent)
440.0,1,6,850.5799999999999,4,3,2,Loyal
441.0,632,1,16.21,1,1,1,Lost
442.0,10,6,621.7800000000001,4,3,2,Loyal
443.0,89,5,650.74,2,3,2,At Risk (was frequent)
444.0,78,3,301.26,2,2,1,Lost
445.0,131,8,2921.85,1,4,4,At Risk (was frequent)
446.0,6,8,2269.05,4,4,4,Champions
447.0,56,2,1863.02,3,1,3,Developing
448.0,55,6,1057.1100000000001,3,3,3,Champions
449.0,30,5,2251.32,3,3,4,Champions
450.0,197,3,109.05000000000001,1,2,1,Lost
451.0,46,3,280.84000000000003,3,2,1,Loyal
452.0,37,10,5692.89,3,4,4,Champions
453.0,21,3,1620.65,4,2,3,Loyal
454.0,127,1,162.08,2,1,1,Lost
455.0,68,5,789.45,2,3,2,At Risk (was frequent)
456.0,112,5,1036.26,2,3,3,At Risk (was frequent)
457.0,138,5,785.15,1,3,2,At Risk (was frequent)
458.0,165,2,216.7,1,1,1,Lost
459.0,3,5,1759.12,4,3,3,Champions
460.0,372,3,340.79,1,2,1,Lost
461.0,73,3,385.96,2,2,1,Lost
462.0,71,2,276.53999999999996,2,1,1,Lost
463.0,325,5,633.1600000000001,1,3,2,At Risk (was frequent)
464.0,23,10,2357.54,4,4,4,Champions
465.0,161,2,339.2,1,1,1,Lost
466.0,53,8,2314.0499999999997,3,4,4,Champions
467.0,9,5,775.87,4,3,2,Loyal
468.0,104,6,546.3299999999999,2,3,2,At Risk (was frequent)
470.0,93,8,1049.48,2,4,3,At Risk (was frequent)
471.0,82,5,490.65,2,3,2,At Risk (was frequent)
472.0,24,14,8813.43,4,4,4,Champions
473.0,84,9,1908.6000000000001,2,4,3,At Risk (was frequent)
474.0,0,5,600.9200000000001,4,3,2,Loyal
475.0,9,7,1101.99,4,3,3,Champions
476.0,15,7,6087.92,4,3,4,Champions
477.0,21,1,19.61,4,1,1,Developing
478.0,51,5,1252.1799999999998,3,3,3,Champions
479.0,53,9,1487.9099999999999,3,4,3,Champions
480.0,164,1,310.1,1,1,1,Lost
481.0,124,5,525.71,2,3,2,At Risk (was frequent)
482.0,38,13,6330.82,3,4,4,Champions
483.0,110,1,41.96,2,1,1,Lost
484.0,218,1,1584.34,1,1,3,Lost
485.0,46,8,974.82,3,4,2,Loyal
486.0,83,1,15.68,2,1,1,Lost
487.0,234,4,384.93,1,2,1,Lost
488.0,25,3,2254.74,4,2,4,Loyal
490.0,104,3,437.34000000000003,2,2,2,Lost
491.0,121,1,33.97,2,1,1,Lost
492.0,24,6,4706.889999999999,4,3,4,Champions
493.0,163,1,264.72,1,1,1,Lost
494.0,9,3,616.1800000000001,4,2,2,Loyal
495.0,16,8,4126.59,4,4,4,Champions
496.0,66,5,419.66999999999996,2,3,1,At Risk (was frequent)
497.0,11,3,418.20000000000005,4,2,1,Loyal
498.0,16,5,1088.09,4,3,3,Champions
499.0,34,6,2467.3599999999997,3,3,4,Champions
500.0,279,4,554.03,1,2,2,Lost
501.0,28,13,3189.91,3,4,4,Champions
502.0,55,18,13261.55,3,4,4,Champions
503.0,3,4,197.35000000000002,4,2,1,Loyal
504.0,120,5,1389.01,2,3,3,At Risk (was frequent)
505.0,14,1,59.52,4,1,1,Developing
506.0,18,8,2183.02,4,4,3,Champions
507.0,18,1,464.85,4,1,2,Developing
508.0,57,3,1748.45,3,2,3,Loyal
509.0,196,4,507.51,1,2,2,Lost
510.0,203,16,7181.1900000000005,1,4,4,At Risk (was frequent)
511.0,55,4,542.32,3,2,2,Loyal
512.0,22,16,10265.49,4,4,4,Champions
513.0,69,9,12589.34,2,4,4,At Risk (was frequent)
514.0,35,2,142.69,3,1,1,Developing
515.0,39,6,2001.81,3,3,3,Champions
516.0,6,7,3332.0699999999997,4,3,4,Champions
517.0,0,1,138.2,4,1,1,Developing
518.0,322,1,395.54,1,1,1,Lost
519.0,61,19,29191.2,3,4,4,Champions
520.0,49,3,517.76,3,2,2,Loyal
521.0,40,3,5100.6900000000005,3,2,4,Loyal
522.0,48,5,592.71,3,3,2,Loyal
523.0,216,2,474.59999999999997,1,1,2,Lost
524.0,12,7,6030.99,4,3,4,Champions
525.0,65,8,4054.56,2,4,4,At Risk (was frequent)
526.0,73,7,5495.79,2,3,4,At Risk (was frequent)
527.0,192,11,5149.44,1,4,4,At Risk (was frequent)
528.0,15,7,2750.86,4,3,4,Champions
529.0,86,2,115.75,2,1,1,Lost
530.0,109,15,8228.01,2,4,4,At Risk (was frequent)
531.0,30,5,581.1899999999999,3,3,2,Loyal
532.0,33,7,2679.47,3,3,4,Champions
533.0,152,1,227.02,1,1,1,Lost
534.0,58,7,3726.15,3,3,4,Champions
535.0,81,3,121.79,2,2,1,Lost
536.0,35,5,707.64,3,3,2,Loyal
537.0,7,4,784.73,4,2,2,Loyal
538.0,262,1,54.64,1,1,1,Lost
539.0,33,6,2020.0900000000001,3,3,3,Champions
540.0,187,2,922.56,1,1,2,Lost
541.0,176,1,691.1,1,1,2,Lost
542.0,40,1,90.16,3,1,1,Developing
543.0,72,7,1783.33,2,3,3,At Risk (was frequent)
544.0,38,14,8261.710000000001,3,4,4,Champions
545.0,4,18,9288.53,4,4,4,Champions
546.0,246,1,43.06,1,1,1,Lost
547.0,40,8,6636.36,3,4,4,Champions
548.0,16,7,2453.7999999999997,4,3,4,Champions
549.0,7,11,16470.920000000002,4,4,4,Champions
550.0,12,3,608.82,4,2,2,Loyal
551.0,208,4,1001.92,1,2,3,Lost
552.0,119,2,1932.92,2,1,3,Lost
553.0,17,8,2149.54,4,4,3,Champions
555.0,1,12,5778.67,4,4,4,Champions
556.0,50,9,4385.58,3,4,4,Champions
557.0,117,2,627.29,2,1,2,Lost
558.0,101,2,315.58,2,1,1,Lost
559.0,196,6,1134.96,1,3,3,At Risk (was frequent)
560.0,31,7,1781.77,3,3,3,Champions
561.0,128,1,61.33,2,1,1,Lost
562.0,153,1,30.24,1,1,1,Lost
563.0,146,4,719.55,1,2,2,Lost
564.0,92,4,2696.27,2,2,4,Lost
565.0,41,2,803.46,3,1,2,Developing
566.0,45,2,132.07,3,1,1,Developing
568.0,8,4,1286.3200000000002,4,2,3,Loyal
569.0,144,9,1493.38,1,4,3,At Risk (was frequent)
570.0,118,1,75.68,2,1,1,Lost
571.0,157,3,2043.82,1,2,3,Lost
572.0,70,4,970.27,2,2,2,Lost
573.0,40,7,2794.07,3,3,4,Champions
574.0,108,7,881.25,2,3,2,At Risk (was frequent)
575.0,139,1,29.79,1,1,1,Lost
576.0,58,7,2244.65,3,3,4,Champions
578.0,4,6,300.55,4,3,1,Loyal
579.0,5,4,827.05,4,2,2,Loyal
580.0,107,2,705.98,2,1,2,Lost
581.0,7,10,3183.92,4,4,4,Champions
582.0,86,3,1522.3000000000002,2,2,3,Lost
583.0,9,4,570.0500000000001,4,2,2,Loyal
584.0,273,2,423.48,1,1,1,Lost
585.0,152,3,2485.04,1,2,4,Lost
586.0,27,4,1779.04,3,2,3,Loyal
588.0,198,3,1572.76,1,2,3,Lost
589.0,177,1,45.3,1,1,1,Lost
590.0,59,8,4017.0,3,4,4,Champions
591.0,14,4,873.54,4,2,2,Loyal
592.0,156,6,953.36,1,3,2,At Risk (was frequent)
593.0,9,12,6975.12,4,4,4,Champions
594.0,50,4,1788.56,3,2,3,Loyal
595.0,55,7,5197.610000000001,3,3,4,Champions
597.0,82,9,707.88,2,4,2,At Risk (was frequent)
598.0,72,8,1136.27,2,4,3,At Risk (was frequent)
599.0,26,5,2155.8,3,3,3,Champions
600.0,56,3,744.06,3,2,2,Loyal
601.0,4,9,3465.17,4,4,4,Champions
602.0,12,5,936.62,4,3,2,Loyal
603.0,50,7,6314.79,3,3,4,Champions
604.0,53,4,954.5699999999999,3,2,2,Loyal
605.0,209,4,766.69,1,2,2,Lost
606.0,212,5,803.96,1,3,2,At Risk (was frequent)
607.0,2,10,5937.71,4,4,4,Champions
608.0,34,9,3786.01,3,4,4,Champions
609.0,117,1,325.22,2,1,1,Lost
610.0,10,4,2945.55,4,2,4,Loyal
611.0,119,5,2233.17,2,3,4,At Risk (was frequent)
612.0,126,5,1082.48,2,3,3,At Risk (was frequent)
613.0,11,7,1118.35,4,3,3,Champions
614.0,21,9,3115.02,4,4,4,Champions
615.0,96,2,570.52,2,1,2,Lost
616.0,111,2,153.19,2,1,1,Lost
617.0,152,2,170.36,1,1,1,Lost
619.0,21,1,189.35,4,1,1,Developing
620.0,104,1,958.26,2,1,2,Lost
621.0,80,10,1581.79,2,4,3,At Risk (was frequent)
622.0,86,1,318.12,2,1,1,Lost
623.0,0,12,13940.0,4,4,4,Champions
624.0,65,5,2660.72,2,3,4,At Risk (was frequent)
625.0,64,8,2418.4500000000003,2,4,4,At Risk (was frequent)
626.0,4,3,1027.61,4,2,3,Loyal
627.0,5,7,4297.469999999999,4,3,4,Champions
628.0,126,1,164.64,2,1,1,Lost
629.0,7,5,358.56,4,3,1,Loyal
630.0,47,6,1136.91,3,3,3,Champions
631.0,18,11,5376.45,4,4,4,Champions
632.0,81,4,371.89,2,2,1,Lost
633.0,55,7,1550.16,3,3,3,Champions
634.0,25,4,1181.63,4,2,3,Loyal
635.0,206,6,499.67,1,3,2,At Risk (was frequent)
636.0,190,3,474.54,1,2,2,Lost
637.0,133,5,1085.56,1,3,3,At Risk (was frequent)
638.0,155,2,875.14,1,1,2,Lost
639.0,30,6,10279.85,3,3,4,Champions
640.0,203,3,270.36,1,2,1,Lost
641.0,82,2,120.38,2,1,1,Lost
642.0,5,3,710.8199999999999,4,2,2,Loyal
644.0,77,10,2097.68,2,4,3,At Risk (was frequent)
645.0,234,3,651.0899999999999,1,2,2,Lost
647.0,22,7,1658.22,4,3,3,Champions
648.0,83,4,940.84,2,2,2,Lost
649.0,136,2,1181.3600000000001,1,1,3,Lost
650.0,208,5,627.93,1,3,2,At Risk (was frequent)
651.0,19,4,259.6,4,2,1,Loyal
652.0,44,2,186.3,3,1,1,Developing
653.0,56,2,1056.72,3,1,3,Developing
654.0,29,5,2354.0,3,3,4,Champions
655.0,184,7,4567.610000000001,1,3,4,At Risk (was frequent)
656.0,167,8,3349.92,1,4,4,At Risk (was frequent)
657.0,180,4,2375.91,1,2,4,Lost
658.0,63,11,8073.869999999999,2,4,4,At Risk (was frequent)
659.0,9,4,1568.49,4,2,3,Loyal
660.0,7,1,55.68,4,1,1,Developing
661.0,7,5,1443.3200000000002,4,3,3,Champions
662.0,56,4,862.6,3,2,2,Loyal
663.0,101,4,1030.96,2,2,3,Lost
664.0,67,2,644.28,2,1,2,Lost
665.0,94,4,299.96999999999997,2,2,1,Lost
666.0,138,4,135.26999999999998,1,2,1,Lost
667.0,24,5,932.61,4,3,2,Loyal
668.0,26,8,1288.31,3,4,3,Champions
670.0,29,3,142.3,3,2,1,Loyal
671.0,34,1,62.46,3,1,1,Developing
672.0,142,6,1767.48,1,3,3,At Risk (was frequent)
673.0,165,3,409.86,1,2,1,Lost
674.0,2,10,1389.52,4,4,3,Champions
675.0,16,12,4646.6900000000005,4,4,4,Champions
676.0,110,9,1223.3799999999999,2,4,3,At Risk (was frequent)
677.0,82,7,7928.870000000001,2,3,4,At Risk (was frequent)
678.0,101,2,431.97,2,1,2,Lost
679.0,47,6,1911.04,3,3,3,Champions
680.0,112,2,96.75999999999999,2,1,1,Lost
681.0,72,4,249.89000000000001,2,2,1,Lost
682.0,36,7,635.89,3,3,2,Loyal
683.0,48,4,883.4699999999999,3,2,2,Loyal
684.0,371,5,803.82,1,3,2,At Risk (was frequent)
686.0,25,4,3413.19,4,2,4,Loyal
688.0,371,1,1440.76,1,1,3,Lost
689.0,158,9,2453.04,1,4,4,At Risk (was frequent)
690.0,104,2,129.79999999999998,2,1,1,Lost
691.0,43,3,110.78,3,2,1,Loyal
692.0,4,4,384.31,4,2,1,Loyal
693.0,240,4,668.85,1,2,2,Lost
694.0,86,3,2192.6800000000003,2,2,3,Lost
695.0,280,1,140.18,1,1,1,Lost
696.0,168,1,30.36,1,1,1,Lost
697.0,233,1,1396.0,1,1,3,Lost
698.0,222,4,351.2,1,2,1,Lost
700.0,37,4,558.0699999999999,3,2,2,Loyal
701.0,0,5,2107.4,4,3,3,Champions
702.0,105,9,3647.45,2,4,4,At Risk (was frequent)
704.0,127,7,5047.25,2,3,4,At Risk (was frequent)
705.0,51,15,9363.53,3,4,4,Champions
706.0,193,1,140.43,1,1,1,Lost
707.0,178,10,3892.3900000000003,1,4,4,At Risk (was frequent)
708.0,12,5,783.35,4,3,2,Loyal
709.0,9,4,386.63,4,2,1,Loyal
710.0,36,8,1382.01,3,4,3,Champions
711.0,11,3,477.1,4,2,2,Loyal
712.0,94,10,3823.5600000000004,2,4,4,At Risk (was frequent)
713.0,21,4,250.74,4,2,1,Loyal
714.0,34,4,1129.15,3,2,3,Loyal
715.0,170,6,7497.29,1,3,4,At Risk (was frequent)
716.0,252,3,1160.27,1,2,3,Lost
717.0,163,2,1336.8999999999999,1,1,3,Lost
719.0,161,2,300.96,1,1,1,Lost
720.0,59,4,331.76,3,2,1,Loyal
721.0,57,5,670.72,3,3,2,Loyal
722.0,159,3,369.67,1,2,1,Lost
723.0,41,6,1254.96,3,3,3,Champions
724.0,24,7,607.02,4,3,2,Loyal
725.0,79,2,201.08,2,1,1,Lost
726.0,230,2,169.48000000000002,1,1,1,Lost
727.0,4,1,52.64,4,1,1,Developing
728.0,37,3,1354.79,3,2,3,Loyal
729.0,153,3,335.11,1,2,1,Lost
730.0,105,12,16684.14,2,4,4,At Risk (was frequent)
731.0,53,1,135.33,3,1,1,Developing
732.0,22,6,1193.26,4,3,3,Champions
733.0,130,2,562.47,2,1,2,Lost
734.0,105,7,4072.27,2,3,4,At Risk (was frequent)
735.0,19,4,1357.88,4,2,3,Loyal
736.0,14,7,3120.5099999999998,4,3,4,Champions
737.0,34,9,3220.61,3,4,4,Champions
738.0,111,2,3651.4,2,1,4,Lost
739.0,442,3,883.22,1,2,2,Lost
740.0,50,4,1517.8400000000001,3,2,3,Loyal
741.0,7,6,1472.43,4,3,3,Champions
742.0,71,5,1847.52,2,3,3,At Risk (was frequent)
743.0,48,3,1407.93,3,2,3,Loyal
744.0,235,5,750.02,1,3,2,At Risk (was frequent)
745.0,63,12,1677.27,2,4,3,At Risk (was frequent)
746.0,149,3,1521.19,1,2,3,Lost
747.0,36,3,348.62,3,2,1,Loyal
748.0,51,9,6985.570000000001,3,4,4,Champions
749.0,119,15,4027.76,2,4,4,At Risk (was frequent)
750.0,90,7,968.8199999999999,2,3,2,At Risk (was frequent)
751.0,24,7,712.66,4,3,2,Loyal
752.0,216,2,151.62,1,1,1,Lost
753.0,61,1,207.28,3,1,1,Developing
754.0,8,5,1376.3300000000002,4,3,3,Champions
755.0,319,1,117.59,1,1,1,Lost
756.0,7,5,845.8,4,3,2,Loyal
757.0,101,14,9203.35,2,4,4,At Risk (was frequent)
758.0,4,7,1296.6399999999999,4,3,3,Champions
759.0,30,4,1574.68,3,2,3,Loyal
760.0,127,2,1662.56,2,1,3,Lost
761.0,91,2,262.31,2,1,1,Lost
762.0,78,14,3793.7100000000005,2,4,4,At Risk (was frequent)
763.0,9,4,609.31,4,2,2,Loyal
764.0,96,4,1612.41,2,2,3,Lost
765.0,64,2,174.51999999999998,2,1,1,Lost
766.0,166,3,238.17000000000002,1,2,1,Lost
767.0,466,3,728.3,1,2,2,Lost
768.0,36,2,491.72,3,1,2,Developing
769.0,55,7,1102.35,3,3,3,Champions
771.0,48,4,2053.94,3,2,3,Loyal
772.0,133,3,509.58,1,2,2,Lost
773.0,30,8,989.22,3,4,2,Loyal
774.0,104,4,1489.46,2,2,3,Lost
775.0,64,3,1413.42,2,2,3,Lost
776.0,36,3,162.44,3,2,1,Loyal
777.0,47,3,701.98,3,2,2,Loyal
778.0,17,3,559.89,4,2,2,Loyal
779.0,25,1,39.09,4,1,1,Developing
780.0,174,3,445.46,1,2,2,Lost
781.0,172,6,1081.51,1,3,3,At Risk (was frequent)
782.0,51,5,1757.17,3,3,3,Champions
783.0,116,1,35.14,2,1,1,Lost
784.0,78,4,628.36,2,2,2,Lost
785.0,172,7,6601.57,1,3,4,At Risk (was frequent)
786.0,71,4,326.62,2,2,1,Lost
787.0,100,1,411.42,2,1,1,Lost
788.0,47,4,377.36,3,2,1,Loyal
790.0,159,1,8.54,1,1,1,Lost
791.0,2,3,236.02,4,2,1,Loyal
792.0,42,2,106.94,3,1,1,Developing
793.0,281,3,1478.28,1,2,3,Lost
794.0,9,5,791.57,4,3,2,Loyal
795.0,92,6,2610.85,2,3,4,At Risk (was frequent)
796.0,19,6,2142.35,4,3,3,Champions
797.0,2,5,812.2,4,3,2,Loyal
798.0,246,8,4520.139999999999,1,4,4,At Risk (was frequent)
799.0,201,5,2455.27,1,3,4,At Risk (was frequent)
800.0,36,4,2000.92,3,2,3,Loyal
801.0,27,7,1219.09,3,3,3,Champions
802.0,43,4,4555.6,3,2,4,Loyal
803.0,33,2,170.33,3,1,1,Developing
804.0,46,7,1006.92,3,3,3,Champions
805.0,182,17,21868.21,1,4,4,At Risk (was frequent)
806.0,94,4,1390.63,2,2,3,Lost
807.0,10,5,974.35,4,3,2,Loyal
808.0,20,3,1133.81,4,2,3,Loyal
809.0,51,13,4687.6900000000005,3,4,4,Champions
811.0,224,9,12381.79,1,4,4,At Risk (was frequent)
812.0,316,2,963.26,1,1,2,Lost
814.0,23,4,1055.3,4,2,3,Loyal
815.0,16,17,8717.64,4,4,4,Champions
816.0,19,8,3860.3,4,4,4,Champions
817.0,35,7,3347.78,3,3,4,Champions
818.0,23,3,386.91999999999996,4,2,1,Loyal
820.0,139,7,795.63,1,3,2,At Risk (was frequent)
821.0,137,3,451.75,1,2,2,Lost
822.0,131,1,31.02,1,1,1,Lost
823.0,185,3,402.82,1,2,1,Lost
824.0,150,2,628.2800000000001,1,1,2,Lost
825.0,11,1,66.52,4,1,1,Developing
826.0,28,21,26033.77,3,4,4,Champions
827.0,21,4,820.7,4,2,2,Loyal
828.0,97,5,1884.21,2,3,3,At Risk (was frequent)
829.0,2,3,416.88,4,2,1,Loyal
830.0,56,2,1160.84,3,1,3,Developing
831.0,151,5,169.41,1,3,1,At Risk (was frequent)
832.0,20,9,9275.45,4,4,4,Champions
834.0,4,1,83.42,4,1,1,Developing
836.0,15,3,714.26,4,2,2,Loyal
837.0,163,2,493.2,1,1,2,Lost
838.0,89,2,537.56,2,1,2,Lost
840.0,88,2,2418.48,2,1,4,Lost
841.0,66,5,443.65,2,3,2,At Risk (was frequent)
842.0,19,17,18148.42,4,4,4,Champions
843.0,44,6,196.86,3,3,1,Loyal
844.0,110,2,196.87,2,1,1,Lost
845.0,213,1,324.99,1,1,1,Lost
846.0,162,3,664.21,1,2,2,Lost
847.0,41,3,433.95,3,2,2,Loyal
849.0,2,6,921.96,4,3,2,Loyal
850.0,41,10,2370.12,3,4,4,Champions
851.0,102,1,560.13,2,1,2,Lost
852.0,52,2,11.56,3,1,1,Developing
853.0,154,2,323.7,1,1,1,Lost
854.0,42,3,504.49,3,2,2,Loyal
855.0,233,4,605.82,1,2,2,Lost
856.0,39,1,801.16,3,1,2,Developing
857.0,52,3,759.9499999999999,3,2,2,Loyal
858.0,329,4,1593.5900000000001,1,2,3,Lost
859.0,22,1,26.06,4,1,1,Developing
860.0,60,7,1781.6599999999999,3,3,3,Champions
861.0,71,8,1859.24,2,4,3,At Risk (was frequent)
862.0,54,7,728.6800000000001,3,3,2,Loyal
863.0,41,8,973.53,3,4,2,Loyal
864.0,105,2,124.46000000000001,2,1,1,Lost
865.0,53,7,1664.26,3,3,3,Champions
866.0,245,1,70.38,1,1,1,Lost
867.0,6,6,3253.0299999999997,4,3,4,Champions
868.0,262,5,1965.94,1,3,3,At Risk (was frequent)
869.0,118,7,1968.01,2,3,3,At Risk (was frequent)
870.0,209,1,229.38,1,1,1,Lost
871.0,163,2,206.91,1,1,1,Lost
872.0,19,5,1177.0,4,3,3,Champions
873.0,0,3,631.0,4,2,2,Loyal
874.0,4,11,2452.34,4,4,4,Champions
875.0,453,1,1169.7,1,1,3,Lost
876.0,0,4,477.93,4,2,2,Loyal
877.0,115,6,1496.35,2,3,3,At Risk (was frequent)
878.0,24,2,756.52,4,1,2,Developing
879.0,69,5,2177.8599999999997,2,3,3,At Risk (was frequent)
880.0,250,1,149.34,1,1,1,Lost
881.0,273,2,106.83000000000001,1,1,1,Lost
882.0,96,5,781.3,2,3,2,At Risk (was frequent)
883.0,104,13,10490.25,2,4,4,At Risk (was frequent)
884.0,343,2,300.17,1,1,1,Lost
885.0,57,2,221.74,3,1,1,Developing
886.0,1,4,787.9200000000001,4,2,2,Loyal
887.0,50,16,8232.99,3,4,4,Champions
888.0,31,11,2817.23,3,4,4,Champions
889.0,2,16,9419.9,4,4,4,Champions
890.0,97,4,555.72,2,2,2,Lost
891.0,89,4,1935.66,2,2,3,Lost
892.0,39,1,93.23,3,1,1,Developing
893.0,8,8,915.8499999999999,4,4,2,Loyal
894.0,29,2,878.22,3,1,2,Developing
895.0,16,7,844.57,4,3,2,Loyal
896.0,26,4,458.81,3,2,2,Loyal
897.0,56,2,585.25,3,1,2,Developing
898.0,0,4,2646.95,4,2,4,Loyal
899.0,16,6,448.62,4,3,2,Loyal
900.0,22,5,2459.04,4,3,4,Champions
901.0,42,4,936.77,3,2,2,Loyal
902.0,35,3,553.41,3,2,2,Loyal
903.0,48,7,1312.89,3,3,3,Champions
904.0,19,4,1057.1,4,2,3,Loyal
905.0,93,2,472.41999999999996,2,1,2,Lost
906.0,10,8,1111.14,4,4,3,Champions
907.0,117,2,1586.91,2,1,3,Lost
908.0,35,2,608.63,3,1,2,Developing
909.0,137,7,805.74,1,3,2,At Risk (was frequent)
910.0,191,7,2488.21,1,3,4,At Risk (was frequent)
911.0,60,5,601.42,3,3,2,Loyal
912.0,6,5,814.7199999999999,4,3,2,Loyal
913.0,173,3,96.96000000000001,1,2,1,Lost
914.0,81,8,971.63,2,4,2,At Risk (was frequent)
915.0,15,7,9784.91,4,3,4,Champions
916.0,54,4,788.57,3,2,2,Loyal
917.0,58,7,3244.37,3,3,4,Champions
918.0,383,2,627.2,1,1,2,Lost
919.0,82,4,1669.7,2,2,3,Lost
920.0,53,2,184.44,3,1,1,Developing
921.0,302,4,2592.8500000000004,1,2,4,Lost
922.0,72,2,307.06,2,1,1,Lost
923.0,4,4,1563.23,4,2,3,Loyal
924.0,168,11,4981.360000000001,1,4,4,At Risk (was frequent)
925.0,176,9,2720.08,1,4,4,At Risk (was frequent)
926.0,40,8,4664.41,3,4,4,Champions
927.0,57,1,25.75,3,1,1,Developing
928.0,301,1,13.19,1,1,1,Lost
929.0,237,5,437.59000000000003,1,3,2,At Risk (was frequent)
930.0,14,2,168.79000000000002,4,1,1,Developing
931.0,89,4,1402.23,2,2,3,Lost
932.0,117,4,1218.3700000000001,2,2,3,Lost
933.0,113,1,590.9,2,1,2,Lost
934.0,11,12,5846.82,4,4,4,Champions
935.0,11,12,6730.9,4,4,4,Champions
936.0,75,3,1496.47,2,2,3,Lost
937.0,137,7,2111.99,1,3,3,At Risk (was frequent)
938.0,78,6,1686.05,2,3,3,At Risk (was frequent)
939.0,124,5,1821.8600000000001,2,3,3,At Risk (was frequent)
940.0,4,4,249.69,4,2,1,Loyal
941.0,235,7,1520.16,1,3,3,At Risk (was frequent)
942.0,125,3,132.37,2,2,1,Lost
943.0,256,4,754.95,1,2,2,Lost
944.0,45,3,631.82,3,2,2,Loyal
945.0,54,4,7365.280000000001,3,2,4,Loyal
946.0,16,5,286.95,4,3,1,Loyal
947.0,103,5,459.34999999999997,2,3,2,At Risk (was frequent)
948.0,116,8,2298.1800000000003,2,4,4,At Risk (was frequent)
949.0,37,5,884.41,3,3,2,Loyal
950.0,55,11,19536.23,3,4,4,Champions
951.0,102,3,326.59000000000003,2,2,1,Lost
952.0,24,5,449.16,4,3,2,Loyal
955.0,22,9,3309.72,4,4,4,Champions
956.0,84,8,919.11,2,4,2,At Risk (was frequent)
957.0,48,8,1638.73,3,4,3,Champions
958.0,141,1,172.48,1,1,1,Lost
959.0,132,13,2441.34,1,4,4,At Risk (was frequent)
960.0,49,2,447.06,3,1,2,Developing
961.0,175,1,395.64,1,1,1,Lost
963.0,39,6,578.07,3,3,2,Loyal
965.0,323,5,740.1,1,3,2,At Risk (was frequent)
966.0,118,3,419.10999999999996,2,2,1,Lost
967.0,153,6,513.66,1,3,2,At Risk (was frequent)
969.0,184,2,126.56,1,1,1,Lost
970.0,151,1,671.92,1,1,2,Lost
971.0,60,5,614.77,3,3,2,Loyal
972.0,2,4,2326.26,4,2,4,Loyal
973.0,273,4,1472.81,1,2,3,Lost
974.0,223,2,267.48,1,1,1,Lost
976.0,102,5,564.72,2,3,2,At Risk (was frequent)
977.0,13,6,5446.35,4,3,4,Champions
979.0,34,6,3248.9700000000003,3,3,4,Champions
980.0,526,2,782.64,1,1,2,Lost
981.0,55,6,452.40000000000003,3,3,2,Loyal
982.0,39,6,4470.93,3,3,4,Champions
983.0,17,6,2630.75,4,3,4,Champions
984.0,35,5,1064.99,3,3,3,Champions
985.0,21,11,7668.42,4,4,4,Champions
986.0,81,6,450.95,2,3,2,At Risk (was frequent)
987.0,182,1,325.56,1,1,1,Lost
988.0,200,2,141.66,1,1,1,Lost
989.0,132,2,650.43,1,1,2,Lost
990.0,61,1,82.56,3,1,1,Developing
991.0,95,5,2069.98,2,3,3,At Risk (was frequent)
992.0,51,8,611.4300000000001,3,4,2,Loyal
993.0,156,6,1752.4,1,3,3,At Risk (was frequent)
994.0,122,2,220.23999999999998,2,1,1,Lost
995.0,40,2,262.53000000000003,3,1,1,Developing
996.0,45,3,291.13,3,2,1,Loyal
997.0,21,4,2823.1600000000003,4,2,4,Loyal
998.0,48,5,2162.3599999999997,3,3,3,Champions
999.0,463,2,981.25,1,1,2,Lost
1000.0,121,2,660.62,2,1,2,Lost
1001.0,102,13,2602.7200000000003,2,4,4,At Risk (was frequent)
1002.0,15,14,8722.59,4,4,4,Champions
1003.0,73,6,1412.79,2,3,3,At Risk (was frequent)
1004.0,296,2,81.53999999999999,1,1,1,Lost
1005.0,57,8,1925.62,3,4,3,Champions
1006.0,20,3,461.28999999999996,4,2,2,Loyal
1007.0,59,7,1311.82,3,3,3,Champions
1008.0,36,7,1026.98,3,3,3,Champions
1009.0,48,4,873.4599999999999,3,2,2,Loyal
1011.0,247,1,146.71,1,1,1,Lost
1012.0,62,1,67.86,2,1,1,Lost
1013.0,126,5,2019.51,2,3,3,At Risk (was frequent)
1014.0,14,1,106.71,4,1,1,Developing
1015.0,167,2,82.47,1,1,1,Lost
1016.0,20,2,2080.21,4,1,3,Developing
1017.0,13,5,1597.28,4,3,3,Champions
1018.0,45,7,1081.52,3,3,3,Champions
1019.0,28,8,2752.87,3,4,4,Champions
1020.0,32,3,486.29,3,2,2,Loyal
1021.0,156,5,4077.3900000000003,1,3,4,At Risk (was frequent)
1022.0,36,11,2522.51,3,4,4,Champions
1024.0,42,3,149.57,3,2,1,Loyal
1025.0,55,3,188.0,3,2,1,Loyal
1026.0,11,8,3301.48,4,4,4,Champions
1027.0,17,12,3350.49,4,4,4,Champions
1028.0,23,5,3109.58,4,3,4,Champions
1029.0,124,3,786.2299999999999,2,2,2,Lost
1030.0,44,3,1146.28,3,2,3,Loyal
1031.0,102,7,1453.8400000000001,2,3,3,At Risk (was frequent)
1032.0,178,3,3078.68,1,2,4,Lost
1033.0,89,6,4241.29,2,3,4,At Risk (was frequent)
1034.0,52,8,1548.47,3,4,3,Champions
1035.0,266,1,289.4,1,1,1,Lost
1036.0,11,8,5406.09,4,4,4,Champions
1037.0,25,9,3706.46,4,4,4,Champions
1039.0,6,1,40.65,4,1,1,Developing
1040.0,116,2,141.84,2,1,1,Lost
1041.0,49,7,2118.6,3,3,3,Champions
1042.0,104,3,448.35,2,2,2,Lost
1043.0,88,1,244.1,2,1,1,Lost
1044.0,60,3,802.51,3,2,2,Loyal
1045.0,36,9,1156.32,3,4,3,Champions
1046.0,14,2,827.86,4,1,2,Developing
1047.0,53,4,396.3,3,2,1,Loyal
1048.0,109,3,145.57999999999998,2,2,1,Lost
1050.0,33,3,345.53000000000003,3,2,1,Loyal
1051.0,25,7,2107.64,4,3,3,Champions
1052.0,0,7,3564.58,4,3,4,Champions
1053.0,43,6,3320.57,3,3,4,Champions
1054.0,84,8,2304.1,2,4,4,At Risk (was frequent)
1055.0,30,1,542.52,3,1,2,Developing
1056.0,105,4,799.76,2,2,2,Lost
1057.0,68,6,1317.64,2,3,3,At Risk (was frequent)
1058.0,76,6,3265.5299999999997,2,3,4,At Risk (was frequent)
1059.0,14,6,4854.99,4,3,4,Champions
1060.0,22,7,1089.25,4,3,3,Champions
1061.0,14,2,301.56,4,1,1,Developing
1062.0,131,8,1914.62,1,4,3,At Risk (was frequent)
1063.0,35,3,699.05,3,2,2,Loyal
1064.0,283,4,1118.32,1,2,3,Lost
1065.0,90,3,565.36,2,2,2,Lost
1066.0,57,4,3079.34,3,2,4,Loyal
1067.0,304,1,26.86,1,1,1,Lost
1068.0,281,6,1095.69,1,3,3,At Risk (was frequent)
1069.0,104,4,872.62,2,2,2,Lost
1070.0,122,4,1597.28,2,2,3,Lost
1071.0,138,2,592.52,1,1,2,Lost
1072.0,141,4,766.0,1,2,2,Lost
1073.0,190,6,494.16999999999996,1,3,2,At Risk (was frequent)
1074.0,109,5,1119.27,2,3,3,At Risk (was frequent)
1075.0,20,12,3454.75,4,4,4,Champions
1076.0,87,3,453.34,2,2,2,Lost
1077.0,22,5,710.36,4,3,2,Loyal
1078.0,0,4,872.41,4,2,2,Loyal
1079.0,30,2,63.589999999999996,3,1,1,Developing
1080.0,16,14,6752.55,4,4,4,Champions
1081.0,134,7,1781.02,1,3,3,At Risk (was frequent)
1082.0,2,2,1087.83,4,1,3,Developing
1083.0,51,5,1368.06,3,3,3,Champions
1084.0,475,2,354.33,1,1,1,Lost
1085.0,148,3,857.47,1,2,2,Lost
1086.0,37,12,4001.21,3,4,4,Champions
1087.0,12,12,2832.48,4,4,4,Champions
1089.0,72,2,76.57,2,1,1,Lost
1090.0,159,8,3523.34,1,4,4,At Risk (was frequent)
1091.0,28,6,1914.0,3,3,3,Champions
1092.0,340,7,2647.85,1,3,4,At Risk (was frequent)
1093.0,49,1,166.93,3,1,1,Developing
1094.0,14,9,1306.99,4,4,3,Champions
1096.0,40,4,4247.55,3,2,4,Loyal
1097.0,451,3,361.37,1,2,1,Lost
1098.0,2,7,1052.46,4,3,3,Champions
1099.0,71,1,142.12,2,1,1,Lost
1100.0,247,6,778.73,1,3,2,At Risk (was frequent)
1101.0,105,5,1228.42,2,3,3,At Risk (was frequent)
1102.0,99,1,29.72,2,1,1,Lost
1103.0,57,5,1568.44,3,3,3,Champions
1104.0,352,2,237.14999999999998,1,1,1,Lost
1105.0,56,9,2313.4700000000003,3,4,4,Champions
1106.0,133,7,1177.19,1,3,3,At Risk (was frequent)
1107.0,3,2,295.56,4,1,1,Developing
1108.0,6,9,2082.23,4,4,3,Champions
1109.0,17,7,2988.6000000000004,4,3,4,Champions
1110.0,72,1,262.64,2,1,1,Lost
1111.0,99,1,677.87,2,1,2,Lost
1112.0,14,7,1162.11,4,3,3,Champions
1113.0,3,2,204.06,4,1,1,Developing
1114.0,245,5,736.7199999999999,1,3,2,At Risk (was frequent)
1115.0,10,1,113.11,4,1,1,Developing
1117.0,119,1,568.38,2,1,2,Lost
1118.0,101,1,73.78,2,1,1,Lost
1119.0,43,5,1137.65,3,3,3,Champions
1121.0,54,5,4291.71,3,3,4,Champions
1122.0,20,3,285.18,4,2,1,Loyal
1123.0,42,1,29.56,3,1,1,Developing
1124.0,56,2,25.86,3,1,1,Developing
1125.0,64,2,638.82,2,1,2,Lost
1126.0,23,7,3608.59,4,3,4,Champions
1127.0,51,5,2245.32,3,3,4,Champions
1128.0,107,5,1026.42,2,3,3,At Risk (was frequent)
1129.0,51,9,4686.64,3,4,4,Champions
1130.0,48,4,1094.47,3,2,3,Loyal
1131.0,129,16,9742.16,2,4,4,At Risk (was frequent)
1132.0,64,4,654.05,2,2,2,Lost
1133.0,40,4,1350.75,3,2,3,Loyal
1134.0,11,6,2427.07,4,3,4,Champions
1135.0,143,2,742.68,1,1,2,Lost
1136.0,10,2,307.89,4,1,1,Developing
1137.0,20,26,17718.579999999998,4,4,4,Champions
1138.0,112,8,1176.36,2,4,3,At Risk (was frequent)
1139.0,228,4,1259.76,1,2,3,Lost
1141.0,232,4,1428.72,1,2,3,Lost
1142.0,168,3,356.15999999999997,1,2,1,Lost
1144.0,51,1,47.52,3,1,1,Developing
1145.0,282,3,1506.6,1,2,3,Lost
1146.0,7,16,19562.31,4,4,4,Champions
1147.0,143,7,778.82,1,3,2,At Risk (was frequent)
1148.0,355,8,1002.81,1,4,3,At Risk (was frequent)
1149.0,11,9,2890.9,4,4,4,Champions
1150.0,200,2,53.51,1,1,1,Lost
1151.0,140,1,33.0,1,1,1,Lost
1152.0,11,3,938.97,4,2,2,Loyal
1153.0,68,2,301.64,2,1,1,Lost
1154.0,36,7,1312.8899999999999,3,3,3,Champions
1155.0,43,2,87.49000000000001,3,1,1,Developing
1156.0,78,3,909.0,2,2,2,Lost
1157.0,29,2,290.69,3,1,1,Developing
1158.0,5,1,119.3,4,1,1,Developing
1159.0,122,8,1515.46,2,4,3,At Risk (was frequent)
1160.0,85,12,4897.05,2,4,4,At Risk (was frequent)
1161.0,29,22,17571.07,3,4,4,Champions
1162.0,73,8,5816.59,2,4,4,At Risk (was frequent)
1164.0,149,6,878.21,1,3,2,At Risk (was frequent)
1166.0,55,4,418.02,3,2,1,Loyal
1167.0,148,5,407.16999999999996,1,3,1,At Risk (was frequent)
1168.0,86,2,153.73,2,1,1,Lost
1169.0,8,1,379.5,4,1,1,Developing
1170.0,332,1,67.89,1,1,1,Lost
1171.0,417,2,192.09,1,1,1,Lost
1172.0,65,18,19827.08,2,4,4,At Risk (was frequent)
1173.0,51,7,3062.82,3,3,4,Champions
1174.0,48,13,6967.4800000000005,3,4,4,Champions
1175.0,21,1,106.32,4,1,1,Developing
1176.0,60,20,13729.77,3,4,4,Champions
1177.0,30,8,1757.52,3,4,3,Champions
1178.0,200,3,836.4300000000001,1,2,2,Lost
1179.0,176,4,1853.41,1,2,3,Lost
1180.0,140,1,349.64,1,1,1,Lost
1181.0,24,2,456.96000000000004,4,1,2,Developing
1182.0,13,1,39.24,4,1,1,Developing
1183.0,29,2,426.88,3,1,1,Developing
1184.0,6,5,1857.8899999999999,4,3,3,Champions
1185.0,56,5,1354.01,3,3,3,Champions
1186.0,107,11,2843.14,2,4,4,At Risk (was frequent)
1187.0,52,11,8638.42,3,4,4,Champions
1188.0,160,4,488.64,1,2,2,Lost
1189.0,207,4,489.74,1,2,2,Lost
1190.0,2,8,3270.78,4,4,4,Champions
1192.0,235,1,207.7,1,1,1,Lost
1193.0,23,2,1292.46,4,1,3,Developing
1194.0,25,17,16586.12,4,4,4,Champions
1195.0,68,11,1416.3,2,4,3,At Risk (was frequent)
1196.0,23,7,4336.09,4,3,4,Champions
1197.0,14,5,5720.92,4,3,4,Champions
1198.0,73,3,686.53,2,2,2,Lost
1199.0,135,2,299.57000000000005,1,1,1,Lost
1200.0,219,2,114.9,1,1,1,Lost
1201.0,49,2,422.90999999999997,3,1,1,Developing
1202.0,31,7,1368.69,3,3,3,Champions
1203.0,105,5,1588.98,2,3,3,At Risk (was frequent)
1204.0,82,3,961.33,2,2,2,Lost
1205.0,49,5,818.51,3,3,2,Loyal
1206.0,111,1,1730.64,2,1,3,Lost
1207.0,92,2,257.0,2,1,1,Lost
1208.0,29,3,998.08,3,2,3,Loyal
1209.0,8,2,284.66999999999996,4,1,1,Developing
1210.0,25,6,2147.0299999999997,4,3,3,Champions
1211.0,135,1,72.85,1,1,1,Lost
1212.0,89,5,1171.87,2,3,3,At Risk (was frequent)
1213.0,165,6,2282.94,1,3,4,At Risk (was frequent)
1214.0,39,2,108.43,3,1,1,Developing
1215.0,107,5,1507.56,2,3,3,At Risk (was frequent)
1216.0,203,9,3273.96,1,4,4,At Risk (was frequent)
1220.0,21,5,623.41,4,3,2,Loyal
1221.0,286,3,1921.95,1,2,3,Lost
1222.0,79,2,102.24000000000001,2,1,1,Lost
1223.0,71,4,563.6800000000001,2,2,2,Lost
1224.0,128,4,589.97,2,2,2,Lost
1225.0,10,3,342.78,4,2,1,Loyal
1226.0,172,4,2344.02,1,2,4,Lost
1227.0,55,4,3501.2,3,2,4,Loyal
1228.0,133,1,90.82,1,1,1,Lost
1229.0,98,5,1586.78,2,3,3,At Risk (was frequent)
1230.0,72,8,1711.26,2,4,3,At Risk (was frequent)
1231.0,36,5,1361.05,3,3,3,Champions
1232.0,6,10,3709.0899999999997,4,4,4,Champions
1233.0,137,5,1349.5,1,3,3,At Risk (was frequent)
1234.0,32,16,16025.939999999999,3,4,4,Champions
1235.0,11,6,1345.04,4,3,3,Champions
1236.0,84,7,676.8,2,3,2,At Risk (was frequent)
1237.0,238,1,55.9,1,1,1,Lost
1238.0,162,2,153.84,1,1,1,Lost
1239.0,73,8,3359.46,2,4,4,At Risk (was frequent)
1240.0,65,8,2082.46,2,4,3,At Risk (was frequent)
1241.0,13,8,4358.03,4,4,4,Champions
1242.0,137,2,134.57999999999998,1,1,1,Lost
1243.0,253,1,146.71,1,1,1,Lost
1244.0,263,3,133.86,1,2,1,Lost
1245.0,51,2,336.06,3,1,1,Developing
1246.0,25,9,1008.08,4,4,3,Champions
1247.0,36,10,2723.44,3,4,4,Champions
1248.0,16,11,9814.97,4,4,4,Champions
1249.0,204,3,370.82,1,2,1,Lost
1250.0,21,3,428.4,4,2,1,Loyal
1251.0,97,5,276.28,2,3,1,At Risk (was frequent)
1252.0,262,1,310.74,1,1,1,Lost
1253.0,25,4,570.95,4,2,2,Loyal
1254.0,213,6,850.5400000000001,1,3,2,At Risk (was frequent)
1255.0,79,5,1662.94,2,3,3,At Risk (was frequent)
1256.0,20,4,614.23,4,2,2,Loyal
1257.0,312,7,2551.7799999999997,1,3,4,At Risk (was frequent)
1258.0,70,4,5633.98,2,2,4,Lost
1259.0,12,5,2475.93,4,3,4,Champions
1260.0,95,1,309.69,2,1,1,Lost
1261.0,107,1,174.95,2,1,1,Lost
1262.0,1,2,545.88,4,1,2,Developing
1263.0,346,1,338.14,1,1,1,Lost
1264.0,54,2,803.52,3,1,2,Developing
1266.0,3,4,894.1,4,2,2,Loyal
1267.0,11,3,422.99,4,2,1,Loyal
1268.0,123,1,31.4,2,1,1,Lost
1269.0,9,5,1055.9,4,3,3,Champions
1270.0,46,10,9245.14,3,4,4,Champions
1271.0,80,10,840.51,2,4,2,At Risk (was frequent)
1272.0,114,5,1852.09,2,3,3,At Risk (was frequent)
1273.0,74,8,2014.3500000000001,2,4,3,At Risk (was frequent)
1274.0,40,7,5430.01,3,3,4,Champions
1275.0,113,5,742.9300000000001,2,3,2,At Risk (was frequent)
1276.0,37,3,455.96999999999997,3,2,2,Loyal
1277.0,52,5,1588.0900000000001,3,3,3,Champions
1278.0,39,4,593.8299999999999,3,2,2,Loyal
1279.0,40,6,1631.21,3,3,3,Champions
1280.0,139,13,11925.1,1,4,4,At Risk (was frequent)
1282.0,64,2,650.8399999999999,2,1,2,Lost
1283.0,4,2,2480.9,4,1,4,Developing
1284.0,132,1,211.16,1,1,1,Lost
1286.0,116,6,1827.8,2,3,3,At Risk (was frequent)
1287.0,5,2,859.33,4,1,2,Developing
1288.0,146,3,984.5799999999999,1,2,2,Lost
1289.0,232,1,45.58,1,1,1,Lost
1291.0,44,13,6699.96,3,4,4,Champions
1292.0,32,4,235.15,3,2,1,Loyal
1293.0,351,4,564.36,1,2,2,Lost
1294.0,315,9,2262.4700000000003,1,4,4,At Risk (was frequent)
1295.0,90,12,4529.43,2,4,4,At Risk (was frequent)
1296.0,308,4,740.5999999999999,1,2,2,Lost
1298.0,33,6,2118.19,3,3,3,Champions
1300.0,22,3,1576.54,4,2,3,Loyal
1301.0,209,4,921.69,1,2,2,Lost
1302.0,91,2,1937.0500000000002,2,1,3,Lost
1304.0,5,10,9360.1,4,4,4,Champions
1305.0,73,2,569.64,2,1,2,Lost
1306.0,380,4,946.52,1,2,2,Lost
1307.0,210,3,7045.85,1,2,4,Lost
1308.0,8,2,156.66,4,1,1,Developing
1309.0,109,5,821.85,2,3,2,At Risk (was frequent)
1310.0,45,7,1906.78,3,3,3,Champions
1311.0,59,2,741.7900000000001,3,1,2,Developing
1312.0,115,10,1677.41,2,4,3,At Risk (was frequent)
1313.0,135,5,1295.4,1,3,3,At Risk (was frequent)
1314.0,161,4,264.23,1,2,1,Lost
1315.0,54,5,438.64,3,3,2,Loyal
1316.0,20,2,338.55,4,1,1,Developing
1317.0,189,2,347.26,1,1,1,Lost
1318.0,32,4,515.76,3,2,2,Loyal
1319.0,139,2,198.91,1,1,1,Lost
1320.0,78,4,1270.45,2,2,3,Lost
1321.0,66,10,1935.6100000000001,2,4,3,At Risk (was frequent)
1322.0,376,1,1331.68,1,1,3,Lost
1323.0,17,1,115.68,4,1,1,Developing
1324.0,62,6,685.46,2,3,2,At Risk (was frequent)
1325.0,91,4,315.21999999999997,2,2,1,Lost
1326.0,46,5,2685.95,3,3,4,Champions
1327.0,21,3,99.63,4,2,1,Loyal
1328.0,308,7,893.73,1,3,2,At Risk (was frequent)
1329.0,96,4,2050.48,2,2,3,Lost
1330.0,42,2,993.81,3,1,3,Developing
1331.0,3,15,13539.48,4,4,4,Champions
1332.0,5,8,2396.41,4,4,4,Champions
1333.0,60,4,1086.1200000000001,3,2,3,Loyal
1334.0,28,8,4775.83,3,4,4,Champions
1335.0,55,8,1762.4,3,4,3,Champions
1338.0,20,4,1299.08,4,2,3,Loyal
1339.0,24,1,392.56,4,1,1,Developing
1340.0,257,6,3406.18,1,3,4,At Risk (was frequent)
1341.0,130,3,302.97,2,2,1,Lost
1342.0,62,2,752.7,2,1,2,Lost
1343.0,317,2,96.35,1,1,1,Lost
1344.0,62,4,6268.25,2,2,4,Lost
1345.0,117,1,81.04,2,1,1,Lost
1346.0,80,8,1009.3000000000001,2,4,3,At Risk (was frequent)
1347.0,94,8,4905.83,2,4,4,At Risk (was frequent)
1348.0,440,2,234.25,1,1,1,Lost
1349.0,19,6,1585.82,4,3,3,Champions
1350.0,11,3,329.5,4,2,1,Loyal
1351.0,131,5,499.79999999999995,1,3,2,At Risk (was frequent)
1352.0,51,6,924.78,3,3,2,Loyal
1353.0,144,1,57.92,1,1,1,Lost
1354.0,78,4,1187.88,2,2,3,Lost
1355.0,61,6,1794.26,3,3,3,Champions
1356.0,156,11,3233.27,1,4,4,At Risk (was frequent)
1357.0,144,7,2605.7400000000002,1,3,4,At Risk (was frequent)
1358.0,114,6,2904.2300000000005,2,3,4,At Risk (was frequent)
1359.0,36,2,376.86,3,1,1,Developing
1360.0,72,3,239.38,2,2,1,Lost
1361.0,128,4,644.6099999999999,2,2,2,Lost
1362.0,71,2,107.96000000000001,2,1,1,Lost
1363.0,1,4,155.7,4,2,1,Loyal
1364.0,10,7,1110.34,4,3,3,Champions
1365.0,195,2,221.36,1,1,1,Lost
1366.0,316,2,2735.7200000000003,1,1,4,Lost
1367.0,16,2,151.32,4,1,1,Developing
1368.0,494,2,194.5,1,1,1,Lost
1369.0,0,2,308.45,4,1,1,Developing
1371.0,141,2,436.92,1,1,2,Lost
1372.0,164,6,4580.469999999999,1,3,4,At Risk (was frequent)
1373.0,217,16,2894.48,1,4,4,At Risk (was frequent)
1374.0,75,2,1317.82,2,1,3,Lost
1375.0,41,10,5068.37,3,4,4,Champions
1378.0,94,6,927.37,2,3,2,At Risk (was frequent)
1379.0,238,1,186.37,1,1,1,Lost
1380.0,92,1,16.56,2,1,1,Lost
1381.0,15,3,977.98,4,2,2,Loyal
1382.0,136,2,364.0,1,1,1,Lost
1383.0,40,3,408.73,3,2,1,Loyal
1384.0,34,2,106.21000000000001,3,1,1,Developing
1385.0,84,6,5840.94,2,3,4,At Risk (was frequent)
1386.0,16,1,122.79,4,1,1,Developing
1387.0,2,3,191.1,4,2,1,Loyal
1388.0,155,3,682.39,1,2,2,Lost
1389.0,94,8,2076.15,2,4,3,At Risk (was frequent)
1390.0,130,2,1907.78,2,1,3,Lost
1391.0,4,12,15547.869999999999,4,4,4,Champions
1392.0,33,8,2587.34,3,4,4,Champions
1393.0,156,5,493.22999999999996,1,3,2,At Risk (was frequent)
1394.0,12,7,2298.65,4,3,4,Champions
1395.0,7,5,575.65,4,3,2,Loyal
1396.0,93,2,817.4200000000001,2,1,2,Lost
1397.0,15,7,1033.24,4,3,3,Champions
1398.0,9,3,408.14000000000004,4,2,1,Loyal
1399.0,14,8,9795.17,4,4,4,Champions
1400.0,9,6,1560.3,4,3,3,Champions
1401.0,66,6,1513.56,2,3,3,At Risk (was frequent)
1402.0,38,3,2057.2200000000003,3,2,3,Loyal
1403.0,28,2,192.59,3,1,1,Developing
1404.0,7,3,862.76,4,2,2,Loyal
1405.0,36,2,552.5,3,1,2,Developing
1407.0,27,3,435.79,3,2,2,Loyal
1409.0,171,4,953.78,1,2,2,Lost
1411.0,117,6,939.01,2,3,2,At Risk (was frequent)
1412.0,225,4,616.14,1,2,2,Lost
1413.0,12,3,435.15,4,2,2,Loyal
1414.0,31,6,1477.8400000000001,3,3,3,Champions
1415.0,83,2,879.64,2,1,2,Lost
1416.0,34,2,570.66,3,1,2,Developing
1417.0,26,2,133.59,3,1,1,Developing
1418.0,28,1,140.64,3,1,1,Developing
1419.0,109,6,1516.95,2,3,3,At Risk (was frequent)
1420.0,54,3,204.35000000000002,3,2,1,Loyal
1421.0,75,5,1498.61,2,3,3,At Risk (was frequent)
1424.0,225,2,159.7,1,1,1,Lost
1425.0,362,5,553.39,1,3,2,At Risk (was frequent)
1426.0,2,7,1679.93,4,3,3,Champions
1427.0,18,4,3050.65,4,2,4,Loyal
1428.0,91,2,179.44,2,1,1,Lost
1429.0,8,4,245.26,4,2,1,Loyal
1430.0,4,13,2570.09,4,4,4,Champions
1431.0,214,5,1114.14,1,3,3,At Risk (was frequent)
1432.0,156,1,1026.1,1,1,3,Lost
1433.0,151,6,597.51,1,3,2,At Risk (was frequent)
1434.0,79,6,2070.0,2,3,3,At Risk (was frequent)
1435.0,9,3,561.13,4,2,2,Loyal
1436.0,14,15,4518.58,4,4,4,Champions
1437.0,153,1,90.32,1,1,1,Lost
1438.0,147,4,297.59,1,2,1,Lost
1439.0,156,1,238.16,1,1,1,Lost
1440.0,302,1,64.68,1,1,1,Lost
1441.0,38,3,353.51,3,2,1,Loyal
1442.0,120,4,2316.8199999999997,2,2,4,Lost
1443.0,33,8,5291.61,3,4,4,Champions
1444.0,28,5,2157.98,3,3,3,Champions
1445.0,114,5,717.71,2,3,2,At Risk (was frequent)
1446.0,55,13,13460.2,3,4,4,Champions
1447.0,135,7,1368.92,1,3,3,At Risk (was frequent)
1448.0,27,4,797.58,3,2,2,Loyal
1449.0,25,2,371.08000000000004,4,1,1,Developing
1450.0,71,8,5226.49,2,4,4,At Risk (was frequent)
1451.0,108,2,1053.22,2,1,3,Lost
1452.0,56,4,185.74,3,2,1,Loyal
1453.0,327,1,156.02,1,1,1,Lost
1454.0,139,4,448.47,1,2,2,Lost
1455.0,116,5,2058.56,2,3,3,At Risk (was frequent)
1456.0,471,2,438.36,1,1,2,Lost
1458.0,58,3,1495.22,3,2,3,Loyal
1459.0,27,4,575.82,3,2,2,Loyal
1460.0,45,6,1159.22,3,3,3,Champions
1461.0,620,1,655.62,1,1,2,Lost
1462.0,8,1,155.09,4,1,1,Developing
1463.0,38,3,324.65,3,2,1,Loyal
1464.0,35,2,262.82,3,1,1,Developing
1465.0,67,5,1147.19,2,3,3,At Risk (was frequent)
1466.0,62,4,2134.69,2,2,3,Lost
1467.0,150,6,2798.21,1,3,4,At Risk (was frequent)
1468.0,213,14,6793.96,1,4,4,At Risk (was frequent)
1469.0,176,9,3961.94,1,4,4,At Risk (was frequent)
1470.0,29,3,320.53000000000003,3,2,1,Loyal
1472.0,134,5,2063.4,1,3,3,At Risk (was frequent)
1473.0,365,4,2132.24,1,2,3,Lost
1474.0,25,3,72.87,4,2,1,Loyal
1475.0,223,2,724.38,1,1,2,Lost
1476.0,23,2,79.73,4,1,1,Developing
1477.0,318,1,517.46,1,1,2,Lost
1478.0,38,2,1108.4,3,1,3,Developing
1479.0,51,5,475.93,3,3,2,Loyal
1480.0,27,7,5116.28,3,3,4,Champions
1481.0,67,5,902.3199999999999,2,3,2,At Risk (was frequent)
1482.0,427,1,3.29,1,1,1,Lost
1483.0,125,5,763.65,2,3,2,At Risk (was frequent)
1484.0,85,4,3273.17,2,2,4,Lost
1485.0,100,11,8091.990000000001,2,4,4,At Risk (was frequent)
1486.0,56,2,2556.21,3,1,4,Developing
1487.0,12,4,186.49,4,2,1,Loyal
1488.0,15,9,1943.46,4,4,3,Champions
1489.0,57,10,5151.599999999999,3,4,4,Champions
1490.0,116,1,471.44,2,1,2,Lost
1491.0,40,4,711.4200000000001,3,2,2,Loyal
1492.0,2,4,1920.4599999999998,4,2,3,Loyal
1493.0,42,2,261.14,3,1,1,Developing
1494.0,105,6,1130.3400000000001,2,3,3,At Risk (was frequent)
1495.0,24,2,408.93999999999994,4,1,1,Developing
1496.0,106,6,1187.27,2,3,3,At Risk (was frequent)
1497.0,69,6,1289.47,2,3,3,At Risk (was frequent)
1498.0,3,4,558.9499999999999,4,2,2,Loyal
1499.0,125,1,37.36,2,1,1,Lost
1500.0,39,12,7641.219999999999,3,4,4,Champions
1501.0,101,2,153.11,2,1,1,Lost
1502.0,91,6,2202.39,2,3,3,At Risk (was frequent)
1503.0,74,5,2260.22,2,3,4,At Risk (was frequent)
1504.0,193,1,63.54,1,1,1,Lost
1505.0,37,4,312.07,3,2,1,Loyal
1506.0,110,4,441.29999999999995,2,2,2,Lost
1507.0,33,7,5108.52,3,3,4,Champions
1508.0,17,4,408.07,4,2,1,Loyal
1509.0,43,4,1401.99,3,2,3,Loyal
1510.0,63,3,235.22,2,2,1,Lost
1511.0,24,23,23914.72,4,4,4,Champions
1512.0,169,6,2339.88,1,3,4,At Risk (was frequent)
1513.0,76,3,465.96000000000004,2,2,2,Lost
1514.0,62,20,23322.66,2,4,4,At Risk (was frequent)
1515.0,213,4,267.73,1,2,1,Lost
1516.0,22,5,2814.87,4,3,4,Champions
1517.0,15,3,974.59,4,2,2,Loyal
1518.0,64,8,2510.5,2,4,4,At Risk (was frequent)
1519.0,202,1,263.32,1,1,1,Lost
1520.0,4,6,531.0699999999999,4,3,2,Loyal
1521.0,226,2,291.43,1,1,1,Lost
1522.0,128,4,266.46000000000004,2,2,1,Lost
1523.0,129,4,1790.92,2,2,3,Lost
1524.0,46,3,846.7899999999998,3,2,2,Loyal
1525.0,46,1,212.24,3,1,1,Developing
1526.0,222,2,353.02000000000004,1,1,1,Lost
1527.0,17,6,468.73,4,3,2,Loyal
1529.0,37,2,168.43,3,1,1,Developing
1530.0,18,13,3189.51,4,4,4,Champions
1531.0,10,3,1029.1399999999999,4,2,3,Loyal
1532.0,207,3,87.13,1,2,1,Lost
1533.0,5,6,2604.3,4,3,4,Champions
1534.0,15,3,330.51,4,2,1,Loyal
1535.0,184,4,815.94,1,2,2,Lost
1536.0,33,4,2852.83,3,2,4,Loyal
1537.0,47,5,1300.84,3,3,3,Champions
1538.0,76,4,776.4,2,2,2,Lost
1539.0,83,3,278.12,2,2,1,Lost
1540.0,139,4,1637.05,1,2,3,Lost
1541.0,36,9,2221.96,3,4,4,Champions
1542.0,35,8,2170.41,3,4,3,Champions
1543.0,58,3,604.09,3,2,2,Loyal
1545.0,58,12,7221.860000000001,3,4,4,Champions
1546.0,58,2,311.79,3,1,1,Developing
1547.0,210,5,638.3,1,3,2,At Risk (was frequent)
1548.0,35,3,597.8800000000001,3,2,2,Loyal
1549.0,269,6,1167.74,1,3,3,At Risk (was frequent)
1550.0,83,1,72.78,2,1,1,Lost
1551.0,26,6,992.18,3,3,2,Loyal
1552.0,22,4,1666.1200000000001,4,2,3,Loyal
1553.0,134,5,1564.36,1,3,3,At Risk (was frequent)
1554.0,118,4,1266.63,2,2,3,Lost
1555.0,277,3,1311.9,1,2,3,Lost
1557.0,1,4,1869.13,4,2,3,Loyal
1558.0,15,5,683.25,4,3,2,Loyal
1559.0,42,3,219.60000000000002,3,2,1,Loyal
1561.0,0,8,1305.96,4,4,3,Champions
1562.0,18,2,84.51,4,1,1,Developing
1563.0,261,4,457.63,1,2,2,Lost
1564.0,23,13,21242.61,4,4,4,Champions
1565.0,12,2,132.32,4,1,1,Developing
1566.0,43,1,68.87,3,1,1,Developing
1567.0,7,1,276.7,4,1,1,Developing
1568.0,83,3,862.1899999999999,2,2,2,Lost
1569.0,59,3,210.77,3,2,1,Loyal
1570.0,61,2,182.78,3,1,1,Developing
1571.0,123,1,22.5,2,1,1,Lost
1572.0,515,3,502.84,1,2,2,Lost
1573.0,137,3,355.09,1,2,1,Lost
1574.0,61,2,805.54,3,1,2,Developing
1575.0,114,5,734.5,2,3,2,At Risk (was frequent)
1576.0,51,2,134.82,3,1,1,Developing
1577.0,52,1,1376.66,3,1,3,Developing
1578.0,5,1,871.72,4,1,2,Developing
1579.0,3,1,76.54,4,1,1,Developing
1580.0,1,3,254.48000000000002,4,2,1,Loyal
1581.0,0,10,7711.95,4,4,4,Champions
1582.0,14,16,9098.51,4,4,4,Champions
1583.0,147,6,2153.31,1,3,3,At Risk (was frequent)
1584.0,61,3,436.26,3,2,2,Loyal
1585.0,185,4,719.23,1,2,2,Lost
1586.0,51,3,154.10000000000002,3,2,1,Loyal
1587.0,11,7,2353.77,4,3,4,Champions
1588.0,166,1,15.72,1,1,1,Lost
1589.0,45,9,7179.51,3,4,4,Champions
1590.0,164,7,2930.99,1,3,4,At Risk (was frequent)
1591.0,147,5,1592.3300000000002,1,3,3,At Risk (was frequent)
1592.0,41,7,1755.3999999999999,3,3,3,Champions
1594.0,94,10,6725.28,2,4,4,At Risk (was frequent)
1595.0,36,7,2523.52,3,3,4,Champions
1596.0,64,2,812.2,2,1,2,Lost
1597.0,74,6,915.2,2,3,2,At Risk (was frequent)
1598.0,103,5,599.29,2,3,2,At Risk (was frequent)
1599.0,181,7,2608.2,1,3,4,At Risk (was frequent)
1600.0,38,8,3089.65,3,4,4,Champions
1601.0,58,2,289.28999999999996,3,1,1,Developing
1602.0,0,8,1348.19,4,4,3,Champions
1603.0,10,12,3578.19,4,4,4,Champions
1604.0,17,6,1141.35,4,3,3,Champions
1606.0,51,3,298.2,3,2,1,Loyal
1607.0,89,2,529.84,2,1,2,Lost
1608.0,31,5,3005.1099999999997,3,3,4,Champions
1609.0,162,3,919.73,1,2,2,Lost
1610.0,30,3,530.38,3,2,2,Loyal
1611.0,222,2,216.76,1,1,1,Lost
1612.0,26,17,6040.889999999999,3,4,4,Champions
1613.0,152,2,299.28999999999996,1,1,1,Lost
1615.0,157,10,4786.29,1,4,4,At Risk (was frequent)
1616.0,1,5,444.82,4,3,2,Loyal
1617.0,135,2,376.96,1,1,1,Lost
1618.0,46,3,1588.2800000000002,3,2,3,Loyal
1619.0,2,13,5101.76,4,4,4,Champions
1620.0,183,7,1517.03,1,3,3,At Risk (was frequent)
1621.0,196,1,91.78,1,1,1,Lost
1622.0,109,7,9349.61,2,3,4,At Risk (was frequent)
1623.0,333,2,74.44,1,1,1,Lost
1624.0,128,1,227.22,2,1,1,Lost
1625.0,266,2,427.14,1,1,1,Lost
1626.0,404,1,73.26,1,1,1,Lost
1627.0,5,10,10376.79,4,4,4,Champions
1628.0,5,4,863.71,4,2,2,Loyal
1629.0,593,1,29.5,1,1,1,Lost
1630.0,276,1,27.41,1,1,1,Lost
1631.0,89,4,360.51,2,2,1,Lost
1632.0,2,5,1392.26,4,3,3,Champions
1633.0,306,6,670.74,1,3,2,At Risk (was frequent)
1634.0,11,11,12789.52,4,4,4,Champions
1635.0,16,1,26.5,4,1,1,Developing
1636.0,33,3,647.81,3,2,2,Loyal
1637.0,84,1,186.37,2,1,1,Lost
1638.0,164,1,65.21,1,1,1,Lost
1639.0,48,6,1069.8700000000001,3,3,3,Champions
1640.0,83,7,2641.1000000000004,2,3,4,At Risk (was frequent)
1641.0,162,4,496.5,1,2,2,Lost
1642.0,18,6,3469.57,4,3,4,Champions
1643.0,173,7,5064.89,1,3,4,At Risk (was frequent)
1644.0,5,14,10139.04,4,4,4,Champions
1645.0,137,5,700.09,1,3,2,At Risk (was frequent)
1646.0,12,10,2883.4900000000002,4,4,4,Champions
1647.0,20,4,371.01,4,2,1,Loyal
1648.0,49,4,1301.0,3,2,3,Loyal
1649.0,13,3,376.65999999999997,4,2,1,Loyal
1650.0,0,1,82.5,4,1,1,Developing
1651.0,439,2,906.02,1,1,2,Lost
1652.0,65,2,205.59,2,1,1,Lost
1653.0,546,4,972.15,1,2,2,Lost
1654.0,18,4,322.67,4,2,1,Loyal
1655.0,128,1,72.56,2,1,1,Lost
1656.0,186,6,1568.77,1,3,3,At Risk (was frequent)
1658.0,79,1,309.17,2,1,1,Lost
1659.0,79,4,3020.3,2,2,4,Lost
1660.0,89,1,110.12,2,1,1,Lost
1661.0,46,5,1810.76,3,3,3,Champions
1662.0,51,8,1536.74,3,4,3,Champions
1663.0,54,1,7.52,3,1,1,Developing
1664.0,112,2,150.24,2,1,1,Lost
1665.0,30,11,14460.849999999999,3,4,4,Champions
1666.0,192,2,194.41,1,1,1,Lost
1667.0,258,1,509.64,1,1,2,Lost
1668.0,73,4,272.86,2,2,1,Lost
1670.0,204,5,650.18,1,3,2,At Risk (was frequent)
1671.0,66,3,473.39,2,2,2,Lost
1672.0,118,2,805.37,2,1,2,Lost
1673.0,37,4,1732.87,3,2,3,Loyal
1674.0,142,5,571.19,1,3,2,At Risk (was frequent)
1675.0,207,6,3841.8999999999996,1,3,4,At Risk (was frequent)
1677.0,33,4,908.76,3,2,2,Loyal
1678.0,2,6,1070.3,4,3,3,Champions
1679.0,82,3,670.63,2,2,2,Lost
1680.0,47,5,2624.85,3,3,4,Champions
1681.0,358,3,241.00999999999996,1,2,1,Lost
1682.0,34,3,2215.27,3,2,4,Loyal
1683.0,37,3,1615.36,3,2,3,Loyal
1684.0,90,9,2445.33,2,4,4,At Risk (was frequent)
1685.0,107,2,283.6,2,1,1,Lost
1686.0,12,15,10100.68,4,4,4,Champions
1687.0,32,1,199.78,3,1,1,Developing
1688.0,330,6,3406.6499999999996,1,3,4,At Risk (was frequent)
1689.0,63,3,687.86,2,2,2,Lost
1690.0,103,1,66.77,2,1,1,Lost
1691.0,117,4,697.07,2,2,2,Lost
1692.0,211,2,111.88,1,1,1,Lost
1693.0,56,1,29.66,3,1,1,Developing
1694.0,42,3,443.21000000000004,3,2,2,Loyal
1695.0,25,21,8067.78,4,4,4,Champions
1696.0,111,4,1724.77,2,2,3,Lost
1697.0,35,8,2009.07,3,4,3,Champions
1698.0,217,6,342.73,1,3,1,At Risk (was frequent)
1699.0,66,7,2389.1400000000003,2,3,4,At Risk (was frequent)
1700.0,14,4,566.08,4,2,2,Loyal
1701.0,87,10,6272.9,2,4,4,At Risk (was frequent)
1702.0,56,14,10734.13,3,4,4,Champions
1703.0,39,2,698.77,3,1,2,Developing
1704.0,47,3,575.73,3,2,2,Loyal
1705.0,8,2,82.72,4,1,1,Developing
1706.0,93,5,628.38,2,3,2,At Risk (was frequent)
1707.0,63,1,1376.66,2,1,3,Lost
1708.0,256,2,2808.16,1,1,4,Lost
1709.0,321,6,626.36,1,3,2,At Risk (was frequent)
1710.0,30,2,426.67999999999995,3,1,1,Developing
1711.0,220,10,8255.07,1,4,4,At Risk (was frequent)
1712.0,44,6,600.8,3,3,2,Loyal
1713.0,80,4,393.86,2,2,1,Lost
1714.0,76,6,3626.64,2,3,4,At Risk (was frequent)
1715.0,37,8,1397.76,3,4,3,Champions
1716.0,104,2,181.11,2,1,1,Lost
1717.0,181,6,339.9,1,3,1,At Risk (was frequent)
1718.0,27,7,1557.78,3,3,3,Champions
1719.0,101,6,649.97,2,3,2,At Risk (was frequent)
1720.0,208,4,3199.7599999999998,1,2,4,Lost
1721.0,429,2,184.73999999999998,1,1,1,Lost
1722.0,9,5,2012.04,4,3,3,Champions
1723.0,13,11,13220.019999999999,4,4,4,Champions
1724.0,42,10,4953.68,3,4,4,Champions
1725.0,16,6,3435.6699999999996,4,3,4,Champions
1726.0,60,10,5547.5599999999995,3,4,4,Champions
1727.0,85,16,19159.11,2,4,4,At Risk (was frequent)
1728.0,89,12,2830.16,2,4,4,At Risk (was frequent)
1729.0,5,5,1109.38,4,3,3,Champions
1730.0,34,6,1157.0,3,3,3,Champions
1731.0,203,2,59.730000000000004,1,1,1,Lost
1732.0,29,8,1912.3,3,4,3,Champions
1733.0,54,3,150.56,3,2,1,Loyal
1734.0,65,2,1196.29,2,1,3,Lost
1735.0,36,10,1063.45,3,4,3,Champions
1736.0,199,1,242.36,1,1,1,Lost
1737.0,15,7,1422.92,4,3,3,Champions
1738.0,201,3,361.27,1,2,1,Lost
1739.0,155,6,536.4499999999999,1,3,2,At Risk (was frequent)
1740.0,70,3,600.97,2,2,2,Lost
1741.0,33,1,56.04,3,1,1,Developing
1742.0,303,7,1011.4399999999999,1,3,3,At Risk (was frequent)
1743.0,2,5,2443.35,4,3,4,Champions
1744.0,62,5,623.4499999999999,2,3,2,At Risk (was frequent)
1745.0,113,3,599.34,2,2,2,Lost
1746.0,91,4,1658.8400000000001,2,2,3,Lost
1747.0,243,2,654.93,1,1,2,Lost
1748.0,36,2,740.03,3,1,2,Developing
1749.0,33,2,1843.3,3,1,3,Developing
1750.0,32,6,1639.64,3,3,3,Champions
1751.0,138,3,414.23,1,2,1,Lost
1752.0,52,2,372.34000000000003,3,1,1,Developing
1753.0,581,2,550.38,1,1,2,Lost
1754.0,162,4,1851.63,1,2,3,Lost
1755.0,9,2,1344.4,4,1,3,Developing
1756.0,51,7,1063.11,3,3,3,Champions
1757.0,52,2,322.26,3,1,1,Developing
1758.0,65,3,3632.3999999999996,2,2,4,Lost
1759.0,211,5,574.76,1,3,2,At Risk (was frequent)
1760.0,162,4,2296.05,1,2,4,Lost
1762.0,8,4,1571.9499999999998,4,2,3,Loyal
1763.0,158,6,1158.27,1,3,3,At Risk (was frequent)
1764.0,10,8,1614.49,4,4,3,Champions
1765.0,26,3,841.64,3,2,2,Loyal
1766.0,186,5,2477.18,1,3,4,At Risk (was frequent)
1767.0,19,4,1376.77,4,2,3,Loyal
1768.0,52,6,574.0400000000001,3,3,2,Loyal
1769.0,336,2,684.54,1,1,2,Lost
1770.0,28,1,866.76,3,1,2,Developing
1771.0,202,5,2017.04,1,3,3,At Risk (was frequent)
1773.0,80,4,458.49,2,2,2,Lost
1774.0,68,2,165.77,2,1,1,Lost
1776.0,96,2,590.88,2,1,2,Lost
1777.0,15,17,17622.35,4,4,4,Champions
1779.0,171,2,348.63,1,1,1,Lost
1780.0,209,1,21.42,1,1,1,Lost
1781.0,67,1,563.2,2,1,2,Lost
1782.0,45,5,439.48,3,3,2,Loyal
1783.0,152,4,341.93,1,2,1,Lost
1784.0,127,13,4561.32,2,4,4,At Risk (was frequent)
1785.0,76,4,1379.58,2,2,3,Lost
1786.0,3,7,3067.3199999999997,4,3,4,Champions
1787.0,173,1,23.82,1,1,1,Lost
1788.0,55,8,4832.2,3,4,4,Champions
1789.0,77,3,548.46,2,2,2,Lost
1790.0,61,3,1080.16,3,2,3,Loyal
1791.0,186,3,983.0500000000001,1,2,2,Lost
1792.0,384,3,913.55,1,2,2,Lost
1793.0,25,3,1107.28,4,2,3,Loyal
1794.0,12,2,153.11,4,1,1,Developing
1795.0,83,10,3261.79,2,4,4,At Risk (was frequent)
1796.0,37,4,1305.3300000000002,3,2,3,Loyal
1797.0,48,9,5952.98,3,4,4,Champions
1798.0,191,4,765.51,1,2,2,Lost
1800.0,17,6,1397.6599999999999,4,3,3,Champions
1801.0,53,11,2688.82,3,4,4,Champions
1802.0,46,6,859.04,3,3,2,Loyal
1803.0,194,5,1332.4299999999998,1,3,3,At Risk (was frequent)
1804.0,108,7,1622.01,2,3,3,At Risk (was frequent)
1805.0,198,3,1112.68,1,2,3,Lost
1806.0,107,4,602.95,2,2,2,Lost
1807.0,83,4,511.40000000000003,2,2,2,Lost
1808.0,42,1,38.41,3,1,1,Developing
1809.0,25,3,1493.48,4,2,3,Loyal
1810.0,6,3,417.12,4,2,1,Loyal
1811.0,5,3,574.6300000000001,4,2,2,Loyal
1812.0,10,1,39.69,4,1,1,Developing
1813.0,1,7,995.0600000000001,4,3,3,Champions
1814.0,493,4,878.16,1,2,2,Lost
1815.0,335,2,168.68,1,1,1,Lost
1816.0,212,3,1462.33,1,2,3,Lost
1817.0,294,3,219.0,1,2,1,Lost
1818.0,0,3,271.11,4,2,1,Loyal
1819.0,5,8,2476.04,4,4,4,Champions
1820.0,20,2,2502.22,4,1,4,Developing
1821.0,62,3,720.91,2,2,2,Lost
1822.0,65,13,17087.36,2,4,4,At Risk (was frequent)
1823.0,23,5,3151.5299999999997,4,3,4,Champions
1824.0,28,11,5454.37,3,4,4,Champions
1825.0,330,4,1339.0200000000002,1,2,3,Lost
1826.0,27,8,1250.26,3,4,3,Champions
1827.0,3,8,2925.21,4,4,4,Champions
1828.0,2,14,13125.369999999999,4,4,4,Champions
1829.0,36,3,586.3199999999999,3,2,2,Loyal
1830.0,40,13,7700.32,3,4,4,Champions
1831.0,128,2,496.97,2,1,2,Lost
1832.0,25,4,667.9399999999999,4,2,2,Loyal
1833.0,80,8,928.51,2,4,2,At Risk (was frequent)
1834.0,179,5,730.53,1,3,2,At Risk (was frequent)
1835.0,219,4,702.45,1,2,2,Lost
1836.0,48,1,74.75,3,1,1,Developing
1838.0,14,2,492.9,4,1,2,Developing
1839.0,23,3,516.98,4,2,2,Loyal
1840.0,76,4,1599.74,2,2,3,Lost
1841.0,66,4,964.6700000000001,2,2,2,Lost
1842.0,14,1,67.61,4,1,1,Developing
1843.0,15,4,1068.31,4,2,3,Loyal
1844.0,211,1,39.0,1,1,1,Lost
1846.0,360,1,177.74,1,1,1,Lost
1847.0,11,1,106.14,4,1,1,Developing
1848.0,203,2,252.74,1,1,1,Lost
1849.0,194,5,1851.26,1,3,3,At Risk (was frequent)
1851.0,53,9,6923.38,3,4,4,Champions
1853.0,28,3,65.75,3,2,1,Loyal
1854.0,20,10,6441.35,4,4,4,Champions
1855.0,29,8,4411.6,3,4,4,Champions
1856.0,8,8,1504.77,4,4,3,Champions
1857.0,27,3,1094.18,3,2,3,Loyal
1858.0,38,4,627.2,3,2,2,Loyal
1859.0,276,3,1713.23,1,2,3,Lost
1860.0,42,2,408.58,3,1,1,Developing
1861.0,114,4,377.35999999999996,2,2,1,Lost
1862.0,143,1,161.92,1,1,1,Lost
1863.0,31,10,10093.76,3,4,4,Champions
1864.0,248,4,1507.67,1,2,3,Lost
1865.0,107,6,2442.0299999999997,2,3,4,At Risk (was frequent)
1866.0,117,5,435.71,2,3,2,At Risk (was frequent)
1867.0,100,7,876.75,2,3,2,At Risk (was frequent)
1868.0,227,5,2031.76,1,3,3,At Risk (was frequent)
1869.0,159,2,264.37,1,1,1,Lost
1870.0,57,5,977.05,3,3,2,Loyal
1871.0,86,1,62.12,2,1,1,Lost
1872.0,217,3,1411.3899999999999,1,2,3,Lost
1873.0,26,2,168.61,3,1,1,Developing
1874.0,22,4,675.16,4,2,2,Loyal
1875.0,91,5,884.35,2,3,2,At Risk (was frequent)
1876.0,346,2,331.47999999999996,1,1,1,Lost
1877.0,20,3,285.56,4,2,1,Loyal
1878.0,362,2,564.6700000000001,1,1,2,Lost
1879.0,73,5,510.6,2,3,2,At Risk (was frequent)
1880.0,85,4,1090.98,2,2,3,Lost
1881.0,1,11,9581.91,4,4,4,Champions
1882.0,100,3,503.86,2,2,2,Lost
1883.0,37,2,149.79,3,1,1,Developing
1884.0,66,1,1309.63,2,1,3,Lost
1885.0,177,1,51.18,1,1,1,Lost
1887.0,238,1,288.3,1,1,1,Lost
1888.0,173,3,735.2,1,2,2,Lost
1889.0,38,2,606.66,3,1,2,Developing
1890.0,28,12,7189.320000000001,3,4,4,Champions
1891.0,67,1,188.76,2,1,1,Lost
1892.0,22,4,1454.5700000000002,4,2,3,Loyal
1893.0,143,4,613.6,1,2,2,Lost
1894.0,104,1,617.83,2,1,2,Lost
1895.0,245,12,9250.41,1,4,4,At Risk (was frequent)
1896.0,68,6,5267.2300000000005,2,3,4,At Risk (was frequent)
1897.0,16,4,2044.83,4,2,3,Loyal
1898.0,87,7,2439.17,2,3,4,At Risk (was frequent)
1899.0,16,5,2235.02,4,3,4,Champions
1900.0,26,4,590.15,3,2,2,Loyal
1901.0,60,8,2430.39,3,4,4,Champions
1902.0,7,5,2292.78,4,3,4,Champions
1903.0,48,6,845.74,3,3,2,Loyal
1904.0,127,2,140.9,2,1,1,Lost
1905.0,27,10,5941.84,3,4,4,Champions
1906.0,70,1,79.2,2,1,1,Lost
1908.0,284,4,1615.24,1,2,3,Lost
1909.0,23,5,834.5699999999999,4,3,2,Loyal
1910.0,136,2,601.3,1,1,2,Lost
1911.0,2,2,426.36,4,1,1,Developing
1912.0,34,6,1157.13,3,3,3,Champions
1913.0,194,3,1434.31,1,2,3,Lost
1914.0,39,5,1207.94,3,3,3,Champions
1916.0,64,5,3818.8900000000003,2,3,4,At Risk (was frequent)
1917.0,30,3,1558.56,3,2,3,Loyal
1918.0,74,2,827.09,2,1,2,Lost
1919.0,12,2,672.48,4,1,2,Developing
1920.0,35,6,984.37,3,3,2,Loyal
1921.0,66,17,5864.44,2,4,4,At Risk (was frequent)
1922.0,110,1,154.24,2,1,1,Lost
1924.0,250,5,2435.5,1,3,4,At Risk (was frequent)
1925.0,291,6,3918.45,1,3,4,At Risk (was frequent)
1926.0,35,4,1766.9199999999998,3,2,3,Loyal
1927.0,247,4,456.22,1,2,2,Lost
1928.0,1,15,13413.75,4,4,4,Champions
1929.0,6,4,806.3100000000001,4,2,2,Loyal
1930.0,58,7,1908.34,3,3,3,Champions
1931.0,90,5,2548.7200000000003,2,3,4,At Risk (was frequent)
1932.0,29,4,475.71999999999997,3,2,2,Loyal
1933.0,46,9,2440.2799999999997,3,4,4,Champions
1934.0,262,2,201.82,1,1,1,Lost
1935.0,291,5,359.44,1,3,1,At Risk (was frequent)
1937.0,23,10,1011.22,4,4,3,Champions
1939.0,52,2,269.71000000000004,3,1,1,Developing
1940.0,39,6,591.4100000000001,3,3,2,Loyal
1941.0,61,10,8814.43,3,4,4,Champions
1942.0,10,15,9272.59,4,4,4,Champions
1943.0,104,2,428.13,2,1,1,Lost
1944.0,53,8,2502.55,3,4,4,Champions
1945.0,87,4,719.79,2,2,2,Lost
1946.0,168,6,2606.95,1,3,4,At Risk (was frequent)
1947.0,60,6,741.6,3,3,2,Loyal
1948.0,26,5,503.96999999999997,3,3,2,Loyal
1949.0,55,4,639.13,3,2,2,Loyal
1950.0,0,22,19904.73,4,4,4,Champions
1951.0,477,1,160.78,1,1,1,Lost
1952.0,36,3,424.88,3,2,1,Loyal
1953.0,30,9,10616.58,3,4,4,Champions
1954.0,0,6,1456.53,4,3,3,Champions
1955.0,18,4,597.6,4,2,2,Loyal
1956.0,195,1,141.76,1,1,1,Lost
1957.0,2,4,888.8299999999999,4,2,2,Loyal
1958.0,6,6,677.8,4,3,2,Loyal
1960.0,144,6,1087.21,1,3,3,At Risk (was frequent)
1961.0,41,3,426.07,3,2,1,Loyal
1962.0,37,2,108.7,3,1,1,Developing
1963.0,572,2,835.4,1,1,2,Lost
1964.0,84,9,3309.29,2,4,4,At Risk (was frequent)
1965.0,207,4,1075.3899999999999,1,2,3,Lost
1967.0,209,4,1637.53,1,2,3,Lost
1968.0,1,6,1436.7,4,3,3,Champions
1969.0,92,4,1514.66,2,2,3,Lost
1970.0,66,1,153.6,2,1,1,Lost
1971.0,28,2,264.52000000000004,3,1,1,Developing
1972.0,65,3,1042.4099999999999,2,2,3,Lost
1973.0,277,2,461.7,1,1,2,Lost
1974.0,115,1,815.02,2,1,2,Lost
1975.0,17,9,3060.02,4,4,4,Champions
1976.0,178,2,1594.06,1,1,3,Lost
1977.0,30,3,1089.24,3,2,3,Loyal
1978.0,12,9,7537.71,4,4,4,Champions
1979.0,25,4,1942.32,4,2,3,Loyal
1980.0,84,4,1742.54,2,2,3,Lost
1981.0,3,9,2410.1,4,4,4,Champions
1982.0,7,7,1862.07,4,3,3,Champions
1983.0,18,5,1610.65,4,3,3,Champions
1984.0,0,8,2397.85,4,4,4,Champions
1985.0,6,2,133.85,4,1,1,Developing
1986.0,19,13,7886.63,4,4,4,Champions
1987.0,93,3,928.6400000000001,2,2,2,Lost
1988.0,125,3,727.33,2,2,2,Lost
1989.0,256,5,1601.1999999999998,1,3,3,At Risk (was frequent)
1990.0,279,11,2915.93,1,4,4,At Risk (was frequent)
1991.0,53,3,1500.01,3,2,3,Loyal
1992.0,57,5,1919.12,3,3,3,Champions
1993.0,166,4,521.55,1,2,2,Lost
1994.0,37,13,10394.74,3,4,4,Champions
1995.0,30,2,161.84,3,1,1,Developing
1997.0,36,3,142.78,3,2,1,Loyal
1998.0,214,4,549.9300000000001,1,2,2,Lost
1999.0,61,3,431.37,3,2,2,Loyal
2000.0,64,11,3591.13,2,4,4,At Risk (was frequent)
2001.0,177,1,67.28,1,1,1,Lost
2002.0,141,5,658.62,1,3,2,At Risk (was frequent)
2003.0,62,13,3114.62,2,4,4,At Risk (was frequent)
2004.0,14,2,338.14,4,1,1,Developing
2005.0,121,1,643.95,2,1,2,Lost
2006.0,19,2,443.65,4,1,2,Developing
2007.0,40,3,1924.0500000000002,3,2,3,Loyal
2008.0,243,2,1246.25,1,1,3,Lost
2009.0,64,3,422.59000000000003,2,2,1,Lost
2010.0,7,3,477.47,4,2,2,Loyal
2011.0,5,7,3571.62,4,3,4,Champions
2012.0,215,5,1053.3700000000001,1,3,3,At Risk (was frequent)
2013.0,3,7,1069.28,4,3,3,Champions
2014.0,156,2,293.14,1,1,1,Lost
2015.0,7,3,293.49,4,2,1,Loyal
2016.0,41,14,7538.15,3,4,4,Champions
2017.0,242,2,179.1,1,1,1,Lost
2018.0,144,4,1413.32,1,2,3,Lost
2019.0,7,5,2161.43,4,3,3,Champions
2020.0,52,7,1329.8400000000001,3,3,3,Champions
2021.0,234,6,1048.36,1,3,3,At Risk (was frequent)
2022.0,87,1,29.43,2,1,1,Lost
2023.0,19,13,14655.43,4,4,4,Champions
2024.0,20,1,80.74,4,1,1,Developing
2025.0,217,4,598.2,1,2,2,Lost
2026.0,203,6,1293.1100000000001,1,3,3,At Risk (was frequent)
2027.0,367,3,411.58,1,2,1,Lost
2028.0,136,2,517.75,1,1,2,Lost
2029.0,9,2,963.8,4,1,2,Developing
2030.0,14,1,290.5,4,1,1,Developing
2031.0,78,3,281.32,2,2,1,Lost
2032.0,41,5,969.3900000000001,3,3,2,Loyal
2033.0,14,6,777.55,4,3,2,Loyal
2034.0,368,1,69.73,1,1,1,Lost
2035.0,157,4,952.31,1,2,2,Lost
2036.0,114,8,1531.15,2,4,3,At Risk (was frequent)
2037.0,8,5,573.46,4,3,2,Loyal
2038.0,218,10,1878.05,1,4,3,At Risk (was frequent)
2039.0,78,11,6813.969999999999,2,4,4,At Risk (was frequent)
2040.0,9,5,1772.1299999999999,4,3,3,Champions
2042.0,70,3,1554.3700000000001,2,2,3,Lost
2043.0,0,10,7010.2,4,4,4,Champions
2044.0,9,10,2322.06,4,4,4,Champions
2045.0,70,5,977.6700000000001,2,3,2,At Risk (was frequent)
2046.0,202,8,2320.51,1,4,4,At Risk (was frequent)
2047.0,237,1,295.54,1,1,1,Lost
2048.0,45,10,13301.68,3,4,4,Champions
2049.0,61,4,691.06,3,2,2,Loyal
2050.0,15,8,2258.37,4,4,4,Champions
2051.0,101,1,16.05,2,1,1,Lost
2052.0,54,4,736.6800000000001,3,2,2,Loyal
2053.0,247,6,1981.6000000000001,1,3,3,At Risk (was frequent)
2054.0,817,1,72.5,1,1,1,Lost
2055.0,104,6,3344.84,2,3,4,At Risk (was frequent)
2056.0,132,3,801.3599999999999,1,2,2,Lost
2057.0,188,9,2748.15,1,4,4,At Risk (was frequent)
2058.0,5,4,1665.05,4,2,3,Loyal
2059.0,173,3,199.98,1,2,1,Lost
2060.0,19,4,3946.38,4,2,4,Loyal
2061.0,410,1,1224.36,1,1,3,Lost
2062.0,56,6,377.76,3,3,1,Loyal
2064.0,191,7,1248.19,1,3,3,At Risk (was frequent)
2065.0,58,6,8864.93,3,3,4,Champions
2066.0,59,10,4224.5,3,4,4,Champions
2067.0,114,5,713.9,2,3,2,At Risk (was frequent)
2068.0,31,5,3252.86,3,3,4,Champions
2069.0,17,3,380.27,4,2,1,Loyal
2070.0,15,6,1499.0800000000002,4,3,3,Champions
2071.0,14,6,1404.03,4,3,3,Champions
2072.0,102,5,1020.14,2,3,3,At Risk (was frequent)
2073.0,144,11,6847.22,1,4,4,At Risk (was frequent)
2074.0,10,2,122.38,4,1,1,Developing
2075.0,75,3,277.77,2,2,1,Lost
2076.0,6,11,3373.48,4,4,4,Champions
2077.0,230,3,470.93,1,2,2,Lost
2078.0,108,4,355.45,2,2,1,Lost
2079.0,10,3,507.54999999999995,4,2,2,Loyal
2080.0,93,6,684.74,2,3,2,At Risk (was frequent)
2081.0,6,4,930.26,4,2,2,Loyal
2082.0,48,3,1440.43,3,2,3,Loyal
2083.0,0,5,724.0899999999999,4,3,2,Loyal
2084.0,30,2,567.56,3,1,2,Developing
2085.0,10,6,1040.56,4,3,3,Champions
2086.0,55,4,1049.51,3,2,3,Loyal
2087.0,181,7,1968.72,1,3,3,At Risk (was frequent)
2088.0,191,5,1241.28,1,3,3,At Risk (was frequent)
2089.0,39,24,20817.69,3,4,4,Champions
2091.0,59,1,42.74,3,1,1,Developing
2092.0,37,7,2893.73,3,3,4,Champions
2093.0,41,3,159.84,3,2,1,Loyal
2094.0,124,7,1497.88,2,3,3,At Risk (was frequent)
2095.0,124,4,487.72,2,2,2,Lost
2096.0,2,5,1082.68,4,3,3,Champions
2097.0,203,9,3995.72,1,4,4,At Risk (was frequent)
2098.0,152,4,2418.29,1,2,4,Lost
2099.0,168,3,904.53,1,2,2,Lost
2101.0,17,6,1061.1200000000001,4,3,3,Champions
2102.0,284,4,2429.43,1,2,4,Lost
2103.0,151,10,5671.92,1,4,4,At Risk (was frequent)
2105.0,44,2,858.09,3,1,2,Developing
2106.0,26,1,30.03,3,1,1,Developing
2107.0,16,4,4175.55,4,2,4,Loyal
2108.0,68,1,160.83,2,1,1,Lost
2109.0,95,2,191.57,2,1,1,Lost
2110.0,102,11,5029.48,2,4,4,At Risk (was frequent)
2111.0,4,7,2644.7,4,3,4,Champions
2112.0,204,4,762.3699999999999,1,2,2,Lost
2113.0,44,10,970.15,3,4,2,Loyal
2114.0,16,1,65.51,4,1,1,Developing
2115.0,13,10,12379.76,4,4,4,Champions
2116.0,65,2,362.12,2,1,1,Lost
2117.0,19,9,4093.06,4,4,4,Champions
2118.0,44,1,71.33,3,1,1,Developing
2119.0,39,5,5648.139999999999,3,3,4,Champions
2120.0,25,9,879.64,4,4,2,Loyal
2121.0,25,8,2009.67,4,4,3,Champions
2122.0,175,2,267.59,1,1,1,Lost
2123.0,7,26,33288.83,4,4,4,Champions
2124.0,55,1,59.76,3,1,1,Developing
2125.0,71,4,225.7,2,2,1,Lost
2126.0,22,8,1374.73,4,4,3,Champions
2127.0,158,3,2133.33,1,2,3,Lost
2128.0,72,4,893.63,2,2,2,Lost
2129.0,142,1,45.58,1,1,1,Lost
2130.0,59,6,2595.02,3,3,4,Champions
2131.0,166,10,984.37,1,4,2,At Risk (was frequent)
2132.0,182,2,622.95,1,1,2,Lost
2134.0,123,3,1857.05,2,2,3,Lost
2135.0,83,3,831.29,2,2,2,Lost
2136.0,97,1,102.98,2,1,1,Lost
2137.0,45,5,355.62,3,3,1,Loyal
2138.0,33,1,67.61,3,1,1,Developing
2139.0,27,5,3101.79,3,3,4,Champions
2140.0,114,1,28.88,2,1,1,Lost
2141.0,21,2,816.9,4,1,2,Developing
2142.0,37,6,6215.96,3,3,4,Champions
2143.0,98,4,392.58,2,2,1,Lost
2144.0,33,3,1226.73,3,2,3,Loyal
2146.0,12,10,9743.24,4,4,4,Champions
2147.0,23,5,1470.6000000000001,4,3,3,Champions
2148.0,232,3,2097.2799999999997,1,2,3,Lost
2149.0,71,4,551.47,2,2,2,Lost
2150.0,88,3,820.0400000000001,2,2,2,Lost
2151.0,23,6,907.28,4,3,2,Loyal
2152.0,258,2,288.32,1,1,1,Lost
2153.0,0,8,1885.75,4,4,3,Champions
2154.0,285,1,73.16,1,1,1,Lost
2155.0,83,3,374.28999999999996,2,2,1,Lost
2156.0,127,2,439.34000000000003,2,1,2,Lost
2157.0,70,5,672.12,2,3,2,At Risk (was frequent)
2158.0,73,2,501.14,2,1,2,Lost
2159.0,166,3,506.19,1,2,2,Lost
2160.0,10,2,1543.09,4,1,3,Developing
2161.0,7,4,1985.01,4,2,3,Loyal
2162.0,104,12,5932.19,2,4,4,At Risk (was frequent)
2163.0,470,2,287.92,1,1,1,Lost
2164.0,8,2,377.31,4,1,1,Developing
2165.0,28,3,1681.45,3,2,3,Loyal
2166.0,215,2,323.46,1,1,1,Lost
2167.0,371,1,111.8,1,1,1,Lost
2168.0,168,1,59.64,1,1,1,Lost
2169.0,142,7,6947.94,1,3,4,At Risk (was frequent)
2170.0,185,2,632.89,1,1,2,Lost
2172.0,162,3,398.2,1,2,1,Lost
2173.0,81,4,752.36,2,2,2,Lost
2174.0,41,6,1400.98,3,3,3,Champions
2175.0,21,7,3064.13,4,3,4,Champions
2176.0,67,1,16.21,2,1,1,Lost
2177.0,36,7,3638.04,3,3,4,Champions
2178.0,6,6,5174.799999999999,4,3,4,Champions
2179.0,154,6,4010.4300000000003,1,3,4,At Risk (was frequent)
2180.0,65,17,14743.69,2,4,4,At Risk (was frequent)
2181.0,48,11,4145.17,3,4,4,Champions
2182.0,36,4,1011.6400000000001,3,2,3,Loyal
2183.0,94,2,87.31,2,1,1,Lost
2184.0,34,1,127.08,3,1,1,Developing
2185.0,4,3,257.15,4,2,1,Loyal
2186.0,6,12,4214.66,4,4,4,Champions
2187.0,105,7,3344.1299999999997,2,3,4,At Risk (was frequent)
2188.0,1,4,827.98,4,2,2,Loyal
2189.0,246,1,136.11,1,1,1,Lost
2190.0,96,2,286.45,2,1,1,Lost
2191.0,20,2,43.3,4,1,1,Developing
2192.0,11,10,7147.11,4,4,4,Champions
2193.0,14,7,1571.99,4,3,3,Champions
2194.0,24,5,873.02,4,3,2,Loyal
2195.0,55,1,155.45,3,1,1,Developing
2196.0,9,6,923.17,4,3,2,Loyal
2197.0,43,9,3078.79,3,4,4,Champions
2198.0,107,1,57.46,2,1,1,Lost
2199.0,23,4,352.63,4,2,1,Loyal
2200.0,79,5,420.99,2,3,1,At Risk (was frequent)
2201.0,287,3,453.08000000000004,1,2,2,Lost
2202.0,55,4,721.54,3,2,2,Loyal
2203.0,46,4,1598.5800000000002,3,2,3,Loyal
2204.0,31,6,5437.3099999999995,3,3,4,Champions
2205.0,47,8,3569.11,3,4,4,Champions
2206.0,10,6,1880.75,4,3,3,Champions
2207.0,22,1,186.42,4,1,1,Developing
2208.0,26,6,3611.81,3,3,4,Champions
2209.0,64,2,410.22,2,1,1,Lost
2210.0,65,14,4318.58,2,4,4,At Risk (was frequent)
2211.0,3,4,3070.82,4,2,4,Loyal
2213.0,9,3,253.69,4,2,1,Loyal
2214.0,35,4,651.79,3,2,2,Loyal
2215.0,97,5,772.3,2,3,2,At Risk (was frequent)
2216.0,26,16,26045.87,3,4,4,Champions
2217.0,20,11,2512.36,4,4,4,Champions
2218.0,9,24,26372.75,4,4,4,Champions
2219.0,140,5,364.52,1,3,1,At Risk (was frequent)
2221.0,14,10,3091.96,4,4,4,Champions
2222.0,32,12,16081.08,3,4,4,Champions
2223.0,32,4,457.37,3,2,2,Loyal
2224.0,7,15,17130.5,4,4,4,Champions
2225.0,281,14,5001.26,1,4,4,At Risk (was frequent)
2226.0,65,10,6217.8099999999995,2,4,4,At Risk (was frequent)
2227.0,109,9,2812.78,2,4,4,At Risk (was frequent)
2228.0,33,3,1243.61,3,2,3,Loyal
2230.0,85,11,2921.49,2,4,4,At Risk (was frequent)
2231.0,94,1,118.63,2,1,1,Lost
2232.0,69,1,113.2,2,1,1,Lost
2234.0,70,3,1162.02,2,2,3,Lost
2235.0,73,3,911.28,2,2,2,Lost
2237.0,71,2,86.83,2,1,1,Lost
2238.0,17,10,3112.2,4,4,4,Champions
2240.0,205,3,128.81,1,2,1,Lost
2241.0,42,4,2670.23,3,2,4,Loyal
2242.0,67,9,1314.72,2,4,3,At Risk (was frequent)
2243.0,390,6,1223.72,1,3,3,At Risk (was frequent)
2244.0,12,6,3555.03,4,3,4,Champions
2245.0,60,6,4132.719999999999,3,3,4,Champions
2246.0,271,2,1787.5800000000002,1,1,3,Lost
2247.0,167,3,319.09000000000003,1,2,1,Lost
2248.0,44,5,1135.66,3,3,3,Champions
2249.0,69,6,618.46,2,3,2,At Risk (was frequent)
2250.0,72,6,1383.92,2,3,3,At Risk (was frequent)
2251.0,100,1,14.33,2,1,1,Lost
2252.0,41,14,12011.06,3,4,4,Champions
2253.0,87,5,837.35,2,3,2,At Risk (was frequent)
2254.0,19,8,2721.15,4,4,4,Champions
2255.0,9,5,904.03,4,3,2,Loyal
2256.0,18,7,3875.6099999999997,4,3,4,Champions
2257.0,229,3,215.26,1,2,1,Lost
2258.0,112,2,198.03,2,1,1,Lost
2259.0,58,9,2261.12,3,4,4,Champions
2260.0,2,4,1019.1400000000001,4,2,3,Loyal
2261.0,114,7,2139.94,2,3,3,At Risk (was frequent)
2262.0,107,6,642.25,2,3,2,At Risk (was frequent)
2263.0,23,5,1678.8,4,3,3,Champions
2264.0,10,5,1195.51,4,3,3,Champions
2265.0,293,1,16.16,1,1,1,Lost
2266.0,63,2,148.95999999999998,2,1,1,Lost
2267.0,1,9,3537.3,4,4,4,Champions
2268.0,349,2,150.33,1,1,1,Lost
2269.0,92,5,2709.3599999999997,2,3,4,At Risk (was frequent)
2270.0,158,5,3191.18,1,3,4,At Risk (was frequent)
2271.0,363,10,2071.34,1,4,3,At Risk (was frequent)
2272.0,111,6,930.75,2,3,2,At Risk (was frequent)
2273.0,307,1,173.96,1,1,1,Lost
2274.0,6,1,97.82,4,1,1,Developing
2275.0,44,8,2776.79,3,4,4,Champions
2276.0,50,6,1327.1,3,3,3,Champions
2277.0,11,9,6818.96,4,4,4,Champions
2278.0,36,9,10664.65,3,4,4,Champions
2279.0,26,10,2190.85,3,4,3,Champions
2280.0,77,3,1012.54,2,2,3,Lost
2281.0,110,1,121.47,2,1,1,Lost
2282.0,95,2,887.3199999999999,2,1,2,Lost
2283.0,288,2,1018.9300000000001,1,1,3,Lost
2284.0,131,1,187.92,1,1,1,Lost
2285.0,128,10,6309.18,2,4,4,At Risk (was frequent)
2286.0,53,4,199.84,3,2,1,Loyal
2287.0,3,13,4448.67,4,4,4,Champions
2288.0,6,3,466.62,4,2,2,Loyal
2289.0,16,9,1161.48,4,4,3,Champions
2290.0,342,1,226.76,1,1,1,Lost
2291.0,16,2,165.73999999999998,4,1,1,Developing
2292.0,332,4,601.13,1,2,2,Lost
2293.0,16,4,680.97,4,2,2,Loyal
2294.0,151,3,1402.47,1,2,3,Lost
2295.0,2,2,396.7,4,1,1,Developing
2296.0,10,4,2461.81,4,2,4,Loyal
2297.0,112,4,847.6899999999999,2,2,2,Lost
2298.0,36,12,8096.83,3,4,4,Champions
2299.0,44,13,11617.86,3,4,4,Champions
2300.0,70,4,1043.13,2,2,3,Lost
2301.0,13,6,809.94,4,3,2,Loyal
2302.0,150,3,692.11,1,2,2,Lost
2304.0,10,5,3248.92,4,3,4,Champions
2305.0,500,1,218.63,1,1,1,Lost
2306.0,75,2,22.73,2,1,1,Lost
2307.0,95,7,3430.58,2,3,4,At Risk (was frequent)
2308.0,20,6,934.81,4,3,2,Loyal
2309.0,44,25,22129.7,3,4,4,Champions
2310.0,30,9,1408.98,3,4,3,Champions
2311.0,206,3,1090.79,1,2,3,Lost
2312.0,11,19,16198.33,4,4,4,Champions
2313.0,2,7,1677.63,4,3,3,Champions
2314.0,2,4,1571.05,4,2,3,Loyal
2315.0,15,3,130.63,4,2,1,Loyal
2316.0,51,2,364.52,3,1,1,Developing
2317.0,74,3,638.42,2,2,2,Lost
2318.0,153,1,122.78,1,1,1,Lost
2319.0,171,2,154.98000000000002,1,1,1,Lost
2320.0,72,3,430.44000000000005,2,2,2,Lost
2321.0,41,5,812.52,3,3,2,Loyal
2323.0,61,4,366.6,3,2,1,Loyal
2324.0,60,2,439.68,3,1,2,Developing
2325.0,48,2,328.88,3,1,1,Developing
2327.0,48,4,256.66,3,2,1,Loyal
2328.0,22,2,253.23999999999998,4,1,1,Developing
2329.0,14,6,9904.42,4,3,4,Champions
2330.0,4,5,1318.28,4,3,3,Champions
2331.0,110,6,470.48,2,3,2,At Risk (was frequent)
2332.0,409,2,248.07999999999998,1,1,1,Lost
2333.0,219,8,1877.8600000000001,1,4,3,At Risk (was frequent)
2334.0,52,5,2026.85,3,3,3,Champions
2335.0,15,10,4484.97,4,4,4,Champions
2336.0,1,5,1892.72,4,3,3,Champions
2337.0,150,1,158.34,1,1,1,Lost
2338.0,113,2,461.78000000000003,2,1,2,Lost
2339.0,377,1,142.34,1,1,1,Lost
2340.0,121,3,907.96,2,2,2,Lost
2341.0,38,7,2852.85,3,3,4,Champions
2342.0,232,5,2121.7599999999998,1,3,3,At Risk (was frequent)
2343.0,249,1,11.19,1,1,1,Lost
2344.0,66,7,4347.2,2,3,4,At Risk (was frequent)
2345.0,23,2,160.65,4,1,1,Developing
2346.0,40,2,1328.4299999999998,3,1,3,Developing
2347.0,284,3,681.27,1,2,2,Lost
2349.0,5,3,1624.8899999999999,4,2,3,Loyal
2350.0,36,6,8714.28,3,3,4,Champions
2351.0,47,4,1175.82,3,2,3,Loyal
2352.0,52,4,3128.78,3,2,4,Loyal
2353.0,179,1,81.24,1,1,1,Lost
2356.0,158,3,344.88,1,2,1,Lost
2357.0,69,5,723.04,2,3,2,At Risk (was frequent)
2358.0,12,3,112.53,4,2,1,Loyal
2359.0,300,3,475.85,1,2,2,Lost
2361.0,202,7,10850.98,1,3,4,At Risk (was frequent)
2362.0,270,2,678.74,1,1,2,Lost
2363.0,8,7,1173.1000000000001,4,3,3,Champions
2364.0,276,5,1001.32,1,3,3,At Risk (was frequent)
2366.0,13,5,532.25,4,3,2,Loyal
2367.0,13,7,3656.11,4,3,4,Champions
2368.0,14,8,1312.3,4,4,3,Champions
2369.0,8,6,1944.67,4,3,3,Champions
2370.0,1,2,463.90999999999997,4,1,2,Developing
2371.0,53,2,678.3499999999999,3,1,2,Developing
2372.0,91,8,1233.36,2,4,3,At Risk (was frequent)
2373.0,4,1,24.82,4,1,1,Developing
2374.0,36,8,1752.58,3,4,3,Champions
2375.0,141,3,624.9000000000001,1,2,2,Lost
2376.0,124,6,1457.4,2,3,3,At Risk (was frequent)
2377.0,117,4,568.0,2,2,2,Lost
2378.0,105,5,1042.72,2,3,3,At Risk (was frequent)
2379.0,79,1,130.7,2,1,1,Lost
2380.0,14,7,505.64,4,3,2,Loyal
2381.0,41,6,751.24,3,3,2,Loyal
2382.0,64,1,139.98,2,1,1,Lost
2383.0,52,2,184.87,3,1,1,Developing
2384.0,146,7,3629.0699999999997,1,3,4,At Risk (was frequent)
2385.0,36,2,148.94,3,1,1,Developing
2386.0,217,1,617.12,1,1,2,Lost
2387.0,51,8,1950.6399999999999,3,4,3,Champions
2388.0,129,3,923.71,2,2,2,Lost
2389.0,156,4,583.03,1,2,2,Lost
2390.0,241,2,129.12,1,1,1,Lost
2391.0,18,4,696.79,4,2,2,Loyal
2392.0,75,7,6901.06,2,3,4,At Risk (was frequent)
2393.0,2,8,2243.94,4,4,4,Champions
2394.0,58,6,2907.3199999999997,3,3,4,Champions
2395.0,86,3,465.61,2,2,2,Lost
2396.0,8,5,3303.73,4,3,4,Champions
2397.0,40,1,739.14,3,1,2,Developing
2399.0,128,3,776.66,2,2,2,Lost
2400.0,62,3,557.21,2,2,2,Lost
2401.0,110,5,4429.93,2,3,4,At Risk (was frequent)
2402.0,147,6,1097.96,1,3,3,At Risk (was frequent)
2403.0,166,6,3311.6299999999997,1,3,4,At Risk (was frequent)
2404.0,119,3,1533.46,2,2,3,Lost
2406.0,1,5,1115.53,4,3,3,Champions
2407.0,409,2,286.41,1,1,1,Lost
2408.0,35,2,772.6899999999999,3,1,2,Developing
2409.0,14,3,450.69,4,2,2,Loyal
2410.0,265,2,363.77,1,1,1,Lost
2411.0,88,1,670.27,2,1,2,Lost
2412.0,87,8,2019.2199999999998,2,4,3,At Risk (was frequent)
2413.0,33,8,3363.07,3,4,4,Champions
2414.0,35,4,698.09,3,2,2,Loyal
2416.0,21,12,4968.3099999999995,4,4,4,Champions
2417.0,4,5,281.52,4,3,1,Loyal
2418.0,59,6,1180.45,3,3,3,Champions
2419.0,20,1,396.63,4,1,1,Developing
2420.0,86,5,1669.0500000000002,2,3,3,At Risk (was frequent)
2421.0,73,8,3876.06,2,4,4,At Risk (was frequent)
2423.0,22,7,1158.17,4,3,3,Champions
2424.0,1,9,6213.889999999999,4,4,4,Champions
2425.0,45,7,1287.04,3,3,3,Champions
2426.0,75,4,886.31,2,2,2,Lost
2427.0,36,4,806.58,3,2,2,Loyal
2428.0,11,4,1220.99,4,2,3,Loyal
2429.0,79,9,3012.72,2,4,4,At Risk (was frequent)
2430.0,59,3,246.32,3,2,1,Loyal
2431.0,72,2,710.45,2,1,2,Lost
2432.0,10,14,4793.57,4,4,4,Champions
2433.0,140,6,1731.54,1,3,3,At Risk (was frequent)
2434.0,20,5,1495.0,4,3,3,Champions
2435.0,2,17,10798.94,4,4,4,Champions
2436.0,3,6,636.46,4,3,2,Loyal
2437.0,5,3,409.39000000000004,4,2,1,Loyal
2438.0,15,4,430.0,4,2,1,Loyal
2439.0,228,6,1073.49,1,3,3,At Risk (was frequent)
2440.0,102,1,442.24,2,1,2,Lost
2441.0,83,9,3650.04,2,4,4,At Risk (was frequent)
2443.0,27,6,8488.92,3,3,4,Champions
2444.0,36,6,2275.23,3,3,4,Champions
2445.0,8,5,857.4899999999999,4,3,2,Loyal
2446.0,112,3,266.09,2,2,1,Lost
2447.0,206,5,2621.39,1,3,4,At Risk (was frequent)
2448.0,22,3,701.0,4,2,2,Loyal
2449.0,74,4,2079.67,2,2,3,Lost
2450.0,145,2,317.59999999999997,1,1,1,Lost
2451.0,27,10,2259.41,3,4,4,Champions
2452.0,239,5,1305.1,1,3,3,At Risk (was frequent)
2453.0,98,7,3136.19,2,3,4,At Risk (was frequent)
2454.0,350,17,9943.39,1,4,4,At Risk (was frequent)
2455.0,65,5,359.22,2,3,1,At Risk (was frequent)
2456.0,13,7,2631.4,4,3,4,Champions
2457.0,81,2,41.480000000000004,2,1,1,Lost
2458.0,25,8,2025.43,4,4,3,Champions
2459.0,49,4,1709.55,3,2,3,Loyal
2460.0,53,5,2835.27,3,3,4,Champions
2461.0,198,2,512.12,1,1,2,Lost
2462.0,50,5,939.19,3,3,2,Loyal
2463.0,60,4,454.32,3,2,2,Loyal
2464.0,10,6,2574.25,4,3,4,Champions
2465.0,121,1,1316.16,2,1,3,Lost
2466.0,101,2,298.76,2,1,1,Lost
2467.0,14,8,3372.36,4,4,4,Champions
2468.0,55,3,1585.26,3,2,3,Loyal
2469.0,198,6,846.41,1,3,2,At Risk (was frequent)
2470.0,54,1,3078.85,3,1,4,Developing
2471.0,101,2,246.81,2,1,1,Lost
2472.0,72,5,2780.12,2,3,4,At Risk (was frequent)
2473.0,22,3,1153.5,4,2,3,Loyal
2475.0,233,5,553.8,1,3,2,At Risk (was frequent)
2476.0,162,2,438.12,1,1,2,Lost
2477.0,88,3,603.09,2,2,2,Lost
2478.0,48,9,2386.13,3,4,4,Champions
2479.0,171,3,432.76,1,2,2,Lost
2480.0,30,7,6561.53,3,3,4,Champions
2481.0,138,4,858.2199999999999,1,2,2,Lost
2482.0,97,5,3376.9,2,3,4,At Risk (was frequent)
2483.0,181,8,4732.44,1,4,4,At Risk (was frequent)
2484.0,249,8,2642.45,1,4,4,At Risk (was frequent)
2485.0,4,5,1682.8899999999999,4,3,3,Champions
2486.0,72,15,6082.38,2,4,4,At Risk (was frequent)
2487.0,0,3,569.53,4,2,2,Loyal
2488.0,53,9,6150.26,3,4,4,Champions
2489.0,616,3,169.63,1,2,1,Lost
2490.0,229,1,15.46,1,1,1,Lost
2491.0,28,6,1172.15,3,3,3,Champions
2492.0,204,4,2088.82,1,2,3,Lost
2493.0,13,3,5433.1900000000005,4,2,4,Loyal
2494.0,185,6,3888.5600000000004,1,3,4,At Risk (was frequent)
2495.0,48,3,121.88999999999999,3,2,1,Loyal
2496.0,14,9,1340.06,4,4,3,Champions
2497.0,122,4,1408.48,2,2,3,Lost
2499.0,10,1,141.56,4,1,1,Developing
2500.0,34,3,323.27,3,2,1,Loyal
2501.0,39,4,3019.59,3,2,4,Loyal
2502.0,115,1,112.41,2,1,1,Lost
2503.0,30,5,788.08,3,3,2,Loyal
2504.0,149,1,113.34,1,1,1,Lost
2505.0,6,1,235.22,4,1,1,Developing
2506.0,92,3,435.89,2,2,2,Lost
2507.0,62,6,1679.83,2,3,3,At Risk (was frequent)
2508.0,81,5,578.4699999999999,2,3,2,At Risk (was frequent)
2509.0,178,8,1167.73,1,4,3,At Risk (was frequent)
2510.0,69,5,757.61,2,3,2,At Risk (was frequent)
2511.0,16,6,2773.47,4,3,4,Champions
2512.0,3,5,3176.37,4,3,4,Champions
2513.0,22,7,735.66,4,3,2,Loyal
2514.0,394,3,473.64,1,2,2,Lost
2515.0,87,9,939.59,2,4,2,At Risk (was frequent)
2516.0,21,2,330.32,4,1,1,Developing
2518.0,211,6,736.5400000000001,1,3,2,At Risk (was frequent)
2519.0,223,3,437.81,1,2,2,Lost
2520.0,50,3,396.24,3,2,1,Loyal
2521.0,121,7,924.29,2,3,2,At Risk (was frequent)
2522.0,59,7,566.26,3,3,2,Loyal
2523.0,292,1,229.76,1,1,1,Lost
2524.0,129,1,155.37,2,1,1,Lost
2525.0,6,4,117.18,4,2,1,Loyal
2526.0,142,3,1551.06,1,2,3,Lost
2527.0,6,10,2420.14,4,4,4,Champions
2528.0,55,2,414.31,3,1,1,Developing
2530.0,9,7,3138.1800000000003,4,3,4,Champions
2531.0,36,3,1314.1999999999998,3,2,3,Loyal
2532.0,11,7,1955.97,4,3,3,Champions
2533.0,154,1,425.15,1,1,1,Lost
2534.0,21,5,945.72,4,3,2,Loyal
2535.0,268,7,1326.05,1,3,3,At Risk (was frequent)
2536.0,7,11,14391.07,4,4,4,Champions
2537.0,149,4,722.85,1,2,2,Lost
2538.0,8,1,179.7,4,1,1,Developing
2539.0,38,3,2200.56,3,2,3,Loyal
2540.0,5,7,7766.76,4,3,4,Champions
2541.0,67,2,200.1,2,1,1,Lost
2542.0,102,3,1376.8799999999999,2,2,3,Lost
2543.0,15,2,314.88,4,1,1,Developing
2544.0,2,13,4681.92,4,4,4,Champions
2545.0,35,7,4962.57,3,3,4,Champions
2546.0,84,9,7224.88,2,4,4,At Risk (was frequent)
2547.0,21,6,1895.7900000000002,4,3,3,Champions
2548.0,130,4,581.16,2,2,2,Lost
2549.0,16,4,755.84,4,2,2,Loyal
2550.0,95,6,2588.95,2,3,4,At Risk (was frequent)
2551.0,183,5,1924.47,1,3,3,At Risk (was frequent)
2552.0,242,4,521.52,1,2,2,Lost
2553.0,83,4,3027.4,2,2,4,Lost
2554.0,57,4,476.45,3,2,2,Loyal
2555.0,173,3,1685.71,1,2,3,Lost
2556.0,222,3,808.6300000000001,1,2,2,Lost
2557.0,110,2,1016.96,2,1,3,Lost
2558.0,50,5,573.2,3,3,2,Loyal
2559.0,32,2,591.5,3,1,2,Developing
2560.0,66,2,1650.3700000000001,2,1,3,Lost
2561.0,293,3,2391.88,1,2,4,Lost
2562.0,15,7,1671.64,4,3,3,Champions
2563.0,68,2,100.36,2,1,1,Lost
2564.0,76,5,758.61,2,3,2,At Risk (was frequent)
2565.0,49,9,3569.32,3,4,4,Champions
2566.0,37,4,471.81,3,2,2,Loyal
2567.0,182,5,394.77,1,3,1,At Risk (was frequent)
2568.0,69,8,1950.26,2,4,3,At Risk (was frequent)
2569.0,199,3,522.6500000000001,1,2,2,Lost
2570.0,38,8,4400.87,3,4,4,Champions
2571.0,169,5,3161.68,1,3,4,At Risk (was frequent)
2574.0,232,12,7238.2,1,4,4,At Risk (was frequent)
2575.0,136,3,297.74,1,2,1,Lost
2577.0,15,24,29831.47,4,4,4,Champions
2578.0,136,5,719.3199999999999,1,3,2,At Risk (was frequent)
2579.0,216,5,959.95,1,3,2,At Risk (was frequent)
2580.0,140,2,649.84,1,1,2,Lost
2581.0,9,12,8094.12,4,4,4,Champions
2582.0,77,6,2610.78,2,3,4,At Risk (was frequent)
2583.0,125,5,2493.3399999999997,2,3,4,At Risk (was frequent)
2584.0,84,11,3101.18,2,4,4,At Risk (was frequent)
2585.0,55,10,2791.12,3,4,4,Champions
2586.0,566,4,2367.6,1,2,4,Lost
2587.0,381,2,313.82,1,1,1,Lost
2588.0,156,6,1780.5700000000002,1,3,3,At Risk (was frequent)
2589.0,30,7,1194.82,3,3,3,Champions
2590.0,118,6,1761.8400000000001,2,3,3,At Risk (was frequent)
2591.0,266,5,591.64,1,3,2,At Risk (was frequent)
2593.0,149,6,1182.49,1,3,3,At Risk (was frequent)
2594.0,106,14,16023.16,2,4,4,At Risk (was frequent)
2595.0,3,5,2488.04,4,3,4,Champions
2596.0,44,1,340.84,3,1,1,Developing
2597.0,33,4,535.59,3,2,2,Loyal
2598.0,27,11,5311.1,3,4,4,Champions
2600.0,47,11,1584.6000000000001,3,4,3,Champions
2602.0,79,6,1664.2,2,3,3,At Risk (was frequent)
2603.0,19,6,2466.61,4,3,4,Champions
2604.0,5,6,1216.22,4,3,3,Champions
2605.0,1,3,390.91999999999996,4,2,1,Loyal
2606.0,133,1,74.86,1,1,1,Lost
2607.0,16,8,3009.09,4,4,4,Champions
2608.0,22,1,658.08,4,1,2,Developing
2609.0,226,6,760.0,1,3,2,At Risk (was frequent)
2610.0,234,2,436.9,1,1,2,Lost
2612.0,75,8,737.26,2,4,2,At Risk (was frequent)
2613.0,13,2,483.67,4,1,2,Developing
2614.0,113,7,7886.79,2,3,4,At Risk (was frequent)
2615.0,33,2,159.57999999999998,3,1,1,Developing
2616.0,32,6,824.66,3,3,2,Loyal
2617.0,157,2,104.69999999999999,1,1,1,Lost
2618.0,83,2,1843.2800000000002,2,1,3,Lost
2619.0,64,7,2332.71,2,3,4,At Risk (was frequent)
2620.0,68,5,1544.1200000000001,2,3,3,At Risk (was frequent)
2621.0,33,9,5743.21,3,4,4,Champions
2622.0,22,3,415.71999999999997,4,2,1,Loyal
2623.0,55,13,5723.89,3,4,4,Champions
2624.0,28,2,440.32,3,1,2,Developing
2626.0,20,13,5227.5199999999995,4,4,4,Champions
2627.0,44,5,1036.68,3,3,3,Champions
2628.0,11,3,220.1,4,2,1,Loyal
2629.0,293,10,11043.880000000001,1,4,4,At Risk (was frequent)
2630.0,203,3,826.36,1,2,2,Lost
2631.0,41,4,192.54,3,2,1,Loyal
2632.0,68,2,1371.1799999999998,2,1,3,Lost
2633.0,25,5,2001.4999999999998,4,3,3,Champions
2634.0,21,4,1045.2,4,2,3,Loyal
2635.0,155,3,323.1,1,2,1,Lost
2636.0,13,8,5857.950000000001,4,4,4,Champions
2637.0,136,5,827.99,1,3,2,At Risk (was frequent)
2638.0,75,3,986.65,2,2,2,Lost
2639.0,8,7,3530.2000000000003,4,3,4,Champions
2640.0,38,15,15018.57,3,4,4,Champions
2641.0,198,7,2217.96,1,3,4,At Risk (was frequent)
2642.0,77,7,874.08,2,3,2,At Risk (was frequent)
2643.0,33,4,342.0,3,2,1,Loyal
2644.0,138,10,4038.0099999999998,1,4,4,At Risk (was frequent)
2645.0,24,1,151.32,4,1,1,Developing
2646.0,24,10,4499.04,4,4,4,Champions
2647.0,106,1,63.64,2,1,1,Lost
2648.0,17,1,69.3,4,1,1,Developing
2649.0,49,5,1390.1,3,3,3,Champions
2650.0,87,3,737.09,2,2,2,Lost
2651.0,6,16,12219.46,4,4,4,Champions
2652.0,131,3,1295.52,1,2,3,Lost
2654.0,27,1,260.67,3,1,1,Developing
2655.0,2,5,943.96,4,3,2,Loyal
2656.0,90,3,817.58,2,2,2,Lost
2657.0,65,6,2921.6099999999997,2,3,4,At Risk (was frequent)
2658.0,25,2,296.62,4,1,1,Developing
2659.0,79,10,6654.1,2,4,4,At Risk (was frequent)
2660.0,169,4,1874.8999999999999,1,2,3,Lost
2661.0,363,3,134.94,1,2,1,Lost
2662.0,53,6,613.13,3,3,2,Loyal
2663.0,219,7,492.75,1,3,2,At Risk (was frequent)
2664.0,6,6,3701.47,4,3,4,Champions
2665.0,7,2,379.75,4,1,1,Developing
2666.0,1,2,1160.04,4,1,3,Developing
2667.0,117,7,735.4300000000001,2,3,2,At Risk (was frequent)
2668.0,104,2,478.84000000000003,2,1,2,Lost
2669.0,102,3,265.71999999999997,2,2,1,Lost
2670.0,4,2,260.2,4,1,1,Developing
2671.0,20,7,1912.5,4,3,3,Champions
2672.0,237,5,754.46,1,3,2,At Risk (was frequent)
2673.0,2,4,278.88,4,2,1,Loyal
2674.0,6,6,6242.33,4,3,4,Champions
2675.0,18,9,3461.21,4,4,4,Champions
2676.0,52,3,1112.1999999999998,3,2,3,Loyal
2677.0,34,5,548.71,3,3,2,Loyal
2678.0,141,2,195.76,1,1,1,Lost
2679.0,229,3,666.95,1,2,2,Lost
2680.0,156,2,719.25,1,1,2,Lost
2681.0,4,4,1508.21,4,2,3,Loyal
2682.0,36,5,1828.0300000000002,3,3,3,Champions
2683.0,71,4,1191.42,2,2,3,Lost
2685.0,370,1,315.52,1,1,1,Lost
2686.0,63,2,164.26,2,1,1,Lost
2687.0,12,8,1235.9499999999998,4,4,3,Champions
2688.0,13,8,3305.66,4,4,4,Champions
2689.0,202,7,2059.44,1,3,3,At Risk (was frequent)
2690.0,150,3,1168.6999999999998,1,2,3,Lost
2691.0,102,8,3394.32,2,4,4,At Risk (was frequent)
2692.0,103,3,296.32,2,2,1,Lost
2693.0,45,10,3523.9900000000002,3,4,4,Champions
2694.0,9,3,1383.77,4,2,3,Loyal
2695.0,11,4,1424.72,4,2,3,Loyal
2696.0,2,3,551.12,4,2,2,Loyal
2697.0,57,10,3056.68,3,4,4,Champions
2698.0,38,6,5236.719999999999,3,3,4,Champions
2699.0,173,2,197.88,1,1,1,Lost
2701.0,11,3,483.03999999999996,4,2,2,Loyal
2702.0,116,4,613.86,2,2,2,Lost
2704.0,19,19,25367.78,4,4,4,Champions
2705.0,7,9,1796.03,4,4,3,Champions
2706.0,140,5,691.38,1,3,2,At Risk (was frequent)
2707.0,5,11,2682.1,4,4,4,Champions
2708.0,19,2,292.21000000000004,4,1,1,Developing
2709.0,66,17,19559.98,2,4,4,At Risk (was frequent)
2710.0,121,2,83.97,2,1,1,Lost
2711.0,28,5,2649.5,3,3,4,Champions
2712.0,150,9,1087.29,1,4,3,At Risk (was frequent)
2713.0,7,12,2180.52,4,4,3,Champions
2715.0,90,5,1778.3,2,3,3,At Risk (was frequent)
2716.0,187,1,50.55,1,1,1,Lost
2717.0,102,2,475.65000000000003,2,1,2,Lost
2718.0,256,3,367.78999999999996,1,2,1,Lost
2719.0,115,4,852.77,2,2,2,Lost
2721.0,66,1,549.56,2,1,2,Lost
2722.0,333,4,1985.13,1,2,3,Lost
2723.0,440,1,55.06,1,1,1,Lost
2724.0,15,8,1703.28,4,4,3,Champions
2726.0,4,3,437.45,4,2,2,Loyal
2727.0,200,4,259.64,1,2,1,Lost
2728.0,10,4,1415.02,4,2,3,Loyal
2729.0,16,9,6983.5,4,4,4,Champions
2730.0,54,11,1779.2,3,4,3,Champions
2731.0,138,9,2983.77,1,4,4,At Risk (was frequent)
2732.0,6,6,2656.45,4,3,4,Champions
2733.0,194,1,92.92,1,1,1,Lost
2734.0,6,12,11645.09,4,4,4,Champions
2735.0,86,3,230.51999999999998,2,2,1,Lost
2736.0,40,8,1624.14,3,4,3,Champions
2737.0,50,7,2826.1099999999997,3,3,4,Champions
2738.0,23,12,6161.709999999999,4,4,4,Champions
2739.0,48,2,248.11,3,1,1,Developing
2740.0,4,4,1613.45,4,2,3,Loyal
2741.0,35,10,4889.0599999999995,3,4,4,Champions
2742.0,209,8,1345.0900000000001,1,4,3,At Risk (was frequent)
2743.0,53,11,1410.0900000000001,3,4,3,Champions
2745.0,11,5,548.9599999999999,4,3,2,Loyal
2746.0,40,2,62.55,3,1,1,Developing
2747.0,107,3,1118.5,2,2,3,Lost
2748.0,66,6,1828.15,2,3,3,At Risk (was frequent)
2749.0,65,2,125.9,2,1,1,Lost
2750.0,68,1,250.2,2,1,1,Lost
2751.0,191,3,559.07,1,2,2,Lost
2752.0,68,6,3506.67,2,3,4,At Risk (was frequent)
2753.0,16,2,446.28,4,1,2,Developing
2754.0,205,2,96.58000000000001,1,1,1,Lost
2755.0,123,2,587.68,2,1,2,Lost
2756.0,21,5,533.02,4,3,2,Loyal
2757.0,32,8,1763.99,3,4,3,Champions
2759.0,210,5,795.11,1,3,2,At Risk (was frequent)
2760.0,317,1,953.16,1,1,2,Lost
2761.0,162,4,3751.9,1,2,4,Lost
2762.0,78,6,1839.7,2,3,3,At Risk (was frequent)
2763.0,50,3,518.02,3,2,2,Loyal
2764.0,21,22,13760.1,4,4,4,Champions
2766.0,91,5,381.18,2,3,1,At Risk (was frequent)
2767.0,203,8,1770.3999999999999,1,4,3,At Risk (was frequent)
2769.0,50,8,3159.27,3,4,4,Champions
2770.0,186,6,1003.04,1,3,3,At Risk (was frequent)
2771.0,192,4,2392.24,1,2,4,Lost
2772.0,8,7,2278.78,4,3,4,Champions
2773.0,68,2,602.47,2,1,2,Lost
2774.0,127,2,527.05,2,1,2,Lost
2775.0,17,8,1262.79,4,4,3,Champions
2776.0,63,1,637.73,2,1,2,Lost
2777.0,0,3,290.86,4,2,1,Loyal
2778.0,36,4,7566.54,3,2,4,Loyal
2779.0,28,5,10685.66,3,3,4,Champions
2780.0,15,4,2911.1,4,2,4,Loyal
2781.0,43,13,4675.12,3,4,4,Champions
2782.0,20,6,3912.41,4,3,4,Champions
2783.0,202,2,535.58,1,1,2,Lost
2784.0,22,5,512.0699999999999,4,3,2,Loyal
2785.0,125,3,590.6,2,2,2,Lost
2786.0,681,2,126.11000000000001,1,1,1,Lost
2787.0,90,7,2275.99,2,3,4,At Risk (was frequent)
2788.0,48,3,885.48,3,2,2,Loyal
2789.0,40,3,442.24,3,2,2,Loyal
2790.0,12,10,5616.05,4,4,4,Champions
2791.0,215,4,1434.6699999999998,1,2,3,Lost
2792.0,41,9,9179.53,3,4,4,Champions
2793.0,2,10,10092.65,4,4,4,Champions
2795.0,52,2,790.3800000000001,3,1,2,Developing
2797.0,62,2,239.12,2,1,1,Lost
2799.0,32,6,641.61,3,3,2,Loyal
2800.0,140,7,1255.89,1,3,3,At Risk (was frequent)
2801.0,42,7,2086.08,3,3,3,Champions
2802.0,95,5,1023.91,2,3,3,At Risk (was frequent)
2803.0,32,7,1856.69,3,3,3,Champions
2804.0,81,8,1932.18,2,4,3,At Risk (was frequent)
2805.0,7,2,42.71,4,1,1,Developing
2806.0,30,6,4459.12,3,3,4,Champions
2808.0,78,2,200.74,2,1,1,Lost
2809.0,0,4,1600.83,4,2,3,Loyal
2810.0,23,4,1953.44,4,2,3,Loyal
2811.0,65,3,208.45999999999998,2,2,1,Lost
2812.0,354,1,28.99,1,1,1,Lost
2813.0,31,7,1367.98,3,3,3,Champions
2814.0,76,2,328.88,2,1,1,Lost
2815.0,140,9,6783.37,1,4,4,At Risk (was frequent)
2816.0,37,7,4776.42,3,4,4,Champions
2817.0,199,1,110.81,1,1,1,Lost
2818.0,92,2,304.84,2,1,1,Lost
2819.0,17,3,411.83,4,2,1,Loyal
2820.0,76,3,592.46,2,2,2,Lost
2821.0,73,4,475.15999999999997,2,2,2,Lost
2822.0,6,8,849.46,4,4,2,Loyal
2823.0,141,7,564.39,1,4,2,At Risk (was frequent)
2824.0,167,4,1451.35,1,2,3,Lost
2825.0,157,8,1009.6800000000001,1,4,3,At Risk (was frequent)
2826.0,118,4,894.11,2,2,2,Lost
2827.0,79,6,853.12,2,3,2,At Risk (was frequent)
2828.0,58,5,560.76,3,3,2,Loyal
2829.0,52,5,679.31,3,3,2,Loyal
2830.0,138,4,551.71,1,2,2,Lost
2831.0,48,12,18761.17,3,4,4,Champions
2832.0,11,9,1502.41,4,4,3,Champions
2833.0,127,3,570.85,2,2,2,Lost
2834.0,124,1,146.0,2,1,1,Lost
2835.0,35,7,1435.92,3,4,3,Champions
2836.0,60,1,153.6,3,1,1,Developing
2837.0,23,9,1669.24,4,4,3,Champions
2838.0,3,10,6421.6,4,4,4,Champions
2839.0,161,1,1412.18,1,1,3,Lost
2840.0,16,3,300.71,4,2,1,Loyal
2841.0,49,5,1721.5,3,3,3,Champions
2842.0,242,5,509.28999999999996,1,3,2,At Risk (was frequent)
2843.0,16,2,118.4,4,1,1,Developing
2844.0,2,7,840.77,4,4,2,Loyal
2845.0,219,3,41.75,1,2,1,Lost
2846.0,3,4,733.22,4,2,2,Loyal
2848.0,13,9,1214.78,4,4,3,Champions
2849.0,83,5,1569.52,2,3,3,At Risk (was frequent)
2850.0,135,6,1108.33,1,3,3,At Risk (was frequent)
2851.0,236,1,240.82,1,1,1,Lost
2852.0,52,2,96.02,3,1,1,Developing
2853.0,74,2,104.2,2,1,1,Lost
2854.0,75,5,1048.86,2,3,3,At Risk (was frequent)
2855.0,76,10,818.97,2,4,2,At Risk (was frequent)
2856.0,10,8,2607.8,4,4,4,Champions
2857.0,471,2,505.13,1,1,2,Lost
2858.0,36,15,3788.61,3,4,4,Champions
2859.0,2,6,1671.07,4,3,3,Champions
2860.0,87,8,2651.19,2,4,4,At Risk (was frequent)
2861.0,411,4,384.62,1,2,1,Lost
2862.0,63,6,1107.62,2,3,3,At Risk (was frequent)
2863.0,53,1,15.26,3,1,1,Developing
2864.0,239,4,986.49,1,2,2,Lost
2865.0,30,2,699.4300000000001,3,1,2,Developing
2866.0,112,1,45.08,2,1,1,Lost
2867.0,16,5,2877.49,4,3,4,Champions
2868.0,6,1,134.89,4,1,1,Developing
2870.0,19,3,818.0699999999999,4,2,2,Loyal
2871.0,295,4,667.58,1,2,2,Lost
2872.0,95,5,2257.23,2,3,4,At Risk (was frequent)
2873.0,128,3,373.91,2,2,1,Lost
2874.0,24,2,822.83,4,1,2,Developing
2875.0,30,1,141.84,3,1,1,Developing
2876.0,12,4,445.38,4,2,2,Loyal
2877.0,180,3,744.2099999999999,1,2,2,Lost
2878.0,57,1,537.5,3,1,2,Developing
2879.0,155,2,364.74,1,1,1,Lost
2880.0,142,6,921.14,1,3,2,At Risk (was frequent)
2882.0,14,5,586.39,4,3,2,Loyal
2883.0,213,9,2185.2599999999998,1,4,3,At Risk (was frequent)
2884.0,189,3,138.95999999999998,1,2,1,Lost
2885.0,147,1,20.8,1,1,1,Lost
2886.0,167,2,1308.1000000000001,1,1,3,Lost
2887.0,18,3,901.36,4,2,2,Loyal
2888.0,39,6,1250.32,3,3,3,Champions
2889.0,321,5,1326.0900000000001,1,3,3,At Risk (was frequent)
2890.0,565,4,967.85,1,2,2,Lost
2891.0,223,2,560.98,1,1,2,Lost
2892.0,55,10,11076.039999999999,3,4,4,Champions
2893.0,167,8,958.77,1,4,2,At Risk (was frequent)
2894.0,61,3,256.33000000000004,3,2,1,Loyal
2895.0,9,8,2552.5,4,4,4,Champions
2896.0,2,11,2605.48,4,4,4,Champions
2897.0,17,3,232.15,4,2,1,Loyal
2898.0,21,3,1673.44,4,2,3,Loyal
2899.0,73,4,1432.96,2,2,3,Lost
2900.0,13,4,365.85,4,2,1,Loyal
2901.0,27,5,1021.31,3,3,3,Champions
2902.0,10,9,4833.360000000001,4,4,4,Champions
2903.0,74,7,969.3,2,4,2,At Risk (was frequent)
2904.0,98,1,93.06,2,1,1,Lost
2905.0,186,3,305.61,1,2,1,Lost
2906.0,115,2,793.52,2,1,2,Lost
2907.0,138,1,297.08,1,1,1,Lost
2908.0,189,4,1513.41,1,2,3,Lost
2910.0,363,1,122.73,1,1,1,Lost
2911.0,62,9,1639.98,2,4,3,At Risk (was frequent)
2912.0,47,5,1022.4,3,3,3,Champions
2913.0,40,19,22547.89,3,4,4,Champions
2914.0,35,7,2099.71,3,4,3,Champions
2915.0,194,2,551.83,1,1,2,Lost
2916.0,73,1,11.36,2,1,1,Lost
2917.0,49,6,8741.62,3,3,4,Champions
2918.0,82,3,676.94,2,2,2,Lost
2919.0,575,1,20.25,1,1,1,Lost
2920.0,239,1,65.53,1,1,1,Lost
2921.0,45,4,1438.1200000000001,3,2,3,Loyal
2922.0,52,9,1948.51,3,4,3,Champions
2923.0,26,5,598.98,3,3,2,Loyal
2924.0,81,7,7185.73,2,4,4,At Risk (was frequent)
2925.0,104,9,1157.54,2,4,3,At Risk (was frequent)
2926.0,35,8,14570.66,3,4,4,Champions
2927.0,243,1,14.73,1,1,1,Lost
2928.0,37,4,2873.64,3,2,4,Loyal
2929.0,215,3,563.5799999999999,1,2,2,Lost
2930.0,3,6,1726.8400000000001,4,3,3,Champions
2931.0,76,7,3952.91,2,4,4,At Risk (was frequent)
2932.0,15,12,11983.03,4,4,4,Champions
2933.0,81,6,2421.64,2,3,4,At Risk (was frequent)
2934.0,9,4,2145.5,4,2,3,Loyal
2935.0,22,4,1726.5600000000002,4,2,3,Loyal
2936.0,26,12,2820.4300000000003,3,4,4,Champions
2937.0,42,13,9135.08,3,4,4,Champions
2938.0,158,9,2606.65,1,4,4,At Risk (was frequent)
2939.0,48,8,671.84,3,4,2,Loyal
2940.0,138,6,584.32,1,3,2,At Risk (was frequent)
2941.0,35,2,1028.74,3,1,3,Developing
2942.0,26,7,2628.33,3,4,4,Champions
2943.0,18,11,5266.24,4,4,4,Champions
2944.0,131,3,760.38,1,2,2,Lost
2945.0,10,5,2326.93,4,3,4,Champions
2946.0,153,4,378.23,1,2,1,Lost
2948.0,153,5,1129.29,1,3,3,At Risk (was frequent)
2949.0,14,5,593.26,4,3,2,Loyal
2950.0,57,7,4480.83,3,4,4,Champions
2951.0,120,2,736.0799999999999,2,1,2,Lost
2952.0,20,3,1363.1200000000001,4,2,3,Loyal
2953.0,96,2,759.53,2,1,2,Lost
2954.0,5,8,6323.06,4,4,4,Champions
2955.0,52,1,125.34,3,1,1,Developing
2956.0,366,1,223.55,1,1,1,Lost
2957.0,7,7,736.9,4,4,2,Loyal
2958.0,135,2,262.96000000000004,1,1,1,Lost
2959.0,41,10,2453.35,3,4,4,Champions
2960.0,11,5,939.64,4,3,2,Loyal
2961.0,187,13,7608.889999999999,1,4,4,At Risk (was frequent)
2962.0,449,1,279.08,1,1,1,Lost
2963.0,227,1,358.2,1,1,1,Lost
2964.0,12,4,589.9399999999999,4,2,2,Loyal
2965.0,104,11,2822.48,2,4,4,At Risk (was frequent)
2966.0,69,6,2619.33,2,3,4,At Risk (was frequent)
2967.0,108,7,1810.03,2,4,3,At Risk (was frequent)
2968.0,153,2,154.61,1,1,1,Lost
2969.0,248,1,268.12,1,1,1,Lost
2970.0,55,3,1137.51,3,2,3,Loyal
2971.0,4,4,604.79,4,2,2,Loyal
2972.0,11,2,715.89,4,1,2,Developing
2974.0,82,4,1082.8999999999999,2,2,3,Lost
2975.0,14,3,2647.7000000000003,4,2,4,Loyal
2976.0,27,6,1310.12,3,3,3,Champions
2977.0,40,3,684.9399999999999,3,2,2,Loyal
2978.0,85,4,1258.82,2,2,3,Lost
2979.0,154,4,897.96,1,2,2,Lost
2980.0,26,2,44.04,3,1,1,Developing
2981.0,277,2,361.65999999999997,1,1,1,Lost
2982.0,5,5,1766.31,4,3,3,Champions
2983.0,30,8,1510.8,3,4,3,Champions
2984.0,16,3,897.8399999999999,4,2,2,Loyal
2986.0,49,13,4039.92,3,4,4,Champions
2987.0,268,3,882.47,1,2,2,Lost
2988.0,117,7,840.56,2,4,2,At Risk (was frequent)
2989.0,20,8,6238.32,4,4,4,Champions
2990.0,22,7,505.67,4,4,2,Loyal
2991.0,315,2,144.05,1,1,1,Lost
2992.0,23,5,1890.0900000000001,4,3,3,Champions
2993.0,334,6,671.4100000000001,1,3,2,At Risk (was frequent)
2994.0,63,8,818.9100000000001,2,4,2,At Risk (was frequent)
2995.0,36,5,1008.19,3,3,3,Champions
2996.0,124,1,112.2,2,1,1,Lost
2997.0,14,5,1523.6699999999998,4,3,3,Champions
2998.0,29,7,563.0699999999999,3,4,2,Loyal
2999.0,18,2,73.94,4,1,1,Developing
3000.0,46,1,322.14,3,1,1,Developing
3001.0,166,2,221.79,1,1,1,Lost
3002.0,45,5,500.33000000000004,3,3,2,Loyal
3003.0,27,5,1543.16,3,3,3,Champions
3004.0,13,11,2877.79,4,4,4,Champions
3005.0,7,8,7016.969999999999,4,4,4,Champions
3006.0,166,5,992.28,1,3,2,At Risk (was frequent)
3007.0,25,8,6127.030000000001,4,4,4,Champions
3009.0,188,2,509.28000000000003,1,1,2,Lost
3010.0,99,6,1730.67,2,3,3,At Risk (was frequent)
3011.0,146,6,2948.5600000000004,1,3,4,At Risk (was frequent)
3012.0,369,6,1517.32,1,3,3,At Risk (was frequent)
3013.0,20,6,2778.59,4,3,4,Champions
3014.0,105,18,20284.9,2,4,4,At Risk (was frequent)
3016.0,8,1,921.72,4,1,2,Developing
3017.0,13,6,2038.7499999999998,4,3,3,Champions
3018.0,144,3,811.43,1,2,2,Lost
3019.0,118,8,3005.21,2,4,4,At Risk (was frequent)
3020.0,265,7,682.96,1,4,2,At Risk (was frequent)
3021.0,44,7,6894.639999999999,3,4,4,Champions
3022.0,24,17,10052.04,4,4,4,Champions
3023.0,100,4,303.15,2,2,1,Lost
3024.0,110,5,2238.42,2,3,4,At Risk (was frequent)
3025.0,64,13,8638.07,2,4,4,At Risk (was frequent)
3026.0,18,6,511.8299999999999,4,3,2,Loyal
3027.0,39,1,384.08,3,1,1,Developing
3028.0,155,2,58.78,1,1,1,Lost
3029.0,165,3,487.87,1,2,2,Lost
3031.0,52,4,934.2900000000001,3,2,2,Loyal
3032.0,12,6,11003.1,4,3,4,Champions
3033.0,152,4,2609.75,1,2,4,Lost
3034.0,115,5,2785.05,2,3,4,At Risk (was frequent)
3036.0,282,5,1978.7199999999998,1,3,3,At Risk (was frequent)
3037.0,260,8,2370.17,1,4,4,At Risk (was frequent)
3038.0,6,6,2258.67,4,3,4,Champions
3039.0,24,11,6123.03,4,4,4,Champions
3040.0,5,6,467.6,4,3,2,Loyal
3041.0,108,5,1745.65,2,3,3,At Risk (was frequent)
3042.0,44,9,5826.63,3,4,4,Champions
3043.0,38,3,330.9,3,2,1,Loyal
3044.0,63,11,13385.07,2,4,4,At Risk (was frequent)
3045.0,83,4,1388.28,2,2,3,Lost
3046.0,207,1,162.26,1,1,1,Lost
3047.0,649,1,1447.42,1,1,3,Lost
3048.0,48,7,2511.21,3,4,4,Champions
3049.0,31,3,279.64,3,2,1,Loyal
3050.0,177,1,85.54,1,1,1,Lost
3051.0,85,2,35.92,2,1,1,Lost
3053.0,73,2,326.8,2,1,1,Lost
3054.0,12,5,574.65,4,3,2,Loyal
3055.0,88,10,1324.97,2,4,3,At Risk (was frequent)
3056.0,38,12,9169.01,3,4,4,Champions
3057.0,40,5,1634.78,3,3,3,Champions
3058.0,136,5,989.44,1,3,2,At Risk (was frequent)
3059.0,183,3,887.99,1,2,2,Lost
3060.0,15,8,8245.32,4,4,4,Champions
3061.0,5,7,3537.17,4,4,4,Champions
3062.0,26,20,21303.36,3,4,4,Champions
3063.0,41,2,718.8599999999999,3,1,2,Developing
3064.0,300,3,183.68,1,2,1,Lost
3065.0,22,3,468.76,4,2,2,Loyal
3066.0,9,2,1560.8500000000001,4,1,3,Developing
3067.0,134,2,197.84,1,1,1,Lost
3068.0,134,1,1708.5,1,1,3,Lost
3069.0,208,2,736.05,1,1,2,Lost
3070.0,2,2,518.28,4,1,2,Developing
3071.0,15,3,887.99,4,2,2,Loyal
3072.0,33,3,288.3,3,2,1,Loyal
3073.0,159,3,1500.1000000000001,1,2,3,Lost
3074.0,111,4,575.7,2,2,2,Lost
3075.0,15,1,513.6,4,1,2,Developing
3076.0,86,4,276.55,2,2,1,Lost
3077.0,101,1,310.74,2,1,1,Lost
3078.0,6,10,2667.8900000000003,4,4,4,Champions
3079.0,39,6,999.1999999999999,3,3,3,Champions
3080.0,40,9,3504.75,3,4,4,Champions
3081.0,232,9,1383.36,1,4,3,At Risk (was frequent)
3083.0,50,4,2018.5,3,2,3,Loyal
3084.0,73,2,51.3,2,1,1,Lost
3085.0,15,7,1439.17,4,4,3,Champions
3086.0,35,3,1499.9,3,2,3,Loyal
3087.0,56,3,1529.6599999999999,3,2,3,Loyal
3088.0,148,3,319.84,1,2,1,Lost
3089.0,56,6,1662.03,3,3,3,Champions
3090.0,97,3,546.44,2,2,2,Lost
3091.0,264,2,321.83,1,1,1,Lost
3092.0,1,8,9148.33,4,4,4,Champions
3093.0,20,5,644.3100000000001,4,3,2,Loyal
3094.0,75,8,4621.17,2,4,4,At Risk (was frequent)
3095.0,173,6,1126.1399999999999,1,3,3,At Risk (was frequent)
3096.0,23,4,432.4,4,2,2,Loyal
3098.0,13,4,481.8,4,2,2,Loyal
3099.0,64,2,23.48,2,1,1,Lost
3100.0,17,2,283.17,4,1,1,Developing
3101.0,14,17,8901.960000000001,4,4,4,Champions
3102.0,64,13,6418.0,2,4,4,At Risk (was frequent)
3103.0,36,6,528.46,3,3,2,Loyal
3104.0,70,5,556.02,2,3,2,At Risk (was frequent)
3105.0,69,9,1672.26,2,4,3,At Risk (was frequent)
3106.0,63,1,166.14,2,1,1,Lost
3107.0,45,4,651.02,3,2,2,Loyal
3108.0,111,4,1072.6000000000001,2,2,3,Lost
3109.0,39,3,411.49,3,2,1,Loyal
3110.0,145,1,14.96,1,1,1,Lost
3111.0,164,7,1015.67,1,4,3,At Risk (was frequent)
3112.0,13,4,336.34,4,2,1,Loyal
3113.0,9,7,4785.55,4,4,4,Champions
3114.0,4,22,9110.59,4,4,4,Champions
3116.0,47,9,1601.42,3,4,3,Champions
3117.0,2,4,176.94,4,2,1,Loyal
3118.0,347,9,2443.54,1,4,4,At Risk (was frequent)
3119.0,143,5,1006.36,1,3,3,At Risk (was frequent)
3120.0,98,5,1869.98,2,3,3,At Risk (was frequent)
3121.0,13,4,1362.42,4,2,3,Loyal
3123.0,122,8,1249.71,2,4,3,At Risk (was frequent)
3124.0,48,2,97.86,3,1,1,Developing
3126.0,51,6,960.3699999999999,3,3,2,Loyal
3127.0,9,4,749.8,4,2,2,Loyal
3128.0,22,16,11805.06,4,4,4,Champions
3129.0,614,1,223.06,1,1,1,Lost
3130.0,39,4,2997.5,3,2,4,Loyal
3131.0,28,7,974.4,3,4,2,Loyal
3132.0,49,3,3951.1099999999997,3,2,4,Loyal
3133.0,102,2,397.96,2,1,1,Lost
3134.0,183,2,50.45,1,1,1,Lost
3135.0,148,1,14.73,1,1,1,Lost
3136.0,35,6,1851.06,3,3,3,Champions
3137.0,41,1,642.9,3,1,2,Developing
3138.0,235,6,1450.33,1,3,3,At Risk (was frequent)
3139.0,20,12,2295.61,4,4,4,Champions
3141.0,62,9,10262.36,2,4,4,At Risk (was frequent)
3142.0,342,2,472.09,1,1,2,Lost
3143.0,48,8,1030.04,3,4,3,Champions
3144.0,112,4,411.27,2,2,1,Lost
3145.0,55,8,2280.12,3,4,4,Champions
3146.0,116,21,20396.36,2,4,4,At Risk (was frequent)
3147.0,143,12,1987.21,1,4,3,At Risk (was frequent)
3148.0,153,6,1878.09,1,3,3,At Risk (was frequent)
3149.0,109,4,693.29,2,2,2,Lost
3150.0,89,2,449.96000000000004,2,1,2,Lost
3151.0,86,2,333.53000000000003,2,1,1,Lost
3152.0,30,3,801.24,3,2,2,Loyal
3153.0,72,4,395.34999999999997,2,2,1,Lost
3154.0,33,1,83.84,3,1,1,Developing
3155.0,69,6,2933.96,2,3,4,At Risk (was frequent)
3156.0,168,3,408.96000000000004,1,2,1,Lost
3157.0,244,7,1098.96,1,4,3,At Risk (was frequent)
3158.0,71,13,3710.53,2,4,4,At Risk (was frequent)
3159.0,40,1,42.02,3,1,1,Developing
3160.0,110,2,621.06,2,1,2,Lost
3161.0,95,2,45.120000000000005,2,1,1,Lost
3162.0,11,1,477.76,4,1,2,Developing
3163.0,30,6,427.40999999999997,3,3,1,Loyal
3164.0,119,1,467.6,2,1,2,Lost
3165.0,33,7,1531.76,3,4,3,Champions
3166.0,190,1,15.02,1,1,1,Lost
3167.0,7,11,2905.86,4,4,4,Champions
3168.0,3,5,872.5400000000001,4,3,2,Loyal
3169.0,94,2,1444.52,2,1,3,Lost
3170.0,113,3,540.4,2,2,2,Lost
3171.0,26,4,733.4,3,2,2,Loyal
3172.0,122,5,1653.99,2,3,3,At Risk (was frequent)
3173.0,158,6,2459.86,1,3,4,At Risk (was frequent)
3174.0,10,2,628.12,4,1,2,Developing
3175.0,55,6,652.39,3,3,2,Loyal
3176.0,62,7,1539.8999999999999,2,4,3,At Risk (was frequent)
3177.0,22,2,388.07,4,1,1,Developing
3178.0,7,3,199.94,4,2,1,Loyal
3179.0,180,2,283.36,1,1,1,Lost
3180.0,68,3,164.42000000000002,2,2,1,Lost
3181.0,129,4,408.26,2,2,1,Lost
3182.0,93,1,106.12,2,1,1,Lost
3183.0,87,1,22.85,2,1,1,Lost
3184.0,70,6,1199.99,2,3,3,At Risk (was frequent)
3185.0,224,2,178.39000000000001,1,1,1,Lost
3186.0,3,9,18392.82,4,4,4,Champions
3187.0,9,2,366.59999999999997,4,1,1,Developing
3188.0,80,6,1659.0700000000002,2,3,3,At Risk (was frequent)
3189.0,208,1,192.77,1,1,1,Lost
3190.0,16,6,854.01,4,3,2,Loyal
3191.0,171,1,9.1,1,1,1,Lost
3192.0,9,1,1123.68,4,1,3,Developing
3193.0,139,4,1080.42,1,2,3,Lost
3194.0,259,2,656.6999999999999,1,1,2,Lost
3195.0,34,3,485.57,3,2,2,Loyal
3196.0,595,1,111.61,1,1,1,Lost
3197.0,95,4,472.59,2,2,2,Lost
3198.0,97,4,1116.33,2,2,3,Lost
3199.0,46,8,3069.4700000000003,3,4,4,Champions
3200.0,81,2,1392.3999999999999,2,1,3,Lost
3201.0,162,1,16.28,1,1,1,Lost
3202.0,136,4,1917.6299999999999,1,2,3,Lost
3203.0,33,12,1817.32,3,4,3,Champions
3205.0,258,7,2758.47,1,4,4,At Risk (was frequent)
3206.0,20,3,340.83000000000004,4,2,1,Loyal
3207.0,87,9,947.3000000000001,2,4,2,At Risk (was frequent)
3208.0,9,3,769.1999999999999,4,2,2,Loyal
3209.0,25,7,2333.81,4,4,4,Champions
3210.0,315,1,72.36,1,1,1,Lost
3211.0,18,4,714.81,4,2,2,Loyal
3212.0,258,1,377.92,1,1,1,Lost
3213.0,17,5,2706.98,4,3,4,Champions
3214.0,75,5,469.23999999999995,2,3,2,At Risk (was frequent)
3215.0,37,2,1169.28,3,1,3,Developing
3216.0,75,3,574.76,2,2,2,Lost
3217.0,13,1,7.75,4,1,1,Developing
3220.0,10,1,19.5,4,1,1,Developing
3221.0,71,1,30.69,2,1,1,Lost
3222.0,257,8,2032.9,1,4,3,At Risk (was frequent)
3223.0,8,7,678.15,4,4,2,Loyal
3224.0,227,1,58.41,1,1,1,Lost
3225.0,94,4,598.61,2,2,2,Lost
3226.0,16,4,518.51,4,2,2,Loyal
3227.0,111,5,1250.01,2,3,3,At Risk (was frequent)
3228.0,6,12,4625.74,4,4,4,Champions
3229.0,151,3,380.67999999999995,1,2,1,Lost
3230.0,125,5,626.12,2,3,2,At Risk (was frequent)
3231.0,645,1,28.12,1,1,1,Lost
3232.0,99,5,472.96,2,3,2,At Risk (was frequent)
3234.0,19,2,842.33,4,1,2,Developing
3235.0,13,7,1736.09,4,4,3,Champions
3236.0,7,14,3439.83,4,4,4,Champions
3237.0,125,2,341.52,2,1,1,Lost
3238.0,318,4,2434.05,1,2,4,Lost
3239.0,10,4,484.46000000000004,4,2,2,Loyal
3240.0,63,2,416.49,2,1,1,Lost
3241.0,224,3,595.28,1,2,2,Lost
3242.0,34,3,1881.65,3,2,3,Loyal
3243.0,30,19,21602.72,3,4,4,Champions
3244.0,61,2,714.6800000000001,3,1,2,Developing
3245.0,74,4,2296.45,2,2,4,Lost
3246.0,161,2,834.1600000000001,1,1,2,Lost
3247.0,61,1,130.02,3,1,1,Developing
3248.0,14,8,3772.72,4,4,4,Champions
3249.0,249,6,819.87,1,3,2,At Risk (was frequent)
3250.0,79,8,2140.04,2,4,3,At Risk (was frequent)
3251.0,11,3,605.51,4,2,2,Loyal
3253.0,263,4,463.22,1,2,2,Lost
3254.0,20,5,2806.6099999999997,4,3,4,Champions
3256.0,63,2,518.1999999999999,2,1,2,Lost
3257.0,30,7,4251.11,3,4,4,Champions
3258.0,174,3,537.3199999999999,1,2,2,Lost
3259.0,37,4,494.09000000000003,3,2,2,Loyal
3260.0,82,2,718.8199999999999,2,1,2,Lost
3261.0,114,6,2121.7,2,3,3,At Risk (was frequent)
3262.0,68,2,175.73999999999998,2,1,1,Lost
3263.0,179,2,97.00999999999999,1,1,1,Lost
3264.0,135,4,1489.69,1,2,3,Lost
3265.0,15,6,6518.91,4,3,4,Champions
3266.0,17,8,1338.31,4,4,3,Champions
3267.0,43,2,454.10999999999996,3,1,2,Developing
3268.0,198,7,2512.52,1,4,4,At Risk (was frequent)
3269.0,78,1,246.18,2,1,1,Lost
3270.0,8,5,2804.85,4,3,4,Champions
3271.0,189,1,350.92,1,1,1,Lost
3272.0,267,3,959.47,1,2,2,Lost
3273.0,76,1,156.66,2,1,1,Lost
3274.0,9,6,901.23,4,3,2,Loyal
3275.0,119,1,168.24,2,1,1,Lost
3276.0,94,4,1033.34,2,2,3,Lost
3277.0,30,7,1623.95,3,4,3,Champions
3278.0,18,6,991.71,4,3,2,Loyal
3279.0,111,5,2862.73,2,3,4,At Risk (was frequent)
3280.0,17,11,9948.41,4,4,4,Champions
3281.0,32,5,983.38,3,3,2,Loyal
3282.0,105,3,553.1,2,2,2,Lost
3284.0,29,7,1040.74,3,4,3,Champions
3285.0,21,2,211.51999999999998,4,1,1,Developing
3286.0,161,1,30.18,1,1,1,Lost
3287.0,12,5,2135.47,4,3,3,Champions
3288.0,25,3,694.0,4,2,2,Loyal
3289.0,94,3,968.5,2,2,2,Lost
3290.0,177,1,318.46,1,1,1,Lost
3291.0,46,4,1010.0699999999999,3,2,3,Loyal
3292.0,226,2,313.82,1,1,1,Lost
3293.0,69,2,55.68000000000001,2,1,1,Lost
3294.0,61,4,1141.25,3,2,3,Loyal
3295.0,3,2,1475.5800000000002,4,1,3,Developing
3296.0,26,5,979.3,3,3,2,Loyal
3297.0,141,1,67.16,1,1,1,Lost
3298.0,21,9,2053.62,4,4,3,Champions
3299.0,81,10,1609.7600000000002,2,4,3,At Risk (was frequent)
3301.0,82,2,421.06,2,1,1,Lost
3303.0,8,2,669.3,4,1,2,Developing
3304.0,317,1,192.62,1,1,1,Lost
3305.0,115,3,1789.92,2,2,3,Lost
3306.0,49,12,3646.41,3,4,4,Champions
3307.0,207,4,1168.95,1,2,3,Lost
3308.0,32,3,844.5,3,2,2,Loyal
3309.0,0,4,976.6999999999999,4,2,2,Loyal
3310.0,94,9,1618.6,2,4,3,At Risk (was frequent)
3311.0,62,7,5051.82,2,4,4,At Risk (was frequent)
3312.0,32,9,2663.42,3,4,4,Champions
3313.0,157,6,2009.9900000000002,1,3,3,At Risk (was frequent)
3314.0,81,5,804.26,2,3,2,At Risk (was frequent)
3315.0,9,5,2841.7200000000003,4,3,4,Champions
3316.0,187,3,935.96,1,2,2,Lost
3317.0,45,1,77.56,3,1,1,Developing
3318.0,23,3,839.42,4,2,2,Loyal
3319.0,3,5,623.78,4,3,2,Loyal
3320.0,3,8,1840.0,4,4,3,Champions
3321.0,48,5,1347.7,3,3,3,Champions
3322.0,6,10,2071.22,4,4,3,Champions
3323.0,23,3,454.87,4,2,2,Loyal
3325.0,192,2,101.6,1,1,1,Lost
3326.0,133,7,1435.19,1,4,3,At Risk (was frequent)
3327.0,77,5,396.31,2,3,1,At Risk (was frequent)
3328.0,8,1,66.1,4,1,1,Developing
3329.0,1,2,265.59000000000003,4,1,1,Developing
3330.0,64,2,186.75,2,1,1,Lost
3332.0,118,4,1323.6799999999998,2,2,3,Lost
3333.0,168,2,192.84,1,1,1,Lost
3334.0,10,7,837.4,4,4,2,Loyal
3335.0,166,10,4002.35,1,4,4,At Risk (was frequent)
3336.0,75,2,1344.52,2,1,3,Lost
3337.0,77,2,529.48,2,1,2,Lost
3338.0,23,6,2112.2200000000003,4,3,3,Champions
3339.0,327,1,30.4,1,1,1,Lost
3340.0,416,3,1048.1,1,2,3,Lost
3341.0,106,2,351.34000000000003,2,1,1,Lost
3342.0,17,3,1147.12,4,2,3,Loyal
3343.0,119,1,207.11,2,1,1,Lost
3344.0,38,6,1009.14,3,3,3,Champions
3345.0,78,4,406.84000000000003,2,2,1,Lost
3346.0,198,10,1417.3799999999999,1,4,3,At Risk (was frequent)
3347.0,120,3,811.22,2,2,2,Lost
3348.0,29,5,1966.8600000000001,3,3,3,Champions
3349.0,66,6,2029.31,2,3,3,At Risk (was frequent)
3350.0,240,2,541.79,1,1,2,Lost
3351.0,118,4,1270.21,2,2,3,Lost
3352.0,32,7,693.9100000000001,3,4,2,Loyal
3353.0,88,6,1984.94,2,3,3,At Risk (was frequent)
3354.0,52,3,626.1800000000001,3,2,2,Loyal
3355.0,3,8,3415.75,4,4,4,Champions
3356.0,44,12,10201.15,3,4,4,Champions
3357.0,46,3,266.16,3,2,1,Loyal
3358.0,28,3,1077.87,3,2,3,Loyal
3359.0,119,2,464.12,2,1,2,Lost
3360.0,304,9,1043.03,1,4,3,At Risk (was frequent)
3361.0,236,3,509.8,1,2,2,Lost
3362.0,21,5,1501.5,4,3,3,Champions
3363.0,31,3,871.03,3,2,2,Loyal
3364.0,56,9,2627.55,3,4,4,Champions
3365.0,83,12,8139.13,2,4,4,At Risk (was frequent)
3366.0,111,1,1544.12,2,1,3,Lost
3367.0,54,3,1385.8500000000001,3,2,3,Loyal
3368.0,300,1,40.32,1,1,1,Lost
3369.0,55,4,664.62,3,2,2,Loyal
3370.0,141,6,1550.01,1,3,3,At Risk (was frequent)
3371.0,34,3,314.58000000000004,3,2,1,Loyal
3372.0,119,5,891.78,2,3,2,At Risk (was frequent)
3373.0,183,2,1382.52,1,1,3,Lost
3374.0,123,3,109.64,2,2,1,Lost
3375.0,195,2,70.28999999999999,1,1,1,Lost
3376.0,58,3,727.94,3,2,2,Loyal
3377.0,130,5,1639.8700000000001,2,3,3,At Risk (was frequent)
3378.0,443,1,626.7,1,1,2,Lost
3379.0,2,4,951.5899999999999,4,2,2,Loyal
3380.0,42,2,443.58,3,1,2,Developing
3381.0,189,3,3222.6000000000004,1,2,4,Lost
3382.0,136,4,788.25,1,2,2,Lost
3383.0,4,12,3541.6800000000003,4,4,4,Champions
3384.0,75,8,1140.05,2,4,3,At Risk (was frequent)
3385.0,16,4,859.12,4,2,2,Loyal
3386.0,179,4,1989.36,1,2,3,Lost
3387.0,83,1,56.84,2,1,1,Lost
3388.0,54,1,220.21,3,1,1,Developing
3389.0,47,7,2275.42,3,4,4,Champions
3390.0,238,3,1102.6000000000001,1,2,3,Lost
3391.0,14,9,5332.34,4,4,4,Champions
3392.0,28,2,384.46,3,1,1,Developing
3393.0,13,5,2935.97,4,3,4,Champions
3394.0,128,6,2731.33,2,3,4,At Risk (was frequent)
3395.0,76,9,2299.75,2,4,4,At Risk (was frequent)
3396.0,28,2,132.49,3,1,1,Developing
3397.0,31,13,5948.79,3,4,4,Champions
3398.0,85,4,560.87,2,2,2,Lost
3399.0,55,5,539.4,3,3,2,Loyal
3400.0,87,3,810.56,2,2,2,Lost
3401.0,12,4,404.26,4,2,1,Loyal
3402.0,82,14,4499.88,2,4,4,At Risk (was frequent)
3403.0,31,10,3234.7,3,4,4,Champions
3404.0,26,5,509.15999999999997,3,3,2,Loyal
3405.0,8,4,803.29,4,2,2,Loyal
3406.0,29,8,12385.83,3,4,4,Champions
3407.0,40,3,228.38,3,2,1,Loyal
3408.0,2,8,5336.8,4,4,4,Champions
3409.0,240,5,619.73,1,3,2,At Risk (was frequent)
3410.0,117,5,1768.2,2,3,3,At Risk (was frequent)
3411.0,50,8,878.38,3,4,2,Loyal
3413.0,24,5,1609.6399999999999,4,3,3,Champions
3414.0,86,3,506.71,2,2,2,Lost
3415.0,71,2,132.72,2,1,1,Lost
3416.0,176,3,665.52,1,2,2,Lost
3418.0,74,2,1709.03,2,1,3,Lost
3419.0,22,4,457.19,4,2,2,Loyal
3420.0,185,2,76.74,1,1,1,Lost
3421.0,47,5,2907.48,3,3,4,Champions
3424.0,20,4,443.02,4,2,2,Loyal
3425.0,42,2,356.63,3,1,1,Developing
3426.0,56,2,294.83000000000004,3,1,1,Developing
3427.0,26,4,4849.91,3,2,4,Loyal
3428.0,17,6,726.89,4,3,2,Loyal
3429.0,4,4,475.14,4,2,2,Loyal
3431.0,57,1,462.72,3,1,2,Developing
3432.0,21,2,196.56,4,1,1,Developing
3433.0,42,4,1695.28,3,2,3,Loyal
3434.0,152,2,1326.86,1,1,3,Lost
3435.0,101,1,54.44,2,1,1,Lost
3436.0,45,4,2324.99,3,2,4,Loyal
3437.0,52,5,2074.16,3,3,3,Champions
3438.0,89,2,283.18,2,1,1,Lost
3439.0,65,9,1122.84,2,4,3,At Risk (was frequent)
3440.0,15,2,1650.12,4,1,3,Developing
3441.0,212,2,206.79,1,1,1,Lost
3442.0,36,5,3399.79,3,3,4,Champions
3443.0,56,3,577.26,3,2,2,Loyal
3444.0,58,5,1947.69,3,3,3,Champions
3445.0,27,12,3106.1800000000003,3,4,4,Champions
3447.0,140,1,170.99,1,1,1,Lost
3448.0,5,10,8852.039999999999,4,4,4,Champions
3449.0,30,7,2057.37,3,4,3,Champions
3450.0,85,5,2477.5299999999997,2,3,4,At Risk (was frequent)
3451.0,75,9,9888.119999999999,2,4,4,At Risk (was frequent)
3452.0,16,2,96.53999999999999,4,1,1,Developing
3453.0,539,1,59.12,1,1,1,Lost
3454.0,8,8,2812.27,4,4,4,Champions
3455.0,79,9,1959.91,2,4,3,At Risk (was frequent)
3456.0,91,2,578.64,2,1,2,Lost
3457.0,32,3,3860.76,3,2,4,Loyal
3458.0,195,4,4271.299999999999,1,2,4,Lost
3459.0,71,3,946.92,2,2,2,Lost
3460.0,121,6,1863.74,2,3,3,At Risk (was frequent)
3461.0,62,7,6678.04,2,4,4,At Risk (was frequent)
3462.0,114,7,1249.56,2,4,3,At Risk (was frequent)
3464.0,162,7,5444.01,1,4,4,At Risk (was frequent)
3465.0,28,1,211.9,3,1,1,Developing
3466.0,8,16,5138.78,4,4,4,Champions
3467.0,458,3,1094.76,1,2,3,Lost
3468.0,302,4,526.37,1,2,2,Lost
3469.0,22,9,8421.92,4,4,4,Champions
3470.0,10,4,3192.52,4,2,4,Loyal
3471.0,31,2,169.34,3,1,1,Developing
3472.0,2,6,787.89,4,3,2,Loyal
3474.0,167,2,25.14,1,1,1,Lost
3475.0,37,2,330.67,3,1,1,Developing
3476.0,9,3,4279.95,4,2,4,Loyal
3477.0,6,9,6818.81,4,4,4,Champions
3478.0,52,3,504.36,3,2,2,Loyal
3479.0,47,3,691.0,3,2,2,Loyal
3480.0,115,4,484.24999999999994,2,2,2,Lost
3481.0,51,1,142.22,3,1,1,Developing
3482.0,127,11,2453.19,2,4,4,At Risk (was frequent)
3483.0,101,5,3081.77,2,3,4,At Risk (was frequent)
3484.0,28,1,94.53,3,1,1,Developing
3485.0,76,4,686.49,2,2,2,Lost
3487.0,27,3,733.35,3,2,2,Loyal
3488.0,123,11,8235.27,2,4,4,At Risk (was frequent)
3489.0,109,3,976.04,2,2,2,Lost
3491.0,60,1,10.38,3,1,1,Developing
3493.0,165,4,330.8,1,2,1,Lost
3494.0,13,8,7960.23,4,4,4,Champions
3495.0,7,5,696.9300000000001,4,3,2,Loyal
3496.0,90,8,778.29,2,4,2,At Risk (was frequent)
3497.0,17,21,25756.34,4,4,4,Champions
3498.0,130,2,1410.96,2,1,3,Lost
3499.0,71,4,1582.87,2,2,3,Lost
3500.0,77,2,553.81,2,1,2,Lost
3501.0,26,5,509.3,3,3,2,Loyal
3502.0,162,4,2743.61,1,2,4,Lost
3503.0,188,4,528.31,1,2,2,Lost
3504.0,24,7,2224.75,4,4,4,Champions
3505.0,89,7,2358.11,2,4,4,At Risk (was frequent)
3506.0,119,7,1113.38,2,4,3,At Risk (was frequent)
3507.0,47,4,1543.51,3,2,3,Loyal
3508.0,311,3,1026.23,1,2,3,Lost
3509.0,8,5,1702.24,4,3,3,Champions
3510.0,94,7,1886.88,2,4,3,At Risk (was frequent)
3511.0,136,1,59.84,1,1,1,Lost
3512.0,93,3,414.25,2,2,1,Lost
3514.0,174,1,241.25,1,1,1,Lost
3516.0,152,8,2821.37,1,4,4,At Risk (was frequent)
3517.0,25,7,4106.5599999999995,4,4,4,Champions
3518.0,169,5,724.89,1,3,2,At Risk (was frequent)
3519.0,51,9,13758.189999999999,3,4,4,Champions
3520.0,49,3,996.35,3,2,3,Loyal
3521.0,157,9,6566.09,1,4,4,At Risk (was frequent)
3522.0,17,8,735.45,4,4,2,Loyal
3523.0,167,2,58.41,1,1,1,Lost
3524.0,17,4,679.37,4,2,2,Loyal
3525.0,25,2,148.48,4,1,1,Developing
3526.0,32,6,1516.06,3,3,3,Champions
3527.0,76,5,607.22,2,3,2,At Risk (was frequent)
3528.0,59,10,2585.19,3,4,4,Champions
3529.0,26,3,1241.67,3,2,3,Loyal
3530.0,367,1,527.8,1,1,2,Lost
3531.0,180,2,223.68,1,1,1,Lost
3532.0,22,4,249.93,4,2,1,Loyal
3533.0,30,2,332.7,3,1,1,Developing
3534.0,97,2,830.9,2,1,2,Lost
3535.0,42,12,15286.93,3,4,4,Champions
3536.0,26,1,30.94,3,1,1,Developing
3537.0,268,3,389.14,1,2,1,Lost
3538.0,300,1,176.85,1,1,1,Lost
3539.0,58,3,944.8,3,2,2,Loyal
3540.0,1,6,1083.1599999999999,4,3,3,Champions
3541.0,0,5,2269.93,4,3,4,Champions
3542.0,11,3,450.86,4,2,2,Loyal
3543.0,101,1,135.76,2,1,1,Lost
3544.0,147,5,1789.42,1,3,3,At Risk (was frequent)
3545.0,116,3,3157.34,2,2,4,Lost
3546.0,127,3,592.77,2,2,2,Lost
3547.0,78,3,1188.65,2,2,3,Lost
3549.0,109,1,260.94,2,1,1,Lost
3550.0,54,3,354.07000000000005,3,2,1,Loyal
3551.0,68,4,570.77,2,2,2,Lost
3552.0,112,2,367.74,2,1,1,Lost
3553.0,86,4,801.3,2,2,2,Lost
3554.0,312,5,650.89,1,3,2,At Risk (was frequent)
3555.0,16,17,12009.8,4,4,4,Champions
3556.0,379,3,1559.1299999999999,1,2,3,Lost
3557.0,49,6,583.93,3,3,2,Loyal
3558.0,2,7,633.2099999999999,4,4,2,Loyal
3559.0,84,3,979.5,2,2,2,Lost
3560.0,11,5,628.8,4,3,2,Loyal
3561.0,88,1,8.91,2,1,1,Lost
3562.0,281,2,1760.06,1,1,3,Lost
3563.0,44,3,1521.1399999999999,3,2,3,Loyal
3564.0,244,6,475.73,1,3,2,At Risk (was frequent)
3565.0,321,2,74.53999999999999,1,1,1,Lost
3566.0,189,9,3282.66,1,4,4,At Risk (was frequent)
3567.0,121,3,1010.7600000000001,2,2,3,Lost
3568.0,53,19,20532.73,3,4,4,Champions
3569.0,11,1,48.74,4,1,1,Developing
3570.0,22,4,795.9599999999999,4,2,2,Loyal
3571.0,4,2,231.67000000000002,4,1,1,Developing
3572.0,337,6,1226.0900000000001,1,3,3,At Risk (was frequent)
3573.0,167,2,326.91999999999996,1,1,1,Lost
3574.0,122,5,379.51,2,3,1,At Risk (was frequent)
3575.0,3,9,1496.47,4,4,3,Champions
3576.0,368,4,1719.23,1,2,3,Lost
3577.0,73,4,453.83000000000004,2,2,2,Lost
3578.0,73,9,4370.76,2,4,4,At Risk (was frequent)
3579.0,8,1,57.87,4,1,1,Developing
3580.0,197,6,4269.22,1,3,4,At Risk (was frequent)
3581.0,74,8,1412.7400000000002,2,4,3,At Risk (was frequent)
3582.0,16,2,75.0,4,1,1,Developing
3583.0,62,9,1708.44,2,4,3,At Risk (was frequent)
3584.0,15,4,563.98,4,2,2,Loyal
3585.0,82,4,903.73,2,2,2,Lost
3587.0,28,3,374.3,3,2,1,Loyal
3588.0,10,2,578.28,4,1,2,Developing
3590.0,18,30,28578.28,4,4,4,Champions
3592.0,158,1,22.37,1,1,1,Lost
3593.0,95,3,861.7199999999999,2,2,2,Lost
3594.0,72,4,2698.51,2,2,4,Lost
3595.0,7,12,3016.92,4,4,4,Champions
3596.0,186,2,481.36,1,1,2,Lost
3597.0,54,6,1779.78,3,3,3,Champions
3598.0,13,5,2401.21,4,3,4,Champions
3599.0,73,2,793.37,2,1,2,Lost
3600.0,198,1,811.41,1,1,2,Lost
3602.0,196,7,8673.39,1,4,4,At Risk (was frequent)
3603.0,429,6,831.1,1,3,2,At Risk (was frequent)
3604.0,81,7,10567.06,2,4,4,At Risk (was frequent)
3605.0,101,8,2278.15,2,4,4,At Risk (was frequent)
3606.0,13,3,859.71,4,2,2,Loyal
3607.0,35,4,762.1500000000001,3,2,2,Loyal
3608.0,40,3,102.14,3,2,1,Loyal
3609.0,60,4,1156.1599999999999,3,2,3,Loyal
3610.0,18,3,770.2,4,2,2,Loyal
3611.0,2,4,952.98,4,2,2,Loyal
3612.0,37,4,826.8100000000001,3,2,2,Loyal
3614.0,54,3,592.13,3,2,2,Loyal
3615.0,25,4,1823.49,4,2,3,Loyal
3616.0,45,5,797.63,3,3,2,Loyal
3618.0,40,8,3498.77,3,4,4,Champions
3619.0,121,8,1301.08,2,4,3,At Risk (was frequent)
3620.0,15,6,1067.3200000000002,4,3,3,Champions
3621.0,217,2,315.69,1,1,1,Lost
3622.0,89,3,906.4,2,2,2,Lost
3623.0,8,6,1421.1899999999998,4,3,3,Champions
3624.0,148,1,234.1,1,1,1,Lost
3625.0,45,7,1368.12,3,4,3,Champions
3626.0,12,5,966.48,4,3,2,Loyal
3627.0,40,2,252.56,3,1,1,Developing
3628.0,151,1,62.46,1,1,1,Lost
3629.0,118,5,1486.4399999999998,2,3,3,At Risk (was frequent)
3630.0,204,3,647.4,1,2,2,Lost
3631.0,127,3,785.82,2,2,2,Lost
3632.0,51,2,283.17999999999995,3,1,1,Developing
3633.0,22,10,1900.05,4,4,3,Champions
3634.0,103,2,2053.34,2,1,3,Lost
3635.0,26,7,5433.11,3,4,4,Champions
3636.0,79,1,17.08,2,1,1,Lost
3637.0,213,2,165.44,1,1,1,Lost
3638.0,64,8,1399.49,2,4,3,At Risk (was frequent)
3639.0,201,2,271.43,1,1,1,Lost
3640.0,9,3,594.78,4,2,2,Loyal
3641.0,3,7,2157.59,4,4,3,Champions
3642.0,74,1,133.93,2,1,1,Lost
3643.0,145,4,930.6800000000001,1,2,2,Lost
3644.0,57,18,16365.19,3,4,4,Champions
3645.0,84,11,3909.42,2,4,4,At Risk (was frequent)
3646.0,98,7,543.49,2,4,2,At Risk (was frequent)
3647.0,26,4,7076.49,3,2,4,Loyal
3648.0,19,5,1325.17,4,3,3,Champions
3649.0,29,7,927.0600000000001,3,4,2,Loyal
3650.0,48,5,6922.59,3,3,4,Champions
3651.0,41,4,1724.83,3,2,3,Loyal
3652.0,513,5,1659.77,1,3,3,At Risk (was frequent)
3653.0,132,2,1364.1299999999999,1,1,3,Lost
3654.0,109,7,5219.18,2,4,4,At Risk (was frequent)
3655.0,90,5,961.8499999999999,2,3,2,At Risk (was frequent)
3656.0,119,1,152.38,2,1,1,Lost
3657.0,136,1,3393.8,1,1,4,Lost
3658.0,93,4,1277.36,2,2,3,Lost
3659.0,40,9,1428.44,3,4,3,Champions
3660.0,14,4,6427.97,4,2,4,Loyal
3662.0,40,2,1198.35,3,1,3,Developing
3663.0,85,6,867.8299999999999,2,3,2,At Risk (was frequent)
3664.0,125,4,932.6000000000001,2,2,2,Lost
3665.0,184,3,1050.97,1,2,3,Lost
3666.0,92,5,961.39,2,3,2,At Risk (was frequent)
3667.0,32,6,642.91,3,3,2,Loyal
3668.0,21,13,3759.9700000000003,4,4,4,Champions
3669.0,297,4,563.23,1,2,2,Lost
3670.0,177,6,3686.96,1,3,4,At Risk (was frequent)
3671.0,49,7,1197.01,3,4,3,Champions
3672.0,181,6,744.12,1,3,2,At Risk (was frequent)
3673.0,183,4,243.74,1,2,1,Lost
3674.0,34,5,619.15,3,3,2,Loyal
3676.0,10,5,467.27000000000004,4,3,2,Loyal
3677.0,241,4,622.05,1,2,2,Lost
3678.0,147,4,1149.3000000000002,1,2,3,Lost
3679.0,0,5,2819.25,4,3,4,Champions
3680.0,613,1,58.89,1,1,1,Lost
3681.0,22,3,1461.0,4,2,3,Loyal
3682.0,9,2,538.9200000000001,4,1,2,Developing
3683.0,28,5,1506.94,3,3,3,Champions
3684.0,2,6,5225.54,4,3,4,Champions
3685.0,406,6,506.36,1,3,2,At Risk (was frequent)
3686.0,203,7,2119.55,1,4,3,At Risk (was frequent)
3687.0,47,4,785.69,3,2,2,Loyal
3688.0,9,7,2663.7200000000003,4,4,4,Champions
3689.0,32,3,895.7800000000001,3,2,2,Loyal
3690.0,34,9,2038.82,3,4,3,Champions
3691.0,252,7,3405.25,1,4,4,At Risk (was frequent)
3692.0,25,7,1755.19,4,4,3,Champions
3695.0,41,1,45.49,3,1,1,Developing
3696.0,222,4,1944.03,1,2,3,Lost
3697.0,149,5,1855.66,1,3,3,At Risk (was frequent)
3698.0,92,4,2062.77,2,2,3,Lost
3699.0,43,4,1523.91,3,2,3,Loyal
3700.0,57,7,768.45,3,4,2,Loyal
3701.0,158,9,1757.26,1,4,3,At Risk (was frequent)
3702.0,6,6,2873.9,4,3,4,Champions
3703.0,158,6,4361.639999999999,1,3,4,At Risk (was frequent)
3704.0,16,6,1186.7,4,3,3,Champions
3705.0,174,4,624.6899999999999,1,2,2,Lost
3706.0,257,5,1727.04,1,3,3,At Risk (was frequent)
3707.0,109,2,1206.08,2,1,3,Lost
3708.0,145,5,946.71,1,3,2,At Risk (was frequent)
3709.0,4,3,743.18,4,2,2,Loyal
3710.0,131,4,689.43,1,2,2,Lost
3711.0,57,3,691.37,3,2,2,Loyal
3712.0,9,11,2577.35,4,4,4,Champions
3713.0,148,6,587.9300000000001,1,3,2,At Risk (was frequent)
3714.0,1,3,282.72,4,2,1,Loyal
3715.0,30,4,552.22,3,2,2,Loyal
3716.0,13,3,458.65999999999997,4,2,2,Loyal
3717.0,95,1,6.7,2,1,1,Lost
3718.0,163,7,1087.93,1,4,3,At Risk (was frequent)
3719.0,118,2,582.26,2,1,2,Lost
3720.0,38,3,745.48,3,2,2,Loyal
3721.0,52,13,16222.12,3,4,4,Champions
3722.0,220,2,905.7,1,1,2,Lost
3723.0,140,7,2839.4,1,4,4,At Risk (was frequent)
3724.0,3,5,850.65,4,3,2,Loyal
3725.0,55,5,922.2900000000001,3,3,2,Loyal
3726.0,1,6,1163.28,4,3,3,Champions
3727.0,30,8,1905.04,3,4,3,Champions
3728.0,45,2,579.22,3,1,2,Developing
3729.0,11,2,223.0,4,1,1,Developing
3730.0,26,2,306.40999999999997,3,1,1,Developing
3732.0,142,2,35.2,1,1,1,Lost
3733.0,82,5,1861.07,2,3,3,At Risk (was frequent)
3734.0,22,3,1648.2599999999998,4,2,3,Loyal
3735.0,42,5,984.66,3,3,2,Loyal
3736.0,125,3,745.7,2,2,2,Lost
3737.0,33,6,391.74,3,3,1,Loyal
3738.0,38,5,1282.96,3,3,3,Champions
3739.0,25,1,173.9,4,1,1,Developing
3740.0,15,17,15230.11,4,4,4,Champions
3741.0,296,2,122.76,1,1,1,Lost
3742.0,54,4,798.38,3,2,2,Loyal
3743.0,4,3,333.71999999999997,4,2,1,Loyal
3744.0,27,3,379.67,3,2,1,Loyal
3745.0,39,4,380.15999999999997,3,2,1,Loyal
3746.0,7,2,249.56,4,1,1,Developing
3747.0,168,2,47.46,1,1,1,Lost
3748.0,46,4,3210.6,3,2,4,Loyal
3750.0,13,4,626.8000000000001,4,2,2,Loyal
3751.0,187,5,713.67,1,3,2,At Risk (was frequent)
3752.0,69,6,2316.64,2,3,4,At Risk (was frequent)
3753.0,30,10,1625.5900000000001,3,4,3,Champions
3754.0,96,4,974.9599999999999,2,2,2,Lost
3755.0,5,3,791.9399999999999,4,2,2,Loyal
3756.0,133,2,2188.98,1,1,3,Lost
3757.0,70,3,122.50999999999999,2,2,1,Lost
3758.0,92,9,3455.21,2,4,4,At Risk (was frequent)
3759.0,49,2,115.64999999999999,3,1,1,Developing
3760.0,100,2,784.2,2,1,2,Lost
3761.0,57,5,522.41,3,3,2,Loyal
3762.0,54,1,387.38,3,1,1,Developing
3763.0,218,2,67.59,1,1,1,Lost
3764.0,70,1,71.3,2,1,1,Lost
3765.0,22,2,1719.32,4,1,3,Developing
3766.0,182,3,490.87,1,2,2,Lost
3767.0,97,16,12895.58,2,4,4,At Risk (was frequent)
3768.0,112,5,1158.65,2,3,3,At Risk (was frequent)
3769.0,39,8,1493.61,3,4,3,Champions
3770.0,10,4,867.56,4,2,2,Loyal
3771.0,33,2,752.15,3,1,2,Developing
3772.0,50,3,1764.37,3,2,3,Loyal
3773.0,8,2,160.82000000000002,4,1,1,Developing
3774.0,151,10,7959.1900000000005,1,4,4,At Risk (was frequent)
3775.0,145,4,640.61,1,2,2,Lost
3776.0,271,2,291.81,1,1,1,Lost
3777.0,23,3,476.35,4,2,2,Loyal
3778.0,110,8,1069.18,2,4,3,At Risk (was frequent)
3779.0,137,8,6596.3,1,4,4,At Risk (was frequent)
3780.0,88,6,441.62,2,3,2,At Risk (was frequent)
3783.0,122,4,447.12,2,2,2,Lost
3784.0,154,4,574.3900000000001,1,2,2,Lost
3785.0,119,3,192.16000000000003,2,2,1,Lost
3786.0,29,9,8567.43,3,4,4,Champions
3787.0,70,5,414.51,2,3,1,At Risk (was frequent)
3788.0,13,7,2335.68,4,4,4,Champions
3789.0,144,4,844.3500000000001,1,2,2,Lost
3790.0,98,2,1290.48,2,1,3,Lost
3791.0,50,4,5590.34,3,2,4,Loyal
3792.0,6,6,4330.16,4,3,4,Champions
3793.0,15,11,2002.43,4,4,3,Champions
3794.0,132,9,1314.16,1,4,3,At Risk (was frequent)
3795.0,9,8,5389.0199999999995,4,4,4,Champions
3796.0,104,4,173.07,2,2,1,Lost
3797.0,29,1,27.02,3,1,1,Developing
3798.0,5,4,520.39,4,2,2,Loyal
3799.0,318,6,957.0100000000001,1,3,2,At Risk (was frequent)
3800.0,167,4,690.3499999999999,1,2,2,Lost
3801.0,375,1,545.43,1,1,2,Lost
3802.0,163,6,2532.85,1,3,4,At Risk (was frequent)
3803.0,200,1,118.32,1,1,1,Lost
3805.0,142,6,1015.71,1,3,3,At Risk (was frequent)
3806.0,35,3,567.57,3,2,2,Loyal
3807.0,35,4,2431.4700000000003,3,2,4,Loyal
3808.0,269,1,38.71,1,1,1,Lost
3810.0,19,5,2472.44,4,3,4,Champions
3812.0,298,1,329.28,1,1,1,Lost
3815.0,146,5,1702.97,1,3,3,At Risk (was frequent)
3816.0,28,2,184.10000000000002,3,1,1,Developing
3817.0,31,3,437.94,3,2,2,Loyal
3818.0,37,4,720.62,3,2,2,Loyal
3819.0,54,1,966.08,3,1,2,Developing
3820.0,26,12,2523.88,3,4,4,Champions
3821.0,238,1,56.94,1,1,1,Lost
3822.0,69,2,271.2,2,1,1,Lost
3823.0,53,4,1816.72,3,2,3,Loyal
3824.0,29,5,1235.9299999999998,3,3,3,Champions
3825.0,77,2,703.0799999999999,2,1,2,Lost
3826.0,11,3,691.19,4,2,2,Loyal
3827.0,48,4,383.4,3,2,1,Loyal
3828.0,18,9,2544.06,4,4,4,Champions
3830.0,81,3,446.4,2,2,2,Lost
3831.0,13,5,3216.99,4,3,4,Champions
3832.0,93,2,268.59000000000003,2,1,1,Lost
3833.0,151,2,263.23,1,1,1,Lost
3835.0,45,2,428.69,3,1,1,Developing
3836.0,14,2,552.03,4,1,2,Developing
3837.0,412,1,128.68,1,1,1,Lost
3838.0,12,5,1775.07,4,3,3,Champions
3839.0,48,6,1456.12,3,3,3,Champions
3840.0,442,7,927.11,1,4,2,At Risk (was frequent)
3841.0,53,4,931.29,3,2,2,Loyal
3842.0,26,2,526.88,3,1,2,Developing
3843.0,11,2,202.68,4,1,1,Developing
3844.0,17,3,508.44,4,2,2,Loyal
3845.0,61,5,545.52,3,3,2,Loyal
3846.0,145,4,2561.12,1,2,4,Lost
3847.0,79,9,1713.95,2,4,3,At Risk (was frequent)
3848.0,72,4,1993.3899999999999,2,2,3,Lost
3849.0,65,6,2738.77,2,3,4,At Risk (was frequent)
3850.0,132,6,385.86,1,3,1,At Risk (was frequent)
3851.0,2,12,3043.98,4,4,4,Champions
3852.0,3,4,886.7,4,2,2,Loyal
3853.0,435,2,616.6,1,1,2,Lost
3854.0,41,6,2411.71,3,3,4,Champions
3855.0,90,3,614.75,2,2,2,Lost
3856.0,69,2,68.25,2,1,1,Lost
3857.0,40,11,19826.71,3,4,4,Champions
3858.0,33,5,642.4300000000001,3,3,2,Loyal
3859.0,38,9,4768.15,3,4,4,Champions
3860.0,125,10,3014.49,2,4,4,At Risk (was frequent)
3861.0,137,2,1756.18,1,1,3,Lost
3862.0,1,9,2652.01,4,4,4,Champions
3863.0,254,2,307.42,1,1,1,Lost
3864.0,441,3,85.19,1,2,1,Lost
3865.0,141,3,716.53,1,2,2,Lost
3866.0,201,5,2289.82,1,3,4,At Risk (was frequent)
3867.0,196,2,366.58,1,1,1,Lost
3868.0,282,2,291.91999999999996,1,1,1,Lost
3869.0,17,6,3022.5499999999997,4,3,4,Champions
3870.0,37,3,892.16,3,2,2,Loyal
3871.0,56,11,4541.34,3,4,4,Champions
3872.0,37,4,1592.6399999999999,3,2,3,Loyal
3873.0,45,6,1261.28,3,3,3,Champions
3874.0,71,3,710.56,2,2,2,Lost
3876.0,35,5,2493.13,3,3,4,Champions
3878.0,213,5,607.52,1,3,2,At Risk (was frequent)
3879.0,20,3,3303.17,4,2,4,Loyal
3880.0,2,6,1822.9,4,3,3,Champions
3881.0,94,2,447.21,2,1,2,Lost
3882.0,57,1,63.64,3,1,1,Developing
3883.0,24,9,7447.7,4,4,4,Champions
3884.0,69,4,1842.8799999999999,2,2,3,Lost
3885.0,9,6,783.55,4,3,2,Loyal
3886.0,137,4,2742.43,1,2,4,Lost
3887.0,0,9,4832.88,4,4,4,Champions
3888.0,7,7,2724.6,4,4,4,Champions
3889.0,113,3,397.44,2,2,1,Lost
3890.0,46,3,222.19,3,2,1,Loyal
3891.0,25,6,902.12,4,3,2,Loyal
3892.0,43,6,2233.92,3,3,4,Champions
3893.0,15,10,2046.73,4,4,3,Champions
3894.0,114,1,1580.84,2,1,3,Lost
3895.0,354,3,607.04,1,2,2,Lost
3896.0,5,4,2286.61,4,2,4,Loyal
3897.0,353,1,105.92,1,1,1,Lost
3898.0,107,8,2444.83,2,4,4,At Risk (was frequent)
3899.0,83,3,1180.78,2,2,3,Lost
3900.0,20,13,5789.95,4,4,4,Champions
3901.0,3,4,1186.34,4,2,3,Loyal
3902.0,52,5,505.04,3,3,2,Loyal
3903.0,93,7,2169.61,2,4,3,At Risk (was frequent)
3904.0,229,5,1193.48,1,3,3,At Risk (was frequent)
3905.0,3,3,366.01,4,2,1,Loyal
3906.0,44,6,1138.94,3,3,3,Champions
3907.0,155,5,1622.33,1,3,3,At Risk (was frequent)
3908.0,7,3,4064.62,4,2,4,Loyal
3909.0,91,2,1781.6200000000001,2,1,3,Lost
3910.0,172,2,67.85,1,1,1,Lost
3911.0,152,7,888.66,1,4,2,At Risk (was frequent)
3912.0,6,10,1222.8300000000002,4,4,3,Champions
3914.0,23,5,668.22,4,3,2,Loyal
3915.0,6,6,1785.12,4,3,3,Champions
3917.0,31,1,121.42,3,1,1,Developing
3918.0,152,4,458.13,1,2,2,Lost
3919.0,11,2,108.47999999999999,4,1,1,Developing
3920.0,167,4,439.99,1,2,2,Lost
3921.0,11,7,6241.52,4,4,4,Champions
3922.0,49,10,2690.09,3,4,4,Champions
3924.0,125,4,1008.49,2,2,3,Lost
3925.0,31,14,8714.06,3,4,4,Champions
3926.0,126,4,684.71,2,2,2,Lost
3927.0,170,3,453.85,1,2,2,Lost
3928.0,169,10,853.1700000000001,1,4,2,At Risk (was frequent)
3929.0,25,11,3083.98,4,4,4,Champions
3930.0,43,1,37.21,3,1,1,Developing
3931.0,32,7,1213.4,3,4,3,Champions
3932.0,27,3,2204.66,3,2,3,Loyal
3933.0,16,5,864.1700000000001,4,3,2,Loyal
3934.0,36,11,5944.08,3,4,4,Champions
3935.0,34,1,82.64,3,1,1,Developing
3936.0,307,7,2390.42,1,4,4,At Risk (was frequent)
3937.0,13,3,1703.4299999999998,4,2,3,Loyal
3938.0,110,1,81.04,2,1,1,Lost
3939.0,555,4,798.02,1,2,2,Lost
3940.0,17,1,240.06,4,1,1,Developing
3941.0,249,6,1649.8,1,3,3,At Risk (was frequent)
3942.0,13,4,851.2600000000001,4,2,2,Loyal
3943.0,25,4,372.05,4,2,1,Loyal
3944.0,1,4,234.61,4,2,1,Loyal
3945.0,110,3,718.3799999999999,2,2,2,Lost
3946.0,64,4,723.87,2,2,2,Lost
3947.0,4,4,743.83,4,2,2,Loyal
3948.0,7,4,864.21,4,2,2,Loyal
3950.0,2,5,946.64,4,3,2,Loyal
3951.0,148,2,62.65,1,1,1,Lost
3952.0,167,5,650.7099999999999,1,3,2,At Risk (was frequent)
3953.0,135,6,492.86,1,3,2,At Risk (was frequent)
3954.0,13,1,380.9,4,1,1,Developing
3955.0,30,5,1140.61,3,3,3,Champions
3956.0,21,7,1827.22,4,4,3,Champions
3957.0,64,9,1616.72,2,4,3,At Risk (was frequent)
3958.0,114,4,177.79,2,2,1,Lost
3959.0,4,3,500.28999999999996,4,2,2,Loyal
3960.0,38,10,2893.21,3,4,4,Champions
3961.0,25,11,2207.0299999999997,3,4,4,Champions
3962.0,283,3,1329.32,1,2,3,Lost
3964.0,76,3,1109.43,2,2,3,Lost
3965.0,69,2,398.76,2,1,1,Lost
3966.0,3,13,14199.03,4,4,4,Champions
3967.0,20,4,163.60999999999999,4,2,1,Loyal
3968.0,8,5,1050.6599999999999,4,3,3,Champions
3970.0,9,4,924.0200000000001,4,2,2,Loyal
3971.0,77,4,857.72,2,2,2,Lost
3972.0,4,5,796.0699999999999,4,3,2,Loyal
3973.0,118,7,765.78,2,4,2,At Risk (was frequent)
3974.0,26,3,245.53000000000003,3,2,1,Loyal
3976.0,23,2,632.12,4,1,2,Developing
3977.0,36,9,7155.67,3,4,4,Champions
3979.0,89,8,4470.24,2,4,4,At Risk (was frequent)
3980.0,223,3,477.25,1,2,2,Lost
3981.0,34,7,3524.17,3,4,4,Champions
3983.0,141,4,555.2199999999999,1,2,2,Lost
3984.0,250,2,136.0,1,1,1,Lost
3985.0,125,9,3861.98,2,4,4,At Risk (was frequent)
3986.0,320,2,81.63,1,1,1,Lost
3987.0,35,2,379.36,3,1,1,Developing
3988.0,20,8,2802.36,4,4,4,Champions
3989.0,23,4,498.71000000000004,4,2,2,Loyal
3990.0,12,8,4836.6,4,4,4,Champions
3992.0,211,5,1066.74,1,3,3,At Risk (was frequent)
3993.0,45,1,81.74,3,1,1,Developing
3994.0,55,5,1574.45,3,3,3,Champions
3995.0,187,8,5339.24,1,4,4,At Risk (was frequent)
3996.0,126,9,2116.85,2,4,3,At Risk (was frequent)
3997.0,3,7,566.7,4,4,2,Loyal
3998.0,5,4,1535.86,4,2,3,Loyal
3999.0,97,6,4567.99,2,3,4,At Risk (was frequent)
4000.0,10,6,1150.35,4,3,3,Champions
4001.0,85,4,632.24,2,2,2,Lost
4002.0,11,3,2075.4,4,2,3,Loyal
4003.0,158,3,791.3299999999999,1,2,2,Lost
4004.0,10,3,928.72,4,2,2,Loyal
4005.0,63,3,471.5,2,2,2,Lost
4006.0,303,2,631.24,1,1,2,Lost
4007.0,7,2,6914.290000000001,4,1,4,Developing
4008.0,87,6,2031.9399999999998,2,3,3,At Risk (was frequent)
4009.0,147,12,8057.040000000001,1,4,4,At Risk (was frequent)
4010.0,71,7,540.9300000000001,2,4,2,At Risk (was frequent)
4011.0,65,3,204.23000000000002,2,2,1,Lost
4012.0,126,1,132.3,2,1,1,Lost
4013.0,121,1,246.9,2,1,1,Lost
4014.0,342,1,194.02,1,1,1,Lost
4015.0,195,5,1176.23,1,3,3,At Risk (was frequent)
4016.0,80,3,1026.09,2,2,3,Lost
4017.0,26,7,809.8,3,4,2,Loyal
4018.0,77,2,1001.28,2,1,3,Lost
4019.0,60,10,1808.68,3,4,3,Champions
4020.0,277,1,142.56,1,1,1,Lost
4021.0,22,5,2477.91,4,3,4,Champions
4022.0,209,2,730.55,1,1,2,Lost
4023.0,3,3,341.89,4,2,1,Loyal
4024.0,45,6,2153.3199999999997,3,3,3,Champions
4025.0,0,2,462.52,4,1,2,Developing
4026.0,29,5,1183.8899999999999,3,3,3,Champions
4027.0,96,3,569.01,2,2,2,Lost
4028.0,53,4,635.43,3,2,2,Loyal
4029.0,34,7,2094.71,3,4,3,Champions
4030.0,23,9,6483.83,4,4,4,Champions
4031.0,8,14,7050.83,4,4,4,Champions
4032.0,96,1,77.56,2,1,1,Lost
4033.0,9,6,2156.85,4,3,3,Champions
4034.0,88,3,604.02,2,2,2,Lost
4035.0,59,10,6406.6,3,4,4,Champions
4036.0,14,2,787.6,4,1,2,Developing
4037.0,36,10,6623.42,3,4,4,Champions
4038.0,24,4,1155.3,4,2,3,Loyal
4040.0,58,13,7580.54,3,4,4,Champions
4041.0,75,12,6173.0199999999995,2,4,4,At Risk (was frequent)
4042.0,270,5,1371.5,1,3,3,At Risk (was frequent)
4043.0,78,4,589.9200000000001,2,2,2,Lost
4044.0,74,3,324.36,2,2,1,Lost
4045.0,4,4,2167.16,4,2,3,Loyal
4046.0,98,9,1674.29,2,4,3,At Risk (was frequent)
4047.0,210,3,868.8000000000001,1,2,2,Lost
4048.0,46,6,2145.12,3,3,3,Champions
4051.0,271,1,191.58,1,1,1,Lost
4052.0,68,2,1018.76,2,1,3,Lost
4053.0,61,3,822.6,3,2,2,Loyal
4054.0,106,2,486.61,2,1,2,Lost
4055.0,540,4,328.1,1,2,1,Lost
4056.0,98,6,932.66,2,3,2,At Risk (was frequent)
4057.0,5,4,2255.45,4,2,4,Loyal
4058.0,167,4,1143.51,1,2,3,Lost
4059.0,91,2,497.9,2,1,2,Lost
4060.0,7,4,1783.1499999999999,4,2,3,Loyal
4062.0,0,7,8899.46,4,4,4,Champions
4063.0,27,3,911.59,3,2,2,Loyal
4064.0,74,1,241.36,2,1,1,Lost
4065.0,137,5,1879.75,1,3,3,At Risk (was frequent)
4066.0,95,5,638.09,2,3,2,At Risk (was frequent)
4067.0,103,4,653.5,2,2,2,Lost
4069.0,36,2,223.98000000000002,3,1,1,Developing
4070.0,203,12,5879.84,1,4,4,At Risk (was frequent)
4071.0,9,10,3169.71,4,4,4,Champions
4072.0,46,4,1686.0300000000002,3,2,3,Loyal
4073.0,34,14,5155.5599999999995,3,4,4,Champions
4074.0,98,6,2312.7,2,3,4,At Risk (was frequent)
4075.0,61,4,571.98,3,2,2,Loyal
4076.0,14,6,733.87,4,3,2,Loyal
4077.0,342,1,277.36,1,1,1,Lost
4078.0,4,21,26631.52,4,4,4,Champions
4079.0,68,2,303.3,2,1,1,Lost
4080.0,76,5,2014.37,2,3,3,At Risk (was frequent)
4081.0,60,4,670.22,3,2,2,Loyal
4082.0,62,10,1851.6399999999999,2,4,3,At Risk (was frequent)
4083.0,47,3,459.77,3,2,2,Loyal
4084.0,479,7,2412.9500000000003,1,4,4,At Risk (was frequent)
4085.0,236,2,307.49,1,1,1,Lost
4086.0,57,6,5977.57,3,3,4,Champions
4087.0,58,3,601.43,3,2,2,Loyal
4089.0,130,2,306.19,2,1,1,Lost
4091.0,362,5,590.4100000000001,1,3,2,At Risk (was frequent)
4092.0,42,5,915.24,3,3,2,Loyal
4093.0,15,3,429.33,4,2,1,Loyal
4094.0,10,3,505.63,4,2,2,Loyal
4095.0,29,6,1702.28,3,3,3,Champions
4096.0,5,2,298.15999999999997,4,1,1,Developing
4097.0,71,5,3679.5099999999998,2,3,4,At Risk (was frequent)
4098.0,281,1,213.7,1,1,1,Lost
4099.0,26,12,10303.42,3,4,4,Champions
4100.0,73,9,8630.89,2,4,4,At Risk (was frequent)
4101.0,0,10,4258.65,4,4,4,Champions
4102.0,53,1,69.98,3,1,1,Developing
4103.0,463,2,142.6,1,1,1,Lost
4104.0,99,1,383.22,2,1,1,Lost
4105.0,104,1,154.44,2,1,1,Lost
4107.0,29,11,2485.39,3,4,4,Champions
4108.0,114,5,3369.36,2,3,4,At Risk (was frequent)
4109.0,52,8,5387.26,3,4,4,Champions
4110.0,36,2,286.29999999999995,3,1,1,Developing
4111.0,4,2,421.54999999999995,4,1,1,Developing
4112.0,143,5,2525.81,1,3,4,At Risk (was frequent)
4113.0,34,2,2949.0699999999997,3,1,4,Developing
4114.0,334,6,1120.44,1,3,3,At Risk (was frequent)
4115.0,116,5,1978.28,2,3,3,At Risk (was frequent)
4116.0,32,9,2966.3,3,4,4,Champions
4117.0,9,5,3321.37,4,3,4,Champions
4118.0,2,13,6581.53,4,4,4,Champions
4119.0,21,16,23911.46,4,4,4,Champions
4120.0,4,3,4539.15,4,2,4,Loyal
4121.0,33,1,141.88,3,1,1,Developing
4122.0,75,7,1243.31,2,4,3,At Risk (was frequent)
4123.0,17,10,2784.97,4,4,4,Champions
4124.0,261,2,332.82,1,1,1,Lost
4125.0,18,6,862.53,4,3,2,Loyal
4126.0,293,3,719.96,1,2,2,Lost
4127.0,51,3,335.78999999999996,3,2,1,Loyal
4128.0,61,5,1460.3,3,3,3,Champions
4129.0,152,2,172.0,1,1,1,Lost
4130.0,115,8,2440.25,2,4,4,At Risk (was frequent)
4131.0,49,5,1395.17,3,3,3,Champions
4132.0,13,11,1516.92,4,4,3,Champions
4133.0,48,2,1539.4,3,1,3,Developing
4134.0,31,4,607.48,3,2,2,Loyal
4135.0,36,7,2059.66,3,4,3,Champions
4137.0,14,3,1030.1999999999998,4,2,3,Loyal
4138.0,74,8,5056.85,2,4,4,At Risk (was frequent)
4139.0,96,11,2363.12,2,4,4,At Risk (was frequent)
4141.0,21,6,1233.93,4,3,3,Champions
4142.0,139,4,712.39,1,2,2,Lost
4143.0,222,4,1203.6299999999999,1,2,3,Lost
4144.0,14,7,1335.41,4,4,3,Champions
4145.0,222,8,801.42,1,4,2,At Risk (was frequent)
4146.0,232,6,1811.2099999999998,1,3,3,At Risk (was frequent)
4147.0,20,2,207.49,4,1,1,Developing
4148.0,16,3,1454.13,4,2,3,Loyal
4149.0,47,6,2525.84,3,3,4,Champions
4150.0,0,6,1428.6799999999998,4,3,3,Champions
4151.0,70,6,4548.320000000001,2,3,4,At Risk (was frequent)
4152.0,119,4,819.61,2,2,2,Lost
4153.0,29,2,231.14,3,1,1,Developing
4154.0,166,7,1679.61,1,4,3,At Risk (was frequent)
4155.0,124,1,87.32,2,1,1,Lost
4156.0,37,1,290.08,3,1,1,Developing
4157.0,12,2,1040.17,4,1,3,Developing
4158.0,9,3,377.28,4,2,1,Loyal
4159.0,289,3,548.9,1,2,2,Lost
4160.0,10,9,701.31,4,4,2,Loyal
4161.0,186,7,1544.05,1,4,3,At Risk (was frequent)
4162.0,59,4,1754.6599999999999,3,2,3,Loyal
4163.0,239,8,1899.9599999999998,1,4,3,At Risk (was frequent)
4165.0,57,4,779.44,3,2,2,Loyal
4166.0,41,13,14234.28,3,4,4,Champions
4167.0,19,12,6288.72,4,4,4,Champions
4168.0,87,2,4584.05,2,1,4,Lost
4169.0,237,3,189.98000000000002,1,2,1,Lost
4170.0,2,11,3003.89,4,4,4,Champions
4171.0,108,6,992.3,2,3,3,At Risk (was frequent)
4172.0,3,9,5047.03,4,4,4,Champions
4173.0,3,2,5627.39,4,1,4,Developing
4174.0,87,8,1505.82,2,4,3,At Risk (was frequent)
4175.0,30,1,97.26,3,1,1,Developing
4176.0,159,6,485.78999999999996,1,3,2,At Risk (was frequent)
4177.0,51,4,623.4,3,2,2,Loyal
4178.0,235,7,1557.14,1,4,3,At Risk (was frequent)
4179.0,2,6,536.17,4,3,2,Loyal
4180.0,61,7,1102.6299999999999,3,4,3,Champions
4181.0,34,11,3595.13,3,4,4,Champions
4182.0,134,7,4580.099999999999,1,4,4,At Risk (was frequent)
4183.0,38,3,1324.9,3,2,3,Loyal
4184.0,13,1,159.06,4,1,1,Developing
4185.0,192,2,936.8199999999999,1,1,2,Lost
4186.0,33,2,437.41999999999996,3,1,2,Developing
4187.0,22,4,632.8199999999999,4,2,2,Loyal
4188.0,52,6,3765.38,3,3,4,Champions
4190.0,6,6,1620.44,4,3,3,Champions
4191.0,15,4,532.82,4,2,2,Loyal
4192.0,76,7,1556.6299999999999,2,4,3,At Risk (was frequent)
4193.0,127,4,359.73,2,2,1,Lost
4194.0,241,4,322.1,1,2,1,Lost
4195.0,71,5,1119.65,2,3,3,At Risk (was frequent)
4196.0,107,2,1376.48,2,1,3,Lost
4198.0,27,5,1481.4299999999998,3,3,3,Champions
4199.0,7,6,4006.94,4,3,4,Champions
4200.0,59,7,2803.0299999999997,3,4,4,Champions
4201.0,112,2,2528.56,2,1,4,Lost
4202.0,64,2,441.24,2,1,2,Lost
4203.0,38,2,693.6,3,1,2,Developing
4204.0,28,1,31.06,3,1,1,Developing
4205.0,26,14,3307.54,3,4,4,Champions
4206.0,7,11,11369.15,4,4,4,Champions
4207.0,167,2,253.19,1,1,1,Lost
4208.0,113,2,98.08,2,1,1,Lost
4209.0,139,12,2879.16,1,4,4,At Risk (was frequent)
4210.0,4,4,1221.5,4,2,3,Loyal
4211.0,105,2,233.05,2,1,1,Lost
4212.0,67,4,1527.45,2,2,3,Lost
4213.0,2,3,647.1800000000001,4,2,2,Loyal
4214.0,15,7,1127.46,4,4,3,Champions
4215.0,51,6,4949.55,3,3,4,Champions
4216.0,11,2,117.71,4,1,1,Developing
4217.0,3,2,147.47,4,1,1,Developing
4218.0,49,15,15241.0,3,4,4,Champions
4219.0,251,4,1386.5600000000002,1,2,3,Lost
4220.0,161,1,71.28,1,1,1,Lost
4221.0,10,7,5630.3,4,4,4,Champions
4222.0,40,3,1101.95,3,2,3,Loyal
4223.0,3,4,1909.3799999999999,4,2,3,Loyal
4224.0,25,7,2273.62,3,4,4,Champions
4225.0,14,9,2561.67,4,4,4,Champions
4226.0,131,13,12938.06,1,4,4,At Risk (was frequent)
4227.0,55,5,1084.54,3,3,3,Champions
4228.0,2,6,1958.51,4,3,3,Champions
4229.0,6,2,885.69,4,1,2,Developing
4230.0,146,4,565.45,1,2,2,Lost
4231.0,279,2,1222.24,1,1,3,Lost
4232.0,97,4,2364.7799999999997,2,2,4,Lost
4233.0,99,12,3289.4500000000003,2,4,4,At Risk (was frequent)
4234.0,302,1,13.42,1,1,1,Lost
4235.0,44,2,352.0,3,1,1,Developing
4236.0,60,6,1661.42,3,3,3,Champions
4237.0,76,3,93.54,2,2,1,Lost
4238.0,101,8,6215.66,2,4,4,At Risk (was frequent)
4239.0,27,10,8239.74,3,4,4,Champions
4240.0,0,4,307.97,4,2,1,Loyal
4241.0,91,3,393.44,2,2,1,Lost
4242.0,15,3,1102.44,4,2,3,Loyal
4243.0,59,4,2038.72,3,2,3,Loyal
4244.0,2,4,619.9,4,2,2,Loyal
4245.0,42,4,219.20999999999998,3,2,1,Loyal
4246.0,127,7,1691.6,2,4,3,At Risk (was frequent)
4248.0,99,3,759.4100000000001,2,2,2,Lost
4249.0,48,5,1386.66,3,3,3,Champions
4250.0,16,6,1617.52,4,3,3,Champions
4251.0,11,2,660.2299999999999,4,1,2,Developing
4252.0,8,12,8872.47,4,4,4,Champions
4253.0,36,4,1778.01,3,2,3,Loyal
4254.0,0,9,1981.0600000000002,4,4,3,Champions
4255.0,34,13,4457.24,3,4,4,Champions
4256.0,9,3,584.73,4,2,2,Loyal
4257.0,21,7,1427.75,4,4,3,Champions
4258.0,144,2,335.1,1,1,1,Lost
4259.0,277,7,1549.97,1,4,3,At Risk (was frequent)
4260.0,12,2,260.51,4,1,1,Developing
4261.0,31,3,1035.96,3,2,3,Loyal
4262.0,61,3,829.27,3,2,2,Loyal
4263.0,14,10,2452.26,4,4,4,Champions
4264.0,82,5,9720.23,2,3,4,At Risk (was frequent)
4265.0,5,2,321.05,4,1,1,Developing
4266.0,45,7,2181.37,3,4,3,Champions
4267.0,23,4,852.99,4,2,2,Loyal
4268.0,48,4,543.24,3,2,2,Loyal
4269.0,61,12,1685.71,3,4,3,Champions
4270.0,132,2,526.1700000000001,1,1,2,Lost
4271.0,15,5,2123.32,4,3,3,Champions
4272.0,80,10,2498.09,2,4,4,At Risk (was frequent)
4274.0,103,5,1068.95,2,3,3,At Risk (was frequent)
4275.0,89,6,1289.81,2,3,3,At Risk (was frequent)
4277.0,46,8,943.4399999999999,3,4,2,Loyal
4278.0,112,6,2040.07,2,3,3,At Risk (was frequent)
4279.0,12,2,586.65,4,1,2,Developing
4280.0,569,4,287.06,1,2,1,Lost
4281.0,76,5,2504.75,2,3,4,At Risk (was frequent)
4282.0,116,6,1306.0700000000002,2,3,3,At Risk (was frequent)
4283.0,5,7,574.6700000000001,4,4,2,Loyal
4284.0,117,6,2234.2400000000002,2,3,4,At Risk (was frequent)
4286.0,41,4,1177.1,3,2,3,Loyal
4287.0,114,2,197.89999999999998,2,1,1,Lost
4288.0,28,2,2637.8,3,1,4,Developing
4289.0,35,5,1074.95,3,3,3,Champions
4291.0,54,2,219.06,3,1,1,Developing
4293.0,125,3,2548.58,2,2,4,Lost
4294.0,65,4,457.81,2,2,2,Lost
4295.0,164,6,1084.8600000000001,1,3,3,At Risk (was frequent)
4296.0,37,6,1971.1000000000001,3,3,3,Champions
4297.0,96,2,1620.8100000000002,2,1,3,Lost
4298.0,519,3,996.32,1,2,3,Lost
4299.0,205,4,2061.45,1,2,3,Lost
4300.0,32,2,1517.86,3,1,3,Developing
4301.0,8,7,4301.08,4,4,4,Champions
4302.0,109,3,550.94,2,2,2,Lost
4303.0,59,4,2064.29,3,2,3,Loyal
4304.0,15,6,2083.8900000000003,4,3,3,Champions
4305.0,282,1,118.8,1,1,1,Lost
4306.0,11,3,4831.8099999999995,4,2,4,Loyal
4308.0,6,2,248.63,4,1,1,Developing
4309.0,42,4,313.2,3,2,1,Loyal
4310.0,3,6,671.28,4,3,2,Loyal
4311.0,105,2,64.48,2,1,1,Lost
4312.0,0,8,890.86,4,4,2,Loyal
4313.0,136,4,257.2,1,2,1,Lost
4314.0,29,2,554.39,3,1,2,Developing
4315.0,158,3,3401.51,1,2,4,Lost
4316.0,226,6,1432.74,1,3,3,At Risk (was frequent)
4317.0,39,7,4414.29,3,4,4,Champions
4318.0,17,7,1872.8700000000001,4,4,3,Champions
4319.0,236,5,1114.28,1,3,3,At Risk (was frequent)
4320.0,71,12,8661.09,2,4,4,At Risk (was frequent)
4321.0,371,4,2300.78,1,2,4,Lost
4322.0,123,3,836.89,2,2,2,Lost
4323.0,275,3,110.5,1,2,1,Lost
4324.0,6,5,1230.81,4,3,3,Champions
4325.0,98,8,1084.75,2,4,3,At Risk (was frequent)
4326.0,56,2,439.51,3,1,2,Developing
4327.0,111,2,161.66,2,1,1,Lost
4329.0,23,6,546.87,4,3,2,Loyal
4330.0,179,1,160.74,1,1,1,Lost
4331.0,25,6,2878.3900000000003,3,3,4,Champions
4332.0,77,5,3203.75,2,3,4,At Risk (was frequent)
4333.0,52,3,198.26,3,2,1,Loyal
4334.0,9,5,1877.91,4,3,3,Champions
4335.0,30,8,6085.18,3,4,4,Champions
4336.0,33,4,669.02,3,2,2,Loyal
4337.0,261,4,554.2,1,2,2,Lost
4338.0,37,7,5679.93,3,4,4,Champions
4339.0,132,2,767.03,1,1,2,Lost
4340.0,1,14,8592.58,4,4,4,Champions
4341.0,14,7,1535.36,4,4,3,Champions
4342.0,326,1,64.65,1,1,1,Lost
4343.0,45,13,7257.719999999999,3,4,4,Champions
4344.0,2,11,9680.68,4,4,4,Champions
4345.0,22,3,773.0600000000001,4,2,2,Loyal
4346.0,111,16,9473.02,2,4,4,At Risk (was frequent)
4347.0,66,5,738.16,2,3,2,At Risk (was frequent)
4348.0,18,15,4088.03,4,4,4,Champions
4349.0,6,13,20277.9,4,4,4,Champions
4351.0,130,2,672.86,2,1,2,Lost
4352.0,155,3,590.52,1,2,2,Lost
4353.0,220,5,5606.04,1,3,4,At Risk (was frequent)
4354.0,73,4,886.1499999999999,2,2,2,Lost
4355.0,49,5,1838.04,3,3,3,Champions
4356.0,256,2,391.3,1,1,1,Lost
4357.0,208,7,2749.48,1,4,4,At Risk (was frequent)
4358.0,211,5,810.3299999999999,1,3,2,At Risk (was frequent)
4359.0,15,2,477.02000000000004,4,1,2,Developing
4360.0,64,3,285.73,2,2,1,Lost
4361.0,32,3,1341.3799999999999,3,2,3,Loyal
4362.0,9,21,12243.6,4,4,4,Champions
4363.0,277,3,1177.06,1,2,3,Lost
4364.0,307,5,450.92,1,3,2,At Risk (was frequent)
4365.0,178,3,742.7,1,2,2,Lost
4366.0,43,2,998.97,3,1,3,Developing
4367.0,172,4,651.61,1,2,2,Lost
4368.0,9,10,5139.29,4,4,4,Champions
4369.0,63,7,1638.9,2,4,3,At Risk (was frequent)
4370.0,26,4,1415.8000000000002,3,2,3,Loyal
4371.0,5,1,345.18,4,1,1,Developing
4372.0,405,3,318.08,1,2,1,Lost
4374.0,55,4,1593.67,3,2,3,Loyal
4375.0,13,6,790.75,4,3,2,Loyal
4376.0,17,12,8917.32,4,4,4,Champions
4377.0,140,7,1670.59,1,4,3,At Risk (was frequent)
4378.0,333,4,739.4399999999999,1,2,2,Lost
4379.0,43,2,131.44,3,1,1,Developing
4380.0,250,7,1272.8200000000002,1,4,3,At Risk (was frequent)
4381.0,55,14,8129.49,3,4,4,Champions
4382.0,521,4,2233.16,1,2,4,Lost
4383.0,82,7,1394.21,2,4,3,At Risk (was frequent)
4384.0,120,2,482.45,2,1,2,Lost
4385.0,21,1,133.1,4,1,1,Developing
4386.0,117,7,1264.94,2,4,3,At Risk (was frequent)
4387.0,149,2,257.84000000000003,1,1,1,Lost
4388.0,26,1,361.56,3,1,1,Developing
4390.0,161,6,1534.19,1,3,3,At Risk (was frequent)
4391.0,57,5,621.14,3,3,2,Loyal
4394.0,168,1,18.28,1,1,1,Lost
4395.0,12,11,11842.82,4,4,4,Champions
4396.0,36,7,2542.42,3,4,4,Champions
4397.0,168,3,658.13,1,2,2,Lost
4398.0,14,2,320.82,4,1,1,Developing
4399.0,301,1,36.29,1,1,1,Lost
4400.0,50,3,394.55,3,2,1,Loyal
4401.0,102,10,3243.69,2,4,4,At Risk (was frequent)
4402.0,30,5,3108.44,3,3,4,Champions
4403.0,34,8,5590.28,3,4,4,Champions
4404.0,3,4,634.5699999999999,4,2,2,Loyal
4405.0,7,5,3577.74,4,3,4,Champions
4406.0,66,14,7053.88,2,4,4,At Risk (was frequent)
4407.0,10,4,423.48,4,2,1,Loyal
4408.0,76,4,663.75,2,2,2,Lost
4409.0,10,8,6520.860000000001,4,4,4,Champions
4410.0,260,3,492.53000000000003,1,2,2,Lost
4411.0,98,4,1216.8899999999999,2,2,3,Lost
4412.0,91,3,312.40999999999997,2,2,1,Lost
4413.0,122,4,958.4200000000001,2,2,2,Lost
4414.0,60,4,684.59,3,2,2,Loyal
4415.0,71,4,3251.69,2,2,4,Lost
4416.0,114,8,13053.33,2,4,4,At Risk (was frequent)
4417.0,97,3,572.3199999999999,2,2,2,Lost
4418.0,6,4,2502.88,4,2,4,Loyal
4419.0,213,2,495.8,1,1,2,Lost
4420.0,199,8,2440.6600000000003,1,4,4,At Risk (was frequent)
4421.0,69,5,2016.93,2,3,3,At Risk (was frequent)
4422.0,27,4,5359.43,3,2,4,Loyal
4423.0,182,1,27.38,1,1,1,Lost
4424.0,48,4,435.56000000000006,3,2,2,Loyal
4425.0,124,5,504.25,2,3,2,At Risk (was frequent)
4426.0,180,2,295.4,1,1,1,Lost
4427.0,9,5,1052.8899999999999,4,3,3,Champions
4428.0,90,3,538.36,2,2,2,Lost
4429.0,26,19,7603.82,3,4,4,Champions
4430.0,86,2,466.56,2,1,2,Lost
4431.0,52,4,448.24000000000007,3,2,2,Loyal
4432.0,33,4,1014.28,3,2,3,Loyal
4433.0,8,5,1759.76,4,3,3,Champions
4434.0,17,4,944.71,4,2,2,Loyal
4435.0,455,2,1345.38,1,1,3,Lost
4436.0,9,4,871.54,4,2,2,Loyal
4437.0,335,2,234.85999999999999,1,1,1,Lost
4438.0,25,8,2565.93,3,4,4,Champions
4439.0,17,6,2634.65,4,3,4,Champions
4440.0,33,3,819.63,3,2,2,Loyal
4441.0,194,2,282.7,1,1,1,Lost
4442.0,34,9,2208.7000000000003,3,4,4,Champions
4443.0,275,7,2207.89,1,4,4,At Risk (was frequent)
4444.0,7,5,1472.7,4,3,3,Champions
4445.0,85,7,3572.42,2,4,4,At Risk (was frequent)
4446.0,260,4,613.77,1,2,2,Lost
4447.0,13,3,380.84,4,2,1,Loyal
4448.0,71,6,1721.16,2,3,3,At Risk (was frequent)
4449.0,26,14,10715.960000000001,3,4,4,Champions
4450.0,8,7,946.96,4,4,2,Loyal
4451.0,217,1,154.61,1,1,1,Lost
4452.0,313,1,189.2,1,1,1,Lost
4453.0,22,7,2092.92,4,4,3,Champions
4454.0,168,5,1048.02,1,3,3,At Risk (was frequent)
4455.0,33,11,8370.56,3,4,4,Champions
4456.0,9,8,2389.21,4,4,4,Champions
4457.0,45,6,2223.55,3,3,4,Champions
4458.0,14,7,1233.35,4,4,3,Champions
4459.0,1,1,30.6,4,1,1,Developing
4460.0,62,5,1538.96,2,3,3,At Risk (was frequent)
4461.0,398,2,631.61,1,1,2,Lost
4463.0,14,9,2222.49,4,4,4,Champions
4464.0,41,4,333.01,3,2,1,Loyal
4465.0,148,4,1514.5,1,2,3,Lost
4466.0,187,1,111.26,1,1,1,Lost
4467.0,57,1,68.86,3,1,1,Developing
4468.0,234,1,510.26,1,1,2,Lost
4469.0,202,3,661.04,1,2,2,Lost
4470.0,170,4,824.33,1,2,2,Lost
4471.0,195,2,339.15999999999997,1,1,1,Lost
4472.0,19,11,12377.279999999999,4,4,4,Champions
4473.0,66,12,6017.55,2,4,4,At Risk (was frequent)
4474.0,29,2,185.84,3,1,1,Developing
4475.0,12,2,462.52000000000004,4,1,2,Developing
4476.0,75,4,624.68,2,2,2,Lost
4477.0,6,6,491.0,4,3,2,Loyal
4478.0,57,6,2248.84,3,3,4,Champions
4479.0,158,18,5501.53,1,4,4,At Risk (was frequent)
4480.0,4,14,9514.98,4,4,4,Champions
4481.0,9,4,651.74,4,2,2,Loyal
4482.0,264,4,876.7099999999999,1,2,2,Lost
4483.0,36,4,577.77,3,2,2,Loyal
4484.0,136,5,686.46,1,3,2,At Risk (was frequent)
4485.0,65,3,463.92,2,2,2,Lost
4487.0,31,2,962.9000000000001,3,1,2,Developing
4488.0,73,4,5331.84,2,2,4,Lost
4489.0,42,1,77.46,3,1,1,Developing
4491.0,130,5,1225.1299999999999,1,3,3,At Risk (was frequent)
4492.0,10,3,840.76,4,2,2,Loyal
4493.0,204,5,1092.8,1,3,3,At Risk (was frequent)
4494.0,215,4,1360.3,1,2,3,Lost
4495.0,131,3,185.36,1,2,1,Lost
4496.0,6,7,3877.9100000000003,4,4,4,Champions
4497.0,30,13,13677.65,3,4,4,Champions
4499.0,114,9,1367.6699999999998,2,4,3,At Risk (was frequent)
4500.0,61,5,857.1800000000001,3,3,2,Loyal
4501.0,95,8,1815.54,2,4,3,At Risk (was frequent)
4502.0,284,2,371.82000000000005,1,1,1,Lost
4503.0,15,3,517.08,4,2,2,Loyal
4504.0,30,3,715.4799999999999,3,2,2,Loyal
4505.0,36,7,2339.9500000000003,3,4,4,Champions
4506.0,181,4,532.3299999999999,1,2,2,Lost
4507.0,193,9,5548.5,1,4,4,At Risk (was frequent)
4508.0,42,5,3154.57,3,3,4,Champions
4509.0,71,6,3533.19,2,3,4,At Risk (was frequent)
4510.0,64,4,2411.91,2,2,4,Lost
4511.0,6,11,5899.5,4,4,4,Champions
4512.0,57,2,471.68,3,1,2,Developing
4513.0,28,5,1135.74,3,3,3,Champions
4514.0,16,2,207.76999999999998,4,1,1,Developing
4515.0,25,5,866.9200000000001,3,3,2,Loyal
4516.0,94,2,674.55,2,1,2,Lost
4517.0,76,2,1369.44,2,1,3,Lost
4518.0,109,1,33.66,2,1,1,Lost
4519.0,20,5,3311.74,4,3,4,Champions
4520.0,154,9,1243.0,1,4,3,At Risk (was frequent)
4521.0,45,7,1802.8600000000001,3,4,3,Champions
4522.0,334,2,458.17999999999995,1,1,2,Lost
4523.0,52,1,117.27,3,1,1,Developing
4524.0,289,2,206.39,1,1,1,Lost
4525.0,60,2,402.03,3,1,1,Developing
4526.0,53,8,5251.08,3,4,4,Champions
4527.0,129,3,566.73,2,2,2,Lost
4528.0,49,6,1606.6399999999999,3,3,3,Champions
4529.0,12,4,676.15,4,2,2,Loyal
4530.0,34,6,1161.66,3,3,3,Champions
4531.0,123,2,936.02,2,1,2,Lost
4532.0,39,2,350.85,3,1,1,Developing
4533.0,15,1,38.8,4,1,1,Developing
4534.0,141,1,293.06,1,1,1,Lost
4535.0,7,6,1012.0,4,3,3,Champions
4536.0,354,1,515.26,1,1,2,Lost
4537.0,154,5,1571.44,1,3,3,At Risk (was frequent)
4538.0,34,3,197.57,3,2,1,Loyal
4539.0,32,8,6058.610000000001,3,4,4,Champions
4540.0,14,2,83.64999999999999,4,1,1,Developing
4541.0,120,4,1011.23,2,2,3,Lost
4542.0,262,11,2012.06,1,4,3,At Risk (was frequent)
4543.0,122,2,1198.2,2,1,3,Lost
4544.0,19,13,11489.67,4,4,4,Champions
4546.0,58,3,470.41999999999996,3,2,2,Loyal
4547.0,114,5,701.21,2,3,2,At Risk (was frequent)
4548.0,77,2,1285.88,2,1,3,Lost
4549.0,57,6,1674.72,3,3,3,Champions
4550.0,2,6,1440.05,4,3,3,Champions
4551.0,61,10,4591.96,3,4,4,Champions
4552.0,86,4,1735.3000000000002,2,2,3,Lost
4553.0,0,6,1537.13,4,3,3,Champions
4555.0,37,8,2820.12,3,4,4,Champions
4556.0,92,2,607.1600000000001,2,1,2,Lost
4557.0,18,4,332.86,4,2,1,Loyal
4558.0,379,3,632.8199999999999,1,2,2,Lost
4559.0,15,15,11770.54,4,4,4,Champions
4560.0,9,6,7120.9800000000005,4,3,4,Champions
4561.0,71,5,767.5699999999999,2,3,2,At Risk (was frequent)
4562.0,9,3,99.4,4,2,1,Loyal
4563.0,137,11,1944.2,1,4,3,At Risk (was frequent)
4564.0,79,5,1907.0,2,3,3,At Risk (was frequent)
4565.0,204,3,691.01,1,2,2,Lost
4566.0,33,5,2844.5499999999997,3,3,4,Champions
4567.0,239,7,657.77,1,4,2,At Risk (was frequent)
4568.0,235,2,117.44,1,1,1,Lost
4570.0,33,4,1308.15,3,2,3,Loyal
4571.0,32,5,3570.85,3,3,4,Champions
4572.0,101,8,3520.21,2,4,4,At Risk (was frequent)
4573.0,353,1,175.28,1,1,1,Lost
4576.0,277,2,161.82000000000002,1,1,1,Lost
4577.0,158,2,1284.6799999999998,1,1,3,Lost
4578.0,87,4,495.98,2,2,2,Lost
4579.0,331,1,318.12,1,1,1,Lost
4580.0,58,2,301.26,3,1,1,Developing
4581.0,120,6,1041.98,2,3,3,At Risk (was frequent)
4582.0,88,4,370.25,2,2,1,Lost
4583.0,43,3,1183.97,3,2,3,Loyal
4584.0,103,5,674.22,2,3,2,At Risk (was frequent)
4585.0,269,1,714.2,1,1,2,Lost
4586.0,45,2,778.38,3,1,2,Developing
4587.0,38,4,341.73,3,2,1,Loyal
4588.0,165,4,2488.63,1,2,4,Lost
4589.0,30,4,317.38,3,2,1,Loyal
4590.0,14,5,2463.29,4,3,4,Champions
4591.0,78,5,1885.8,2,3,3,At Risk (was frequent)
4592.0,98,5,5318.78,2,3,4,At Risk (was frequent)
4593.0,120,8,8203.31,2,4,4,At Risk (was frequent)
4596.0,155,3,1413.19,1,2,3,Lost
4598.0,10,3,1148.55,4,2,3,Loyal
4599.0,326,1,379.14,1,1,1,Lost
4600.0,3,5,1226.81,4,3,3,Champions
4601.0,6,4,305.85,4,2,1,Loyal
4602.0,31,5,707.1500000000001,3,3,2,Loyal
4603.0,99,2,263.35,2,1,1,Lost
4604.0,3,3,217.95,4,2,1,Loyal
4605.0,25,7,798.83,3,4,2,Loyal
4606.0,50,5,670.4,3,3,2,Loyal
4607.0,114,7,1003.05,2,4,3,At Risk (was frequent)
4608.0,100,1,129.49,2,1,1,Lost
4609.0,148,4,539.27,1,2,2,Lost
4610.0,16,12,4533.21,4,4,4,Champions
4612.0,18,12,4880.68,4,4,4,Champions
4613.0,143,3,715.0,1,2,2,Lost
4614.0,103,5,1514.2800000000002,2,3,3,At Risk (was frequent)
4615.0,95,12,2728.58,2,4,4,At Risk (was frequent)
4616.0,25,5,402.02,3,3,1,Loyal
4617.0,12,3,1416.44,4,2,3,Loyal
4618.0,62,2,681.71,2,1,2,Lost
4619.0,42,3,479.58,3,2,2,Loyal
4620.0,223,1,40.2,1,1,1,Lost
4621.0,100,2,168.01,2,1,1,Lost
4622.0,24,5,2484.33,4,3,4,Champions
4624.0,48,1,8.12,3,1,1,Developing
4625.0,7,4,417.12,4,2,1,Loyal
4626.0,4,11,2887.77,4,4,4,Champions
4627.0,342,1,70.6,1,1,1,Lost
4629.0,20,5,549.6,4,3,2,Loyal
4630.0,229,1,94.62,1,1,1,Lost
4631.0,20,11,5406.5,4,4,4,Champions
4632.0,31,6,3753.58,3,3,4,Champions
4633.0,39,3,1107.12,3,2,3,Loyal
4634.0,7,9,1649.84,4,4,3,Champions
4635.0,73,2,122.64,2,1,1,Lost
4636.0,130,6,1438.4,1,3,3,At Risk (was frequent)
4637.0,81,4,950.8,2,2,2,Lost
4638.0,122,6,931.68,2,3,2,At Risk (was frequent)
4639.0,193,2,866.01,1,1,2,Lost
4640.0,55,15,10308.15,3,4,4,Champions
4641.0,114,14,8008.2,2,4,4,At Risk (was frequent)
4642.0,39,3,955.5,3,2,2,Loyal
4644.0,87,9,3993.25,2,4,4,At Risk (was frequent)
4645.0,37,2,180.54000000000002,3,1,1,Developing
4646.0,33,8,2282.04,3,4,4,Champions
4649.0,0,11,8828.92,4,4,4,Champions
4650.0,87,2,965.02,2,1,2,Lost
4651.0,120,2,190.18,2,1,1,Lost
4652.0,16,7,1634.83,4,4,3,Champions
4653.0,29,7,1413.48,3,4,3,Champions
4654.0,73,4,416.4,2,2,1,Lost
4655.0,139,4,160.76,1,2,1,Lost
4656.0,66,3,847.9,2,2,2,Lost
4657.0,119,6,2673.3599999999997,2,3,4,At Risk (was frequent)
4659.0,34,7,1999.8000000000002,3,4,3,Champions
4660.0,50,8,904.1800000000001,3,4,2,Loyal
4661.0,52,2,1140.31,3,1,3,Developing
4662.0,88,6,3789.7699999999995,2,3,4,At Risk (was frequent)
4663.0,106,3,468.36,2,2,2,Lost
4664.0,33,4,951.05,3,2,2,Loyal
4665.0,166,5,458.12,1,3,2,At Risk (was frequent)
4666.0,14,10,5739.11,4,4,4,Champions
4667.0,121,2,283.17,2,1,1,Lost
4668.0,147,2,898.62,1,1,2,Lost
4669.0,514,3,4471.700000000001,1,2,4,Lost
4670.0,47,11,1573.9,3,4,3,Champions
4671.0,20,8,6567.05,4,4,4,Champions
4672.0,57,7,782.77,3,4,2,Loyal
4673.0,163,5,1246.56,1,3,3,At Risk (was frequent)
4674.0,119,2,203.42,2,1,1,Lost
4675.0,129,7,6843.41,2,4,4,At Risk (was frequent)
4676.0,40,12,8148.46,3,4,4,Champions
4677.0,50,5,1629.03,3,3,3,Champions
4679.0,96,5,978.25,2,3,2,At Risk (was frequent)
4680.0,33,2,348.7,3,1,1,Developing
4681.0,127,5,896.59,2,3,2,At Risk (was frequent)
4682.0,119,5,729.99,2,3,2,At Risk (was frequent)
4683.0,198,2,74.46,1,1,1,Lost
4685.0,19,2,188.98,4,1,1,Developing
4686.0,27,6,3897.71,3,3,4,Champions
4687.0,132,11,10862.41,1,4,4,At Risk (was frequent)
4688.0,89,5,516.64,2,3,2,At Risk (was frequent)
4689.0,36,7,1847.5800000000002,3,4,3,Champions
4690.0,25,7,1348.03,3,4,3,Champions
4691.0,6,6,684.94,4,3,2,Loyal
4692.0,67,2,506.18,2,1,2,Lost
4694.0,13,25,28563.12,4,4,4,Champions
4695.0,7,10,2166.47,4,4,3,Champions
4696.0,25,1,206.16,3,1,1,Developing
4697.0,20,2,572.81,4,1,2,Developing
4698.0,247,3,715.97,1,2,2,Lost
4699.0,141,3,977.16,1,2,2,Lost
4700.0,108,4,874.98,2,2,2,Lost
4701.0,77,9,3910.06,2,4,4,At Risk (was frequent)
4702.0,63,3,977.5,2,2,2,Lost
4703.0,246,3,2405.2400000000002,1,2,4,Lost
4704.0,151,3,883.36,1,2,2,Lost
4705.0,156,3,940.45,1,2,2,Lost
4706.0,158,3,365.15999999999997,1,2,1,Lost
4707.0,69,2,380.25,2,1,1,Lost
4708.0,17,11,3122.24,4,4,4,Champions
4709.0,9,7,1645.8899999999999,4,4,3,Champions
4710.0,84,6,1916.97,2,3,3,At Risk (was frequent)
4711.0,34,6,4348.8099999999995,3,3,4,Champions
4712.0,66,5,1464.9,2,3,3,At Risk (was frequent)
4713.0,24,4,1044.41,4,2,3,Loyal
4714.0,178,2,374.46000000000004,1,1,1,Lost
4715.0,27,5,2739.22,3,3,4,Champions
4716.0,39,2,541.79,3,1,2,Developing
4717.0,532,2,699.1,1,1,2,Lost
4719.0,47,5,1788.72,3,3,3,Champions
4720.0,339,3,1364.24,1,2,3,Lost
4721.0,44,2,169.96,3,1,1,Developing
4722.0,121,9,2841.06,2,4,4,At Risk (was frequent)
4723.0,123,8,5020.2,2,4,4,At Risk (was frequent)
4724.0,101,7,3612.75,2,4,4,At Risk (was frequent)
4725.0,20,6,875.1999999999999,4,3,2,Loyal
4726.0,45,1,296.36,3,1,1,Developing
4727.0,42,2,583.4399999999999,3,1,2,Developing
4728.0,64,4,503.65,2,2,2,Lost
4729.0,195,6,375.33000000000004,1,3,1,At Risk (was frequent)
4730.0,18,5,3790.5,4,3,4,Champions
4731.0,110,7,4470.47,2,4,4,At Risk (was frequent)
4732.0,137,11,16366.6,1,4,4,At Risk (was frequent)
4733.0,106,4,450.89,2,2,2,Lost
4734.0,57,9,3389.27,3,4,4,Champions
4735.0,32,10,3251.0,3,4,4,Champions
4736.0,18,3,518.22,4,2,2,Loyal
4737.0,39,10,1398.01,3,4,3,Champions
4738.0,57,4,3877.15,3,2,4,Loyal
4739.0,198,2,305.5,1,1,1,Lost
4740.0,157,3,666.66,1,2,2,Lost
4741.0,15,2,104.44999999999999,4,1,1,Developing
4742.0,64,13,5865.88,2,4,4,At Risk (was frequent)
4744.0,6,4,705.26,4,2,2,Loyal
4745.0,40,5,391.04,3,3,1,Loyal
4746.0,253,2,452.42,1,1,2,Lost
4747.0,102,12,11752.01,2,4,4,At Risk (was frequent)
4748.0,4,9,3297.18,4,4,4,Champions
4749.0,16,4,1976.3200000000002,4,2,3,Loyal
4750.0,6,2,2686.75,4,1,4,Developing
4751.0,42,11,1749.54,3,4,3,Champions
4752.0,8,7,2135.1,4,4,3,Champions
4753.0,62,10,5848.82,2,4,4,At Risk (was frequent)
4754.0,5,3,2918.12,4,2,4,Loyal
4755.0,47,2,79.53999999999999,3,1,1,Developing
4756.0,52,4,198.69,3,2,1,Loyal
4757.0,2,4,841.8499999999999,4,2,2,Loyal
4758.0,162,6,1023.8599999999999,1,3,3,At Risk (was frequent)
4759.0,250,1,22.2,1,1,1,Lost
4760.0,23,5,1111.03,4,3,3,Champions
4761.0,2,10,7382.99,4,4,4,Champions
4762.0,0,2,774.8299999999999,4,1,2,Developing
4763.0,66,2,343.0,2,1,1,Lost
4764.0,43,13,3004.09,3,4,4,Champions
4765.0,320,4,1707.44,1,2,3,Lost
4766.0,14,9,2613.2999999999997,4,4,4,Champions
4767.0,59,4,658.52,3,2,2,Loyal
4768.0,4,15,13583.800000000001,4,4,4,Champions
4770.0,60,3,306.78999999999996,3,2,1,Loyal
4771.0,45,2,1774.2,3,1,3,Developing
4772.0,23,4,611.12,4,2,2,Loyal
4773.0,157,3,353.22,1,2,1,Lost
4774.0,17,5,1254.4,4,3,3,Champions
4775.0,6,8,4197.6900000000005,4,4,4,Champions
4776.0,43,23,14471.18,3,4,4,Champions
4777.0,148,3,1558.78,1,2,3,Lost
4780.0,58,8,3176.17,3,4,4,Champions
4782.0,34,11,1896.7,3,4,3,Champions
4783.0,43,6,2451.41,3,3,4,Champions
4784.0,147,3,160.6,1,2,1,Lost
4785.0,54,8,2644.43,3,4,4,Champions
4786.0,7,1,549.56,4,1,2,Developing
4787.0,44,2,178.22000000000003,3,1,1,Developing
4788.0,55,5,630.48,3,3,2,Loyal
4790.0,439,3,981.8,1,2,2,Lost
4791.0,221,1,85.3,1,1,1,Lost
4792.0,3,3,2763.96,4,2,4,Loyal
4793.0,58,4,1006.46,3,2,3,Loyal
4794.0,1,6,3393.23,4,3,4,Champions
4795.0,15,5,1053.64,4,3,3,Champions
4796.0,101,4,706.14,2,2,2,Lost
4797.0,135,2,965.86,1,1,2,Lost
4798.0,270,3,649.79,1,2,2,Lost
4800.0,132,3,1119.79,1,2,3,Lost
4802.0,7,8,3375.33,4,4,4,Champions
4803.0,183,1,154.64,1,1,1,Lost
4804.0,144,1,297.52,1,1,1,Lost
4805.0,40,4,2095.75,3,2,3,Loyal
4806.0,331,3,304.11,1,2,1,Lost
4807.0,5,7,755.62,4,4,2,Loyal
4808.0,17,6,1285.22,4,3,3,Champions
4809.0,88,3,689.05,2,2,2,Lost
4810.0,63,4,225.01,2,2,1,Lost
4811.0,80,5,204.36,2,3,1,At Risk (was frequent)
4812.0,65,8,1227.51,2,4,3,At Risk (was frequent)
4813.0,59,4,2774.01,3,2,4,Loyal
4814.0,7,2,1142.3400000000001,4,1,3,Developing
4815.0,32,5,3449.34,3,3,4,Champions
4816.0,317,1,145.44,1,1,1,Lost
4817.0,237,2,412.86,1,1,1,Lost
4818.0,81,1,676.67,2,1,2,Lost
4819.0,219,6,2017.44,1,3,3,At Risk (was frequent)
4820.0,10,3,2868.7199999999993,4,2,4,Loyal
4821.0,85,4,473.65000000000003,2,2,2,Lost
4822.0,25,2,163.57999999999998,3,1,1,Developing
4823.0,35,10,4185.79,3,4,4,Champions
4824.0,11,5,898.6600000000001,4,3,2,Loyal
4825.0,117,6,839.4899999999999,2,3,2,At Risk (was frequent)
4826.0,34,8,4836.65,3,4,4,Champions
4827.0,117,2,2031.97,2,1,3,Lost
4828.0,170,4,861.79,1,2,2,Lost
4829.0,152,1,37.93,1,1,1,Lost
4830.0,280,9,2879.44,1,4,4,At Risk (was frequent)
4831.0,81,3,323.34000000000003,2,2,1,Lost
4832.0,53,14,2097.5899999999997,3,4,3,Champions
4833.0,25,2,94.72999999999999,3,1,1,Developing
4835.0,30,3,357.6,3,2,1,Loyal
4836.0,108,8,2491.36,2,4,4,At Risk (was frequent)
4837.0,74,9,1948.96,2,4,3,At Risk (was frequent)
4838.0,323,2,133.13,1,1,1,Lost
4840.0,72,2,385.46000000000004,2,1,1,Lost
4841.0,456,7,830.53,1,4,2,At Risk (was frequent)
4842.0,20,7,1703.1399999999999,4,4,3,Champions
4843.0,61,10,3305.52,3,4,4,Champions
4844.0,61,3,2029.1999999999998,3,2,3,Loyal
4845.0,7,3,1851.14,4,2,3,Loyal
4846.0,229,3,249.68,1,2,1,Lost
4847.0,18,6,2659.11,4,3,4,Champions
4848.0,143,1,1379.98,1,1,3,Lost
4849.0,98,7,1110.6,2,4,3,At Risk (was frequent)
4850.0,130,1,246.72,1,1,1,Lost
4851.0,24,2,482.88,4,1,2,Developing
4852.0,195,2,46.72,1,1,1,Lost
4853.0,8,1,381.37,4,1,1,Developing
4854.0,214,5,558.59,1,3,2,At Risk (was frequent)
4855.0,57,4,2232.09,3,2,4,Loyal
4856.0,213,9,2323.49,1,4,4,At Risk (was frequent)
4857.0,14,8,4417.43,4,4,4,Champions
4858.0,51,5,335.21,3,3,1,Loyal
4859.0,315,6,431.21999999999997,1,3,2,At Risk (was frequent)
4860.0,173,6,1888.03,1,3,3,At Risk (was frequent)
4861.0,71,3,107.42,2,2,1,Lost
4862.0,219,3,991.6099999999999,1,2,2,Lost
4863.0,87,4,559.2099999999999,2,2,2,Lost
4864.0,18,12,11522.12,4,4,4,Champions
4865.0,33,1,129.5,3,1,1,Developing
4866.0,103,2,484.33,2,1,2,Lost
4867.0,60,5,1684.3899999999999,3,3,3,Champions
4868.0,8,6,1728.79,4,3,3,Champions
4869.0,151,2,396.29999999999995,1,1,1,Lost
4870.0,268,2,239.15,1,1,1,Lost
4871.0,7,12,8154.5599999999995,4,4,4,Champions
4872.0,245,1,210.91,1,1,1,Lost
4873.0,135,7,722.54,1,4,2,At Risk (was frequent)
4874.0,40,5,1296.6499999999999,3,3,3,Champions
4875.0,31,5,1707.0500000000002,3,3,3,Champions
4876.0,45,4,649.3,3,2,2,Loyal
4877.0,58,3,473.51,3,2,2,Loyal
4878.0,33,20,10480.25,3,4,4,Champions
4879.0,60,5,846.28,3,3,2,Loyal
4880.0,379,5,1038.37,1,3,3,At Risk (was frequent)
4881.0,180,3,2151.6,1,2,3,Lost
4882.0,16,15,7370.08,4,4,4,Champions
4883.0,77,2,432.42,2,1,2,Lost
4884.0,19,5,1839.36,4,3,3,Champions
4885.0,159,3,1300.97,1,2,3,Lost
4886.0,32,6,2607.64,3,3,4,Champions
4887.0,89,19,8049.62,2,4,4,At Risk (was frequent)
4888.0,101,2,492.83,2,1,2,Lost
4889.0,91,14,8024.0,2,4,4,At Risk (was frequent)
4890.0,43,5,3065.0,3,3,4,Champions
4891.0,68,5,1165.8600000000001,2,3,3,At Risk (was frequent)
4892.0,76,3,461.46000000000004,2,2,2,Lost
4893.0,106,2,163.99,2,1,1,Lost
4894.0,28,3,436.34,3,2,2,Loyal
4895.0,2,1,95.36,4,1,1,Developing
4896.0,205,1,842.5,1,1,2,Lost
4897.0,122,2,98.53,2,1,1,Lost
4899.0,1,2,212.9,4,1,1,Developing
4900.0,7,2,605.54,4,1,2,Developing
4901.0,24,4,935.79,4,2,2,Loyal
4902.0,6,4,758.9399999999999,4,2,2,Loyal
4903.0,144,5,1537.28,1,3,3,At Risk (was frequent)
4904.0,67,9,3439.7200000000003,2,4,4,At Risk (was frequent)
4905.0,198,5,912.61,1,3,2,At Risk (was frequent)
4906.0,64,13,13864.55,2,4,4,At Risk (was frequent)
4907.0,4,13,7101.38,4,4,4,Champions
4908.0,37,6,1124.28,3,3,3,Champions
4909.0,13,4,374.24,4,2,1,Loyal
4910.0,150,4,992.02,1,2,2,Lost
4911.0,11,7,616.0799999999999,4,4,2,Loyal
4913.0,107,6,1047.51,2,3,3,At Risk (was frequent)
4914.0,371,6,1758.01,1,3,3,At Risk (was frequent)
4915.0,66,5,2006.04,2,3,3,At Risk (was frequent)
4916.0,16,9,1449.33,4,4,3,Champions
4918.0,55,4,1077.8600000000001,3,2,3,Loyal
4919.0,82,3,1667.4999999999998,2,2,3,Lost
4920.0,36,6,1964.5500000000002,3,3,3,Champions
4921.0,29,8,2434.46,3,4,4,Champions
4922.0,179,8,1218.87,1,4,3,At Risk (was frequent)
4923.0,145,5,2162.45,1,3,3,At Risk (was frequent)
4924.0,49,12,2344.53,3,4,4,Champions
4925.0,528,6,621.06,1,3,2,At Risk (was frequent)
4926.0,26,2,136.56,3,1,1,Developing
4927.0,2,14,15522.53,4,4,4,Champions
4928.0,599,2,1407.8300000000002,1,1,3,Lost
4929.0,72,2,807.88,2,1,2,Lost
4930.0,48,5,1872.47,3,3,3,Champions
4931.0,38,6,690.66,3,3,2,Loyal
4932.0,154,12,3329.71,1,4,4,At Risk (was frequent)
4933.0,49,8,3570.91,3,4,4,Champions
4934.0,44,12,1903.5,3,4,3,Champions
4935.0,145,2,502.09,1,1,2,Lost
4936.0,10,6,6495.89,4,3,4,Champions
4937.0,17,5,1366.29,4,3,3,Champions
4938.0,27,7,1350.48,3,4,3,Champions
4939.0,17,3,2433.44,4,2,4,Loyal
4940.0,64,5,1933.71,2,3,3,At Risk (was frequent)
4941.0,216,9,2007.19,1,4,3,At Risk (was frequent)
4942.0,67,15,8503.13,2,4,4,At Risk (was frequent)
4943.0,3,9,10359.14,4,4,4,Champions
4944.0,59,3,314.76,3,2,1,Loyal
4945.0,85,13,11557.970000000001,2,4,4,At Risk (was frequent)
4946.0,49,7,3840.21,3,4,4,Champions
4947.0,58,4,1248.6100000000001,3,2,3,Loyal
4948.0,8,4,1404.0,4,2,3,Loyal
4949.0,141,4,932.8600000000001,1,2,2,Lost
4950.0,12,5,2212.69,4,3,4,Champions
4951.0,1,4,741.34,4,2,2,Loyal
4952.0,130,5,2227.03,1,3,4,At Risk (was frequent)
4953.0,62,3,434.78000000000003,2,2,2,Lost
4954.0,37,3,579.74,3,2,2,Loyal
4956.0,82,6,379.19,2,3,1,At Risk (was frequent)
4957.0,228,3,1410.19,1,2,3,Lost
4958.0,33,2,173.8,3,1,1,Developing
4959.0,67,2,1291.97,2,1,3,Lost
4961.0,176,1,23.21,1,1,1,Lost
4962.0,45,4,638.4499999999999,3,2,2,Loyal
4963.0,88,3,715.24,2,2,2,Lost
4964.0,128,5,1460.3200000000002,2,3,3,At Risk (was frequent)
4965.0,348,1,13.95,1,1,1,Lost
4966.0,8,6,2159.81,4,3,3,Champions
4967.0,16,7,1514.15,4,4,3,Champions
4968.0,27,4,1632.29,3,2,3,Loyal
4969.0,16,3,532.11,4,2,2,Loyal
4970.0,95,3,1574.74,2,2,3,Lost
4971.0,4,2,389.27,4,1,1,Developing
4972.0,4,4,763.5699999999999,4,2,2,Loyal
4973.0,8,4,1094.45,4,2,3,Loyal
4974.0,187,3,299.82,1,2,1,Lost
4975.0,77,2,679.82,2,1,2,Lost
4976.0,19,2,804.55,4,1,2,Developing
4977.0,84,1,55.48,2,1,1,Lost
4979.0,3,6,1147.49,4,3,3,Champions
4980.0,142,2,1328.95,1,1,3,Lost
4981.0,19,1,652.31,4,1,2,Developing
4982.0,51,1,15.3,3,1,1,Developing
4983.0,7,4,504.91,4,2,2,Loyal
4984.0,14,3,780.0799999999999,4,2,2,Loyal
4985.0,1,1,433.38,4,1,2,Developing
4986.0,158,5,2371.7799999999997,1,3,4,At Risk (was frequent)
4987.0,10,1,259.39,4,1,1,Developing
4988.0,143,8,2644.0099999999998,1,4,4,At Risk (was frequent)
4989.0,283,5,1033.59,1,3,3,At Risk (was frequent)
4990.0,129,8,889.47,2,4,2,At Risk (was frequent)
4991.0,181,2,202.44,1,1,1,Lost
4992.0,47,10,14185.91,3,4,4,Champions
4993.0,123,3,881.64,2,2,2,Lost
4994.0,7,3,434.73,4,2,2,Loyal
4995.0,99,3,509.92999999999995,2,2,2,Lost
4996.0,230,3,1221.1399999999999,1,2,3,Lost
4997.0,144,4,3306.68,1,2,4,Lost
4998.0,121,2,443.74,2,1,2,Lost
4999.0,16,12,13349.140000000001,4,4,4,Champions
5000.0,23,2,735.13,4,1,2,Developing
5002.0,186,7,2149.67,1,4,3,At Risk (was frequent)
5003.0,118,9,5579.02,2,4,4,At Risk (was frequent)
5004.0,254,10,7353.51,1,4,4,At Risk (was frequent)
5005.0,20,4,2748.92,4,2,4,Loyal
5006.0,185,3,354.12,1,2,1,Lost
5008.0,147,4,720.48,1,2,2,Lost
5009.0,60,7,3569.73,3,4,4,Champions
5010.0,6,6,943.59,4,3,2,Loyal
5012.0,14,7,1590.1,4,4,3,Champions
5013.0,30,8,3345.02,3,4,4,Champions
5014.0,104,7,4734.15,2,4,4,At Risk (was frequent)
5015.0,70,6,797.4200000000001,2,3,2,At Risk (was frequent)
5016.0,40,8,988.71,3,4,2,Loyal
5017.0,363,2,95.28,1,1,1,Lost
5018.0,41,4,703.2599999999999,3,2,2,Loyal
5019.0,217,2,180.5,1,1,1,Lost
5020.0,13,8,1334.75,4,4,3,Champions
5021.0,42,9,2564.17,3,4,4,Champions
5023.0,26,10,8871.44,3,4,4,Champions
5024.0,88,5,760.5699999999999,2,3,2,At Risk (was frequent)
5025.0,87,12,2112.7,2,4,3,At Risk (was frequent)
5026.0,129,5,1985.65,2,3,3,At Risk (was frequent)
5027.0,191,1,133.25,1,1,1,Lost
5028.0,81,9,2625.6099999999997,2,4,4,At Risk (was frequent)
5029.0,28,8,2050.37,3,4,3,Champions
5030.0,87,6,653.88,2,3,2,At Risk (was frequent)
5031.0,30,3,882.34,3,2,2,Loyal
5032.0,107,1,145.42,2,1,1,Lost
5033.0,77,5,423.67,2,3,1,At Risk (was frequent)
5034.0,153,3,155.99,1,2,1,Lost
5035.0,45,3,405.21999999999997,3,2,1,Loyal
5036.0,19,2,1912.56,4,1,3,Developing
5037.0,106,4,492.01,2,2,2,Lost
5038.0,144,14,7384.81,1,4,4,At Risk (was frequent)
5039.0,196,7,680.1800000000001,1,4,2,At Risk (was frequent)
5040.0,44,4,704.7600000000001,3,2,2,Loyal
5041.0,4,10,4220.65,4,4,4,Champions
5042.0,57,2,1943.64,3,1,3,Developing
5043.0,135,1,486.22,1,1,2,Lost
5044.0,23,7,1231.55,4,4,3,Champions
5045.0,3,7,3069.73,4,4,4,Champions
5046.0,38,7,2115.74,3,4,3,Champions
5047.0,44,3,177.03,3,2,1,Loyal
5048.0,65,3,625.72,2,2,2,Lost
5049.0,54,5,917.44,3,3,2,Loyal
5050.0,6,12,2122.62,4,4,3,Champions
5051.0,15,3,669.4499999999999,4,2,2,Loyal
5052.0,3,3,3278.07,4,2,4,Loyal
5053.0,190,2,580.21,1,1,2,Lost
5054.0,4,9,1989.55,4,4,3,Champions
5055.0,63,3,937.74,2,2,2,Lost
5056.0,59,3,329.17,3,2,1,Loyal
5057.0,28,4,680.33,3,2,2,Loyal
5058.0,24,5,1401.02,4,3,3,Champions
5060.0,48,2,836.77,3,1,2,Developing
5061.0,111,2,826.39,2,1,2,Lost
5062.0,15,8,4464.15,4,4,4,Champions
5063.0,173,1,162.08,1,1,1,Lost
5064.0,91,1,520.28,2,1,2,Lost
5066.0,159,4,660.12,1,2,2,Lost
5067.0,80,7,1478.92,2,4,3,At Risk (was frequent)
5068.0,183,1,66.96,1,1,1,Lost
5069.0,19,1,7.12,4,1,1,Developing
5070.0,67,1,138.14,2,1,1,Lost
5071.0,115,3,604.1600000000001,2,2,2,Lost
5072.0,47,4,1198.3700000000001,3,2,3,Loyal
5073.0,175,1,202.36,1,1,1,Lost
5074.0,10,7,11968.02,4,4,4,Champions
5075.0,54,6,1247.81,3,3,3,Champions
5077.0,35,7,1654.16,3,4,3,Champions
5078.0,16,4,315.34999999999997,4,2,1,Loyal
5079.0,79,4,589.11,2,2,2,Lost
5080.0,12,4,330.04,4,2,1,Loyal
5081.0,3,17,13397.7,4,4,4,Champions
5082.0,186,1,301.89,1,1,1,Lost
5083.0,16,4,551.52,4,2,2,Loyal
5084.0,246,1,107.04,1,1,1,Lost
5085.0,43,4,485.71999999999997,3,2,2,Loyal
5086.0,12,3,577.73,4,2,2,Loyal
5087.0,124,1,180.84,2,1,1,Lost
5088.0,180,9,8970.21,1,4,4,At Risk (was frequent)
5089.0,12,12,4546.07,4,4,4,Champions
5090.0,104,2,696.8100000000001,2,1,2,Lost
5091.0,388,3,638.1800000000001,1,2,2,Lost
5092.0,282,2,940.1700000000001,1,1,2,Lost
5093.0,36,7,2517.98,3,4,4,Champions
5095.0,8,4,887.3000000000001,4,2,2,Loyal
5096.0,150,3,368.42,1,2,1,Lost
5098.0,37,3,1097.26,3,2,3,Loyal
5099.0,9,7,3410.18,4,4,4,Champions
5100.0,48,1,31.0,3,1,1,Developing
5101.0,15,6,3908.3,4,3,4,Champions
5102.0,57,6,1800.79,3,3,3,Champions
5103.0,89,2,1139.47,2,1,3,Lost
5104.0,99,7,2281.8100000000004,2,4,4,At Risk (was frequent)
5105.0,104,2,462.07,2,1,2,Lost
5106.0,107,10,757.73,2,4,2,At Risk (was frequent)
5107.0,131,5,1236.71,1,3,3,At Risk (was frequent)
5108.0,28,7,1256.51,3,4,3,Champions
5109.0,157,2,938.55,1,1,2,Lost
5110.0,274,1,59.45,1,1,1,Lost
5111.0,40,2,337.42,3,1,1,Developing
5112.0,95,11,3150.8,2,4,4,At Risk (was frequent)
5113.0,1,4,819.1899999999999,4,2,2,Loyal
5114.0,122,1,255.6,2,1,1,Lost
5115.0,64,4,1250.52,2,2,3,Lost
5116.0,139,1,335.48,1,1,1,Lost
5117.0,99,4,933.27,2,2,2,Lost
5118.0,70,8,1702.33,2,4,3,At Risk (was frequent)
5119.0,35,2,589.23,3,1,2,Developing
5120.0,406,1,95.52,1,1,1,Lost
5121.0,84,14,1598.21,2,4,3,At Risk (was frequent)
5122.0,57,1,56.37,3,1,1,Developing
5123.0,47,12,12635.39,3,4,4,Champions
5124.0,11,12,10730.679999999998,4,4,4,Champions
5125.0,64,3,2162.94,2,2,3,Lost
5126.0,107,4,337.65,2,2,1,Lost
5127.0,57,3,210.37,3,2,1,Loyal
5128.0,36,11,3383.55,3,4,4,Champions
5129.0,8,5,264.26,4,3,1,Loyal
5130.0,31,5,1442.15,3,3,3,Champions
5134.0,24,3,963.9,4,2,2,Loyal
5135.0,111,8,2564.36,2,4,4,At Risk (was frequent)
5136.0,130,4,2002.56,1,2,3,Lost
5138.0,126,7,1818.58,2,4,3,At Risk (was frequent)
5139.0,149,1,300.6,1,1,1,Lost
5140.0,156,4,2032.33,1,2,3,Lost
5141.0,3,1,201.1,4,1,1,Developing
5142.0,245,4,657.79,1,2,2,Lost
5143.0,26,4,1761.98,3,2,3,Loyal
5144.0,154,4,1258.59,1,2,3,Lost
5145.0,43,4,3508.28,3,2,4,Loyal
5146.0,235,1,32.26,1,1,1,Lost
5147.0,236,1,300.45,1,1,1,Lost
5148.0,216,2,1361.85,1,1,3,Lost
5149.0,1,1,52.12,4,1,1,Developing
5150.0,268,3,172.87,1,2,1,Lost
5152.0,13,9,6906.160000000001,4,4,4,Champions
5153.0,67,5,2406.33,2,3,4,At Risk (was frequent)
5154.0,344,3,305.15,1,2,1,Lost
5155.0,63,15,5905.35,2,4,4,At Risk (was frequent)
5156.0,60,7,2788.35,3,4,4,Champions
5157.0,67,1,30.36,2,1,1,Lost
5158.0,70,9,1765.55,2,4,3,At Risk (was frequent)
5159.0,25,1,698.9,3,1,2,Developing
5160.0,46,8,5443.38,3,4,4,Champions
5161.0,30,7,1160.3,3,4,3,Champions
5162.0,5,5,2142.17,4,3,3,Champions
5163.0,26,5,569.69,3,3,2,Loyal
5164.0,30,13,6130.7,3,4,4,Champions
5165.0,7,5,996.8399999999999,4,3,3,Champions
5166.0,19,3,330.06,4,2,1,Loyal
5167.0,40,10,2080.17,3,4,3,Champions
5168.0,147,1,199.41,1,1,1,Lost
5169.0,275,3,966.76,1,2,2,Lost
5170.0,53,3,283.86,3,2,1,Loyal
5171.0,63,2,848.8,2,1,2,Lost
5172.0,66,5,535.34,2,3,2,At Risk (was frequent)
5173.0,29,5,2377.9,3,3,4,Champions
5174.0,11,10,1474.99,4,4,3,Champions
5175.0,151,5,1345.3899999999999,1,3,3,At Risk (was frequent)
5176.0,0,8,2328.43,4,4,4,Champions
5177.0,140,1,32.73,1,1,1,Lost
5178.0,129,2,1020.69,2,1,3,Lost
5179.0,84,4,507.61,2,2,2,Lost
5180.0,100,7,1273.79,2,4,3,At Risk (was frequent)
5181.0,66,5,438.71000000000004,2,3,2,At Risk (was frequent)
5182.0,99,3,1595.52,2,2,3,Lost
5183.0,148,5,1551.0700000000002,1,3,3,At Risk (was frequent)
5185.0,0,19,14793.2,4,4,4,Champions
5186.0,22,29,31409.66,4,4,4,Champions
5187.0,32,5,1119.83,3,3,3,Champions
5188.0,52,2,91.65,3,1,1,Developing
5189.0,73,3,817.86,2,2,2,Lost
5190.0,19,3,270.41999999999996,4,2,1,Loyal
5191.0,42,2,624.0,3,1,2,Developing
5192.0,88,19,20581.04,2,4,4,At Risk (was frequent)
5193.0,81,6,1198.06,2,3,3,At Risk (was frequent)
5194.0,28,1,341.98,3,1,1,Developing
5195.0,31,7,1869.69,3,4,3,Champions
5196.0,129,4,844.12,2,2,2,Lost
5197.0,33,4,672.81,3,2,2,Loyal
5198.0,253,4,942.09,1,2,2,Lost
5199.0,82,2,206.41000000000003,2,1,1,Lost
5200.0,146,4,766.15,1,2,2,Lost
5201.0,60,3,300.65,3,2,1,Loyal
5202.0,218,7,2141.68,1,4,3,At Risk (was frequent)
5203.0,128,12,1504.4,2,4,3,At Risk (was frequent)
5204.0,22,7,865.0699999999999,4,4,2,Loyal
5205.0,62,9,2258.03,2,4,4,At Risk (was frequent)
5206.0,40,12,8551.48,3,4,4,Champions
5207.0,138,10,1383.8899999999999,1,4,3,At Risk (was frequent)
5208.0,17,12,6493.12,4,4,4,Champions
5209.0,84,2,282.07,2,1,1,Lost
5210.0,31,10,1700.33,3,4,3,Champions
5211.0,295,4,456.52,1,2,2,Lost
5212.0,55,6,1825.98,3,3,3,Champions
5213.0,263,1,804.5,1,1,2,Lost
5214.0,181,4,1196.67,1,2,3,Lost
5215.0,73,4,408.71000000000004,2,2,1,Lost
5216.0,326,1,14.98,1,1,1,Lost
5217.0,338,3,782.22,1,2,2,Lost
5218.0,207,5,2120.42,1,3,3,At Risk (was frequent)
5219.0,1,13,3981.66,4,4,4,Champions
5220.0,5,1,389.38,4,1,1,Developing
5221.0,17,6,1068.19,4,3,3,Champions
5222.0,21,7,2121.87,4,4,3,Champions
5223.0,11,17,23933.2,4,4,4,Champions
5224.0,2,5,860.71,4,3,2,Loyal
5225.0,131,5,791.0699999999999,1,3,2,At Risk (was frequent)
5226.0,59,4,802.15,3,2,2,Loyal
5227.0,167,5,2797.67,1,3,4,At Risk (was frequent)
5228.0,96,4,1400.84,2,2,3,Lost
5229.0,30,7,2677.93,3,4,4,Champions
5230.0,5,1,1542.38,4,1,3,Developing
5231.0,329,2,162.81,1,1,1,Lost
5232.0,47,6,772.3699999999999,3,3,2,Loyal
5233.0,60,1,615.2,3,1,2,Developing
5235.0,128,9,10315.529999999999,2,4,4,At Risk (was frequent)
5236.0,66,3,355.37,2,2,1,Lost
5237.0,39,3,1590.07,3,2,3,Loyal
5238.0,265,2,304.53,1,1,1,Lost
5239.0,100,1,41.52,2,1,1,Lost
5240.0,112,2,487.34000000000003,2,1,2,Lost
5241.0,10,5,2137.83,4,3,3,Champions
5242.0,79,3,506.08000000000004,2,2,2,Lost
5243.0,10,8,2174.22,4,4,3,Champions
5244.0,209,6,3861.14,1,3,4,At Risk (was frequent)
5245.0,41,1,1095.08,3,1,3,Developing
5246.0,39,2,570.76,3,1,2,Developing
5247.0,14,5,953.6600000000001,4,3,2,Loyal
5248.0,58,2,539.29,3,1,2,Developing
5249.0,85,6,1767.04,2,3,3,At Risk (was frequent)
5250.0,27,6,196.63,3,3,1,Loyal
5252.0,43,8,3546.3,3,4,4,Champions
5253.0,135,2,346.85,1,1,1,Lost
5254.0,94,6,2512.18,2,3,4,At Risk (was frequent)
5255.0,64,5,772.5699999999999,2,3,2,At Risk (was frequent)
5256.0,114,11,3247.07,2,4,4,At Risk (was frequent)
5257.0,30,11,4413.07,3,4,4,Champions
5258.0,61,13,2739.83,3,4,4,Champions
5259.0,53,8,8532.56,3,4,4,Champions
5261.0,76,13,5630.889999999999,2,4,4,At Risk (was frequent)
5262.0,14,8,4826.46,4,4,4,Champions
5263.0,1,3,1222.0,4,2,3,Loyal
5264.0,38,16,19376.52,3,4,4,Champions
5266.0,23,5,892.76,4,3,2,Loyal
5267.0,202,6,1717.6499999999999,1,3,3,At Risk (was frequent)
5268.0,92,8,1548.46,2,4,3,At Risk (was frequent)
5269.0,96,1,789.76,2,1,2,Lost
5270.0,191,3,143.85000000000002,1,2,1,Lost
5271.0,103,2,383.54,2,1,1,Lost
5272.0,99,8,2211.09,2,4,4,At Risk (was frequent)
5273.0,64,8,3452.6,2,4,4,At Risk (was frequent)
5274.0,3,5,2595.02,4,3,4,Champions
5275.0,119,6,3359.71,2,3,4,At Risk (was frequent)
5276.0,128,5,1818.95,2,3,3,At Risk (was frequent)
5277.0,45,8,4800.7300000000005,3,4,4,Champions
5278.0,50,2,373.71000000000004,3,1,1,Developing
5279.0,72,8,2517.84,2,4,4,At Risk (was frequent)
5280.0,51,8,2820.1600000000003,3,4,4,Champions
5281.0,47,2,313.93,3,1,1,Developing
5282.0,7,3,360.34000000000003,4,2,1,Loyal
5283.0,154,1,28.7,1,1,1,Lost
5284.0,11,10,10094.27,4,4,4,Champions
5285.0,156,2,121.32,1,1,1,Lost
5286.0,75,7,2397.04,2,4,4,At Risk (was frequent)
5287.0,190,6,3224.05,1,3,4,At Risk (was frequent)
5288.0,208,1,263.26,1,1,1,Lost
5289.0,61,1,26.7,3,1,1,Developing
5290.0,76,2,2507.25,2,1,4,Lost
5291.0,109,5,1415.29,2,3,3,At Risk (was frequent)
5292.0,159,3,639.48,1,2,2,Lost
5293.0,0,9,7993.72,4,4,4,Champions
5294.0,171,4,1649.37,1,2,3,Lost
5295.0,48,5,1902.4,3,3,3,Champions
5296.0,35,6,936.91,3,3,2,Loyal
5297.0,45,6,1388.3,3,3,3,Champions
5298.0,35,8,1093.35,3,4,3,Champions
5299.0,297,1,311.39,1,1,1,Lost
5300.0,16,3,377.96,4,2,1,Loyal
5301.0,75,4,1543.63,2,2,3,Lost
5302.0,110,13,7910.0,2,4,4,At Risk (was frequent)
5303.0,45,6,1351.94,3,3,3,Champions
5304.0,24,5,2640.61,4,3,4,Champions
5305.0,28,4,1024.3600000000001,3,2,3,Loyal
5306.0,6,5,632.5699999999999,4,3,2,Loyal
5307.0,26,3,947.01,3,2,2,Loyal
5308.0,7,1,161.72,4,1,1,Developing
5309.0,301,2,363.26,1,1,1,Lost
5310.0,235,1,641.45,1,1,2,Lost
5311.0,5,7,2689.12,4,4,4,Champions
5312.0,286,2,535.28,1,1,2,Lost
5313.0,31,4,1618.82,3,2,3,Loyal
5315.0,150,8,1557.8700000000001,1,4,3,At Risk (was frequent)
5316.0,194,4,852.23,1,2,2,Lost
5317.0,153,5,906.09,1,3,2,At Risk (was frequent)
5318.0,37,7,1998.35,3,4,3,Champions
5319.0,246,4,1153.92,1,2,3,Lost
5320.0,63,7,1257.75,2,4,3,At Risk (was frequent)
5321.0,116,2,581.5400000000001,2,1,2,Lost
5323.0,237,2,60.150000000000006,1,1,1,Lost
5324.0,27,11,4094.7799999999997,3,4,4,Champions
5325.0,127,4,1029.3600000000001,2,2,3,Lost
5326.0,24,17,9570.3,4,4,4,Champions
5327.0,55,4,1937.09,3,2,3,Loyal
5328.0,154,4,2204.25,1,2,3,Lost
5329.0,137,6,333.34000000000003,1,3,1,At Risk (was frequent)
5330.0,126,3,526.8399999999999,2,2,2,Lost
5331.0,78,4,608.83,2,2,2,Lost
5332.0,76,4,594.7,2,2,2,Lost
5333.0,232,6,6200.6,1,3,4,At Risk (was frequent)
5334.0,7,4,3196.42,4,2,4,Loyal
5335.0,137,9,3103.6400000000003,1,4,4,At Risk (was frequent)
5336.0,228,7,3589.4900000000002,1,4,4,At Risk (was frequent)
5337.0,9,4,1643.7199999999998,4,2,3,Loyal
5338.0,191,10,3942.8100000000004,1,4,4,At Risk (was frequent)
5339.0,39,12,10825.31,3,4,4,Champions
5340.0,319,1,357.39,1,1,1,Lost
5341.0,129,6,816.72,2,3,2,At Risk (was frequent)
5342.0,121,1,747.14,2,1,2,Lost
5343.0,61,9,2167.32,3,4,3,Champions
5344.0,247,4,524.0699999999999,1,2,2,Lost
5345.0,99,4,1179.32,2,2,3,Lost
5346.0,51,5,5724.67,3,3,4,Champions
5347.0,30,4,2217.07,3,2,4,Loyal
5348.0,147,4,1913.27,1,2,3,Lost
5350.0,23,5,1040.84,4,3,3,Champions
5351.0,3,1,70.58,4,1,1,Developing
5352.0,108,6,710.92,2,3,2,At Risk (was frequent)
5353.0,123,11,14967.27,2,4,4,At Risk (was frequent)
5354.0,31,5,1500.24,3,3,3,Champions
5355.0,1,3,1168.56,4,2,3,Loyal
5356.0,271,2,909.16,1,1,2,Lost
5357.0,154,4,877.51,1,2,2,Lost
5358.0,14,1,80.98,4,1,1,Developing
5359.0,6,4,503.79999999999995,4,2,2,Loyal
5360.0,64,9,8325.4,2,4,4,At Risk (was frequent)
5362.0,247,2,1359.33,1,1,3,Lost
5363.0,245,8,4893.83,1,4,4,At Risk (was frequent)
5364.0,95,2,134.43,2,1,1,Lost
5365.0,142,3,833.9100000000001,1,2,2,Lost
5366.0,188,12,4594.84,1,4,4,At Risk (was frequent)
5367.0,12,11,5082.54,4,4,4,Champions
5368.0,13,12,5158.12,4,4,4,Champions
5369.0,128,4,553.6700000000001,2,2,2,Lost
5370.0,38,2,318.35,3,1,1,Developing
5371.0,8,5,1198.1399999999999,4,3,3,Champions
5372.0,59,2,58.65,3,1,1,Developing
5373.0,118,3,182.67000000000002,2,2,1,Lost
5375.0,5,4,510.88,4,2,2,Loyal
5376.0,88,3,1890.51,2,2,3,Lost
5377.0,69,6,864.71,2,3,2,At Risk (was frequent)
5378.0,33,3,47.95,3,2,1,Loyal
5379.0,28,7,3025.47,3,4,4,Champions
5380.0,5,2,238.20000000000002,4,1,1,Developing
5381.0,359,3,303.47,1,2,1,Lost
5382.0,14,5,599.16,4,3,2,Loyal
5383.0,24,4,1698.33,4,2,3,Loyal
5384.0,124,6,1030.6799999999998,2,3,3,At Risk (was frequent)
5385.0,60,2,77.53,3,1,1,Developing
5386.0,16,5,1182.1100000000001,4,3,3,Champions
5387.0,97,7,1566.51,2,4,3,At Risk (was frequent)
5388.0,90,3,1294.8,2,2,3,Lost
5389.0,47,5,500.35,3,3,2,Loyal
5390.0,635,6,1315.5900000000001,1,3,3,At Risk (was frequent)
5391.0,262,6,1005.1899999999999,1,3,3,At Risk (was frequent)
5392.0,155,7,952.0500000000001,1,4,2,At Risk (was frequent)
5393.0,90,1,26.88,2,1,1,Lost
5394.0,19,2,2684.95,4,1,4,Developing
5395.0,95,5,957.39,2,3,2,At Risk (was frequent)
5396.0,30,8,3357.92,3,4,4,Champions
5397.0,60,2,113.93,3,1,1,Developing
5398.0,25,4,914.04,3,2,2,Loyal
5399.0,206,2,1504.85,1,1,3,Lost
5400.0,63,9,7029.0,2,4,4,At Risk (was frequent)
5401.0,281,4,1039.6599999999999,1,2,3,Lost
5403.0,27,4,592.57,3,2,2,Loyal
5404.0,12,9,1330.98,4,4,3,Champions
5405.0,6,3,1689.62,4,2,3,Loyal
5406.0,50,8,4251.04,3,4,4,Champions
5407.0,10,4,678.65,4,2,2,Loyal
5409.0,4,5,2849.9,4,3,4,Champions
5410.0,5,4,778.3100000000001,4,2,2,Loyal
5411.0,110,4,649.02,2,2,2,Lost
5412.0,119,3,886.96,2,2,2,Lost
5413.0,93,5,1877.39,2,3,3,At Risk (was frequent)
5414.0,152,2,59.47,1,1,1,Lost
5415.0,14,3,448.62,4,2,2,Loyal
5416.0,210,3,908.04,1,2,2,Lost
5417.0,64,1,488.76,2,1,2,Lost
5418.0,262,2,678.04,1,1,2,Lost
5419.0,220,9,1077.58,1,4,3,At Risk (was frequent)
5420.0,149,7,2400.62,1,4,4,At Risk (was frequent)
5421.0,32,6,4240.13,3,3,4,Champions
5423.0,279,4,831.5799999999999,1,2,2,Lost
5424.0,73,2,238.08,2,1,1,Lost
5425.0,101,1,136.97,2,1,1,Lost
5426.0,212,8,1480.24,1,4,3,At Risk (was frequent)
5427.0,68,5,1149.95,2,3,3,At Risk (was frequent)
5428.0,31,2,164.12,3,1,1,Developing
5429.0,41,3,916.6800000000001,3,2,2,Loyal
5431.0,30,2,99.53,3,1,1,Developing
5432.0,30,6,2142.66,3,3,3,Champions
5433.0,13,1,64.77,4,1,1,Developing
5434.0,174,8,3769.2200000000003,1,4,4,At Risk (was frequent)
5435.0,75,3,785.63,2,2,2,Lost
5436.0,34,2,1727.6799999999998,3,1,3,Developing
5437.0,94,2,383.67999999999995,2,1,1,Lost
5439.0,357,1,23.35,1,1,1,Lost
5440.0,20,2,568.89,4,1,2,Developing
5441.0,255,2,429.82000000000005,1,1,1,Lost
5442.0,26,5,686.0,3,3,2,Loyal
5443.0,8,2,2501.94,4,1,4,Developing
5444.0,162,4,368.03999999999996,1,2,1,Lost
5445.0,67,3,269.56,2,2,1,Lost
5446.0,1,1,30.65,4,1,1,Developing
5447.0,102,2,386.97,2,1,1,Lost
5448.0,72,2,180.31,2,1,1,Lost
5449.0,51,3,551.88,3,2,2,Loyal
5450.0,95,7,1491.02,2,4,3,At Risk (was frequent)
5451.0,144,7,1404.23,1,4,3,At Risk (was frequent)
5452.0,25,2,598.97,3,1,2,Developing
5453.0,4,4,590.49,4,2,2,Loyal
5455.0,54,5,2248.33,3,3,4,Champions
5456.0,170,7,1079.59,1,4,3,At Risk (was frequent)
5457.0,75,5,5678.83,2,3,4,At Risk (was frequent)
5458.0,59,4,2002.52,3,2,3,Loyal
5459.0,65,7,4616.01,2,4,4,At Risk (was frequent)
5460.0,20,4,3521.53,4,2,4,Loyal
5461.0,25,8,2383.1,3,4,4,Champions
5462.0,40,3,2203.29,3,2,3,Loyal
5463.0,107,6,676.45,2,3,2,At Risk (was frequent)
5464.0,50,9,1785.44,3,4,3,Champions
5465.0,155,5,827.71,1,3,2,At Risk (was frequent)
5466.0,171,1,862.92,1,1,2,Lost
5467.0,59,6,996.44,3,3,3,Champions
5469.0,302,3,252.73,1,2,1,Lost
5470.0,323,1,29.86,1,1,1,Lost
5471.0,266,5,603.69,1,3,2,At Risk (was frequent)
5473.0,50,2,73.23,3,1,1,Developing
5474.0,93,4,843.18,2,2,2,Lost
5475.0,198,1,360.14,1,1,1,Lost
5476.0,20,1,27.62,4,1,1,Developing
5477.0,112,7,1718.63,2,4,3,At Risk (was frequent)
5478.0,33,9,10866.26,3,4,4,Champions
5479.0,57,8,1000.88,3,4,3,Champions
5480.0,24,4,786.13,4,2,2,Loyal
5481.0,2,8,5692.22,4,4,4,Champions
5482.0,33,8,2967.47,3,4,4,Champions
5483.0,40,7,1425.8700000000001,3,4,3,Champions
5484.0,166,4,845.5600000000001,1,2,2,Lost
5485.0,6,1,376.92,4,1,1,Developing
5487.0,2,13,3966.82,4,4,4,Champions
5489.0,127,6,2325.29,2,3,4,At Risk (was frequent)
5490.0,22,3,726.5600000000001,4,2,2,Loyal
5492.0,2,5,3886.34,4,3,4,Champions
5493.0,157,4,1045.55,1,2,3,Lost
5494.0,41,3,470.52000000000004,3,2,2,Loyal
5495.0,128,1,28.68,2,1,1,Lost
5496.0,29,5,805.34,3,3,2,Loyal
5497.0,175,5,1936.67,1,3,3,At Risk (was frequent)
5498.0,3,7,1103.7,4,4,3,Champions
5499.0,73,3,250.6,2,2,1,Lost
5500.0,37,4,1859.0,3,2,3,Loyal
5501.0,22,4,2291.95,4,2,4,Loyal
5502.0,14,1,219.7,4,1,1,Developing
5504.0,45,5,1179.95,3,3,3,Champions
5505.0,419,4,227.74,1,2,1,Lost
5506.0,164,2,417.75,1,1,1,Lost
5507.0,4,4,1656.4199999999998,4,2,3,Loyal
5508.0,52,6,1356.24,3,3,3,Champions
5509.0,117,5,1246.73,2,3,3,At Risk (was frequent)
5510.0,47,11,5678.92,3,4,4,Champions
5511.0,109,2,417.0,2,1,1,Lost
5512.0,42,3,1351.14,3,2,3,Loyal
5513.0,78,10,2854.39,2,4,4,At Risk (was frequent)
5515.0,5,3,1784.42,4,2,3,Loyal
5516.0,63,12,9252.85,2,4,4,At Risk (was frequent)
5518.0,2,3,736.29,4,2,2,Loyal
5519.0,271,2,459.9,1,1,2,Lost
5520.0,103,2,332.01,2,1,1,Lost
5521.0,10,3,546.54,4,2,2,Loyal
5522.0,71,21,13912.33,2,4,4,At Risk (was frequent)
5523.0,68,5,802.75,2,3,2,At Risk (was frequent)
5524.0,325,3,752.02,1,2,2,Lost
5525.0,95,2,452.78,2,1,2,Lost
5526.0,53,4,942.78,3,2,2,Loyal
5527.0,67,6,1222.47,2,3,3,At Risk (was frequent)
5528.0,39,10,2066.43,3,4,3,Champions
5529.0,7,5,656.62,4,3,2,Loyal
5530.0,325,1,29.56,1,1,1,Lost
5531.0,36,5,6954.76,3,3,4,Champions
5532.0,17,7,2828.68,4,4,4,Champions
5534.0,14,4,452.12,4,2,2,Loyal
5535.0,8,7,2290.72,4,4,4,Champions
5536.0,284,4,2121.63,1,2,3,Lost
5537.0,47,8,3474.8100000000004,3,4,4,Champions
5538.0,184,1,1871.64,1,1,3,Lost
5539.0,26,10,3443.3,3,4,4,Champions
5540.0,24,5,813.6999999999999,4,3,2,Loyal
5541.0,16,2,874.8399999999999,4,1,2,Developing
5542.0,36,2,211.37,3,1,1,Developing
5543.0,14,14,13218.460000000001,4,4,4,Champions
5544.0,31,4,533.65,3,2,2,Loyal
5545.0,12,5,581.99,4,3,2,Loyal
5546.0,39,5,1057.9,3,3,3,Champions
5547.0,53,6,4247.12,3,3,4,Champions
5548.0,260,5,545.72,1,3,2,At Risk (was frequent)
5549.0,274,4,734.4,1,2,2,Lost
5550.0,62,3,1228.3,2,2,3,Lost
5551.0,59,2,368.28,3,1,1,Developing
5552.0,206,6,1849.3200000000002,1,3,3,At Risk (was frequent)
5553.0,78,7,2041.6799999999998,2,4,3,At Risk (was frequent)
5554.0,14,2,1597.25,4,1,3,Developing
5556.0,124,2,354.08,2,1,1,Lost
5557.0,19,12,7401.99,4,4,4,Champions
5558.0,151,9,7569.32,1,4,4,At Risk (was frequent)
5559.0,2,8,1046.07,4,4,3,Champions
5560.0,78,5,836.1,2,3,2,At Risk (was frequent)
5561.0,51,4,523.6800000000001,3,2,2,Loyal
5562.0,104,6,1381.8600000000001,2,3,3,At Risk (was frequent)
5563.0,109,5,316.52,2,3,1,At Risk (was frequent)
5564.0,9,11,6766.34,4,4,4,Champions
5565.0,257,2,115.4,1,1,1,Lost
5566.0,112,9,2044.86,2,4,3,At Risk (was frequent)
5567.0,64,5,296.41,2,3,1,At Risk (was frequent)
5568.0,87,2,522.73,2,1,2,Lost
5569.0,130,1,16.56,1,1,1,Lost
5570.0,78,4,474.58,2,2,2,Lost
5571.0,62,1,72.42,2,1,1,Lost
5572.0,3,8,11486.87,4,4,4,Champions
5573.0,171,4,1056.44,1,2,3,Lost
5574.0,92,3,1008.3500000000001,2,2,3,Lost
5575.0,10,4,1777.25,4,2,3,Loyal
5576.0,154,2,42.870000000000005,1,1,1,Lost
5577.0,86,7,1764.24,2,4,3,At Risk (was frequent)
5578.0,169,6,1500.97,1,3,3,At Risk (was frequent)
5579.0,51,9,2391.2,3,4,4,Champions
5580.0,10,6,1924.03,4,3,3,Champions
5581.0,35,4,399.06,3,2,1,Loyal
5582.0,29,4,1461.02,3,2,3,Loyal
5583.0,54,5,3524.86,3,3,4,Champions
5584.0,21,7,4610.75,4,4,4,Champions
5585.0,123,6,945.0999999999999,2,3,2,At Risk (was frequent)
5586.0,110,5,1155.95,2,3,3,At Risk (was frequent)
5587.0,85,1,467.91,2,1,2,Lost
5588.0,58,1,738.85,3,1,2,Developing
5589.0,33,9,1398.52,3,4,3,Champions
5590.0,141,7,1532.77,1,4,3,At Risk (was frequent)
5591.0,86,8,2267.66,2,4,4,At Risk (was frequent)
5592.0,297,4,1459.6,1,2,3,Lost
5594.0,172,3,324.58,1,2,1,Lost
5595.0,100,1,155.5,2,1,1,Lost
5596.0,61,5,2624.77,3,3,4,Champions
5597.0,10,4,141.08,4,2,1,Loyal
5598.0,126,3,968.3499999999999,2,2,2,Lost
5599.0,19,10,2259.3,4,4,4,Champions
5600.0,126,3,228.82999999999998,2,2,1,Lost
5601.0,106,8,1911.6399999999999,2,4,3,At Risk (was frequent)
5602.0,29,2,1120.44,3,1,3,Developing
5603.0,5,9,3243.2200000000003,4,4,4,Champions
5604.0,184,8,2927.6000000000004,1,4,4,At Risk (was frequent)
5605.0,7,2,77.82,4,1,1,Developing
5606.0,28,6,1583.6499999999999,3,3,3,Champions
5607.0,82,7,3052.6,2,4,4,At Risk (was frequent)
5608.0,178,1,71.39,1,1,1,Lost
5609.0,17,5,454.06000000000006,4,3,2,Loyal
5610.0,27,1,615.74,3,1,2,Developing
5611.0,99,3,553.5699999999999,2,2,2,Lost
5612.0,47,6,2057.56,3,3,3,Champions
5613.0,168,3,2303.0,1,2,4,Lost
5614.0,15,6,1469.3400000000001,4,3,3,Champions
5615.0,104,1,66.1,2,1,1,Lost
5616.0,73,18,14683.82,2,4,4,At Risk (was frequent)
5617.0,101,3,796.98,2,2,2,Lost
5618.0,243,4,833.1600000000001,1,2,2,Lost
5619.0,179,2,1157.5500000000002,1,1,3,Lost
5621.0,29,3,1038.83,3,2,3,Loyal
5622.0,99,4,3837.2999999999997,2,2,4,Lost
5623.0,143,1,202.12,1,1,1,Lost
5624.0,152,8,3157.46,1,4,4,At Risk (was frequent)
5625.0,43,7,3042.13,3,4,4,Champions
5626.0,68,6,694.0400000000001,2,3,2,At Risk (was frequent)
5627.0,2,5,2611.34,4,3,4,Champions
5628.0,19,6,2967.57,4,3,4,Champions
5629.0,141,3,741.79,1,2,2,Lost
5630.0,21,7,545.7,4,4,2,Loyal
5631.0,221,1,73.86,1,1,1,Lost
5632.0,2,4,627.9100000000001,4,2,2,Loyal
5633.0,1,3,402.53999999999996,4,2,1,Loyal
5634.0,10,26,28649.76,4,4,4,Champions
5636.0,89,10,1582.13,2,4,3,At Risk (was frequent)
5637.0,136,8,7000.06,1,4,4,At Risk (was frequent)
5638.0,278,3,216.84,1,2,1,Lost
5639.0,6,11,6020.92,4,4,4,Champions
5640.0,7,4,2691.4100000000003,4,2,4,Loyal
5641.0,39,4,698.9100000000001,3,2,2,Loyal
5642.0,69,5,767.6100000000001,2,3,2,At Risk (was frequent)
5644.0,40,1,193.5,3,1,1,Developing
5645.0,240,1,58.14,1,1,1,Lost
5646.0,11,7,3576.86,4,4,4,Champions
5647.0,97,10,4964.99,2,4,4,At Risk (was frequent)
5648.0,135,3,2641.48,1,2,4,Lost
5649.0,9,18,28151.55,4,4,4,Champions
5650.0,28,3,233.45,3,2,1,Loyal
5651.0,171,6,1310.3600000000001,1,3,3,At Risk (was frequent)
5652.0,80,2,486.95,2,1,2,Lost
5653.0,193,3,147.67000000000002,1,2,1,Lost
5654.0,84,1,84.12,2,1,1,Lost
5655.0,26,7,1090.53,3,4,3,Champions
5656.0,21,6,1890.92,4,3,3,Champions
5657.0,33,13,11743.66,3,4,4,Champions
5658.0,199,9,2719.15,1,4,4,At Risk (was frequent)
5659.0,152,3,167.89,1,2,1,Lost
5660.0,75,7,10065.35,2,4,4,At Risk (was frequent)
5661.0,30,5,4171.12,3,3,4,Champions
5662.0,105,16,7038.66,2,4,4,At Risk (was frequent)
5663.0,317,1,45.21,1,1,1,Lost
5664.0,16,9,2673.92,4,4,4,Champions
5665.0,30,4,1909.26,3,2,3,Loyal
5666.0,145,3,343.76,1,2,1,Lost
5667.0,32,3,734.13,3,2,2,Loyal
5668.0,64,9,2208.94,2,4,4,At Risk (was frequent)
5669.0,50,6,1033.13,3,3,3,Champions
5670.0,103,4,532.0,2,2,2,Lost
5671.0,266,1,682.5,1,1,2,Lost
5672.0,16,8,2556.48,4,4,4,Champions
5673.0,18,3,242.3,4,2,1,Loyal
5674.0,27,3,2296.05,3,2,4,Loyal
5675.0,8,7,5714.22,4,4,4,Champions
5676.0,37,12,12389.150000000001,3,4,4,Champions
5677.0,86,9,4840.93,2,4,4,At Risk (was frequent)
5678.0,32,1,62.0,3,1,1,Developing
5679.0,64,1,1584.34,2,1,3,Lost
5680.0,182,4,426.06,1,2,1,Lost
5681.0,42,5,9770.66,3,3,4,Champions
5682.0,78,5,523.86,2,3,2,At Risk (was frequent)
5683.0,116,10,1522.19,2,4,3,At Risk (was frequent)
5684.0,4,5,1260.08,4,3,3,Champions
5685.0,175,3,1374.97,1,2,3,Lost
5686.0,22,4,932.24,4,2,2,Loyal
5687.0,44,2,1206.2,3,1,3,Developing
5688.0,65,5,675.16,2,3,2,At Risk (was frequent)
5689.0,24,9,3025.12,4,4,4,Champions
5690.0,197,5,1148.68,1,3,3,At Risk (was frequent)
5691.0,231,6,728.3299999999999,1,3,2,At Risk (was frequent)
5692.0,50,4,1426.25,3,2,3,Loyal
5694.0,152,1,216.7,1,1,1,Lost
5695.0,58,6,475.12,3,3,2,Loyal
5696.0,29,2,181.4,3,1,1,Developing
5697.0,2,2,286.91,4,1,1,Developing
5699.0,99,5,787.1899999999999,2,3,2,At Risk (was frequent)
5700.0,32,7,1453.07,3,4,3,Champions
5701.0,216,3,858.19,1,2,2,Lost
5703.0,40,3,3845.16,3,2,4,Loyal
5704.0,44,2,312.41999999999996,3,1,1,Developing
5705.0,53,5,1401.06,3,3,3,Champions
5706.0,38,9,2658.97,3,4,4,Champions
5707.0,39,6,1417.22,3,3,3,Champions
5708.0,47,8,1878.95,3,4,3,Champions
5709.0,192,4,1073.8600000000001,1,2,3,Lost
5710.0,78,4,1076.11,2,2,3,Lost
5711.0,5,8,2804.37,4,4,4,Champions
5712.0,33,4,562.76,3,2,2,Loyal
5713.0,26,5,775.8399999999999,3,3,2,Loyal
5714.0,12,2,415.33000000000004,4,1,1,Developing
5715.0,69,2,370.38,2,1,1,Lost
5716.0,305,1,45.6,1,1,1,Lost
5717.0,133,9,4166.6,1,4,4,At Risk (was frequent)
5718.0,57,2,332.92,3,1,1,Developing
5719.0,31,12,2920.19,3,4,4,Champions
5720.0,89,6,916.14,2,3,2,At Risk (was frequent)
5721.0,148,3,1900.2399999999998,1,2,3,Lost
5722.0,142,3,355.12,1,2,1,Lost
5723.0,131,4,261.44,1,2,1,Lost
5725.0,41,1,170.48,3,1,1,Developing
5726.0,3,2,231.05,4,1,1,Developing
5727.0,8,6,1453.32,4,3,3,Champions
5728.0,35,2,449.88,3,1,2,Developing
5729.0,60,2,289.93,3,1,1,Developing
5731.0,63,9,2008.06,2,4,3,At Risk (was frequent)
5732.0,239,6,1112.03,1,3,3,At Risk (was frequent)
5733.0,100,2,1531.9399999999998,2,1,3,Lost
5734.0,17,5,2060.2,4,3,3,Champions
5735.0,108,5,1064.13,2,3,3,At Risk (was frequent)
5736.0,14,7,693.8,4,4,2,Loyal
5737.0,231,3,368.39,1,2,1,Lost
5738.0,33,25,43246.53,3,4,4,Champions
5739.0,22,1,689.14,4,1,2,Developing
5740.0,114,1,865.02,2,1,2,Lost
5741.0,16,2,802.74,4,1,2,Developing
5742.0,45,16,7878.52,3,4,4,Champions
5743.0,4,6,1388.48,4,3,3,Champions
5744.0,95,2,604.5,2,1,2,Lost
5745.0,153,2,766.79,1,1,2,Lost
5746.0,46,9,647.57,3,4,2,Loyal
5747.0,163,3,727.42,1,2,2,Lost
5749.0,332,1,596.52,1,1,2,Lost
5750.0,152,7,4114.58,1,4,4,At Risk (was frequent)
5751.0,56,5,494.38,3,3,2,Loyal
5752.0,17,15,8566.47,4,4,4,Champions
5753.0,30,4,518.16,3,2,2,Loyal
5754.0,45,4,788.56,3,2,2,Loyal
5755.0,164,2,723.1899999999999,1,1,2,Lost
5756.0,58,3,717.84,3,2,2,Loyal
5757.0,6,3,1105.14,4,2,3,Loyal
5758.0,314,4,395.44,1,2,1,Lost
5759.0,552,2,135.57999999999998,1,1,1,Lost
5760.0,272,5,1236.45,1,3,3,At Risk (was frequent)
5761.0,45,3,221.05,3,2,1,Loyal
5762.0,215,1,6.72,1,1,1,Lost
5763.0,30,3,248.03,3,2,1,Loyal
5764.0,2,3,256.09,4,2,1,Loyal
5765.0,316,1,569.16,1,1,2,Lost
5766.0,10,11,12808.01,4,4,4,Champions
5767.0,19,8,10681.61,4,4,4,Champions
5768.0,51,8,1977.1399999999999,3,4,3,Champions
5769.0,63,7,1985.0200000000002,2,4,3,At Risk (was frequent)
5770.0,26,6,1869.63,3,3,3,Champions
5771.0,81,4,577.65,2,2,2,Lost
5772.0,3,7,3373.83,4,4,4,Champions
5773.0,23,13,18070.93,4,4,4,Champions
5774.0,177,5,675.3199999999999,1,3,2,At Risk (was frequent)
5775.0,20,2,438.97,4,1,2,Developing
5776.0,122,6,609.34,2,3,2,At Risk (was frequent)
5777.0,90,10,4470.64,2,4,4,At Risk (was frequent)
5778.0,38,12,8443.15,3,4,4,Champions
5779.0,3,5,854.9300000000001,4,3,2,Loyal
5780.0,29,3,1161.46,3,2,3,Loyal
5781.0,55,5,2553.4700000000003,3,3,4,Champions
5782.0,61,4,948.62,3,2,2,Loyal
5783.0,174,8,1377.08,1,4,3,At Risk (was frequent)
5784.0,58,1,253.7,3,1,1,Developing
5785.0,19,7,5231.87,4,4,4,Champions
5786.0,1,7,2564.21,4,4,4,Champions
5787.0,140,5,1329.6100000000001,1,3,3,At Risk (was frequent)
5788.0,10,11,1186.49,4,4,3,Champions
5789.0,21,7,2531.0299999999997,4,4,4,Champions
5790.0,249,1,15.51,1,1,1,Lost
5791.0,75,4,342.2,2,2,1,Lost
5792.0,413,2,427.03999999999996,1,1,1,Lost
5793.0,0,8,1251.17,4,4,3,Champions
5794.0,74,3,1650.3000000000002,2,2,3,Lost
5795.0,86,4,305.24,2,2,1,Lost
5796.0,35,4,578.24,3,2,2,Loyal
5797.0,29,3,432.76,3,2,2,Loyal
5798.0,8,7,8791.48,4,4,4,Champions
5799.0,50,1,119.0,3,1,1,Developing
5800.0,26,7,1444.69,3,4,3,Champions
5801.0,123,6,2447.22,2,3,4,At Risk (was frequent)
5802.0,111,3,1492.5100000000002,2,2,3,Lost
5803.0,69,3,710.86,2,2,2,Lost
5804.0,13,15,8261.96,4,4,4,Champions
5805.0,9,6,1254.14,4,3,3,Champions
5806.0,77,7,1783.15,2,4,3,At Risk (was frequent)
5807.0,20,1,28.92,4,1,1,Developing
5808.0,59,3,691.01,3,2,2,Loyal
5809.0,249,2,209.54000000000002,1,1,1,Lost
5810.0,10,2,350.15999999999997,4,1,1,Developing
5812.0,339,7,710.76,1,4,2,At Risk (was frequent)
5813.0,31,8,1820.23,3,4,3,Champions
5814.0,54,6,3515.08,3,3,4,Champions
5815.0,46,14,2553.93,3,4,4,Champions
5816.0,29,7,1644.01,3,4,3,Champions
5817.0,130,4,654.5600000000001,1,2,2,Lost
5819.0,267,1,162.08,1,1,1,Lost
5820.0,256,1,304.18,1,1,1,Lost
5821.0,35,3,837.98,3,2,2,Loyal
5822.0,90,3,1250.74,2,2,3,Lost
5823.0,185,1,45.17,1,1,1,Lost
5824.0,261,12,8325.83,1,4,4,At Risk (was frequent)
5825.0,115,8,1115.6,2,4,3,At Risk (was frequent)
5826.0,142,10,4246.17,1,4,4,At Risk (was frequent)
5827.0,77,5,3496.51,2,3,4,At Risk (was frequent)
5829.0,3,18,11320.94,4,4,4,Champions
5830.0,157,3,298.90999999999997,1,2,1,Lost
5831.0,178,4,342.02000000000004,1,2,1,Lost
5832.0,10,12,2262.12,4,4,4,Champions
5833.0,19,5,2628.02,4,3,4,Champions
5834.0,590,3,300.32,1,2,1,Lost
5835.0,155,5,501.40999999999997,1,3,2,At Risk (was frequent)
5836.0,32,5,1051.58,3,3,3,Champions
5837.0,20,5,3304.58,4,3,4,Champions
5838.0,95,9,1233.13,2,4,3,At Risk (was frequent)
5839.0,16,4,2244.13,4,2,4,Loyal
5840.0,11,5,2270.76,4,3,4,Champions
5841.0,22,1,175.72,4,1,1,Developing
5842.0,132,6,2692.32,1,3,4,At Risk (was frequent)
5843.0,164,11,4357.61,1,4,4,At Risk (was frequent)
5844.0,65,3,277.96,2,2,1,Lost
5845.0,156,6,597.64,1,3,2,At Risk (was frequent)
5846.0,17,14,6629.24,4,4,4,Champions
5847.0,185,5,472.59000000000003,1,3,2,At Risk (was frequent)
5849.0,39,2,858.22,3,1,2,Developing
5850.0,98,3,1740.22,2,2,3,Lost
5851.0,65,3,201.9,2,2,1,Lost
5852.0,11,6,2301.77,4,3,4,Champions
5853.0,22,4,928.49,4,2,2,Loyal
5854.0,145,4,865.3299999999999,1,2,2,Lost
5855.0,201,1,150.0,1,1,1,Lost
5856.0,116,2,335.89,2,1,1,Lost
5857.0,33,3,504.47,3,2,2,Loyal
5858.0,113,4,1581.16,2,2,3,Lost
5859.0,229,1,101.1,1,1,1,Lost
5860.0,44,5,594.76,3,3,2,Loyal
5861.0,41,5,2809.11,3,3,4,Champions
5862.0,32,18,9190.06,3,4,4,Champions
5863.0,48,8,1230.6499999999999,3,4,3,Champions
5864.0,146,1,1552.54,1,1,3,Lost
5865.0,30,7,2343.81,3,4,4,Champions
5866.0,35,9,5973.37,3,4,4,Champions
5867.0,46,8,6280.59,3,4,4,Champions
5868.0,18,6,4910.99,4,3,4,Champions
5869.0,5,3,1262.51,4,2,3,Loyal
5870.0,38,3,266.37,3,2,1,Loyal
5871.0,3,10,3994.11,4,4,4,Champions
5872.0,27,7,1855.3400000000001,3,4,3,Champions
5873.0,154,4,346.57,1,2,1,Lost
5874.0,176,2,1448.83,1,1,3,Lost
5876.0,16,7,4798.63,4,4,4,Champions
5877.0,74,11,3775.28,2,4,4,At Risk (was frequent)
5878.0,118,1,531.98,2,1,2,Lost
5879.0,254,5,2335.06,1,3,4,At Risk (was frequent)
5881.0,31,3,800.22,3,2,2,Loyal
5882.0,20,7,3565.55,4,4,4,Champions
5883.0,103,5,3700.1,2,3,4,At Risk (was frequent)
5884.0,210,3,1868.52,1,2,3,Lost
5885.0,75,5,2023.7,2,3,3,At Risk (was frequent)
5886.0,102,4,3159.51,2,2,4,Lost
5887.0,74,2,227.33,2,1,1,Lost
5888.0,81,3,441.69,2,2,2,Lost
5889.0,247,2,317.17,1,1,1,Lost
5890.0,167,3,1136.1000000000001,1,2,3,Lost
5891.0,70,3,1333.9,2,2,3,Lost
5892.0,30,6,1737.72,3,3,3,Champions
5893.0,16,9,4213.45,4,4,4,Champions
5894.0,88,1,86.95,2,1,1,Lost
5895.0,3,3,784.51,4,2,2,Loyal
5896.0,40,5,775.79,3,3,2,Loyal
5897.0,390,4,542.52,1,2,2,Lost
5898.0,35,2,131.48,3,1,1,Developing
5899.0,166,7,2527.4,1,4,4,At Risk (was frequent)
5900.0,260,2,229.54000000000002,1,1,1,Lost
5901.0,75,7,5508.93,2,4,4,At Risk (was frequent)
5902.0,12,14,6676.25,4,4,4,Champions
5903.0,300,1,3.08,1,1,1,Lost
5905.0,19,12,16851.489999999998,4,4,4,Champions
5906.0,163,3,560.26,1,2,2,Lost
5907.0,24,2,364.20000000000005,4,1,1,Developing
5908.0,137,7,622.17,1,4,2,At Risk (was frequent)
5909.0,199,7,3115.06,1,4,4,At Risk (was frequent)
5910.0,141,2,355.07,1,1,1,Lost
5911.0,71,10,5593.45,2,4,4,At Risk (was frequent)
5912.0,246,1,349.45,1,1,1,Lost
5913.0,33,10,1356.44,3,4,3,Champions
5914.0,54,3,1732.8600000000001,3,2,3,Loyal
5915.0,15,6,3067.67,4,3,4,Champions
5916.0,23,3,559.29,4,2,2,Loyal
5917.0,80,4,412.54999999999995,2,2,1,Lost
5918.0,4,5,540.7,4,3,2,Loyal
5919.0,10,8,2469.14,4,4,4,Champions
5920.0,97,5,748.32,2,3,2,At Risk (was frequent)
5921.0,116,3,833.59,2,2,2,Lost
5922.0,171,3,243.23000000000002,1,2,1,Lost
5923.0,40,5,1518.31,3,3,3,Champions
5924.0,9,4,750.21,4,2,2,Loyal
5925.0,136,2,376.78,1,1,1,Lost
5926.0,259,3,405.76,1,2,1,Lost
5927.0,59,6,1386.53,3,3,3,Champions
5928.0,9,11,2899.1400000000003,4,4,4,Champions
5929.0,77,2,765.3199999999999,2,1,2,Lost
5930.0,285,3,185.33999999999997,1,2,1,Lost
5931.0,33,3,1308.6599999999999,3,2,3,Loyal
5932.0,126,9,7748.58,2,4,4,At Risk (was frequent)
5933.0,62,1,134.48,2,1,1,Lost
5934.0,20,6,683.42,4,3,2,Loyal
5935.0,57,4,651.1800000000001,3,2,2,Loyal
5936.0,44,6,645.73,3,3,2,Loyal
5937.0,49,4,1612.8999999999999,3,2,3,Loyal
5938.0,71,6,991.75,2,3,2,At Risk (was frequent)
5939.0,110,6,857.66,2,3,2,At Risk (was frequent)
5940.0,81,9,1260.69,2,4,3,At Risk (was frequent)
5941.0,44,5,1194.46,3,3,3,Champions
5942.0,199,2,1313.48,1,1,3,Lost
5943.0,227,1,67.24,1,1,1,Lost
5944.0,114,3,415.63,2,2,1,Lost
5945.0,13,2,344.15999999999997,4,1,1,Developing
5946.0,29,12,4865.33,3,4,4,Champions
5947.0,166,4,1434.22,1,2,3,Lost
5948.0,152,2,332.28000000000003,1,1,1,Lost
5949.0,32,10,1626.84,3,4,3,Champions
5950.0,54,6,496.21000000000004,3,3,2,Loyal
5951.0,70,4,4149.36,2,2,4,Lost
5952.0,110,1,56.51,2,1,1,Lost
5953.0,5,3,188.13,4,2,1,Loyal
5954.0,95,9,2703.85,2,4,4,At Risk (was frequent)
5955.0,6,4,2102.07,4,2,3,Loyal
5956.0,58,7,996.6800000000001,3,4,3,Champions
5957.0,149,2,428.73,1,1,1,Lost
5958.0,80,5,2065.8500000000004,2,3,3,At Risk (was frequent)
5959.0,14,5,5895.04,4,3,4,Champions
5961.0,18,3,128.74,4,2,1,Loyal
5962.0,30,20,21408.47,3,4,4,Champions
5963.0,178,2,709.9399999999999,1,1,2,Lost
5964.0,97,6,2209.25,2,3,4,At Risk (was frequent)
5965.0,142,2,1605.4599999999998,1,1,3,Lost
5966.0,229,4,386.01,1,2,1,Lost
5967.0,100,9,2883.8,2,4,4,At Risk (was frequent)
5968.0,17,1,1169.7,4,1,3,Developing
5969.0,180,2,69.18,1,1,1,Lost
5970.0,126,1,658.76,2,1,2,Lost
5971.0,184,8,2182.41,1,4,3,At Risk (was frequent)
5972.0,14,5,679.13,4,3,2,Loyal
5973.0,23,8,2146.0,4,4,3,Champions
5974.0,13,23,12908.84,4,4,4,Champions
5975.0,56,7,5458.79,3,4,4,Champions
5976.0,100,5,876.9200000000001,2,3,2,At Risk (was frequent)
5977.0,22,7,3684.9,4,4,4,Champions
5978.0,100,11,2569.35,2,4,4,At Risk (was frequent)
5979.0,26,13,1913.46,3,4,3,Champions
5980.0,40,8,2463.65,3,4,4,Champions
5981.0,242,1,113.88,1,1,1,Lost
5982.0,111,2,840.33,2,1,2,Lost
5983.0,54,6,2117.16,3,3,3,Champions
5984.0,163,7,846.4,1,4,2,At Risk (was frequent)
5985.0,30,3,266.68,3,2,1,Loyal
5986.0,69,9,6680.28,2,4,4,At Risk (was frequent)
5987.0,272,4,369.56,1,2,1,Lost
5988.0,225,7,2113.42,1,4,3,At Risk (was frequent)
5989.0,105,1,27.71,2,1,1,Lost
5990.0,263,1,155.84,1,1,1,Lost
5991.0,28,7,2490.84,3,4,4,Champions
5992.0,65,1,531.69,2,1,2,Lost
5993.0,198,3,1007.61,1,2,3,Lost
5994.0,78,2,53.78,2,1,1,Lost
5997.0,0,4,3509.05,4,2,4,Loyal
5999.0,117,4,579.33,2,2,2,Lost
6000.0,3,10,9522.95,4,4,4,Champions
6001.0,73,1,464.34,2,1,2,Lost
6002.0,123,4,1578.0700000000002,2,2,3,Lost
6003.0,315,4,1651.12,1,2,3,Lost
6004.0,29,1,302.7,3,1,1,Developing
6005.0,85,5,396.96000000000004,2,3,1,At Risk (was frequent)
6006.0,38,4,852.3199999999999,3,2,2,Loyal
6007.0,4,9,3227.54,4,4,4,Champions
6008.0,32,5,1052.92,3,3,3,Champions
6009.0,1,4,403.06,4,2,1,Loyal
6010.0,1,10,957.1700000000001,4,4,2,Loyal
6011.0,80,6,6641.65,2,3,4,At Risk (was frequent)
6012.0,0,4,1227.87,4,2,3,Loyal
6013.0,312,3,295.12,1,2,1,Lost
6014.0,44,2,925.28,3,1,2,Developing
6015.0,120,6,491.52,2,3,2,At Risk (was frequent)
6016.0,90,3,606.76,2,2,2,Lost
6017.0,40,2,733.17,3,1,2,Developing
6018.0,18,3,855.58,4,2,2,Loyal
6020.0,105,6,2338.48,2,3,4,At Risk (was frequent)
6021.0,48,8,1741.77,3,4,3,Champions
6022.0,43,2,1291.04,3,1,3,Developing
6023.0,76,3,917.63,2,2,2,Lost
6024.0,247,2,580.4399999999999,1,1,2,Lost
6025.0,9,7,1617.69,4,4,3,Champions
6026.0,17,4,2288.27,4,2,4,Loyal
6028.0,42,15,6695.97,3,4,4,Champions
6029.0,1,5,677.01,4,3,2,Loyal
6030.0,243,5,1741.89,1,3,3,At Risk (was frequent)
6031.0,92,4,190.19,2,2,1,Lost
6032.0,82,3,800.8199999999999,2,2,2,Lost
6033.0,86,5,2154.46,2,3,3,At Risk (was frequent)
6034.0,2,5,1161.54,4,3,3,Champions
6035.0,51,8,1809.58,3,4,3,Champions
6037.0,176,4,756.16,1,2,2,Lost
6038.0,69,7,4115.93,2,4,4,At Risk (was frequent)
6039.0,157,4,875.25,1,2,2,Lost
6040.0,16,6,559.2,4,3,2,Loyal
6041.0,42,6,2497.9399999999996,3,3,4,Champions
6042.0,119,9,6687.86,2,4,4,At Risk (was frequent)
6043.0,275,5,358.79,1,3,1,At Risk (was frequent)
6044.0,9,1,19.94,4,1,1,Developing
6045.0,20,4,1492.29,4,2,3,Loyal
6046.0,9,2,373.78000000000003,4,1,1,Developing
6047.0,151,1,14.33,1,1,1,Lost
6048.0,64,3,558.7,2,2,2,Lost
6049.0,153,3,779.08,1,2,2,Lost
6050.0,136,3,1802.0,1,2,3,Lost
6051.0,52,1,142.19,3,1,1,Developing
6052.0,115,3,798.78,2,2,2,Lost
6053.0,36,9,9048.119999999999,3,4,4,Champions
6054.0,44,4,2097.94,3,2,3,Loyal
6055.0,17,4,1141.21,4,2,3,Loyal
6057.0,62,3,1751.3400000000001,2,2,3,Lost
6058.0,92,4,750.9200000000001,2,2,2,Lost
6059.0,112,8,1639.18,2,4,3,At Risk (was frequent)
6060.0,255,2,513.53,1,1,2,Lost
6061.0,56,5,905.9,3,3,2,Loyal
6062.0,104,2,599.56,2,1,2,Lost
6063.0,6,6,2984.96,4,3,4,Champions
6064.0,120,7,2070.83,2,4,3,At Risk (was frequent)
6065.0,23,7,3495.4300000000003,4,4,4,Champions
6066.0,26,5,8139.08,3,3,4,Champions
6067.0,96,6,1211.92,2,3,3,At Risk (was frequent)
6068.0,36,6,3172.72,3,3,4,Champions
6069.0,84,2,530.36,2,1,2,Lost
6070.0,147,3,530.34,1,2,2,Lost
6071.0,32,7,2127.35,3,4,3,Champions
6072.0,55,9,2313.36,3,4,4,Champions
6073.0,14,6,2627.02,4,3,4,Champions
6074.0,167,5,1072.61,1,3,3,At Risk (was frequent)
6075.0,70,1,695.89,2,1,2,Lost
6076.0,263,9,3175.1099999999997,1,4,4,At Risk (was frequent)
6078.0,65,5,1857.9099999999999,2,3,3,At Risk (was frequent)
6079.0,102,3,334.55,2,2,1,Lost
6080.0,93,7,991.78,2,4,2,At Risk (was frequent)
6081.0,256,2,206.84000000000003,1,1,1,Lost
6082.0,33,5,9562.73,3,3,4,Champions
6083.0,1,6,764.04,4,3,2,Loyal
6084.0,2,11,2994.19,4,4,4,Champions
6085.0,78,2,747.96,2,1,2,Lost
6086.0,110,4,641.28,2,2,2,Lost
6087.0,154,3,590.7,1,2,2,Lost
6088.0,236,1,298.93,1,1,1,Lost
6089.0,11,8,1885.2099999999998,4,4,3,Champions
6091.0,21,6,822.4,4,3,2,Loyal
6092.0,7,4,435.59,4,2,2,Loyal
6094.0,111,6,775.78,2,3,2,At Risk (was frequent)
6095.0,206,5,1791.75,1,3,3,At Risk (was frequent)
6096.0,38,3,498.46000000000004,3,2,2,Loyal
6097.0,140,4,282.74,1,2,1,Lost
6098.0,41,5,2975.11,3,3,4,Champions
6099.0,125,5,434.38,2,3,2,At Risk (was frequent)
6100.0,117,4,868.14,2,2,2,Lost
6101.0,37,3,1208.6799999999998,3,2,3,Loyal
6102.0,136,4,686.16,1,2,2,Lost
6103.0,250,2,24.11,1,1,1,Lost
6104.0,13,1,40.07,4,1,1,Developing
6105.0,78,6,1525.21,2,3,3,At Risk (was frequent)
6106.0,22,13,4164.38,4,4,4,Champions
6107.0,217,9,3262.13,1,4,4,At Risk (was frequent)
6108.0,334,1,56.11,1,1,1,Lost
6109.0,390,3,1180.3500000000001,1,2,3,Lost
6110.0,55,7,1613.2800000000002,3,4,3,Champions
6111.0,67,2,280.91,2,1,1,Lost
6112.0,104,6,1510.1799999999998,2,3,3,At Risk (was frequent)
6113.0,29,2,165.4,3,1,1,Developing
6114.0,61,7,1374.57,3,4,3,Champions
6115.0,91,8,2224.17,2,4,4,At Risk (was frequent)
6116.0,114,2,397.56,2,1,1,Lost
6117.0,3,7,2540.79,4,4,4,Champions
6118.0,121,1,568.5,2,1,2,Lost
6120.0,99,11,3718.83,2,4,4,At Risk (was frequent)
6121.0,10,8,3965.8,4,4,4,Champions
6122.0,37,8,2218.42,3,4,4,Champions
6123.0,55,2,191.55,3,1,1,Developing
6124.0,106,7,6372.29,2,4,4,At Risk (was frequent)
6125.0,115,5,660.9100000000001,2,3,2,At Risk (was frequent)
6126.0,168,5,3590.1599999999994,1,3,4,At Risk (was frequent)
6127.0,101,4,1550.83,2,2,3,Lost
6128.0,27,6,7655.92,3,3,4,Champions
6129.0,25,11,2489.96,3,4,4,Champions
6130.0,10,8,1674.25,4,4,3,Champions
6131.0,214,5,912.26,1,3,2,At Risk (was frequent)
6132.0,118,6,525.29,2,3,2,At Risk (was frequent)
6133.0,104,9,3184.25,2,4,4,At Risk (was frequent)
6134.0,81,10,2312.83,2,4,4,At Risk (was frequent)
6135.0,169,2,72.27,1,1,1,Lost
6136.0,23,5,1498.8300000000002,4,3,3,Champions
6137.0,27,9,1824.29,3,4,3,Champions
6139.0,24,14,20548.45,4,4,4,Champions
6140.0,75,6,2000.81,2,3,3,At Risk (was frequent)
6141.0,29,4,585.76,3,2,2,Loyal
6142.0,44,3,276.91999999999996,3,2,1,Loyal
6143.0,42,2,504.58,3,1,2,Developing
6145.0,374,1,250.4,1,1,1,Lost
6146.0,65,2,69.96000000000001,2,1,1,Lost
6147.0,86,2,874.89,2,1,2,Lost
6148.0,89,1,2247.54,2,1,4,Lost
6149.0,66,4,1366.3500000000001,2,2,3,Lost
6150.0,53,9,1432.8,3,4,3,Champions
6151.0,155,2,453.4,1,1,2,Lost
6152.0,87,11,4669.15,2,4,4,At Risk (was frequent)
6153.0,50,3,323.17999999999995,3,2,1,Loyal
6154.0,156,2,438.90999999999997,1,1,2,Lost
6155.0,30,3,204.71,3,2,1,Loyal
6156.0,384,3,557.4200000000001,1,2,2,Lost
6157.0,167,6,1568.28,1,3,3,At Risk (was frequent)
6158.0,208,2,143.17000000000002,1,1,1,Lost
6159.0,9,9,1925.13,4,4,3,Champions
6160.0,147,1,395.64,1,1,1,Lost
6161.0,14,5,1267.3,4,3,3,Champions
6162.0,29,7,3618.12,3,4,4,Champions
6163.0,30,5,616.14,3,3,2,Loyal
6164.0,77,6,2314.49,2,3,4,At Risk (was frequent)
6165.0,19,11,6501.56,4,4,4,Champions
6166.0,22,5,1164.64,4,3,3,Champions
6167.0,4,7,1592.8899999999999,4,4,3,Champions
6168.0,94,3,1149.8,2,2,3,Lost
6169.0,26,3,2338.72,3,2,4,Loyal
6170.0,60,3,451.37,3,2,2,Loyal
6171.0,26,4,507.11,3,2,2,Loyal
6172.0,23,3,1384.35,4,2,3,Loyal
6173.0,96,1,274.2,2,1,1,Lost
6174.0,153,4,808.62,1,2,2,Lost
6175.0,4,1,284.42,4,1,1,Developing
6176.0,202,3,676.06,1,2,2,Lost
6178.0,52,7,5220.61,3,4,4,Champions
6179.0,52,5,4917.99,3,3,4,Champions
6180.0,6,9,2264.7999999999997,4,4,4,Champions
6181.0,4,10,4920.62,4,4,4,Champions
6182.0,53,5,661.03,3,3,2,Loyal
6183.0,199,7,1352.83,1,4,3,At Risk (was frequent)
6184.0,187,5,902.12,1,3,2,At Risk (was frequent)
6185.0,106,3,3244.04,2,2,4,Lost
6186.0,138,4,947.9100000000001,1,2,2,Lost
6187.0,55,2,601.66,3,1,2,Developing
6188.0,205,2,1481.83,1,1,3,Lost
6189.0,15,1,111.14,4,1,1,Developing
6190.0,76,3,1228.3899999999999,2,2,3,Lost
6191.0,141,7,1252.08,1,4,3,At Risk (was frequent)
6192.0,342,1,154.24,1,1,1,Lost
6193.0,150,9,2646.3,1,4,4,At Risk (was frequent)
6195.0,63,5,257.89,2,3,1,At Risk (was frequent)
6196.0,140,3,752.9200000000001,1,2,2,Lost
6197.0,157,2,262.07,1,1,1,Lost
6198.0,60,7,1016.8999999999999,3,4,3,Champions
6199.0,23,2,200.24,4,1,1,Developing
6200.0,22,5,1018.16,4,3,3,Champions
6201.0,7,5,1979.5600000000002,4,3,3,Champions
6202.0,235,5,1551.03,1,3,3,At Risk (was frequent)
6203.0,50,6,857.25,3,3,2,Loyal
6204.0,112,5,941.1099999999999,2,3,2,At Risk (was frequent)
6206.0,228,3,611.94,1,2,2,Lost
6207.0,27,8,1057.1,3,4,3,Champions
6208.0,0,5,2050.73,4,3,3,Champions
6209.0,84,1,216.49,2,1,1,Lost
6210.0,17,16,13665.74,4,4,4,Champions
6211.0,20,4,353.78,4,2,1,Loyal
6212.0,49,14,2819.58,3,4,4,Champions
6213.0,208,1,14.35,1,1,1,Lost
6214.0,2,9,2429.02,4,4,4,Champions
6215.0,138,1,289.48,1,1,1,Lost
6216.0,110,3,141.75,2,2,1,Lost
6217.0,71,4,414.18,2,2,1,Lost
6218.0,18,1,53.54,4,1,1,Developing
6219.0,139,3,333.73,1,2,1,Lost
6220.0,127,1,33.16,2,1,1,Lost
6221.0,102,1,54.88,2,1,1,Lost
6222.0,38,3,272.38,3,2,1,Loyal
6223.0,118,4,387.24,2,2,1,Lost
6224.0,25,3,159.85,3,2,1,Loyal
6225.0,12,5,5650.33,4,3,4,Champions
6226.0,17,3,453.87,4,2,2,Loyal
6227.0,1,17,5900.78,4,4,4,Champions
6228.0,75,8,1484.38,2,4,3,At Risk (was frequent)
6229.0,41,5,2192.91,3,3,3,Champions
6231.0,103,12,5699.17,2,4,4,At Risk (was frequent)
6232.0,90,7,1345.28,2,4,3,At Risk (was frequent)
6233.0,21,5,1100.21,4,3,3,Champions
6234.0,25,8,1351.64,3,4,3,Champions
6235.0,138,2,220.84,1,1,1,Lost
6236.0,43,1,124.62,3,1,1,Developing
6237.0,208,1,127.82,1,1,1,Lost
6238.0,69,7,979.71,2,4,2,At Risk (was frequent)
6239.0,15,10,3387.88,4,4,4,Champions
6240.0,11,5,742.5799999999999,4,3,2,Loyal
6241.0,67,13,4859.68,2,4,4,At Risk (was frequent)
6242.0,10,4,559.08,4,2,2,Loyal
6244.0,19,2,77.47,4,1,1,Developing
6245.0,78,2,459.84000000000003,2,1,2,Lost
6246.0,14,9,7038.78,4,4,4,Champions
6247.0,83,2,2142.3199999999997,2,1,3,Lost
6248.0,50,2,371.48,3,1,1,Developing
6249.0,0,4,497.88000000000005,4,2,2,Loyal
6251.0,66,9,1392.67,2,4,3,At Risk (was frequent)
6252.0,273,2,62.75,1,1,1,Lost
6253.0,17,5,2910.07,4,3,4,Champions
6254.0,20,8,4492.4,4,4,4,Champions
6255.0,188,1,128.92,1,1,1,Lost
6256.0,1,15,12012.71,4,4,4,Champions
6257.0,79,3,858.1499999999999,2,2,2,Lost
6258.0,121,7,646.24,2,4,2,At Risk (was frequent)
6259.0,146,5,1032.03,1,3,3,At Risk (was frequent)
6260.0,58,5,663.72,3,3,2,Loyal
6261.0,39,3,487.99,3,2,2,Loyal
6262.0,143,7,2859.39,1,4,4,At Risk (was frequent)
6263.0,54,1,251.28,3,1,1,Developing
6264.0,107,11,3249.7799999999997,2,4,4,At Risk (was frequent)
6265.0,128,4,1169.5900000000001,2,2,3,Lost
6266.0,50,7,2592.67,3,4,4,Champions
6267.0,43,9,1663.13,3,4,3,Champions
6269.0,149,6,1084.25,1,3,3,At Risk (was frequent)
6270.0,222,2,432.96000000000004,1,1,2,Lost
6271.0,324,2,331.43,1,1,1,Lost
6272.0,118,5,434.68,2,3,2,At Risk (was frequent)
6273.0,37,2,297.72,3,1,1,Developing
6275.0,5,3,669.2900000000001,4,2,2,Loyal
6276.0,186,2,289.3,1,1,1,Lost
6277.0,90,3,861.46,2,2,2,Lost
6278.0,52,1,1426.44,3,1,3,Developing
6279.0,53,5,898.36,3,3,2,Loyal
6280.0,37,3,977.6400000000001,3,2,2,Loyal
6281.0,15,3,1035.82,4,2,3,Loyal
6282.0,73,5,840.59,2,3,2,At Risk (was frequent)
6283.0,80,1,36.39,2,1,1,Lost
6284.0,5,1,37.59,4,1,1,Developing
6285.0,81,4,308.62,2,2,1,Lost
6286.0,50,4,476.84000000000003,3,2,2,Loyal
6287.0,19,4,727.78,4,2,2,Loyal
6288.0,51,6,1601.6100000000001,3,3,3,Champions
6289.0,102,5,823.55,2,3,2,At Risk (was frequent)
6290.0,270,3,631.54,1,2,2,Lost
6291.0,128,9,2965.42,2,4,4,At Risk (was frequent)
6292.0,104,1,322.94,2,1,1,Lost
6294.0,11,3,1507.09,4,2,3,Loyal
6295.0,31,9,6125.24,3,4,4,Champions
6296.0,64,4,503.56,2,2,2,Lost
6297.0,14,6,505.86,4,3,2,Loyal
6298.0,97,3,1420.56,2,2,3,Lost
6300.0,210,5,2681.23,1,3,4,At Risk (was frequent)
6301.0,38,5,704.4300000000001,3,3,2,Loyal
6302.0,12,12,19018.17,4,4,4,Champions
6303.0,330,6,1031.08,1,3,3,At Risk (was frequent)
6304.0,5,14,12842.62,4,4,4,Champions
6305.0,51,7,2099.89,3,4,3,Champions
6306.0,198,6,1273.42,1,3,3,At Risk (was frequent)
6307.0,333,2,757.7,1,1,2,Lost
6308.0,23,11,2372.58,4,4,4,Champions
6309.0,207,1,671.82,1,1,2,Lost
6310.0,29,10,1638.3000000000002,3,4,3,Champions
6311.0,5,1,224.77,4,1,1,Developing
6312.0,131,4,550.37,1,2,2,Lost
6313.0,26,13,10868.23,3,4,4,Champions
6314.0,28,18,15044.699999999999,3,4,4,Champions
6315.0,198,1,31.03,1,1,1,Lost
6316.0,51,12,3861.23,3,4,4,Champions
6317.0,29,5,330.28,3,3,1,Loyal
6318.0,76,10,2425.59,2,4,4,At Risk (was frequent)
6319.0,51,1,100.73,3,1,1,Developing
6320.0,154,13,6411.24,1,4,4,At Risk (was frequent)
6321.0,23,5,381.09999999999997,4,3,1,Loyal
6322.0,32,6,1206.94,3,3,3,Champions
6323.0,18,6,2774.75,4,3,4,Champions
6324.0,82,19,14312.07,2,4,4,At Risk (was frequent)
6325.0,40,6,3684.28,3,3,4,Champions
6326.0,203,2,227.27,1,1,1,Lost
6327.0,169,10,1772.46,1,4,3,At Risk (was frequent)
6328.0,39,18,14818.93,3,4,4,Champions
6329.0,233,7,1072.72,1,4,3,At Risk (was frequent)
6331.0,261,2,119.33,1,1,1,Lost
6332.0,14,5,1488.4699999999998,4,3,3,Champions
6333.0,91,12,3005.6800000000003,2,4,4,At Risk (was frequent)
6334.0,33,9,7544.19,3,4,4,Champions
6335.0,19,8,6003.89,4,4,4,Champions
6336.0,208,3,710.57,1,2,2,Lost
6337.0,21,3,1163.71,4,2,3,Loyal
6338.0,86,1,32.1,2,1,1,Lost
6339.0,9,3,224.05,4,2,1,Loyal
6340.0,332,2,1160.12,1,1,3,Lost
6341.0,18,14,8434.8,4,4,4,Champions
6342.0,89,6,1336.9599999999998,2,3,3,At Risk (was frequent)
6343.0,1,7,6647.82,4,4,4,Champions
6344.0,205,8,2106.2799999999997,1,4,3,At Risk (was frequent)
6345.0,32,13,2461.29,3,4,4,Champions
6346.0,24,6,2874.0299999999997,4,3,4,Champions
6347.0,4,7,1621.78,4,4,3,Champions
6348.0,25,3,779.67,3,2,2,Loyal
6349.0,66,5,1627.86,2,3,3,At Risk (was frequent)
6350.0,87,2,232.04000000000002,2,1,1,Lost
6351.0,316,6,726.4699999999999,1,3,2,At Risk (was frequent)
6352.0,150,9,1733.1,1,4,3,At Risk (was frequent)
6354.0,103,4,490.2099999999999,2,2,2,Lost
6355.0,47,2,286.54999999999995,3,1,1,Developing
6356.0,23,2,1181.52,4,1,3,Developing
6357.0,104,1,80.72,2,1,1,Lost
6358.0,164,5,975.86,1,3,2,At Risk (was frequent)
6359.0,103,4,1198.65,2,2,3,Lost
6360.0,25,3,207.35,3,2,1,Loyal
6361.0,82,4,1080.77,2,2,3,Lost
6362.0,69,1,77.42,2,1,1,Lost
6363.0,160,3,219.03,1,2,1,Lost
6364.0,155,2,352.19,1,1,1,Lost
6365.0,13,5,326.89,4,3,1,Loyal
6366.0,83,2,2439.22,2,1,4,Lost
6367.0,39,4,1864.25,3,2,3,Loyal
6368.0,59,3,731.96,3,2,2,Loyal
6369.0,199,5,388.4,1,3,1,At Risk (was frequent)
6370.0,222,5,562.6,1,3,2,At Risk (was frequent)
6371.0,129,2,244.56,2,1,1,Lost
6372.0,59,3,318.53999999999996,3,2,1,Loyal
6373.0,5,5,2009.35,4,3,3,Champions
6375.0,24,5,2203.36,4,3,3,Champions
6376.0,10,8,2402.86,4,4,4,Champions
6377.0,6,4,1119.07,4,2,3,Loyal
6378.0,49,5,2480.22,3,3,4,Champions
6379.0,323,1,31.88,1,1,1,Lost
6380.0,39,5,885.1700000000001,3,3,2,Loyal
6381.0,3,2,164.82,4,1,1,Developing
6382.0,41,3,775.51,3,2,2,Loyal
6383.0,93,10,4701.45,2,4,4,At Risk (was frequent)
6384.0,18,4,350.69,4,2,1,Loyal
6385.0,14,4,486.23,4,2,2,Loyal
6386.0,43,3,1356.98,3,2,3,Loyal
6387.0,37,7,3251.27,3,4,4,Champions
6388.0,11,1,15.86,4,1,1,Developing
6389.0,80,8,3056.9,2,4,4,At Risk (was frequent)
6390.0,16,6,2077.69,4,3,3,Champions
6391.0,99,1,645.33,2,1,2,Lost
6392.0,87,2,209.43,2,1,1,Lost
6393.0,244,3,1745.26,1,2,3,Lost
6394.0,177,3,241.48,1,2,1,Lost
6395.0,92,4,1793.54,2,2,3,Lost
6396.0,15,24,31502.11,4,4,4,Champions
6397.0,19,2,848.12,4,1,2,Developing
6398.0,58,4,4459.28,3,2,4,Loyal
6399.0,132,5,2142.93,1,3,3,At Risk (was frequent)
6400.0,33,4,511.69,3,2,2,Loyal
6401.0,470,2,293.56,1,1,1,Lost
6402.0,71,6,685.01,2,3,2,At Risk (was frequent)
6403.0,40,9,6371.77,3,4,4,Champions
6404.0,14,3,873.5999999999999,4,2,2,Loyal
6405.0,15,16,20129.6,4,4,4,Champions
6406.0,12,3,424.59999999999997,4,2,1,Loyal
6407.0,64,2,140.19,2,1,1,Lost
6408.0,147,5,1836.49,1,3,3,At Risk (was frequent)
6409.0,32,3,990.86,3,2,2,Loyal
6410.0,33,3,777.14,3,2,2,Loyal
6411.0,133,7,459.09,1,4,2,At Risk (was frequent)
6412.0,186,5,606.04,1,3,2,At Risk (was frequent)
6413.0,58,3,1898.6,3,2,3,Loyal
6414.0,184,15,11190.6,1,4,4,At Risk (was frequent)
6415.0,148,4,2340.1000000000004,1,2,4,Lost
6416.0,111,2,528.13,2,1,2,Lost
6417.0,252,4,1691.08,1,2,3,Lost
6418.0,105,3,1878.0600000000002,2,2,3,Lost
6419.0,116,5,978.37,2,3,2,At Risk (was frequent)
6420.0,2,2,705.84,4,1,2,Developing
6422.0,14,9,5794.68,4,4,4,Champions
6423.0,58,2,400.72,3,1,1,Developing
6424.0,63,4,551.8199999999999,2,2,2,Lost
6425.0,39,9,967.62,3,4,2,Loyal
6426.0,10,14,21602.2,4,4,4,Champions
6427.0,15,7,1941.92,4,4,3,Champions
6428.0,152,5,3724.29,1,3,4,At Risk (was frequent)
6429.0,19,10,7442.469999999999,4,4,4,Champions
6430.0,67,5,2135.7000000000003,2,3,3,At Risk (was frequent)
6431.0,53,7,1792.7,3,4,3,Champions
6432.0,17,11,5801.6,4,4,4,Champions
6433.0,59,3,371.68,3,2,1,Loyal
6434.0,55,5,1862.78,3,3,3,Champions
6436.0,0,8,1675.68,4,4,3,Champions
6437.0,110,1,266.8,2,1,1,Lost
6438.0,98,2,511.40999999999997,2,1,2,Lost
6439.0,29,5,617.49,3,3,2,Loyal
6441.0,76,14,2826.93,2,4,4,At Risk (was frequent)
6442.0,54,2,222.92,3,1,1,Developing
6443.0,125,2,705.05,2,1,2,Lost
6444.0,3,12,12564.61,4,4,4,Champions
6445.0,126,4,623.9300000000001,2,2,2,Lost
6446.0,33,5,625.16,3,3,2,Loyal
6447.0,36,12,6030.67,3,4,4,Champions
6448.0,0,7,1277.6299999999999,4,4,3,Champions
6449.0,78,8,878.99,2,4,2,At Risk (was frequent)
6450.0,58,5,1190.6999999999998,3,3,3,Champions
6451.0,75,4,421.26,2,2,1,Lost
6452.0,22,6,776.85,4,3,2,Loyal
6453.0,97,2,146.22,2,1,1,Lost
6454.0,8,3,593.86,4,2,2,Loyal
6455.0,16,4,545.12,4,2,2,Loyal
6456.0,310,2,183.45999999999998,1,1,1,Lost
6457.0,49,1,87.36,3,1,1,Developing
6458.0,70,1,146.74,2,1,1,Lost
6459.0,29,4,908.45,3,2,2,Loyal
6460.0,332,2,537.04,1,1,2,Lost
6461.0,27,3,668.87,3,2,2,Loyal
6462.0,27,2,533.2,3,1,2,Developing
6463.0,17,2,92.03999999999999,4,1,1,Developing
6464.0,51,6,2023.54,3,3,3,Champions
6465.0,15,7,1716.3000000000002,4,4,3,Champions
6466.0,307,1,399.04,1,1,1,Lost
6469.0,38,8,1593.97,3,4,3,Champions
6470.0,67,8,739.6899999999999,2,4,2,At Risk (was frequent)
6472.0,79,5,1644.93,2,3,3,At Risk (was frequent)
6473.0,25,1,17.12,3,1,1,Developing
6474.0,257,4,1131.7,1,2,3,Lost
6475.0,114,5,606.67,2,3,2,At Risk (was frequent)
6476.0,22,6,818.33,4,3,2,Loyal
6477.0,79,9,2383.28,2,4,4,At Risk (was frequent)
6479.0,296,3,500.92999999999995,1,2,2,Lost
6480.0,240,3,950.1999999999999,1,2,2,Lost
6481.0,385,6,6119.130000000001,1,3,4,At Risk (was frequent)
6482.0,11,7,2106.42,4,4,3,Champions
6483.0,3,6,1206.84,4,3,3,Champions
6484.0,0,2,961.6,4,1,2,Developing
6485.0,100,3,1421.95,2,2,3,Lost
6486.0,82,4,1171.3899999999999,2,2,3,Lost
6487.0,106,2,401.66999999999996,2,1,1,Lost
6488.0,65,6,1869.85,2,3,3,At Risk (was frequent)
6489.0,6,4,3434.1600000000003,4,2,4,Loyal
6490.0,312,2,395.21000000000004,1,1,1,Lost
6491.0,63,4,3010.63,2,2,4,Lost
6492.0,142,1,1619.7,1,1,3,Lost
6493.0,131,2,569.99,1,1,2,Lost
6495.0,241,4,823.3,1,2,2,Lost
6496.0,65,9,994.46,2,4,3,At Risk (was frequent)
6497.0,26,6,2118.06,3,3,3,Champions
6498.0,15,5,3797.84,4,3,4,Champions
6499.0,90,4,2125.3900000000003,2,2,3,Lost
6500.0,5,10,4371.92,4,4,4,Champions
6501.0,177,1,109.63,1,1,1,Lost
6502.0,4,13,5748.4,4,4,4,Champions
6503.0,64,1,7.57,2,1,1,Lost
6504.0,27,18,12975.89,3,4,4,Champions
6505.0,1,8,4808.25,4,4,4,Champions
6506.0,87,7,796.72,2,4,2,At Risk (was frequent)
6507.0,318,1,7.7,1,1,1,Lost
6508.0,36,4,1614.08,3,2,3,Loyal
6509.0,66,2,849.5600000000001,2,1,2,Lost
6510.0,7,3,325.38,4,2,1,Loyal
6511.0,7,7,2030.93,4,4,3,Champions
6512.0,77,2,155.76,2,1,1,Lost
6513.0,51,6,1239.1599999999999,3,3,3,Champions
6514.0,17,9,6270.15,4,4,4,Champions
6516.0,76,4,767.61,2,2,2,Lost
6517.0,115,5,1089.11,2,3,3,At Risk (was frequent)
6518.0,325,9,4214.38,1,4,4,At Risk (was frequent)
6519.0,8,6,1130.78,4,3,3,Champions
6520.0,203,2,251.87,1,1,1,Lost
6521.0,62,5,3469.83,2,3,4,At Risk (was frequent)
6522.0,48,6,2707.1,3,3,4,Champions
6523.0,9,8,965.6800000000001,4,4,2,Loyal
6525.0,33,3,1217.54,3,2,3,Loyal
6526.0,23,2,231.01999999999998,4,1,1,Developing
6527.0,96,4,1825.6,2,2,3,Lost
6528.0,106,8,674.0,2,4,2,At Risk (was frequent)
6529.0,53,2,310.25,3,1,1,Developing
6530.0,41,5,4484.8,3,3,4,Champions
6531.0,103,10,1611.74,2,4,3,At Risk (was frequent)
6532.0,134,1,66.84,1,1,1,Lost
6533.0,21,9,9743.83,4,4,4,Champions
6534.0,53,5,1026.34,3,3,3,Champions
6535.0,3,13,8378.45,4,4,4,Champions
6536.0,17,4,865.21,4,2,2,Loyal
6537.0,1,10,5638.75,4,4,4,Champions
6538.0,95,1,139.2,2,1,1,Lost
6539.0,17,10,10596.0,4,4,4,Champions
6540.0,105,7,1165.28,2,4,3,At Risk (was frequent)
6541.0,23,7,772.15,4,4,2,Loyal
6542.0,55,3,434.33,3,2,2,Loyal
6543.0,36,1,234.42,3,1,1,Developing
6544.0,10,2,204.23999999999998,4,1,1,Developing
6545.0,220,3,302.8,1,2,1,Lost
6546.0,24,1,105.95,4,1,1,Developing
6547.0,274,2,147.63,1,1,1,Lost
6548.0,197,3,401.91999999999996,1,2,1,Lost
6549.0,53,3,391.51,3,2,1,Loyal
6550.0,0,4,230.54000000000002,4,2,1,Loyal
6551.0,50,5,540.39,3,3,2,Loyal
6552.0,73,2,717.16,2,1,2,Lost
6553.0,5,16,19880.42,4,4,4,Champions
6554.0,17,2,480.26,4,1,2,Developing
6556.0,129,4,429.23,2,2,1,Lost
6557.0,25,7,2734.14,3,4,4,Champions
6558.0,140,6,974.83,1,3,2,At Risk (was frequent)
6559.0,523,2,1244.13,1,1,3,Lost
6560.0,93,4,1971.83,2,2,3,Lost
6561.0,116,5,2213.84,2,3,4,At Risk (was frequent)
6562.0,26,5,1077.58,3,3,3,Champions
6563.0,172,5,802.12,1,3,2,At Risk (was frequent)
6564.0,24,12,3570.9900000000002,4,4,4,Champions
6565.0,502,2,604.22,1,1,2,Lost
6567.0,94,5,1752.72,2,3,3,At Risk (was frequent)
6568.0,195,7,3172.82,1,4,4,At Risk (was frequent)
6569.0,51,6,11318.0,3,3,4,Champions
6570.0,86,2,147.41,2,1,1,Lost
6572.0,74,9,3849.87,2,4,4,At Risk (was frequent)
6573.0,54,5,1755.53,3,3,3,Champions
6574.0,26,6,4806.76,3,3,4,Champions
6575.0,121,5,375.53000000000003,2,3,1,At Risk (was frequent)
6576.0,111,3,347.26,2,2,1,Lost
6577.0,7,3,2779.74,4,2,4,Loyal
6578.0,194,7,2883.2599999999998,1,4,4,At Risk (was frequent)
6579.0,120,4,1393.08,2,2,3,Lost
6580.0,13,4,552.36,4,2,2,Loyal
6581.0,41,8,1650.44,3,4,3,Champions
6582.0,53,3,936.14,3,2,2,Loyal
6583.0,50,1,100.32,3,1,1,Developing
6584.0,160,6,973.22,1,3,2,At Risk (was frequent)
6585.0,70,5,595.59,2,3,2,At Risk (was frequent)
6586.0,8,5,2403.03,4,3,4,Champions
6587.0,84,3,526.72,2,2,2,Lost
6588.0,70,3,848.03,2,2,2,Lost
6589.0,98,2,246.25,2,1,1,Lost
6590.0,4,5,7677.5,4,3,4,Champions
6591.0,26,9,5081.650000000001,3,4,4,Champions
6592.0,37,11,3313.37,3,4,4,Champions
6593.0,60,5,950.1999999999999,3,3,2,Loyal
6594.0,32,4,2013.71,3,2,3,Loyal
6595.0,32,7,5587.26,3,4,4,Champions
6596.0,189,4,542.74,1,2,2,Lost
6597.0,45,7,1014.36,3,4,3,Champions
6598.0,8,8,1160.32,4,4,3,Champions
6599.0,10,3,653.69,4,2,2,Loyal
6600.0,31,4,459.49,3,2,2,Loyal
6601.0,44,3,295.74,3,2,1,Loyal
6602.0,7,11,2239.92,4,4,4,Champions
6603.0,22,4,4289.33,4,2,4,Loyal
6604.0,50,2,1151.65,3,1,3,Developing
6605.0,3,8,2283.64,4,4,4,Champions
6607.0,9,4,839.88,4,2,2,Loyal
6608.0,511,1,429.76,1,1,1,Lost
6609.0,274,3,388.13,1,2,1,Lost
6610.0,112,1,22.12,2,1,1,Lost
6611.0,44,6,2258.94,3,3,4,Champions
6612.0,92,3,71.44,2,2,1,Lost
6613.0,17,2,258.08,4,1,1,Developing
6614.0,61,3,368.44,3,2,1,Loyal
6617.0,101,2,695.11,2,1,2,Lost
6618.0,141,3,259.12,1,2,1,Lost
6619.0,118,5,3200.83,2,3,4,At Risk (was frequent)
6620.0,61,1,231.1,3,1,1,Developing
6621.0,161,4,1718.9599999999998,1,2,3,Lost
6622.0,169,3,536.2,1,2,2,Lost
6623.0,79,3,577.8,2,2,2,Lost
6624.0,33,7,1227.46,3,4,3,Champions
6626.0,5,11,2656.62,4,4,4,Champions
6627.0,70,6,846.0400000000001,2,3,2,At Risk (was frequent)
6628.0,174,6,5248.54,1,3,4,At Risk (was frequent)
6629.0,50,3,641.76,3,2,2,Loyal
6630.0,128,2,124.91999999999999,2,1,1,Lost
6631.0,177,6,1769.1100000000001,1,3,3,At Risk (was frequent)
6632.0,35,2,381.7,3,1,1,Developing
6633.0,60,5,1222.91,3,3,3,Champions
6634.0,15,1,342.84,4,1,1,Developing
6635.0,9,16,13985.060000000001,4,4,4,Champions
6636.0,113,1,1339.84,2,1,3,Lost
6637.0,303,1,1061.04,1,1,3,Lost
6638.0,49,4,4484.780000000001,3,2,4,Loyal
6639.0,1,8,7846.540000000001,4,4,4,Champions
6640.0,47,3,74.88,3,2,1,Loyal
6641.0,6,1,207.56,4,1,1,Developing
6642.0,17,13,8757.9,4,4,4,Champions
6643.0,136,8,1469.48,1,4,3,At Risk (was frequent)
6644.0,26,6,1917.25,3,3,3,Champions
6645.0,34,6,968.38,3,3,2,Loyal
6646.0,214,4,165.62,1,2,1,Lost
6647.0,4,3,469.51,4,2,2,Loyal
6648.0,317,1,218.78,1,1,1,Lost
6649.0,14,5,2470.42,4,3,4,Champions
6650.0,83,2,613.74,2,1,2,Lost
6652.0,156,3,843.08,1,2,2,Lost
6653.0,52,3,167.29,3,2,1,Loyal
6654.0,9,3,171.73000000000002,4,2,1,Loyal
6655.0,114,2,554.07,2,1,2,Lost
6657.0,199,6,1436.6999999999998,1,3,3,At Risk (was frequent)
6658.0,293,2,269.5,1,1,1,Lost
6659.0,132,1,147.72,1,1,1,Lost
6660.0,80,2,681.5,2,1,2,Lost
6661.0,106,2,331.78999999999996,2,1,1,Lost
6662.0,61,6,2444.8,3,3,4,Champions
6663.0,246,1,81.83,1,1,1,Lost
6664.0,67,1,46.6,2,1,1,Lost
6665.0,139,1,567.48,1,1,2,Lost
6666.0,290,3,716.73,1,2,2,Lost
6667.0,186,2,269.35,1,1,1,Lost
6668.0,103,4,1107.27,2,2,3,Lost
6669.0,115,8,1334.9,2,4,3,At Risk (was frequent)
6670.0,18,4,395.68,4,2,1,Loyal
6671.0,55,2,105.38000000000001,3,1,1,Developing
6672.0,137,6,1894.73,1,3,3,At Risk (was frequent)
6673.0,142,5,1155.9,1,3,3,At Risk (was frequent)
6674.0,87,3,1537.07,2,2,3,Lost
6675.0,165,4,1691.58,1,2,3,Lost
6676.0,60,3,715.31,3,2,2,Loyal
6677.0,177,2,54.35,1,1,1,Lost
6678.0,46,2,226.78,3,1,1,Developing
6679.0,12,10,6103.44,4,4,4,Champions
6680.0,174,8,793.58,1,4,2,At Risk (was frequent)
6681.0,116,3,2062.94,2,2,3,Lost
6682.0,36,7,941.47,3,4,2,Loyal
6684.0,256,1,30.8,1,1,1,Lost
6685.0,0,1,39.75,4,1,1,Developing
6686.0,98,1,964.4,2,1,2,Lost
6687.0,102,9,1035.53,2,4,3,At Risk (was frequent)
6688.0,118,2,172.29,2,1,1,Lost
6689.0,232,4,790.01,1,2,2,Lost
6690.0,61,6,3041.83,3,3,4,Champions
6691.0,6,4,650.78,4,2,2,Loyal
6692.0,9,12,7447.96,4,4,4,Champions
6693.0,78,11,3363.33,2,4,4,At Risk (was frequent)
6694.0,120,8,3211.23,2,4,4,At Risk (was frequent)
6695.0,138,4,877.3100000000001,1,2,2,Lost
6696.0,24,14,6089.1,4,4,4,Champions
6697.0,11,3,761.73,4,2,2,Loyal
6698.0,205,2,119.14999999999999,1,1,1,Lost
6699.0,128,1,27.61,2,1,1,Lost
6700.0,35,3,589.3,3,2,2,Loyal
6701.0,116,4,2474.3,2,2,4,Lost
6702.0,93,1,297.08,2,1,1,Lost
6703.0,134,1,22.59,1,1,1,Lost
6704.0,38,2,579.8199999999999,3,1,2,Developing
6706.0,2,5,942.59,4,3,2,Loyal
6707.0,36,9,5673.66,3,4,4,Champions
6708.0,66,7,2354.55,2,4,4,At Risk (was frequent)
6710.0,154,3,574.63,1,2,2,Lost
6711.0,6,2,161.79,4,1,1,Developing
6712.0,104,8,1803.6799999999998,2,4,3,At Risk (was frequent)
6713.0,153,12,10479.43,1,4,4,At Risk (was frequent)
6714.0,291,2,440.66,1,1,2,Lost
6715.0,22,9,2176.37,4,4,3,Champions
6716.0,40,1,115.31,3,1,1,Developing
6717.0,73,12,2607.91,2,4,4,At Risk (was frequent)
6718.0,18,1,761.56,4,1,2,Developing
6719.0,33,3,106.86,3,2,1,Loyal
6720.0,25,3,6000.459999999999,3,2,4,Loyal
6721.0,131,4,475.71,1,2,2,Lost
6722.0,18,12,5608.8,4,4,4,Champions
6723.0,235,4,1262.43,1,2,3,Lost
6727.0,112,5,1026.45,2,3,3,At Risk (was frequent)
6728.0,236,2,44.72,1,1,1,Lost
6729.0,45,10,1336.38,3,4,3,Champions
6730.0,86,2,934.02,2,1,2,Lost
6731.0,107,2,918.83,2,1,2,Lost
6732.0,13,10,4320.71,4,4,4,Champions
6733.0,26,5,3985.51,3,3,4,Champions
6734.0,31,5,2206.17,3,3,4,Champions
6735.0,8,12,2450.71,4,4,4,Champions
6736.0,17,21,18434.100000000002,4,4,4,Champions
6737.0,51,6,1111.73,3,3,3,Champions
6738.0,266,4,1763.4,1,2,3,Lost
6739.0,4,7,2357.04,4,4,4,Champions
6741.0,49,8,1018.55,3,4,3,Champions
6742.0,130,3,482.66999999999996,1,2,2,Lost
6743.0,24,4,2248.58,4,2,4,Loyal
6745.0,42,4,642.88,3,2,2,Loyal
6746.0,325,6,4283.1,1,3,4,At Risk (was frequent)
6747.0,56,11,2688.92,3,4,4,Champions
6748.0,64,4,868.23,2,2,2,Lost
6749.0,45,1,254.74,3,1,1,Developing
6751.0,288,1,145.28,1,1,1,Lost
6752.0,15,3,661.11,4,2,2,Loyal
6754.0,41,8,1084.9,3,4,3,Champions
6755.0,1,1,18.38,4,1,1,Developing
6756.0,20,5,700.4200000000001,4,3,2,Loyal
6757.0,225,3,412.46,1,2,1,Lost
6758.0,67,9,3849.8900000000003,2,4,4,At Risk (was frequent)
6759.0,317,3,860.2800000000001,1,2,2,Lost
6760.0,9,6,720.05,4,3,2,Loyal
6761.0,55,3,560.76,3,2,2,Loyal
6762.0,1,20,26284.83,4,4,4,Champions
6763.0,28,1,363.5,3,1,1,Developing
6764.0,0,8,2874.46,4,4,4,Champions
6765.0,231,8,2136.09,1,4,3,At Risk (was frequent)
6766.0,80,22,17107.84,2,4,4,At Risk (was frequent)
6767.0,112,11,4470.54,2,4,4,At Risk (was frequent)
6768.0,78,5,296.29,2,3,1,At Risk (was frequent)
6769.0,184,5,712.74,1,3,2,At Risk (was frequent)
6770.0,13,6,2848.1499999999996,4,3,4,Champions
6773.0,167,9,9474.75,1,4,4,At Risk (was frequent)
6774.0,234,1,1353.34,1,1,3,Lost
6775.0,6,2,468.28999999999996,4,1,2,Developing
6776.0,79,3,1306.73,2,2,3,Lost
6777.0,151,2,539.09,1,1,2,Lost
6778.0,180,2,97.39,1,1,1,Lost
6779.0,15,3,592.1099999999999,4,2,2,Loyal
6780.0,99,6,2599.75,2,3,4,At Risk (was frequent)
6781.0,22,4,2157.63,4,2,3,Loyal
6782.0,18,2,202.18,4,1,1,Developing
6783.0,7,12,6719.05,4,4,4,Champions
6784.0,59,2,32.2,3,1,1,Developing
6785.0,64,3,601.41,2,2,2,Lost
6786.0,97,2,436.34,2,1,2,Lost
6787.0,7,9,17117.86,4,4,4,Champions
6788.0,9,5,456.95,4,3,2,Loyal
6790.0,17,2,380.67999999999995,4,1,1,Developing
6791.0,107,5,2039.8100000000002,2,3,3,At Risk (was frequent)
6792.0,477,2,380.24,1,1,1,Lost
6793.0,182,7,1750.71,1,4,3,At Risk (was frequent)
6794.0,43,10,4632.36,3,4,4,Champions
6795.0,220,1,316.88,1,1,1,Lost
6796.0,78,3,606.4100000000001,2,2,2,Lost
6797.0,32,3,576.44,3,2,2,Loyal
6798.0,82,2,512.53,2,1,2,Lost
6799.0,255,1,70.62,1,1,1,Lost
6800.0,72,4,1018.8000000000001,2,2,3,Lost
6801.0,240,3,501.07,1,2,2,Lost
6802.0,281,3,253.89000000000001,1,2,1,Lost
6803.0,300,5,499.33,1,3,2,At Risk (was frequent)
6804.0,105,8,491.79,2,4,2,At Risk (was frequent)
6805.0,39,6,4250.099999999999,3,3,4,Champions
6806.0,27,7,2522.69,3,4,4,Champions
6807.0,104,4,366.59000000000003,2,2,1,Lost
6808.0,159,11,1378.88,1,4,3,At Risk (was frequent)
6809.0,10,5,828.52,4,3,2,Loyal
6810.0,63,5,675.03,2,3,2,At Risk (was frequent)
6811.0,55,3,174.47,3,2,1,Loyal
6812.0,28,9,2228.42,3,4,4,Champions
6813.0,2,13,7032.7,4,4,4,Champions
6814.0,60,3,674.8399999999999,3,2,2,Loyal
6815.0,72,2,888.03,2,1,2,Lost
6816.0,99,4,789.09,2,2,2,Lost
6817.0,17,4,1886.83,4,2,3,Loyal
6818.0,50,5,2256.01,3,3,4,Champions
6820.0,44,2,61.48,3,1,1,Developing
6821.0,16,5,2004.77,4,3,3,Champions
6822.0,65,4,723.49,2,2,2,Lost
6823.0,36,10,3984.57,3,4,4,Champions
6824.0,51,5,5902.8,3,3,4,Champions
6825.0,135,2,1191.8,1,1,3,Lost
6826.0,54,9,2809.17,3,4,4,Champions
6827.0,98,3,678.99,2,2,2,Lost
6828.0,105,1,156.72,2,1,1,Lost
6829.0,26,2,670.23,3,1,2,Developing
6831.0,50,6,342.14000000000004,3,3,1,Loyal
6832.0,64,5,5115.13,2,3,4,At Risk (was frequent)
6833.0,89,4,707.76,2,2,2,Lost
6834.0,48,3,861.94,3,2,2,Loyal
6835.0,253,1,211.16,1,1,1,Lost
6836.0,94,2,388.45,2,1,1,Lost
6837.0,96,5,1004.3499999999999,2,3,3,At Risk (was frequent)
6838.0,345,3,523.64,1,2,2,Lost
6839.0,36,6,1334.6200000000001,3,3,3,Champions
6840.0,138,2,224.57999999999998,1,1,1,Lost
6841.0,37,13,1503.45,3,4,3,Champions
6842.0,42,12,13383.220000000001,3,4,4,Champions
6843.0,101,3,263.44,2,2,1,Lost
6844.0,116,7,1763.4600000000003,2,4,3,At Risk (was frequent)
6845.0,3,4,901.43,4,2,2,Loyal
6846.0,228,2,150.3,1,1,1,Lost
6847.0,67,2,431.16,2,1,2,Lost
6848.0,224,5,1992.4,1,3,3,At Risk (was frequent)
6849.0,118,1,620.2,2,1,2,Lost
6850.0,83,6,794.1400000000001,2,3,2,At Risk (was frequent)
6851.0,7,12,12397.01,4,4,4,Champions
6852.0,121,2,1396.3999999999999,2,1,3,Lost
6853.0,66,8,1649.63,2,4,3,At Risk (was frequent)
6854.0,213,3,340.08,1,2,1,Lost
6855.0,29,10,10098.26,3,4,4,Champions
6856.0,61,4,509.08,3,2,2,Loyal
6858.0,12,3,318.37,4,2,1,Loyal
6859.0,141,1,51.76,1,1,1,Lost
6860.0,235,1,289.8,1,1,1,Lost
6861.0,51,2,980.1500000000001,3,1,2,Developing
6862.0,29,1,191.81,3,1,1,Developing
6863.0,101,4,797.2,2,2,2,Lost
6864.0,74,9,3369.94,2,4,4,At Risk (was frequent)
6865.0,38,2,392.53000000000003,3,1,1,Developing
6866.0,416,1,29.54,1,1,1,Lost
6867.0,112,2,406.09000000000003,2,1,1,Lost
6868.0,80,1,36.95,2,1,1,Lost
6870.0,100,5,390.26,2,3,1,At Risk (was frequent)
6872.0,72,9,4563.8,2,4,4,At Risk (was frequent)
6873.0,19,6,801.8,4,3,2,Loyal
6874.0,39,6,596.6600000000001,3,3,2,Loyal
6875.0,298,1,1271.4,1,1,3,Lost
6876.0,160,5,1235.38,1,3,3,At Risk (was frequent)
6877.0,275,1,59.65,1,1,1,Lost
6878.0,125,3,1006.96,2,2,3,Lost
6879.0,147,10,5714.35,1,4,4,At Risk (was frequent)
6880.0,101,8,753.58,2,4,2,At Risk (was frequent)
6881.0,238,3,638.3299999999999,1,2,2,Lost
6882.0,38,2,605.0,3,1,2,Developing
6883.0,109,1,310.1,2,1,1,Lost
6884.0,52,9,1284.33,3,4,3,Champions
6885.0,78,5,1662.68,2,3,3,At Risk (was frequent)
6886.0,12,3,858.94,4,2,2,Loyal
6887.0,3,3,233.5,4,2,1,Loyal
6888.0,40,4,1069.5,3,2,3,Loyal
6889.0,210,5,646.44,1,3,2,At Risk (was frequent)
6890.0,154,9,1714.92,1,4,3,At Risk (was frequent)
6891.0,71,2,366.03999999999996,2,1,1,Lost
6892.0,240,2,899.1199999999999,1,1,2,Lost
6893.0,29,13,4828.54,3,4,4,Champions
6894.0,345,1,404.34,1,1,1,Lost
6895.0,1,5,1894.42,4,3,3,Champions
6896.0,3,21,17249.49,4,4,4,Champions
6897.0,33,6,1859.1599999999999,3,3,3,Champions
6898.0,167,4,944.47,1,2,2,Lost
6899.0,19,5,1863.5500000000002,4,3,3,Champions
6900.0,102,1,615.4,2,1,2,Lost
6901.0,75,8,1018.1,2,4,3,At Risk (was frequent)
6902.0,3,6,3524.48,4,3,4,Champions
6903.0,115,4,613.44,2,2,2,Lost
6904.0,2,6,3985.34,4,3,4,Champions
6905.0,23,5,587.11,4,3,2,Loyal
6906.0,150,7,1380.4,1,4,3,At Risk (was frequent)
6907.0,82,5,549.6,2,3,2,At Risk (was frequent)
6908.0,34,2,195.82,3,1,1,Developing
6909.0,127,1,1414.46,2,1,3,Lost
6910.0,178,5,746.8,1,3,2,At Risk (was frequent)
6911.0,175,5,3740.79,1,3,4,At Risk (was frequent)
6912.0,114,9,2308.41,2,4,4,At Risk (was frequent)
6913.0,17,9,4748.87,4,4,4,Champions
6914.0,205,1,95.84,1,1,1,Lost
6915.0,205,1,776.75,1,1,2,Lost
6916.0,72,3,1329.35,2,2,3,Lost
6917.0,143,2,343.95,1,1,1,Lost
6918.0,31,6,914.88,3,3,2,Loyal
6919.0,33,3,1740.2800000000002,3,2,3,Loyal
6920.0,22,8,776.38,4,4,2,Loyal
6921.0,43,7,4926.8099999999995,3,4,4,Champions
6922.0,1,6,9853.32,4,3,4,Champions
6923.0,216,6,1094.22,1,3,3,At Risk (was frequent)
6924.0,113,4,731.56,2,2,2,Lost
6925.0,5,6,953.0699999999999,4,3,2,Loyal
6926.0,34,4,631.55,3,2,2,Loyal
6927.0,252,1,698.24,1,1,2,Lost
6928.0,189,6,3477.58,1,3,4,At Risk (was frequent)
6929.0,53,4,3569.61,3,2,4,Loyal
6930.0,118,5,1119.69,2,3,3,At Risk (was frequent)
6931.0,37,13,3782.66,3,4,4,Champions
6932.0,16,8,1028.35,4,4,3,Champions
6933.0,132,4,5096.0599999999995,1,2,4,Lost
6935.0,52,10,6035.21,3,4,4,Champions
6936.0,203,2,176.20999999999998,1,1,1,Lost
6937.0,114,7,1054.26,2,4,3,At Risk (was frequent)
6938.0,55,5,2480.05,3,3,4,Champions
6939.0,56,7,1943.28,3,4,3,Champions
6940.0,41,2,1361.48,3,1,3,Developing
6941.0,100,5,1398.2,2,3,3,At Risk (was frequent)
6942.0,105,4,928.98,2,2,2,Lost
6943.0,82,6,740.29,2,3,2,At Risk (was frequent)
6944.0,0,3,613.45,4,2,2,Loyal
6945.0,20,3,247.03,4,2,1,Loyal
6946.0,59,4,701.79,3,2,2,Loyal
6947.0,98,3,850.37,2,2,2,Lost
6948.0,158,3,607.07,1,2,2,Lost
6949.0,127,2,1227.27,2,1,3,Lost
6951.0,6,2,1334.12,4,1,3,Developing
6952.0,124,5,951.8299999999999,2,3,2,At Risk (was frequent)
6953.0,81,1,21.44,2,1,1,Lost
6954.0,1,2,190.85999999999999,4,1,1,Developing
6955.0,89,5,945.64,2,3,2,At Risk (was frequent)
6956.0,26,2,466.04,3,1,2,Developing
6957.0,18,4,1245.2099999999998,4,2,3,Loyal
6958.0,46,6,3793.1,3,3,4,Champions
6959.0,54,3,422.31,3,2,1,Loyal
6960.0,57,13,2453.43,3,4,4,Champions
6961.0,124,4,547.52,2,2,2,Lost
6962.0,62,3,115.53,2,2,1,Lost
6963.0,63,8,4716.35,2,4,4,At Risk (was frequent)
6964.0,11,4,1656.58,4,2,3,Loyal
6965.0,164,1,63.72,1,1,1,Lost
6966.0,4,1,256.32,4,1,1,Developing
6967.0,28,2,1617.6399999999999,3,1,3,Developing
6968.0,245,8,1186.8,1,4,3,At Risk (was frequent)
6969.0,95,4,257.76,2,2,1,Lost
6970.0,0,7,934.6,4,4,2,Loyal
6971.0,39,4,854.1899999999999,3,2,2,Loyal
6972.0,247,1,758.24,1,1,2,Lost
6973.0,41,3,252.12,3,2,1,Loyal
6974.0,116,3,942.62,2,2,2,Lost
6975.0,130,3,1159.65,1,2,3,Lost
6976.0,142,1,131.44,1,1,1,Lost
6977.0,7,11,3747.04,4,4,4,Champions
6978.0,269,5,4437.95,1,3,4,At Risk (was frequent)
6979.0,40,4,113.3,3,2,1,Loyal
6980.0,258,1,58.89,1,1,1,Lost
6981.0,19,8,4577.610000000001,4,4,4,Champions
6982.0,317,1,432.81,1,1,2,Lost
6983.0,66,6,2576.48,2,3,4,At Risk (was frequent)
6984.0,279,1,409.16,1,1,1,Lost
6985.0,127,3,1302.4,2,2,3,Lost
6986.0,22,16,13790.84,4,4,4,Champions
6987.0,197,4,396.53,1,2,1,Lost
6988.0,14,16,9912.3,4,4,4,Champions
6989.0,101,1,494.6,2,1,2,Lost
6990.0,32,2,1541.46,3,1,3,Developing
6992.0,89,11,6091.83,2,4,4,At Risk (was frequent)
6993.0,67,8,1553.8200000000002,2,4,3,At Risk (was frequent)
6994.0,67,8,2722.74,2,4,4,At Risk (was frequent)
6995.0,23,16,11727.92,4,4,4,Champions
6996.0,144,11,6041.0,1,4,4,At Risk (was frequent)
6997.0,229,1,55.37,1,1,1,Lost
6998.0,122,8,1408.76,2,4,3,At Risk (was frequent)
6999.0,109,5,1450.23,2,3,3,At Risk (was frequent)
7000.0,0,3,1151.7,4,2,3,Loyal
7001.0,82,2,820.52,2,1,2,Lost
7002.0,184,2,218.24,1,1,1,Lost
7004.0,9,2,601.0799999999999,4,1,2,Developing
7005.0,1,4,377.4,4,2,1,Loyal
7007.0,61,2,711.98,3,1,2,Developing
7008.0,30,5,1021.58,3,3,3,Champions
7009.0,54,3,127.63,3,2,1,Loyal
7010.0,177,1,253.22,1,1,1,Lost
7011.0,181,4,1076.24,1,2,3,Lost
7012.0,40,5,2291.94,3,3,4,Champions
7013.0,13,11,2126.28,4,4,3,Champions
7014.0,34,4,422.6,3,2,1,Loyal
7015.0,140,5,1095.19,1,3,3,At Risk (was frequent)
7016.0,197,4,1351.46,1,2,3,Lost
7017.0,153,8,7964.650000000001,1,4,4,At Risk (was frequent)
7018.0,20,5,1515.63,4,3,3,Champions
7019.0,156,4,606.49,1,2,2,Lost
7020.0,17,9,2543.02,4,4,4,Champions
7021.0,127,2,3048.92,2,1,4,Lost
7022.0,16,2,366.76,4,1,1,Developing
7023.0,28,5,1113.32,3,3,3,Champions
7024.0,233,8,5029.07,1,4,4,At Risk (was frequent)
7025.0,18,10,3475.1800000000003,4,4,4,Champions
7026.0,329,3,336.58,1,2,1,Lost
7027.0,255,1,90.98,1,1,1,Lost
7028.0,42,2,610.55,3,1,2,Developing
7029.0,91,4,1546.7,2,2,3,Lost
7030.0,48,5,1005.35,3,3,3,Champions
7031.0,2,2,738.76,4,1,2,Developing
7032.0,125,6,1354.26,2,3,3,At Risk (was frequent)
7033.0,30,8,1285.8799999999999,3,4,3,Champions
7034.0,402,1,275.42,1,1,1,Lost
7035.0,23,21,29483.5,4,4,4,Champions
7036.0,195,1,122.87,1,1,1,Lost
7037.0,59,5,1230.66,3,3,3,Champions
7038.0,10,3,597.66,4,2,2,Loyal
7039.0,62,4,1545.3400000000001,2,2,3,Lost
7040.0,24,2,259.12,4,1,1,Developing
7041.0,238,3,1007.69,1,2,3,Lost
7042.0,167,3,544.78,1,2,2,Lost
7043.0,63,5,1199.51,2,3,3,At Risk (was frequent)
7044.0,112,1,135.64,2,1,1,Lost
7045.0,3,4,673.47,4,2,2,Loyal
7046.0,1,13,14989.72,4,4,4,Champions
7047.0,78,3,1370.87,2,2,3,Lost
7048.0,0,7,1645.99,4,4,3,Champions
7049.0,139,3,805.4200000000001,1,2,2,Lost
7050.0,173,2,97.66999999999999,1,1,1,Lost
7051.0,443,4,596.55,1,2,2,Lost
7052.0,311,3,942.0799999999999,1,2,2,Lost
7053.0,109,8,779.85,2,4,2,At Risk (was frequent)
7054.0,42,8,1926.96,3,4,3,Champions
7055.0,96,11,2332.38,2,4,4,At Risk (was frequent)
7056.0,49,8,4208.09,3,4,4,Champions
7058.0,119,2,138.1,2,1,1,Lost
7059.0,66,8,2431.63,2,4,4,At Risk (was frequent)
7060.0,300,2,413.23,1,1,1,Lost
7061.0,14,4,917.8100000000001,4,2,2,Loyal
7062.0,108,7,2914.75,2,4,4,At Risk (was frequent)
7063.0,78,1,786.05,2,1,2,Lost
7064.0,35,6,652.32,3,3,2,Loyal
7065.0,288,2,223.22,1,1,1,Lost
7066.0,110,2,389.82,2,1,1,Lost
7067.0,16,5,3422.66,4,3,4,Champions
7068.0,143,2,435.82,1,1,2,Lost
7069.0,40,7,4338.33,3,4,4,Champions
7070.0,29,13,7752.27,3,4,4,Champions
7071.0,279,5,2185.31,1,3,3,At Risk (was frequent)
7072.0,29,1,30.96,3,1,1,Developing
7074.0,15,1,37.84,4,1,1,Developing
7075.0,92,6,1853.4699999999998,2,3,3,At Risk (was frequent)
7076.0,53,3,396.12,3,2,1,Loyal
7077.0,173,2,130.46,1,1,1,Lost
7078.0,105,4,982.27,2,2,2,Lost
7079.0,19,9,11148.29,4,4,4,Champions
7080.0,102,7,3115.91,2,4,4,At Risk (was frequent)
7081.0,92,5,523.34,2,3,2,At Risk (was frequent)
7083.0,18,8,3787.4,4,4,4,Champions
7084.0,74,8,1240.8400000000001,2,4,3,At Risk (was frequent)
7085.0,48,7,4435.57,3,4,4,Champions
7086.0,99,3,1540.31,2,2,3,Lost
7087.0,63,2,377.2,2,1,1,Lost
7088.0,10,8,8509.289999999999,4,4,4,Champions
7089.0,13,8,1317.1,4,4,3,Champions
7090.0,49,6,2474.38,3,3,4,Champions
7091.0,3,11,4178.49,4,4,4,Champions
7092.0,130,6,1475.98,1,3,3,At Risk (was frequent)
7093.0,133,11,3513.4900000000002,1,4,4,At Risk (was frequent)
7094.0,55,6,3025.36,3,3,4,Champions
7095.0,50,6,2336.82,3,3,4,Champions
7096.0,110,5,1460.83,2,3,3,At Risk (was frequent)
7097.0,54,2,237.91000000000003,3,1,1,Developing
7098.0,190,1,68.02,1,1,1,Lost
7099.0,30,5,534.27,3,3,2,Loyal
7100.0,154,2,323.38,1,1,1,Lost
7101.0,95,1,38.33,2,1,1,Lost
7102.0,122,3,1313.08,2,2,3,Lost
7104.0,12,8,3258.74,4,4,4,Champions
7105.0,22,2,1178.0,4,1,3,Developing
7106.0,274,4,4347.98,1,2,4,Lost
7107.0,44,4,459.72,3,2,2,Loyal
7108.0,65,3,264.37,2,2,1,Lost
7109.0,60,3,589.63,3,2,2,Loyal
7110.0,37,7,913.24,3,4,2,Loyal
7112.0,52,7,2551.12,3,4,4,Champions
7113.0,45,8,641.79,3,4,2,Loyal
7114.0,81,7,1260.7,2,4,3,At Risk (was frequent)
7115.0,112,3,2144.84,2,2,3,Lost
7116.0,163,2,2168.9,1,1,3,Lost
7117.0,28,12,6542.6,3,4,4,Champions
7118.0,12,2,2076.2400000000002,4,1,3,Developing
7119.0,61,8,10413.130000000001,3,4,4,Champions
7120.0,1,3,1060.45,4,2,3,Loyal
7121.0,125,7,1825.58,2,4,3,At Risk (was frequent)
7122.0,57,1,273.77,3,1,1,Developing
7124.0,17,14,5143.92,4,4,4,Champions
7125.0,190,6,494.94,1,3,2,At Risk (was frequent)
7126.0,46,8,5694.27,3,4,4,Champions
7127.0,154,3,189.14,1,2,1,Lost
7128.0,2,11,10611.61,4,4,4,Champions
7129.0,244,2,629.01,1,1,2,Lost
7130.0,183,8,1236.05,1,4,3,At Risk (was frequent)
7132.0,35,9,5351.29,3,4,4,Champions
7133.0,2,6,2246.22,4,3,4,Champions
7134.0,153,1,304.92,1,1,1,Lost
7135.0,121,2,734.56,2,1,2,Lost
7136.0,13,3,610.7,4,2,2,Loyal
7137.0,91,2,206.7,2,1,1,Lost
7138.0,17,3,1666.9,4,2,3,Loyal
7139.0,701,3,326.86,1,2,1,Lost
7140.0,60,4,1166.62,3,2,3,Loyal
7141.0,86,9,1126.67,2,4,3,At Risk (was frequent)
7142.0,220,5,712.09,1,3,2,At Risk (was frequent)
7143.0,246,6,1549.44,1,3,3,At Risk (was frequent)
7144.0,36,4,1305.9,3,2,3,Loyal
7145.0,1,2,520.2,4,1,2,Developing
7146.0,52,2,60.449999999999996,3,1,1,Developing
7147.0,90,1,71.18,2,1,1,Lost
7148.0,685,1,39.4,1,1,1,Lost
7149.0,77,7,1029.77,2,4,3,At Risk (was frequent)
7150.0,12,7,3417.98,4,4,4,Champions
7151.0,32,4,945.88,3,2,2,Loyal
7152.0,10,2,376.34000000000003,4,1,1,Developing
7153.0,58,9,5633.679999999999,3,4,4,Champions
7154.0,123,6,2178.54,2,3,3,At Risk (was frequent)
7155.0,60,8,2502.48,3,4,4,Champions
7156.0,7,9,3980.81,4,4,4,Champions
7157.0,218,2,302.66999999999996,1,1,1,Lost
7158.0,1,3,129.15,4,2,1,Loyal
7159.0,102,2,660.5,2,1,2,Lost
7161.0,6,6,2060.59,4,3,3,Champions
7163.0,97,6,752.0699999999999,2,3,2,At Risk (was frequent)
7164.0,101,2,272.97,2,1,1,Lost
7165.0,101,4,811.3,2,2,2,Lost
7166.0,24,2,157.13,4,1,1,Developing
7167.0,264,8,886.73,1,4,2,At Risk (was frequent)
7169.0,88,1,588.38,2,1,2,Lost
7170.0,200,7,2620.21,1,4,4,At Risk (was frequent)
7171.0,133,7,754.77,1,4,2,At Risk (was frequent)
7172.0,507,3,878.98,1,2,2,Lost
7173.0,22,2,172.86,4,1,1,Developing
7174.0,317,2,297.64000000000004,1,1,1,Lost
7175.0,40,5,1055.78,3,3,3,Champions
7176.0,52,3,988.02,3,2,2,Loyal
7177.0,158,5,1628.98,1,3,3,At Risk (was frequent)
7178.0,100,4,1017.9499999999999,2,2,3,Lost
7179.0,38,8,630.49,3,4,2,Loyal
7180.0,214,2,86.02,1,1,1,Lost
7181.0,2,12,13095.13,4,4,4,Champions
7182.0,6,9,3539.35,4,4,4,Champions
7183.0,50,5,563.44,3,3,2,Loyal
7184.0,31,6,2792.06,3,3,4,Champions
7185.0,281,1,350.92,1,1,1,Lost
7186.0,17,3,753.42,4,2,2,Loyal
7187.0,32,9,4091.3100000000004,3,4,4,Champions
7189.0,303,3,323.24,1,2,1,Lost
7191.0,281,4,846.8199999999999,1,2,2,Lost
7192.0,50,12,3858.49,3,4,4,Champions
7193.0,47,7,1868.99,3,4,3,Champions
7194.0,72,9,1409.77,2,4,3,At Risk (was frequent)
7197.0,75,3,501.27,2,2,2,Lost
7198.0,62,16,9711.32,2,4,4,At Risk (was frequent)
7200.0,45,5,2314.98,3,3,4,Champions
7201.0,85,6,600.26,2,3,2,At Risk (was frequent)
7202.0,306,4,353.22,1,2,1,Lost
7203.0,91,4,814.58,2,2,2,Lost
7204.0,159,7,1515.24,1,4,3,At Risk (was frequent)
7205.0,268,4,324.34000000000003,1,2,1,Lost
7206.0,184,1,749.18,1,1,2,Lost
7207.0,41,6,975.1500000000001,3,3,2,Loyal
7208.0,102,4,1128.07,2,2,3,Lost
7210.0,9,8,8155.66,4,4,4,Champions
7211.0,23,1,14.7,4,1,1,Developing
7212.0,105,1,160.0,2,1,1,Lost
7213.0,16,2,238.33999999999997,4,1,1,Developing
7214.0,2,1,36.43,4,1,1,Developing
7215.0,133,6,1353.17,1,3,3,At Risk (was frequent)
7216.0,67,5,1302.13,2,3,3,At Risk (was frequent)
7217.0,51,18,10419.91,3,4,4,Champions
7218.0,13,3,811.89,4,2,2,Loyal
7219.0,13,4,973.9,4,2,2,Loyal
7220.0,42,2,107.19999999999999,3,1,1,Developing
7221.0,134,1,956.22,1,1,2,Lost
7222.0,15,4,403.79,4,2,1,Loyal
7223.0,57,7,1393.26,3,4,3,Champions
7224.0,16,7,809.7,4,4,2,Loyal
7225.0,226,8,798.67,1,4,2,At Risk (was frequent)
7226.0,56,6,3016.8900000000003,3,3,4,Champions
7227.0,148,2,146.47,1,1,1,Lost
7228.0,27,11,4420.98,3,4,4,Champions
7229.0,42,7,1718.3899999999999,3,4,3,Champions
7230.0,60,3,566.48,3,2,2,Loyal
7231.0,47,3,1005.44,3,2,3,Loyal
7232.0,57,3,544.99,3,2,2,Loyal
7233.0,106,4,1092.98,2,2,3,Lost
7234.0,24,9,4547.47,4,4,4,Champions
7235.0,17,3,361.37,4,2,1,Loyal
7236.0,32,5,2741.3199999999997,3,3,4,Champions
7237.0,41,7,2222.64,3,4,4,Champions
7238.0,86,11,2495.83,2,4,4,At Risk (was frequent)
7239.0,329,3,1481.8899999999999,1,2,3,Lost
7241.0,3,2,564.98,4,1,2,Developing
7242.0,41,3,342.53,3,2,1,Loyal
7243.0,39,7,692.37,3,4,2,Loyal
7244.0,21,6,2139.82,4,3,3,Champions
7245.0,74,2,235.55,2,1,1,Lost
7246.0,70,7,2337.23,2,4,4,At Risk (was frequent)
7247.0,181,4,1929.62,1,2,3,Lost
7248.0,59,1,701.4,3,1,2,Developing
7249.0,130,6,1341.79,1,3,3,At Risk (was frequent)
7250.0,2,8,3496.64,4,4,4,Champions
7251.0,1,11,16800.12,4,4,4,Champions
7252.0,48,16,13152.189999999999,3,4,4,Champions
7253.0,35,9,2021.9199999999998,3,4,3,Champions
7254.0,203,8,1933.06,1,4,3,At Risk (was frequent)
7255.0,153,2,239.04,1,1,1,Lost
7256.0,198,2,243.15,1,1,1,Lost
7258.0,13,11,4541.74,4,4,4,Champions
7259.0,50,5,909.1700000000001,3,3,2,Loyal
7261.0,2,10,1938.16,4,4,3,Champions
7262.0,209,2,521.89,1,1,2,Lost
7263.0,122,3,1095.24,2,2,3,Lost
7265.0,47,2,154.17,3,1,1,Developing
7266.0,131,12,7149.360000000001,1,4,4,At Risk (was frequent)
7267.0,169,6,1041.7,1,3,3,At Risk (was frequent)
7268.0,6,16,27459.99,4,4,4,Champions
7269.0,7,5,409.07,4,3,1,Loyal
7271.0,81,14,11515.31,2,4,4,At Risk (was frequent)
7272.0,30,4,1194.26,3,2,3,Loyal
7273.0,8,3,463.78,4,2,2,Loyal
7275.0,119,2,416.77,2,1,1,Lost
7276.0,101,1,70.98,2,1,1,Lost
7277.0,115,10,4255.95,2,4,4,At Risk (was frequent)
7278.0,461,3,1091.35,1,2,3,Lost
7279.0,50,9,957.3000000000001,3,4,2,Loyal
7280.0,15,4,1507.74,4,2,3,Loyal
7282.0,112,17,7339.69,2,4,4,At Risk (was frequent)
7283.0,167,7,1434.26,1,4,3,At Risk (was frequent)
7284.0,52,4,1040.68,3,2,3,Loyal
7285.0,17,3,513.8599999999999,4,2,2,Loyal
7287.0,0,13,6318.32,4,4,4,Champions
7288.0,36,1,52.43,3,1,1,Developing
7289.0,62,3,174.48,2,2,1,Lost
7290.0,27,5,3148.71,3,3,4,Champions
7291.0,58,3,787.52,3,2,2,Loyal
7292.0,5,1,384.82,4,1,1,Developing
7293.0,84,7,2058.7,2,4,3,At Risk (was frequent)
7294.0,49,6,513.55,3,3,2,Loyal
7296.0,41,1,84.82,3,1,1,Developing
7297.0,41,3,428.22,3,2,1,Loyal
7298.0,10,3,2465.0299999999997,4,2,4,Loyal
7299.0,221,1,64.4,1,1,1,Lost
7300.0,29,3,631.61,3,2,2,Loyal
7301.0,366,5,7105.76,1,3,4,At Risk (was frequent)
7302.0,77,4,365.5,2,2,1,Lost
7303.0,142,8,2234.9500000000003,1,4,4,At Risk (was frequent)
7304.0,222,2,276.15,1,1,1,Lost
7307.0,23,5,619.01,4,3,2,Loyal
7308.0,287,1,150.55,1,1,1,Lost
7311.0,214,1,211.16,1,1,1,Lost
7312.0,19,8,2017.53,4,4,3,Champions
7313.0,286,4,777.71,1,2,2,Lost
7314.0,160,1,71.94,1,1,1,Lost
7316.0,131,2,138.22,1,1,1,Lost
7317.0,269,1,113.77,1,1,1,Lost
7318.0,12,6,1839.44,4,3,3,Champions
7319.0,62,5,587.88,2,3,2,At Risk (was frequent)
7321.0,0,6,270.7,4,3,1,Loyal
7322.0,91,4,770.04,2,2,2,Lost
7323.0,163,2,361.16,1,1,1,Lost
7325.0,4,13,5872.07,4,4,4,Champions
7326.0,156,3,899.54,1,2,2,Lost
7327.0,102,5,1332.46,2,3,3,At Risk (was frequent)
7328.0,185,6,1580.9699999999998,1,3,3,At Risk (was frequent)
7329.0,15,3,1435.8,4,2,3,Loyal
7330.0,386,7,1331.92,1,4,3,At Risk (was frequent)
7331.0,35,1,38.71,3,1,1,Developing
7332.0,7,7,12320.220000000001,4,4,4,Champions
7333.0,29,26,31822.48,3,4,4,Champions
7334.0,188,1,63.46,1,1,1,Lost
7335.0,67,7,4899.53,2,4,4,At Risk (was frequent)
7336.0,234,2,1647.65,1,1,3,Lost
7337.0,109,2,167.58,2,1,1,Lost
7338.0,50,5,1626.65,3,3,3,Champions
7339.0,95,9,2633.1099999999997,2,4,4,At Risk (was frequent)
7340.0,86,8,3250.2,2,4,4,At Risk (was frequent)
7341.0,50,8,2648.8199999999997,3,4,4,Champions
7342.0,11,2,318.46,4,1,1,Developing
7343.0,177,4,577.47,1,2,2,Lost
7344.0,151,5,7835.82,1,3,4,At Risk (was frequent)
7345.0,50,20,10420.5,3,4,4,Champions
7346.0,8,6,2665.1400000000003,4,3,4,Champions
7347.0,68,5,2134.62,2,3,3,At Risk (was frequent)
7348.0,29,4,1817.29,3,2,3,Loyal
7349.0,73,4,1443.42,2,2,3,Lost
7350.0,41,5,1145.76,3,3,3,Champions
7351.0,5,7,1090.02,4,4,3,Champions
7352.0,26,6,1239.91,3,3,3,Champions
7353.0,105,5,450.18,2,3,2,At Risk (was frequent)
7354.0,60,2,179.71,3,1,1,Developing
7356.0,559,1,192.62,1,1,1,Lost
7357.0,72,3,717.12,2,2,2,Lost
7358.0,3,20,7162.030000000001,4,4,4,Champions
7359.0,58,6,1523.59,3,3,3,Champions
7360.0,26,2,1132.0900000000001,3,1,3,Developing
7361.0,40,3,209.23000000000002,3,2,1,Loyal
7362.0,31,4,450.07,3,2,2,Loyal
7363.0,11,11,4684.68,4,4,4,Champions
7364.0,26,2,79.86,3,1,1,Developing
7365.0,14,2,1113.94,4,1,3,Developing
7367.0,28,3,64.69999999999999,3,2,1,Loyal
7368.0,82,3,1903.0,2,2,3,Lost
7369.0,22,4,562.42,4,2,2,Loyal
7370.0,2,6,667.63,4,3,2,Loyal
7371.0,121,3,278.55,2,2,1,Lost
7372.0,210,3,323.56,1,2,1,Lost
7373.0,75,6,1072.41,2,3,3,At Risk (was frequent)
7374.0,23,4,755.26,4,2,2,Loyal
7375.0,23,2,29.47,4,1,1,Developing
7376.0,6,9,1664.3,4,4,3,Champions
7378.0,127,2,1253.61,2,1,3,Lost
7379.0,32,8,856.82,3,4,2,Loyal
7380.0,243,5,890.66,1,3,2,At Risk (was frequent)
7381.0,384,5,1370.66,1,3,3,At Risk (was frequent)
7383.0,47,2,319.58000000000004,3,1,1,Developing
7384.0,74,1,492.4,2,1,2,Lost
7386.0,30,4,680.79,3,2,2,Loyal
7387.0,95,3,824.46,2,2,2,Lost
7388.0,40,4,438.29,3,2,2,Loyal
7389.0,99,9,1270.28,2,4,3,At Risk (was frequent)
7390.0,15,3,1402.95,4,2,3,Loyal
7391.0,6,3,614.0500000000001,4,2,2,Loyal
7392.0,16,5,1087.21,4,3,3,Champions
7393.0,119,5,1263.5800000000002,2,3,3,At Risk (was frequent)
7394.0,12,9,3558.52,4,4,4,Champions
7395.0,316,4,1512.38,1,2,3,Lost
7396.0,64,5,605.0600000000001,2,3,2,At Risk (was frequent)
7397.0,33,7,1174.93,3,4,3,Champions
7398.0,2,9,4370.76,4,4,4,Champions
7399.0,60,10,6704.82,3,4,4,Champions
7400.0,10,1,70.08,4,1,1,Developing
7402.0,30,5,6791.7300000000005,3,3,4,Champions
7403.0,124,6,2254.73,2,3,4,At Risk (was frequent)
7404.0,52,3,945.38,3,2,2,Loyal
7405.0,98,7,3609.4300000000003,2,4,4,At Risk (was frequent)
7406.0,40,4,579.27,3,2,2,Loyal
7407.0,50,3,920.13,3,2,2,Loyal
7408.0,148,3,853.07,1,2,2,Lost
7409.0,61,14,17309.010000000002,3,4,4,Champions
7410.0,69,4,994.6,2,2,3,Lost
7411.0,9,5,603.63,4,3,2,Loyal
7412.0,298,1,374.62,1,1,1,Lost
7413.0,27,5,3199.57,3,3,4,Champions
7414.0,81,4,1144.52,2,2,3,Lost
7415.0,62,7,1753.13,2,4,3,At Risk (was frequent)
7416.0,101,2,339.33,2,1,1,Lost
7418.0,75,3,642.72,2,2,2,Lost
7419.0,262,2,477.72,1,1,2,Lost
7420.0,191,6,602.36,1,3,2,At Risk (was frequent)
7421.0,11,4,173.68,4,2,1,Loyal
7422.0,52,2,1287.2399999999998,3,1,3,Developing
7424.0,37,9,3187.17,3,4,4,Champions
7425.0,180,3,379.40999999999997,1,2,1,Lost
7426.0,56,4,864.3700000000001,3,2,2,Loyal
7427.0,10,13,3118.69,4,4,4,Champions
7428.0,32,6,1185.08,3,3,3,Champions
7429.0,10,1,60.3,4,1,1,Developing
7430.0,197,8,4686.61,1,4,4,At Risk (was frequent)
7431.0,166,4,1464.0,1,2,3,Lost
7432.0,39,8,6545.05,3,4,4,Champions
7433.0,211,6,1482.8600000000001,1,3,3,At Risk (was frequent)
7435.0,99,4,1944.44,2,2,3,Lost
7436.0,78,6,1431.9299999999998,2,3,3,At Risk (was frequent)
7437.0,15,6,948.75,4,3,2,Loyal
7438.0,5,5,880.1800000000001,4,3,2,Loyal
7439.0,78,5,1628.57,2,3,3,At Risk (was frequent)
7440.0,68,6,3081.3900000000003,2,3,4,At Risk (was frequent)
7441.0,26,8,3567.02,3,4,4,Champions
7442.0,17,5,2366.92,4,3,4,Champions
7443.0,0,13,4149.16,4,4,4,Champions
7444.0,86,4,2142.76,2,2,3,Lost
7445.0,66,6,5216.89,2,3,4,At Risk (was frequent)
7446.0,153,2,232.03,1,1,1,Lost
7447.0,101,4,1372.08,2,2,3,Lost
7448.0,36,3,688.4100000000001,3,2,2,Loyal
7449.0,40,4,1416.0,3,2,3,Loyal
7450.0,14,7,3023.8,4,4,4,Champions
7451.0,4,10,10802.75,4,4,4,Champions
7452.0,289,2,1582.46,1,1,3,Lost
7453.0,136,11,7329.1,1,4,4,At Risk (was frequent)
7454.0,15,4,1295.32,4,2,3,Loyal
7455.0,41,6,1322.96,3,3,3,Champions
7456.0,107,3,2037.9699999999998,2,2,3,Lost
7457.0,98,1,58.08,2,1,1,Lost
7458.0,3,5,2007.75,4,3,3,Champions
7459.0,161,3,165.53,1,2,1,Lost
7460.0,125,1,573.64,2,1,2,Lost
7461.0,197,7,1605.9899999999998,1,4,3,At Risk (was frequent)
7462.0,24,10,2347.04,4,4,4,Champions
7463.0,23,7,686.65,4,4,2,Loyal
7464.0,247,1,59.56,1,1,1,Lost
7465.0,40,10,3734.05,3,4,4,Champions
7466.0,35,2,62.11,3,1,1,Developing
7467.0,169,2,359.20000000000005,1,1,1,Lost
7468.0,3,6,4180.99,4,3,4,Champions
7469.0,7,7,2067.38,4,4,3,Champions
7470.0,368,6,4051.05,1,3,4,At Risk (was frequent)
7471.0,13,6,1031.1200000000001,4,3,3,Champions
7472.0,62,5,1298.9299999999998,2,3,3,At Risk (was frequent)
7474.0,62,7,2643.71,2,4,4,At Risk (was frequent)
7475.0,166,21,19067.42,1,4,4,At Risk (was frequent)
7476.0,22,9,972.64,4,4,2,Loyal
7477.0,110,6,1290.26,2,3,3,At Risk (was frequent)
7478.0,46,1,70.88,3,1,1,Developing
7479.0,9,9,5724.27,4,4,4,Champions
7480.0,81,3,843.52,2,2,2,Lost
7481.0,248,7,606.22,1,4,2,At Risk (was frequent)
7482.0,150,1,47.87,1,1,1,Lost
7483.0,71,14,10544.18,2,4,4,At Risk (was frequent)
7484.0,258,1,287.58,1,1,1,Lost
7485.0,292,1,29.7,1,1,1,Lost
7486.0,505,4,689.36,1,2,2,Lost
7487.0,73,6,1175.43,2,3,3,At Risk (was frequent)
7488.0,68,5,569.52,2,3,2,At Risk (was frequent)
7489.0,7,3,890.5799999999999,4,2,2,Loyal
7490.0,42,2,415.63,3,1,1,Developing
7491.0,89,3,2139.67,2,2,3,Lost
7493.0,79,4,1520.5,2,2,3,Lost
7494.0,459,3,532.71,1,2,2,Lost
7495.0,32,5,880.1600000000001,3,3,2,Loyal
7496.0,392,1,1552.54,1,1,3,Lost
7497.0,105,6,1034.25,2,3,3,At Risk (was frequent)
7498.0,80,5,3130.87,2,3,4,At Risk (was frequent)
7499.0,107,2,107.24,2,1,1,Lost
7500.0,24,3,279.47,4,2,1,Loyal
7501.0,171,8,3586.69,1,4,4,At Risk (was frequent)
7502.0,58,2,187.04,3,1,1,Developing
7503.0,196,3,588.3299999999999,1,2,2,Lost
7504.0,41,4,455.74,3,2,2,Loyal
7505.0,68,15,11179.72,2,4,4,At Risk (was frequent)
7506.0,23,5,520.94,4,3,2,Loyal
7507.0,257,3,321.64,1,2,1,Lost
7508.0,37,3,287.15,3,2,1,Loyal
7509.0,55,5,1541.7,3,3,3,Champions
7511.0,92,4,472.16999999999996,2,2,2,Lost
7512.0,60,3,966.3799999999999,3,2,2,Loyal
7513.0,22,1,493.74,4,1,2,Developing
7514.0,24,6,928.48,4,3,2,Loyal
7515.0,33,6,1329.27,3,3,3,Champions
7516.0,193,3,564.5500000000001,1,2,2,Lost
7517.0,28,7,1302.6399999999999,3,4,3,Champions
7518.0,31,8,1229.05,3,4,3,Champions
7519.0,12,6,5741.47,4,3,4,Champions
7520.0,0,7,1915.81,4,4,3,Champions
7522.0,249,1,13.86,1,1,1,Lost
7523.0,28,1,398.14,3,1,1,Developing
7524.0,374,2,117.93,1,1,1,Lost
7525.0,74,4,878.44,2,2,2,Lost
7526.0,16,4,2006.8200000000002,4,2,3,Loyal
7527.0,310,1,717.68,1,1,2,Lost
7528.0,97,11,4802.77,2,4,4,At Risk (was frequent)
7530.0,0,6,926.54,4,3,2,Loyal
7531.0,199,1,17.0,1,1,1,Lost
7532.0,21,7,602.0699999999999,4,4,2,Loyal
7533.0,88,1,42.43,2,1,1,Lost
7534.0,86,3,2302.26,2,2,4,Lost
7536.0,81,2,741.63,2,1,2,Lost
7537.0,71,10,2580.62,2,4,4,At Risk (was frequent)
7538.0,227,1,134.12,1,1,1,Lost
7539.0,107,2,277.04999999999995,2,1,1,Lost
7540.0,13,9,6583.54,4,4,4,Champions
7541.0,83,4,802.86,2,2,2,Lost
7542.0,141,3,240.28,1,2,1,Lost
7543.0,6,4,3167.28,4,2,4,Loyal
7544.0,118,4,744.86,2,2,2,Lost
7545.0,38,2,175.63,3,1,1,Developing
7546.0,221,4,887.6800000000001,1,2,2,Lost
7547.0,40,13,5375.9400000000005,3,4,4,Champions
7548.0,35,5,978.1300000000001,3,3,2,Loyal
7549.0,24,6,640.96,4,3,2,Loyal
7550.0,18,4,456.49,4,2,2,Loyal
7551.0,16,4,1545.06,4,2,3,Loyal
7552.0,120,5,727.4,2,3,2,At Risk (was frequent)
7553.0,64,4,1204.47,2,2,3,Lost
7554.0,107,1,348.5,2,1,1,Lost
7555.0,94,8,6313.360000000001,2,4,4,At Risk (was frequent)
7556.0,29,2,182.04000000000002,3,1,1,Developing
7557.0,329,1,59.77,1,1,1,Lost
7558.0,33,5,1320.2,3,3,3,Champions
7559.0,52,7,1640.08,3,4,3,Champions
7560.0,146,3,3816.07,1,2,4,Lost
7561.0,118,7,3188.8499999999995,2,4,4,At Risk (was frequent)
7562.0,60,6,1093.3500000000001,3,3,3,Champions
7563.0,37,5,4478.71,3,3,4,Champions
7564.0,1,1,156.34,4,1,1,Developing
7565.0,77,2,352.65000000000003,2,1,1,Lost
7566.0,62,10,2094.29,2,4,3,At Risk (was frequent)
7567.0,63,7,2319.0,2,4,4,At Risk (was frequent)
7568.0,18,3,433.76,4,2,2,Loyal
7569.0,33,7,2358.27,3,4,4,Champions
7570.0,42,3,837.1300000000001,3,2,2,Loyal
7571.0,51,10,1746.44,3,4,3,Champions
7572.0,10,9,2144.83,4,4,3,Champions
7573.0,2,2,1980.51,4,1,3,Developing
7574.0,76,4,221.74,2,2,1,Lost
7575.0,20,24,17295.33,4,4,4,Champions
7576.0,76,10,2039.23,2,4,3,At Risk (was frequent)
7577.0,44,9,2380.79,3,4,4,Champions
7578.0,67,10,2335.95,2,4,4,At Risk (was frequent)
7579.0,52,5,2062.61,3,3,3,Champions
7580.0,80,9,2639.78,2,4,4,At Risk (was frequent)
7581.0,105,2,810.7099999999999,2,1,2,Lost
7582.0,135,4,1657.74,1,2,3,Lost
7583.0,22,1,61.92,4,1,1,Developing
7584.0,87,3,341.9,2,2,1,Lost
7585.0,78,6,918.62,2,3,2,At Risk (was frequent)
7586.0,126,5,899.85,2,3,2,At Risk (was frequent)
7587.0,45,5,3460.42,3,3,4,Champions
7588.0,11,3,231.19,4,2,1,Loyal
7589.0,37,4,964.4000000000001,3,2,2,Loyal
7590.0,19,3,741.8499999999999,4,2,2,Loyal
7591.0,212,4,1551.7,1,2,3,Lost
7592.0,30,8,2571.63,3,4,4,Champions
7593.0,77,6,4877.22,2,3,4,At Risk (was frequent)
7594.0,36,3,482.22,3,2,2,Loyal
7595.0,13,5,736.04,4,3,2,Loyal
7596.0,150,1,250.46,1,1,1,Lost
7597.0,327,8,2111.7499999999995,1,4,3,At Risk (was frequent)
7598.0,50,5,390.73,3,3,1,Loyal
7599.0,6,6,1201.9,4,3,3,Champions
7600.0,246,2,317.94,1,1,1,Lost
7601.0,11,7,2377.5299999999997,4,4,4,Champions
7602.0,31,7,1071.43,3,4,3,Champions
7603.0,10,3,211.34,4,2,1,Loyal
7604.0,191,4,498.18,1,2,2,Lost
7605.0,216,3,203.47,1,2,1,Lost
7606.0,25,6,3031.41,3,3,4,Champions
7607.0,8,2,127.10000000000001,4,1,1,Developing
7608.0,144,6,2520.02,1,3,4,At Risk (was frequent)
7610.0,154,6,485.36,1,3,2,At Risk (was frequent)
7611.0,80,3,688.1400000000001,2,2,2,Lost
7612.0,54,1,164.96,3,1,1,Developing
7613.0,174,3,286.53,1,2,1,Lost
7614.0,178,4,565.0899999999999,1,2,2,Lost
7615.0,26,2,2025.85,3,1,3,Developing
7616.0,18,8,1197.42,4,4,3,Champions
7617.0,121,3,1422.92,2,2,3,Lost
7618.0,206,1,134.5,1,1,1,Lost
7620.0,33,1,37.25,3,1,1,Developing
7621.0,79,4,3995.98,2,2,4,Lost
7622.0,16,9,2309.2799999999997,4,4,4,Champions
7623.0,2,4,6866.889999999999,4,2,4,Loyal
7624.0,20,3,408.25,4,2,1,Loyal
7625.0,12,4,579.09,4,2,2,Loyal
7626.0,21,4,719.0600000000001,4,2,2,Loyal
7628.0,83,2,79.49000000000001,2,1,1,Lost
7629.0,17,2,94.17,4,1,1,Developing
7630.0,153,2,163.75,1,1,1,Lost
7631.0,233,5,652.9200000000001,1,3,2,At Risk (was frequent)
7632.0,179,3,292.97,1,2,1,Lost
7633.0,23,12,1289.3999999999999,4,4,3,Champions
7634.0,19,10,9237.630000000001,4,4,4,Champions
7635.0,10,6,5475.66,4,3,4,Champions
7636.0,115,10,9451.04,2,4,4,At Risk (was frequent)
7637.0,94,7,2772.65,2,4,4,At Risk (was frequent)
7638.0,100,7,1011.55,2,4,3,At Risk (was frequent)
7640.0,141,2,65.86,1,1,1,Lost
7641.0,433,2,227.38,1,1,1,Lost
7642.0,67,3,336.94,2,2,1,Lost
7643.0,105,10,6596.56,2,4,4,At Risk (was frequent)
7644.0,181,3,346.34,1,2,1,Lost
7645.0,15,4,2179.52,4,2,3,Loyal
7646.0,13,5,891.93,4,3,2,Loyal
7647.0,110,1,1176.76,2,1,3,Lost
7648.0,93,3,978.99,2,2,2,Lost
7649.0,0,8,8552.58,4,4,4,Champions
7650.0,93,4,1396.12,2,2,3,Lost
7652.0,181,3,550.86,1,2,2,Lost
7653.0,203,7,1562.51,1,4,3,At Risk (was frequent)
7654.0,66,2,953.6600000000001,2,1,2,Lost
7655.0,23,6,1656.0900000000001,4,3,3,Champions
7656.0,209,1,112.58,1,1,1,Lost
7657.0,18,2,2087.29,4,1,3,Developing
7658.0,132,10,1829.2800000000002,1,4,3,At Risk (was frequent)
7659.0,61,6,2816.69,3,3,4,Champions
7660.0,2,3,490.66,4,2,2,Loyal
7661.0,56,8,1551.8600000000001,3,4,3,Champions
7662.0,2,13,9997.22,4,4,4,Champions
7663.0,117,11,3463.7,2,4,4,At Risk (was frequent)
7664.0,8,1,38.64,4,1,1,Developing
7665.0,161,3,2064.56,1,2,3,Lost
7666.0,43,7,1135.96,3,4,3,Champions
7667.0,123,2,624.0899999999999,2,1,2,Lost
7668.0,33,4,608.02,3,2,2,Loyal
7669.0,49,6,725.71,3,3,2,Loyal
7670.0,19,3,367.9,4,2,1,Loyal
7671.0,7,5,2669.3199999999997,4,3,4,Champions
7673.0,18,8,353.75,4,4,1,Loyal
7674.0,0,9,1729.41,4,4,3,Champions
7675.0,74,7,3915.58,2,4,4,At Risk (was frequent)
7676.0,165,3,628.47,1,2,2,Lost
7677.0,102,2,1547.51,2,1,3,Lost
7678.0,157,7,633.11,1,4,2,At Risk (was frequent)
7679.0,168,1,31.86,1,1,1,Lost
7680.0,81,1,2774.64,2,1,4,Lost
7681.0,58,2,170.13,3,1,1,Developing
7682.0,88,1,141.02,2,1,1,Lost
7683.0,121,1,400.44,2,1,1,Lost
7684.0,117,2,360.7,2,1,1,Lost
7685.0,386,2,169.28,1,1,1,Lost
7686.0,90,4,261.95,2,2,1,Lost
7687.0,60,5,1148.26,3,3,3,Champions
7688.0,10,2,33.68,4,1,1,Developing
7689.0,62,2,196.99,2,1,1,Lost
7690.0,58,4,2405.7000000000003,3,2,4,Loyal
7691.0,19,6,2155.04,4,3,3,Champions
7692.0,91,1,371.4,2,1,1,Lost
7693.0,18,3,941.73,4,2,2,Loyal
7694.0,51,3,2386.78,3,2,4,Loyal
7695.0,4,2,664.62,4,1,2,Developing
7696.0,50,2,262.78,3,1,1,Developing
7697.0,44,13,10703.68,3,4,4,Champions
7698.0,63,1,193.65,2,1,1,Lost
7699.0,129,6,1503.09,2,3,3,At Risk (was frequent)
7700.0,67,9,1791.54,2,4,3,At Risk (was frequent)
7701.0,4,9,1891.5500000000002,4,4,3,Champions
7702.0,169,4,607.66,1,2,2,Lost
7703.0,158,9,2265.94,1,4,4,At Risk (was frequent)
7704.0,9,2,116.84,4,1,1,Developing
7705.0,82,3,935.0899999999999,2,2,2,Lost
7706.0,6,3,2126.01,4,2,3,Loyal
7707.0,303,5,1218.81,1,3,3,At Risk (was frequent)
7708.0,12,27,29261.55,4,4,4,Champions
7710.0,185,5,1061.52,1,3,3,At Risk (was frequent)
7711.0,30,3,1621.46,3,2,3,Loyal
7712.0,1,6,5612.0599999999995,4,3,4,Champions
7713.0,31,1,526.6,3,1,2,Developing
7714.0,70,5,1282.24,2,3,3,At Risk (was frequent)
7715.0,23,2,1902.44,4,1,3,Developing
7716.0,289,2,262.26,1,1,1,Lost
7717.0,254,1,218.58,1,1,1,Lost
7718.0,91,11,3652.95,2,4,4,At Risk (was frequent)
7719.0,3,25,9577.14,4,4,4,Champions
7720.0,88,9,7089.030000000001,2,4,4,At Risk (was frequent)
7722.0,294,1,433.38,1,1,2,Lost
7723.0,2,5,660.43,4,3,2,Loyal
7724.0,210,3,920.37,1,2,2,Lost
7725.0,21,8,702.17,4,4,2,Loyal
7726.0,37,7,2927.97,3,4,4,Champions
7727.0,5,3,55.47,4,2,1,Loyal
7728.0,82,7,2842.78,2,4,4,At Risk (was frequent)
7729.0,137,4,284.09000000000003,1,2,1,Lost
7730.0,42,6,1932.46,3,3,3,Champions
7731.0,118,13,7010.24,2,4,4,At Risk (was frequent)
7732.0,139,2,1103.16,1,1,3,Lost
7733.0,101,1,410.1,2,1,1,Lost
7734.0,3,4,778.25,4,2,2,Loyal
7735.0,171,4,2534.77,1,2,4,Lost
7736.0,54,9,3031.79,3,4,4,Champions
7737.0,191,1,254.08,1,1,1,Lost
7738.0,40,6,2074.09,3,3,3,Champions
7739.0,180,10,8290.310000000001,1,4,4,At Risk (was frequent)
7740.0,159,1,3.27,1,1,1,Lost
7741.0,106,6,1897.11,2,3,3,At Risk (was frequent)
7742.0,15,3,787.3299999999999,4,2,2,Loyal
7743.0,21,9,1504.04,4,4,3,Champions
7744.0,163,2,1110.4099999999999,1,1,3,Lost
7745.0,22,9,10014.93,4,4,4,Champions
7746.0,18,4,1262.79,4,2,3,Loyal
7747.0,156,2,1409.1200000000001,1,1,3,Lost
7748.0,49,11,5995.96,3,4,4,Champions
7750.0,2,12,10243.94,4,4,4,Champions
7751.0,15,3,359.38,4,2,1,Loyal
7753.0,81,2,1616.98,2,1,3,Lost
7754.0,128,2,206.13,2,1,1,Lost
7755.0,25,3,172.84,3,2,1,Loyal
7756.0,129,2,155.98,2,1,1,Lost
7757.0,51,2,218.95,3,1,1,Developing
7758.0,53,8,9246.4,3,4,4,Champions
7759.0,29,3,2992.71,3,2,4,Loyal
7760.0,191,1,588.38,1,1,2,Lost
7761.0,9,3,584.6600000000001,4,2,2,Loyal
7762.0,29,5,574.12,3,3,2,Loyal
7765.0,259,1,169.92,1,1,1,Lost
7766.0,41,5,1684.21,3,3,3,Champions
7767.0,89,4,666.78,2,2,2,Lost
7770.0,219,7,3379.3399999999997,1,4,4,At Risk (was frequent)
7771.0,174,5,640.05,1,3,2,At Risk (was frequent)
7772.0,121,2,397.18,2,1,1,Lost
7773.0,392,4,360.77,1,2,1,Lost
7775.0,35,3,336.87,3,2,1,Loyal
7776.0,10,5,1086.49,4,3,3,Champions
7777.0,29,5,953.99,3,3,2,Loyal
7778.0,17,7,6194.43,4,4,4,Champions
7780.0,55,4,1881.05,3,2,3,Loyal
7781.0,211,5,571.08,1,3,2,At Risk (was frequent)
7782.0,152,7,1412.6100000000001,1,4,3,At Risk (was frequent)
7785.0,120,8,745.35,2,4,2,At Risk (was frequent)
7786.0,314,1,32.85,1,1,1,Lost
7787.0,233,9,4228.66,1,4,4,At Risk (was frequent)
7788.0,92,4,2221.37,2,2,4,Lost
7789.0,25,6,1520.4,3,3,3,Champions
7790.0,26,1,15.8,3,1,1,Developing
7791.0,11,1,698.9,4,1,2,Developing
7792.0,297,3,562.0500000000001,1,2,2,Lost
7793.0,116,12,15102.490000000002,2,4,4,At Risk (was frequent)
7794.0,47,8,2759.0499999999997,3,4,4,Champions
7795.0,82,8,3091.9700000000003,2,4,4,At Risk (was frequent)
7796.0,447,6,816.1,1,3,2,At Risk (was frequent)
7797.0,52,6,616.79,3,3,2,Loyal
7799.0,40,23,24250.239999999998,3,4,4,Champions
7800.0,119,3,603.02,2,2,2,Lost
7801.0,95,4,694.53,2,2,2,Lost
7802.0,17,9,2208.27,4,4,4,Champions
7803.0,142,1,49.03,1,1,1,Lost
7805.0,109,4,1330.41,2,2,3,Lost
7806.0,101,4,415.58,2,2,1,Lost
7807.0,88,4,657.44,2,2,2,Lost
7808.0,77,2,92.10000000000001,2,1,1,Lost
7809.0,192,6,7469.8,1,3,4,At Risk (was frequent)
7810.0,40,12,5803.09,3,4,4,Champions
7811.0,24,5,1041.0,4,3,3,Champions
7812.0,2,6,1057.5,4,3,3,Champions
7813.0,44,2,176.38,3,1,1,Developing
7814.0,28,2,170.19,3,1,1,Developing
7815.0,140,3,1026.5,1,2,3,Lost
7816.0,194,2,272.18,1,1,1,Lost
7817.0,1,1,30.8,4,1,1,Developing
7819.0,6,6,2082.04,4,3,3,Champions
7820.0,69,2,626.3199999999999,2,1,2,Lost
7821.0,38,6,3994.92,3,3,4,Champions
7822.0,28,8,4252.9,3,4,4,Champions
7823.0,54,4,503.24,3,2,2,Loyal
7824.0,0,7,4005.5,4,4,4,Champions
7825.0,50,12,9501.47,3,4,4,Champions
7826.0,40,3,411.86,3,2,1,Loyal
7827.0,17,3,437.46999999999997,4,2,2,Loyal
7828.0,194,9,2783.2799999999997,1,4,4,At Risk (was frequent)
7830.0,121,12,12137.31,2,4,4,At Risk (was frequent)
7831.0,52,10,10986.6,3,4,4,Champions
7832.0,113,5,1115.8,2,3,3,At Risk (was frequent)
7833.0,138,3,96.72,1,2,1,Lost
7834.0,9,11,6128.179999999999,4,4,4,Champions
7835.0,107,3,1477.05,2,2,3,Lost
7836.0,33,2,239.38000000000002,3,1,1,Developing
7837.0,54,5,701.39,3,3,2,Loyal
7839.0,373,2,1262.61,1,1,3,Lost
7840.0,96,6,1812.6100000000001,2,3,3,At Risk (was frequent)
7841.0,49,4,1132.54,3,2,3,Loyal
7842.0,32,18,21720.83,3,4,4,Champions
7843.0,130,2,69.43,1,1,1,Lost
7844.0,283,3,271.86,1,2,1,Lost
7845.0,202,7,571.12,1,4,2,At Risk (was frequent)
7846.0,78,8,2174.25,2,4,3,At Risk (was frequent)
7847.0,43,9,1961.58,3,4,3,Champions
7848.0,21,5,2141.19,4,3,3,Champions
7849.0,72,3,448.61,2,2,2,Lost
7850.0,0,6,2397.27,4,3,4,Champions
7851.0,143,8,3385.49,1,4,4,At Risk (was frequent)
7852.0,396,9,2197.11,1,4,3,At Risk (was frequent)
7853.0,19,2,1140.92,4,1,3,Developing
7854.0,93,5,488.87,2,3,2,At Risk (was frequent)
7855.0,14,7,2414.78,4,4,4,Champions
7856.0,54,4,552.49,3,2,2,Loyal
7857.0,97,1,57.7,2,1,1,Lost
7858.0,22,2,467.09999999999997,4,1,2,Developing
7859.0,65,7,4392.58,2,4,4,At Risk (was frequent)
7860.0,0,4,306.01,4,2,1,Loyal
7861.0,72,3,83.46000000000001,2,2,1,Lost
7862.0,561,2,1928.52,1,1,3,Lost
7863.0,53,4,1577.81,3,2,3,Loyal
7864.0,426,1,41.97,1,1,1,Lost
7865.0,143,5,1224.43,1,3,3,At Risk (was frequent)
7866.0,53,6,4041.47,3,3,4,Champions
7867.0,172,4,866.7,1,2,2,Lost
7868.0,176,7,1719.25,1,4,3,At Risk (was frequent)
7869.0,3,6,4809.47,4,3,4,Champions
7870.0,20,2,624.41,4,1,2,Developing
7871.0,10,9,2343.85,4,4,4,Champions
7873.0,131,2,82.53999999999999,1,1,1,Lost
7874.0,1,8,1560.7,4,4,3,Champions
7875.0,56,2,182.64999999999998,3,1,1,Developing
7877.0,53,5,1041.44,3,3,3,Champions
7878.0,19,5,946.14,4,3,2,Loyal
7879.0,519,5,707.0999999999999,1,3,2,At Risk (was frequent)
7881.0,15,9,1610.3400000000001,4,4,3,Champions
7882.0,37,4,756.85,3,2,2,Loyal
7883.0,31,6,2084.94,3,3,3,Champions
7884.0,38,6,2713.17,3,3,4,Champions
7885.0,251,2,1590.78,1,1,3,Lost
7886.0,11,3,1837.65,4,2,3,Loyal
7887.0,276,3,1693.64,1,2,3,Lost
7888.0,18,10,1516.8899999999999,4,4,3,Champions
7889.0,43,2,89.78,3,1,1,Developing
7890.0,91,2,1293.89,2,1,3,Lost
7891.0,18,10,4392.81,4,4,4,Champions
7892.0,79,5,1270.87,2,3,3,At Risk (was frequent)
7893.0,8,2,271.71,4,1,1,Developing
7894.0,1,3,2266.29,4,2,4,Loyal
7895.0,93,2,1458.88,2,1,3,Lost
7896.0,28,1,27.07,3,1,1,Developing
7897.0,210,6,1114.5,1,3,3,At Risk (was frequent)
7898.0,29,4,1299.94,3,2,3,Loyal
7899.0,26,1,50.7,3,1,1,Developing
7900.0,145,1,419.38,1,1,1,Lost
7901.0,64,5,2041.47,2,3,3,At Risk (was frequent)
7902.0,95,9,2155.5299999999997,2,4,3,At Risk (was frequent)
7903.0,10,5,4980.35,4,3,4,Champions
7904.0,127,5,3261.2799999999997,2,3,4,At Risk (was frequent)
7905.0,43,11,1136.45,3,4,3,Champions
7906.0,31,2,348.45,3,1,1,Developing
7907.0,50,2,421.77000000000004,3,1,1,Developing
7909.0,106,5,738.89,2,3,2,At Risk (was frequent)
7910.0,35,7,2753.41,3,4,4,Champions
7911.0,33,5,1011.52,3,3,3,Champions
7912.0,80,7,1231.45,2,4,3,At Risk (was frequent)
7913.0,109,5,428.97,2,3,1,At Risk (was frequent)
7914.0,87,1,71.76,2,1,1,Lost
7915.0,21,3,429.84,4,2,1,Loyal
7917.0,196,4,758.61,1,2,2,Lost
7918.0,151,3,303.45,1,2,1,Lost
7919.0,19,6,2877.2599999999998,4,3,4,Champions
7920.0,40,9,935.8499999999999,3,4,2,Loyal
7921.0,53,3,864.11,3,2,2,Loyal
7923.0,77,4,570.8599999999999,2,2,2,Lost
7924.0,39,4,973.59,3,2,2,Loyal
7925.0,239,3,1018.53,1,2,3,Lost
7927.0,31,4,649.3199999999999,3,2,2,Loyal
7929.0,157,6,1010.86,1,3,3,At Risk (was frequent)
7930.0,173,7,638.6700000000001,1,4,2,At Risk (was frequent)
7931.0,92,2,1032.73,2,1,3,Lost
7932.0,61,6,723.21,3,3,2,Loyal
7933.0,4,3,568.55,4,2,2,Loyal
7934.0,106,1,114.03,2,1,1,Lost
7935.0,11,7,1199.73,4,4,3,Champions
7936.0,95,4,1054.96,2,2,3,Lost
7937.0,13,3,3274.66,4,2,4,Loyal
7938.0,206,6,2428.7000000000003,1,3,4,At Risk (was frequent)
7939.0,171,1,249.76,1,1,1,Lost
7940.0,13,5,913.47,4,3,2,Loyal
7941.0,86,3,2597.71,2,2,4,Lost
7942.0,52,3,595.96,3,2,2,Loyal
7943.0,243,2,82.00999999999999,1,1,1,Lost
7944.0,319,4,961.8399999999999,1,2,2,Lost
7945.0,192,8,2170.9,1,4,3,At Risk (was frequent)
7946.0,36,2,288.89,3,1,1,Developing
7948.0,24,4,696.81,4,2,2,Loyal
7949.0,82,3,1788.0,2,2,3,Lost
7950.0,32,5,717.55,3,3,2,Loyal
7951.0,24,7,1953.81,4,4,3,Champions
7952.0,87,9,1914.39,2,4,3,At Risk (was frequent)
7953.0,24,3,791.1899999999999,4,2,2,Loyal
7954.0,12,13,3064.41,4,4,4,Champions
7955.0,128,4,1902.42,2,2,3,Lost
7956.0,215,5,945.99,1,3,2,At Risk (was frequent)
7957.0,114,2,79.45,2,1,1,Lost
7958.0,66,1,15.27,2,1,1,Lost
7959.0,39,8,2552.38,3,4,4,Champions
7960.0,239,6,1246.81,1,3,3,At Risk (was frequent)
7961.0,101,1,60.68,2,1,1,Lost
7962.0,80,7,2165.56,2,4,3,At Risk (was frequent)
7963.0,37,1,67.72,3,1,1,Developing
7964.0,107,8,734.07,2,4,2,At Risk (was frequent)
7965.0,165,8,2063.4,1,4,3,At Risk (was frequent)
7966.0,12,7,1478.98,4,4,3,Champions
7967.0,44,2,222.18,3,1,1,Developing
7968.0,85,1,80.78,2,1,1,Lost
7969.0,7,8,3064.74,4,4,4,Champions
7970.0,56,2,393.59999999999997,3,1,1,Developing
7971.0,1,2,157.49,4,1,1,Developing
7972.0,262,3,197.21,1,2,1,Lost
7973.0,132,2,339.14,1,1,1,Lost
7974.0,174,2,546.79,1,1,2,Lost
7975.0,1,3,202.62,4,2,1,Loyal
7976.0,31,12,6475.99,3,4,4,Champions
7977.0,81,1,247.2,2,1,1,Lost
7978.0,30,9,3176.29,3,4,4,Champions
7979.0,159,11,9400.119999999999,1,4,4,At Risk (was frequent)
7980.0,46,7,3626.07,3,4,4,Champions
7981.0,102,9,1718.2599999999998,2,4,3,At Risk (was frequent)
7982.0,32,2,163.01,3,1,1,Developing
7983.0,15,1,154.65,4,1,1,Developing
7984.0,19,6,878.37,4,3,2,Loyal
7985.0,82,7,3540.23,2,4,4,At Risk (was frequent)
7986.0,94,2,267.18,2,1,1,Lost
7987.0,52,11,5312.89,3,4,4,Champions
7988.0,37,6,2981.41,3,3,4,Champions
7989.0,8,16,5246.55,4,4,4,Champions
7990.0,23,6,841.04,4,3,2,Loyal
7991.0,33,2,249.2,3,1,1,Developing
7992.0,18,1,157.7,4,1,1,Developing
7993.0,203,2,418.12,1,1,1,Lost
7994.0,102,9,3355.45,2,4,4,At Risk (was frequent)
7996.0,20,1,274.08,4,1,1,Developing
7997.0,48,3,501.62,3,2,2,Loyal
7998.0,1,13,5131.43,4,4,4,Champions
7999.0,56,6,1004.87,3,3,3,Champions
8000.0,14,16,13395.28,4,4,4,Champions
8001.0,41,5,698.56,3,3,2,Loyal
8002.0,216,6,2876.92,1,3,4,At Risk (was frequent)
8003.0,66,18,5838.2699999999995,2,4,4,At Risk (was frequent)
8004.0,66,4,526.62,2,2,2,Lost
8005.0,185,2,304.23,1,1,1,Lost
8006.0,3,4,802.0,4,2,2,Loyal
8007.0,256,2,1032.8,1,1,3,Lost
8008.0,15,6,2227.51,4,3,4,Champions
8009.0,27,7,2783.38,3,4,4,Champions
8010.0,121,6,1027.0900000000001,2,3,3,At Risk (was frequent)
8011.0,114,1,59.46,2,1,1,Lost
8012.0,29,2,1377.78,3,1,3,Developing
8013.0,328,4,424.40999999999997,1,2,1,Lost
8014.0,68,1,15.59,2,1,1,Lost
8015.0,86,1,68.16,2,1,1,Lost
8016.0,323,3,606.26,1,2,2,Lost
8017.0,503,9,4796.71,1,4,4,At Risk (was frequent)
8018.0,52,6,2823.9900000000002,3,3,4,Champions
8019.0,35,5,630.19,3,3,2,Loyal
8020.0,61,1,124.46,3,1,1,Developing
8021.0,150,2,680.9,1,1,2,Lost
8022.0,7,1,75.08,4,1,1,Developing
8023.0,3,4,774.94,4,2,2,Loyal
8024.0,48,11,8384.070000000002,3,4,4,Champions
8025.0,25,14,10325.05,3,4,4,Champions
8026.0,165,2,209.88,1,1,1,Lost
8027.0,541,2,807.16,1,1,2,Lost
8028.0,96,2,271.85,2,1,1,Lost
8029.0,106,1,328.82,2,1,1,Lost
8030.0,286,5,1741.05,1,3,3,At Risk (was frequent)
8031.0,70,3,477.41,2,2,2,Lost
8032.0,268,3,590.46,1,2,2,Lost
8033.0,49,2,48.31999999999999,3,1,1,Developing
8035.0,116,3,2027.79,2,2,3,Lost
8036.0,49,2,179.14,3,1,1,Developing
8037.0,20,9,7245.150000000001,4,4,4,Champions
8038.0,7,3,336.26,4,2,1,Loyal
8039.0,1,10,4082.8500000000004,4,4,4,Champions
8040.0,101,3,1635.7400000000002,2,2,3,Lost
8041.0,16,2,362.66,4,1,1,Developing
8042.0,100,9,868.09,2,4,2,At Risk (was frequent)
8043.0,44,8,4805.34,3,4,4,Champions
8044.0,180,5,1304.52,1,3,3,At Risk (was frequent)
8045.0,13,7,2621.15,4,4,4,Champions
8046.0,13,10,1966.1299999999999,4,4,3,Champions
8047.0,327,1,111.62,1,1,1,Lost
8048.0,107,3,389.23,2,2,1,Lost
8049.0,14,7,5848.91,4,4,4,Champions
8050.0,245,1,66.59,1,1,1,Lost
8051.0,47,4,806.22,3,2,2,Loyal
8052.0,335,5,1015.83,1,3,3,At Risk (was frequent)
8053.0,8,15,9247.26,4,4,4,Champions
8054.0,116,13,7707.79,2,4,4,At Risk (was frequent)
8055.0,14,2,371.87,4,1,1,Developing
8056.0,84,2,499.52,2,1,2,Lost
8057.0,96,4,932.8,2,2,2,Lost
8058.0,214,7,2229.17,1,4,4,At Risk (was frequent)
8059.0,179,5,2781.16,1,3,4,At Risk (was frequent)
8060.0,230,2,468.33000000000004,1,1,2,Lost
8061.0,221,1,128.58,1,1,1,Lost
8062.0,50,22,27151.89,3,4,4,Champions
8063.0,156,1,127.89,1,1,1,Lost
8064.0,5,7,1245.08,4,4,3,Champions
8065.0,144,7,1011.73,1,4,3,At Risk (was frequent)
8066.0,64,1,76.04,2,1,1,Lost
8067.0,38,7,1888.09,3,4,3,Champions
8068.0,13,5,886.48,4,3,2,Loyal
8069.0,139,1,78.18,1,1,1,Lost
8070.0,66,1,698.9,2,1,2,Lost
8071.0,21,13,9334.32,4,4,4,Champions
8072.0,21,5,4267.31,4,3,4,Champions
8073.0,67,4,935.29,2,2,2,Lost
8074.0,0,5,1424.21,4,3,3,Champions
8075.0,184,4,354.85,1,2,1,Lost
8076.0,2,2,211.71999999999997,4,1,1,Developing
8077.0,29,7,2487.26,3,4,4,Champions
8078.0,96,3,616.61,2,2,2,Lost
8079.0,218,1,31.51,1,1,1,Lost
8080.0,153,5,2865.63,1,3,4,At Risk (was frequent)
8081.0,16,2,1560.79,4,1,3,Developing
8082.0,24,2,885.07,4,1,2,Developing
8083.0,169,5,2096.36,1,3,3,At Risk (was frequent)
8084.0,34,5,697.46,3,3,2,Loyal
8085.0,4,5,5181.9400000000005,4,3,4,Champions
8086.0,122,1,361.54,2,1,1,Lost
8087.0,76,11,6548.24,2,4,4,At Risk (was frequent)
8088.0,13,6,1553.99,4,3,3,Champions
8089.0,2,4,513.08,4,2,2,Loyal
8090.0,10,3,712.53,4,2,2,Loyal
8091.0,11,1,637.73,4,1,2,Developing
8092.0,113,3,719.5699999999999,2,2,2,Lost
8093.0,180,3,2993.5,1,2,4,Lost
8094.0,64,3,430.74,2,2,2,Lost
8095.0,0,7,1679.15,4,4,3,Champions
8096.0,19,6,1224.01,4,3,3,Champions
8097.0,59,3,183.37,3,2,1,Loyal
8098.0,292,1,297.86,1,1,1,Lost
8099.0,47,7,2018.27,3,4,3,Champions
8100.0,135,5,400.67,1,3,1,At Risk (was frequent)
8101.0,126,1,305.64,2,1,1,Lost
8102.0,57,3,297.55,3,2,1,Loyal
8103.0,7,2,842.73,4,1,2,Developing
8105.0,55,5,591.99,3,3,2,Loyal
8106.0,74,4,449.72,2,2,2,Lost
8107.0,127,3,169.67999999999998,2,2,1,Lost
8108.0,99,3,1266.8,2,2,3,Lost
8111.0,26,7,2476.97,3,4,4,Champions
8112.0,6,6,1849.6,4,3,3,Champions
8113.0,43,2,1424.9599999999998,3,1,3,Developing
8114.0,49,2,966.41,3,1,2,Developing
8115.0,15,2,271.13,4,1,1,Developing
8116.0,196,3,1021.4100000000001,1,2,3,Lost
8117.0,65,1,34.1,2,1,1,Lost
8118.0,79,8,5763.37,2,4,4,At Risk (was frequent)
8119.0,121,7,2027.6999999999998,2,4,3,At Risk (was frequent)
8120.0,5,1,80.81,4,1,1,Developing
8121.0,38,3,920.44,3,2,2,Loyal
8122.0,11,4,433.19,4,2,2,Loyal
8123.0,214,4,655.99,1,2,2,Lost
8124.0,5,8,734.54,4,4,2,Loyal
8125.0,58,2,274.74,3,1,1,Developing
8126.0,145,2,561.44,1,1,2,Lost
8127.0,13,7,3756.18,4,4,4,Champions
8128.0,77,2,686.56,2,1,2,Lost
8129.0,32,3,557.6,3,2,2,Loyal
8130.0,91,1,313.82,2,1,1,Lost
8131.0,112,2,528.4,2,1,2,Lost
8132.0,187,9,6300.65,1,4,4,At Risk (was frequent)
8134.0,162,2,357.55,1,1,1,Lost
8135.0,33,6,1252.07,3,3,3,Champions
8136.0,239,11,8425.1,1,4,4,At Risk (was frequent)
8138.0,263,1,9.28,1,1,1,Lost
8139.0,15,4,730.48,4,2,2,Loyal
8140.0,150,4,978.32,1,2,2,Lost
8141.0,3,2,190.26,4,1,1,Developing
8142.0,86,6,2019.42,2,3,3,At Risk (was frequent)
8143.0,44,1,86.58,3,1,1,Developing
8144.0,231,4,1516.08,1,2,3,Lost
8146.0,103,7,892.56,2,4,2,At Risk (was frequent)
8147.0,214,4,640.96,1,2,2,Lost
8148.0,134,4,793.56,1,2,2,Lost
8149.0,192,1,246.34,1,1,1,Lost
8150.0,136,6,640.15,1,3,2,At Risk (was frequent)
8151.0,21,5,1616.77,4,3,3,Champions
8152.0,50,10,6893.6900000000005,3,4,4,Champions
8153.0,112,5,2641.79,2,3,4,At Risk (was frequent)
8154.0,35,4,1620.19,3,2,3,Loyal
8155.0,95,1,134.82,2,1,1,Lost
8156.0,70,8,4066.2299999999996,2,4,4,At Risk (was frequent)
8157.0,40,2,801.6,3,1,2,Developing
8158.0,10,1,3720.99,4,1,4,Developing
8159.0,29,5,448.90999999999997,3,3,2,Loyal
8160.0,0,5,2681.32,4,3,4,Champions
8162.0,151,1,135.8,1,1,1,Lost
8163.0,276,1,34.22,1,1,1,Lost
8164.0,120,3,1149.48,2,2,3,Lost
8165.0,29,2,422.94,3,1,1,Developing
8166.0,159,4,787.65,1,2,2,Lost
8167.0,190,2,2025.06,1,1,3,Lost
8168.0,120,2,3115.31,2,1,4,Lost
8169.0,22,4,1169.01,4,2,3,Loyal
8170.0,24,3,473.82000000000005,4,2,2,Loyal
8171.0,253,3,1603.14,1,2,3,Lost
8172.0,151,4,879.51,1,2,2,Lost
8173.0,74,7,2191.2000000000003,2,4,3,At Risk (was frequent)
8174.0,23,4,349.76,4,2,1,Loyal
8175.0,215,2,787.9200000000001,1,1,2,Lost
8176.0,41,3,533.13,3,2,2,Loyal
8177.0,16,5,1457.96,4,3,3,Champions
8178.0,316,6,1133.52,1,3,3,At Risk (was frequent)
8179.0,474,3,1148.12,1,2,3,Lost
8180.0,162,6,2082.25,1,3,3,At Risk (was frequent)
8181.0,29,3,953.72,3,2,2,Loyal
8182.0,48,7,2984.62,3,4,4,Champions
8183.0,89,12,9869.83,2,4,4,At Risk (was frequent)
8184.0,106,5,3079.17,2,3,4,At Risk (was frequent)
8185.0,104,10,4234.16,2,4,4,At Risk (was frequent)
8186.0,206,9,5901.14,1,4,4,At Risk (was frequent)
8187.0,150,3,457.04999999999995,1,2,2,Lost
8188.0,102,3,862.1700000000001,2,2,2,Lost
8189.0,53,3,348.03999999999996,3,2,1,Loyal
8190.0,202,1,24.23,1,1,1,Lost
8191.0,64,2,222.7,2,1,1,Lost
8192.0,149,5,1413.76,1,3,3,At Risk (was frequent)
8193.0,37,6,4792.39,3,3,4,Champions
8194.0,160,3,911.8599999999999,1,2,2,Lost
8195.0,100,7,1861.93,2,4,3,At Risk (was frequent)
8196.0,21,3,747.28,4,2,2,Loyal
8197.0,33,9,3767.5299999999997,3,4,4,Champions
8198.0,95,3,622.84,2,2,2,Lost
8199.0,230,2,268.76,1,1,1,Lost
8200.0,4,6,504.81,4,3,2,Loyal
8201.0,47,9,1461.4,3,4,3,Champions
8202.0,67,2,757.48,2,1,2,Lost
8203.0,140,3,972.25,1,2,2,Lost
8204.0,31,15,9363.09,3,4,4,Champions
8205.0,57,12,1917.28,3,4,3,Champions
8206.0,4,5,1374.03,4,3,3,Champions
8207.0,238,8,1509.6599999999999,1,4,3,At Risk (was frequent)
8208.0,112,4,1987.43,2,2,3,Lost
8209.0,137,4,577.71,1,2,2,Lost
8210.0,27,10,6825.37,3,4,4,Champions
8211.0,48,4,1011.84,3,2,3,Loyal
8213.0,38,3,170.32,3,2,1,Loyal
8214.0,5,4,758.08,4,2,2,Loyal
8215.0,164,7,7654.41,1,4,4,At Risk (was frequent)
8216.0,162,2,217.69,1,1,1,Lost
8217.0,348,1,51.31,1,1,1,Lost
8218.0,42,2,399.54999999999995,3,1,1,Developing
8219.0,10,3,663.0,4,2,2,Loyal
8220.0,271,2,583.4100000000001,1,1,2,Lost
8222.0,248,4,1828.0099999999998,1,2,3,Lost
8223.0,8,7,1228.3999999999999,4,4,3,Champions
8224.0,186,9,1373.6499999999999,1,4,3,At Risk (was frequent)
8225.0,294,1,81.12,1,1,1,Lost
8226.0,32,19,25676.86,3,4,4,Champions
8228.0,155,5,2289.23,1,3,4,At Risk (was frequent)
8229.0,13,9,1856.31,4,4,3,Champions
8230.0,99,2,1632.31,2,1,3,Lost
8231.0,12,1,17.09,4,1,1,Developing
8232.0,66,3,317.82,2,2,1,Lost
8233.0,13,3,242.42,4,2,1,Loyal
8234.0,16,4,602.45,4,2,2,Loyal
8235.0,61,2,399.28000000000003,3,1,1,Developing
8236.0,46,5,807.7,3,3,2,Loyal
8237.0,77,9,1229.24,2,4,3,At Risk (was frequent)
8238.0,109,2,437.99,2,1,2,Lost
8239.0,201,3,2339.0699999999997,1,2,4,Lost
8240.0,430,3,810.27,1,2,2,Lost
8241.0,234,3,574.9000000000001,1,2,2,Lost
8242.0,45,2,653.97,3,1,2,Developing
8243.0,13,7,849.01,4,4,2,Loyal
8244.0,62,3,1760.68,2,2,3,Lost
8245.0,11,10,6317.56,4,4,4,Champions
8246.0,271,12,5404.19,1,4,4,At Risk (was frequent)
8247.0,28,10,10249.11,3,4,4,Champions
8248.0,78,1,482.76,2,1,2,Lost
8249.0,22,6,1581.47,4,3,3,Champions
8251.0,69,3,574.9499999999999,2,2,2,Lost
8252.0,49,8,13771.220000000001,3,4,4,Champions
8253.0,23,1,149.54,4,1,1,Developing
8254.0,139,2,440.84999999999997,1,1,2,Lost
8255.0,133,4,928.49,1,2,2,Lost
8256.0,107,3,500.26,2,2,2,Lost
8257.0,11,5,549.38,4,3,2,Loyal
8258.0,43,1,318.12,3,1,1,Developing
8259.0,12,5,3827.38,4,3,4,Champions
8260.0,378,6,636.6400000000001,1,3,2,At Risk (was frequent)
8261.0,6,10,11552.019999999999,4,4,4,Champions
8262.0,108,4,1491.71,2,2,3,Lost
8263.0,166,2,230.68,1,1,1,Lost
8264.0,147,3,412.86,1,2,1,Lost
8265.0,493,2,614.4,1,1,2,Lost
8266.0,19,15,7657.11,4,4,4,Champions
8267.0,9,3,326.0,4,2,1,Loyal
8268.0,21,7,987.02,4,4,2,Loyal
8269.0,259,3,383.43999999999994,1,2,1,Lost
8270.0,330,2,526.7,1,1,2,Lost
8271.0,51,1,18.82,3,1,1,Developing
8272.0,46,3,204.89999999999998,3,2,1,Loyal
8273.0,119,2,103.26,2,1,1,Lost
8274.0,16,1,14.83,4,1,1,Developing
8275.0,23,1,599.26,4,1,2,Developing
8277.0,2,5,2900.9900000000002,4,3,4,Champions
8278.0,20,5,2865.12,4,3,4,Champions
8279.0,125,1,1257.8,2,1,3,Lost
8280.0,125,5,3934.12,2,3,4,At Risk (was frequent)
8281.0,180,7,1771.64,1,4,3,At Risk (was frequent)
8282.0,12,2,1122.06,4,1,3,Developing
8283.0,182,3,143.2,1,2,1,Lost
8284.0,16,9,6231.14,4,4,4,Champions
8285.0,51,9,5824.67,3,4,4,Champions
8286.0,14,4,1299.62,4,2,3,Loyal
8287.0,178,3,1045.8000000000002,1,2,3,Lost
8288.0,40,16,5121.62,3,4,4,Champions
8289.0,129,3,881.77,2,2,2,Lost
8290.0,18,5,381.7,4,3,1,Loyal
8291.0,14,10,2579.44,4,4,4,Champions
8292.0,195,2,2253.14,1,1,4,Lost
8293.0,162,3,1945.6,1,2,3,Lost
8294.0,6,5,2492.15,4,3,4,Champions
8295.0,56,9,7086.67,3,4,4,Champions
8296.0,14,8,1658.1399999999999,4,4,3,Champions
8297.0,36,1,81.04,3,1,1,Developing
8298.0,9,8,2627.0499999999997,4,4,4,Champions
8299.0,144,6,2370.1800000000003,1,3,4,At Risk (was frequent)
8300.0,18,2,482.74,4,1,2,Developing
8301.0,346,1,321.22,1,1,1,Lost
8302.0,13,5,813.01,4,3,2,Loyal
8303.0,60,4,389.75,3,2,1,Loyal
8304.0,10,8,3261.59,4,4,4,Champions
8305.0,65,6,1290.89,2,3,3,At Risk (was frequent)
8306.0,173,8,2458.2,1,4,4,At Risk (was frequent)
8307.0,92,5,1479.75,2,3,3,At Risk (was frequent)
8308.0,65,1,665.36,2,1,2,Lost
8309.0,162,3,348.29999999999995,1,2,1,Lost
8310.0,44,4,780.86,3,2,2,Loyal
8311.0,1,7,3372.75,4,4,4,Champions
8312.0,53,2,506.14000000000004,3,1,2,Developing
8313.0,70,5,535.66,2,3,2,At Risk (was frequent)
8314.0,31,2,541.79,3,1,2,Developing
8315.0,19,6,1042.67,4,3,3,Champions
8316.0,38,4,2142.0,3,2,3,Loyal
8317.0,26,4,976.77,3,2,2,Loyal
8318.0,197,8,1530.0900000000001,1,4,3,At Risk (was frequent)
8319.0,1,14,7544.72,4,4,4,Champions
8320.0,16,7,3748.62,4,4,4,Champions
8321.0,36,10,4634.3,3,4,4,Champions
8322.0,2,3,568.15,4,2,2,Loyal
8323.0,128,4,1655.53,2,2,3,Lost
8324.0,55,2,224.46,3,1,1,Developing
8325.0,67,1,138.16,2,1,1,Lost
8326.0,264,1,300.32,1,1,1,Lost
8327.0,129,6,1113.55,2,3,3,At Risk (was frequent)
8329.0,62,7,3242.84,2,4,4,At Risk (was frequent)
8330.0,23,12,4261.68,4,4,4,Champions
8331.0,197,2,481.94000000000005,1,1,2,Lost
8332.0,141,1,72.0,1,1,1,Lost
8333.0,11,8,2422.9700000000003,4,4,4,Champions
8335.0,410,2,257.34,1,1,1,Lost
8336.0,31,4,515.93,3,2,2,Loyal
8337.0,157,13,3280.0,1,4,4,At Risk (was frequent)
8338.0,87,1,50.7,2,1,1,Lost
8339.0,20,9,1627.0,4,4,3,Champions
8341.0,30,9,3946.3199999999997,3,4,4,Champions
8342.0,14,6,2905.81,4,3,4,Champions
8343.0,6,8,4505.43,4,4,4,Champions
8344.0,704,5,1025.35,1,3,3,At Risk (was frequent)
8345.0,230,5,304.15000000000003,1,3,1,At Risk (was frequent)
8347.0,50,8,1884.9,3,4,3,Champions
8348.0,25,9,6916.89,3,4,4,Champions
8349.0,21,7,562.16,4,4,2,Loyal
8350.0,42,4,537.96,3,2,2,Loyal
8351.0,145,5,1381.6200000000001,1,3,3,At Risk (was frequent)
8352.0,25,7,1501.2,3,4,3,Champions
8353.0,7,3,919.42,4,2,2,Loyal
8354.0,3,12,13093.2,4,4,4,Champions
8355.0,14,3,544.21,4,2,2,Loyal
8356.0,41,2,660.7099999999999,3,1,2,Developing
8357.0,51,1,35.73,3,1,1,Developing
8358.0,25,27,31863.73,3,4,4,Champions
8359.0,68,5,1547.58,2,3,3,At Risk (was frequent)
8360.0,137,7,2721.87,1,4,4,At Risk (was frequent)
8361.0,82,8,8928.36,2,4,4,At Risk (was frequent)
8362.0,40,4,1853.9099999999999,3,2,3,Loyal
8363.0,48,5,2525.5,3,3,4,Champions
8364.0,118,3,1383.62,2,2,3,Lost
8365.0,72,6,3628.37,2,3,4,At Risk (was frequent)
8366.0,1,4,1652.9199999999998,4,2,3,Loyal
8368.0,119,2,524.1800000000001,2,1,2,Lost
8369.0,335,5,643.83,1,3,2,At Risk (was frequent)
8370.0,69,5,1155.6399999999999,2,3,3,At Risk (was frequent)
8371.0,13,6,2510.33,4,3,4,Champions
8372.0,213,2,414.7,1,1,1,Lost
8374.0,39,2,109.12,3,1,1,Developing
8375.0,53,5,1488.82,3,3,3,Champions
8376.0,19,11,6440.14,4,4,4,Champions
8377.0,52,1,48.33,3,1,1,Developing
8378.0,7,15,14625.56,4,4,4,Champions
8379.0,11,10,2033.14,4,4,3,Champions
8380.0,188,2,268.68,1,1,1,Lost
8381.0,108,2,477.56,2,1,2,Lost
8385.0,188,4,458.0,1,2,2,Lost
8386.0,52,4,2416.9,3,2,4,Loyal
8387.0,127,2,598.4,2,1,2,Lost
8388.0,47,4,875.0,3,2,2,Loyal
8389.0,39,14,4528.78,3,4,4,Champions
8390.0,152,6,513.22,1,3,2,At Risk (was frequent)
8391.0,180,1,53.13,1,1,1,Lost
8392.0,44,4,388.25,3,2,1,Loyal
8393.0,469,8,1869.93,1,4,3,At Risk (was frequent)
8394.0,37,1,133.6,3,1,1,Developing
8395.0,93,2,239.66000000000003,2,1,1,Lost
8396.0,6,2,605.6,4,1,2,Developing
8397.0,108,9,5586.360000000001,2,4,4,At Risk (was frequent)
8398.0,58,8,1243.31,3,4,3,Champions
8399.0,20,4,2776.48,4,2,4,Loyal
8400.0,56,6,1222.91,3,3,3,Champions
8401.0,18,8,2154.87,4,4,3,Champions
8402.0,5,8,1648.1599999999999,4,4,3,Champions
8404.0,12,5,1658.01,4,3,3,Champions
8405.0,88,8,960.88,2,4,2,At Risk (was frequent)
8406.0,329,3,437.13,1,2,2,Lost
8407.0,238,3,2199.62,1,2,3,Lost
8408.0,26,8,5071.4,3,4,4,Champions
8409.0,104,6,5281.54,2,3,4,At Risk (was frequent)
8410.0,146,3,336.83000000000004,1,2,1,Lost
8411.0,134,8,2371.91,1,4,4,At Risk (was frequent)
8412.0,144,8,1613.4299999999998,1,4,3,At Risk (was frequent)
8413.0,284,12,1724.4,1,4,3,At Risk (was frequent)
8414.0,17,7,1981.6000000000001,4,4,3,Champions
8415.0,293,1,163.35,1,1,1,Lost
8416.0,1,16,10549.44,4,4,4,Champions
8417.0,18,4,705.38,4,2,2,Loyal
8418.0,3,8,2573.31,4,4,4,Champions
8419.0,16,27,28007.27,4,4,4,Champions
8420.0,194,8,3227.58,1,4,4,At Risk (was frequent)
8421.0,140,4,1132.76,1,2,3,Lost
8422.0,64,8,1480.03,2,4,3,At Risk (was frequent)
8423.0,150,4,333.02,1,2,1,Lost
8424.0,16,14,6373.13,4,4,4,Champions
8425.0,48,3,4149.66,3,2,4,Loyal
8427.0,119,2,1543.52,2,1,3,Lost
8428.0,12,3,831.62,4,2,2,Loyal
8429.0,13,2,350.4,4,1,1,Developing
8430.0,35,1,964.0,3,1,2,Developing
8432.0,12,5,2157.4399999999996,4,3,3,Champions
8433.0,383,4,553.98,1,2,2,Lost
8434.0,54,3,1072.71,3,2,3,Loyal
8435.0,63,3,469.45,2,2,2,Lost
8436.0,21,4,307.26,4,2,1,Loyal
8437.0,38,3,118.29,3,2,1,Loyal
8438.0,33,6,2793.65,3,3,4,Champions
8439.0,4,4,900.0500000000001,4,2,2,Loyal
8440.0,12,5,1672.72,4,3,3,Champions
8441.0,87,2,553.84,2,1,2,Lost
8442.0,414,3,1114.71,1,2,3,Lost
8443.0,178,2,597.8299999999999,1,1,2,Lost
8444.0,61,5,953.19,3,3,2,Loyal
8445.0,5,14,3130.36,4,4,4,Champions
8446.0,133,2,125.84,1,1,1,Lost
8447.0,3,13,8562.220000000001,4,4,4,Champions
8448.0,118,4,474.28,2,2,2,Lost
8449.0,88,8,5926.94,2,4,4,At Risk (was frequent)
8450.0,211,2,1055.88,1,1,3,Lost
8452.0,15,3,334.76,4,2,1,Loyal
8453.0,15,7,2881.08,4,4,4,Champions
8454.0,123,3,1712.3,2,2,3,Lost
8455.0,101,2,676.7,2,1,2,Lost
8456.0,5,11,3127.67,4,4,4,Champions
8457.0,90,3,746.9300000000001,2,2,2,Lost
8458.0,163,2,196.51999999999998,1,1,1,Lost
8459.0,89,6,5360.48,2,3,4,At Risk (was frequent)
8460.0,40,7,1706.33,3,4,3,Champions
8461.0,51,3,620.49,3,2,2,Loyal
8462.0,28,11,10710.42,3,4,4,Champions
8463.0,36,5,1629.18,3,3,3,Champions
8464.0,17,4,562.99,4,2,2,Loyal
8465.0,251,4,454.40000000000003,1,2,2,Lost
8466.0,145,5,891.27,1,3,2,At Risk (was frequent)
8467.0,6,4,563.15,4,2,2,Loyal
8468.0,103,3,193.18,2,2,1,Lost
8469.0,57,5,1971.02,3,3,3,Champions
8470.0,103,3,1684.3000000000002,2,2,3,Lost
8471.0,58,2,309.94,3,1,1,Developing
8472.0,27,4,1892.5300000000002,3,2,3,Loyal
8473.0,3,6,3573.17,4,3,4,Champions
8474.0,97,5,2277.3,2,3,4,At Risk (was frequent)
8475.0,21,5,580.88,4,3,2,Loyal
8476.0,44,2,1375.8,3,1,3,Developing
8477.0,176,2,1315.1799999999998,1,1,3,Lost
8478.0,13,3,573.89,4,2,2,Loyal
8479.0,278,1,69.12,1,1,1,Lost
8480.0,14,11,4891.87,4,4,4,Champions
8481.0,119,8,4220.5599999999995,2,4,4,At Risk (was frequent)
8482.0,1,8,3623.8999999999996,4,4,4,Champions
8483.0,12,5,4353.65,4,3,4,Champions
8484.0,35,15,20786.54,3,4,4,Champions
8485.0,2,6,2208.5,4,3,4,Champions
8486.0,22,15,6817.6,4,4,4,Champions
8487.0,42,1,244.26,3,1,1,Developing
8488.0,44,3,113.69,3,2,1,Loyal
8489.0,8,3,2433.86,4,2,4,Loyal
8490.0,145,8,2638.69,1,4,4,At Risk (was frequent)
8491.0,61,5,800.32,3,3,2,Loyal
8492.0,32,4,305.57,3,2,1,Loyal
8493.0,49,13,9137.14,3,4,4,Champions
8494.0,16,2,139.85,4,1,1,Developing
8495.0,21,5,908.02,4,3,2,Loyal
8496.0,228,1,1263.14,1,1,3,Lost
8497.0,199,6,1994.52,1,3,3,At Risk (was frequent)
8498.0,109,2,195.82999999999998,2,1,1,Lost
8499.0,285,2,299.78999999999996,1,1,1,Lost
8500.0,342,2,157.32,1,1,1,Lost
8501.0,30,6,2700.02,3,3,4,Champions
8502.0,18,11,5717.57,4,4,4,Champions
8503.0,33,5,977.0999999999999,3,3,2,Loyal
8504.0,35,3,117.28999999999999,3,2,1,Loyal
8505.0,263,5,1659.28,1,3,3,At Risk (was frequent)
8506.0,9,2,1149.8600000000001,4,1,3,Developing
8507.0,40,9,8366.86,3,4,4,Champions
8508.0,32,15,11125.11,3,4,4,Champions
8509.0,19,4,1067.78,4,2,3,Loyal
8510.0,106,9,2477.37,2,4,4,At Risk (was frequent)
8511.0,199,8,2475.88,1,4,4,At Risk (was frequent)
8512.0,104,6,2064.87,2,3,3,At Risk (was frequent)
8513.0,138,1,170.48,1,1,1,Lost
8514.0,133,3,1221.62,1,2,3,Lost
8515.0,154,2,119.25,1,1,1,Lost
8517.0,44,3,775.44,3,2,2,Loyal
8518.0,4,2,493.24,4,1,2,Developing
8520.0,17,10,2901.37,4,4,4,Champions
8523.0,11,9,7946.74,4,4,4,Champions
8524.0,151,1,39.43,1,1,1,Lost
8525.0,147,2,122.16,1,1,1,Lost
8526.0,100,3,289.65,2,2,1,Lost
8527.0,13,5,1762.81,4,3,3,Champions
8528.0,231,1,260.94,1,1,1,Lost
8529.0,89,2,176.83,2,1,1,Lost
8530.0,18,3,765.9,4,2,2,Loyal
8531.0,82,3,1724.9,2,2,3,Lost
8533.0,29,8,3602.45,3,4,4,Champions
8534.0,50,4,642.24,3,2,2,Loyal
8535.0,119,23,24985.16,2,4,4,At Risk (was frequent)
8536.0,142,3,725.81,1,2,2,Lost
8537.0,123,8,1054.88,2,4,3,At Risk (was frequent)
8538.0,179,1,407.68,1,1,1,Lost
8539.0,10,6,8934.38,4,3,4,Champions
8540.0,184,6,460.48999999999995,1,3,2,At Risk (was frequent)
8541.0,308,1,14.46,1,1,1,Lost
8542.0,50,2,179.14000000000001,3,1,1,Developing
8543.0,15,4,644.78,4,2,2,Loyal
8544.0,65,1,781.47,2,1,2,Lost
8545.0,216,2,583.8,1,1,2,Lost
8546.0,6,9,2029.48,4,4,3,Champions
8547.0,103,7,2005.07,2,4,3,At Risk (was frequent)
8548.0,52,3,930.66,3,2,2,Loyal
8549.0,224,1,958.72,1,1,2,Lost
8550.0,105,3,3041.3500000000004,2,2,4,Lost
8551.0,0,4,3631.87,4,2,4,Loyal
8552.0,128,3,689.68,2,2,2,Lost
8553.0,114,7,2521.82,2,4,4,At Risk (was frequent)
8555.0,83,5,939.0600000000001,2,3,2,At Risk (was frequent)
8556.0,167,2,969.56,1,1,2,Lost
8557.0,6,4,1871.62,4,2,3,Loyal
8558.0,135,2,93.78,1,1,1,Lost
8559.0,7,6,2636.04,4,3,4,Champions
8560.0,93,12,4553.99,2,4,4,At Risk (was frequent)
8561.0,162,2,774.8,1,1,2,Lost
8563.0,121,7,5512.34,2,4,4,At Risk (was frequent)
8564.0,134,4,599.61,1,2,2,Lost
8565.0,88,8,2179.23,2,4,3,At Risk (was frequent)
8566.0,72,3,660.11,2,2,2,Lost
8567.0,3,3,1067.43,4,2,3,Loyal
8568.0,41,6,1090.79,3,3,3,Champions
8569.0,39,11,2931.79,3,4,4,Champions
8570.0,2,6,450.5,4,3,2,Loyal
8571.0,387,5,1440.42,1,3,3,At Risk (was frequent)
8572.0,84,4,611.77,2,2,2,Lost
8573.0,24,2,115.5,4,1,1,Developing
8574.0,83,3,2672.13,2,2,4,Lost
8575.0,20,6,1444.42,4,3,3,Champions
8577.0,77,9,1536.1,2,4,3,At Risk (was frequent)
8578.0,23,3,1274.91,4,2,3,Loyal
8579.0,2,17,14289.07,4,4,4,Champions
8580.0,148,5,1848.63,1,3,3,At Risk (was frequent)
8581.0,127,1,48.48,2,1,1,Lost
8582.0,2,5,2994.57,4,3,4,Champions
8583.0,227,4,685.25,1,2,2,Lost
8584.0,402,1,45.7,1,1,1,Lost
8585.0,42,4,684.64,3,2,2,Loyal
8586.0,1,6,4413.92,4,3,4,Champions
8587.0,68,4,898.42,2,2,2,Lost
8588.0,642,2,1008.16,1,1,3,Lost
8589.0,9,10,6617.26,4,4,4,Champions
8590.0,70,10,5304.95,2,4,4,At Risk (was frequent)
8591.0,143,6,837.9,1,3,2,At Risk (was frequent)
8592.0,86,4,1701.78,2,2,3,Lost
8593.0,68,3,800.9499999999999,2,2,2,Lost
8594.0,17,24,8297.23,4,4,4,Champions
8595.0,36,1,19.87,3,1,1,Developing
8596.0,124,3,430.96000000000004,2,2,2,Lost
8597.0,4,8,1577.89,4,4,3,Champions
8598.0,16,10,6977.9800000000005,4,4,4,Champions
8599.0,51,6,1803.53,3,3,3,Champions
8600.0,160,8,4014.93,1,4,4,At Risk (was frequent)
8601.0,7,7,1164.63,4,4,3,Champions
8602.0,23,15,11322.38,4,4,4,Champions
8603.0,391,3,853.72,1,2,2,Lost
8604.0,81,9,967.28,2,4,2,At Risk (was frequent)
8605.0,23,4,426.42999999999995,4,2,1,Loyal
8606.0,85,3,897.78,2,2,2,Lost
8607.0,163,1,92.8,1,1,1,Lost
8608.0,5,3,179.54,4,2,1,Loyal
8609.0,115,1,229.5,2,1,1,Lost
8610.0,102,4,700.8,2,2,2,Lost
8611.0,27,3,398.01,3,2,1,Loyal
8612.0,184,1,1301.92,1,1,3,Lost
8613.0,67,5,1191.54,2,3,3,At Risk (was frequent)
8614.0,254,1,141.66,1,1,1,Lost
8615.0,31,4,510.46,3,2,2,Loyal
8616.0,144,1,288.4,1,1,1,Lost
8617.0,9,8,7553.49,4,4,4,Champions
8618.0,190,3,2275.96,1,2,4,Lost
8619.0,106,1,68.64,2,1,1,Lost
8620.0,53,8,2197.14,3,4,3,Champions
8621.0,358,2,58.17,1,1,1,Lost
8622.0,147,5,1858.84,1,3,3,At Risk (was frequent)
8623.0,145,2,499.84,1,1,2,Lost
8624.0,116,3,319.78999999999996,2,2,1,Lost
8625.0,44,4,651.86,3,2,2,Loyal
8627.0,324,12,4769.9,1,4,4,At Risk (was frequent)
8628.0,50,8,1623.24,3,4,3,Champions
8629.0,54,4,2392.01,3,2,4,Loyal
8630.0,40,6,747.33,3,3,2,Loyal
8631.0,57,5,2952.02,3,3,4,Champions
8632.0,0,3,290.74,4,2,1,Loyal
8633.0,87,1,71.56,2,1,1,Lost
8634.0,508,1,317.3,1,1,1,Lost
8635.0,62,2,573.8199999999999,2,1,2,Lost
8636.0,8,7,2173.66,4,4,3,Champions
8637.0,412,2,430.42999999999995,1,1,1,Lost
8638.0,112,1,339.7,2,1,1,Lost
8639.0,35,2,273.81,3,1,1,Developing
8640.0,89,1,329.65,2,1,1,Lost
8641.0,70,6,1070.95,2,3,3,At Risk (was frequent)
8642.0,193,9,2913.23,1,4,4,At Risk (was frequent)
8643.0,21,5,766.9399999999999,4,3,2,Loyal
8644.0,112,1,146.6,2,1,1,Lost
8645.0,3,21,25598.41,4,4,4,Champions
8646.0,16,6,748.4300000000001,4,3,2,Loyal
8647.0,73,6,1643.87,2,3,3,At Risk (was frequent)
8648.0,25,2,614.52,3,1,2,Developing
8650.0,21,4,825.5400000000001,4,2,2,Loyal
8651.0,141,6,920.63,1,3,2,At Risk (was frequent)
8652.0,20,6,1107.99,4,3,3,Champions
8653.0,109,2,116.02,2,1,1,Lost
8654.0,302,5,440.24,1,3,2,At Risk (was frequent)
8655.0,87,8,884.2199999999999,2,4,2,At Risk (was frequent)
8656.0,1,3,175.65,4,2,1,Loyal
8657.0,24,2,618.55,4,1,2,Developing
8659.0,28,7,926.0600000000001,3,4,2,Loyal
8660.0,447,2,412.56000000000006,1,1,1,Lost
8661.0,68,5,846.71,2,3,2,At Risk (was frequent)
8662.0,34,6,1764.18,3,3,3,Champions
8663.0,132,7,1061.06,1,4,3,At Risk (was frequent)
8664.0,89,9,3170.4900000000002,2,4,4,At Risk (was frequent)
8665.0,103,3,428.5,2,2,1,Lost
8666.0,39,7,1460.84,3,4,3,Champions
8667.0,26,7,8071.259999999999,3,4,4,Champions
8668.0,107,3,843.69,2,2,2,Lost
8669.0,136,3,237.43,1,2,1,Lost
8670.0,200,5,542.73,1,3,2,At Risk (was frequent)
8671.0,2,5,628.4100000000001,4,3,2,Loyal
8672.0,55,7,1002.77,3,4,3,Champions
8673.0,87,1,201.04,2,1,1,Lost
8674.0,45,6,1579.85,3,3,3,Champions
8675.0,2,2,1443.0,4,1,3,Developing
8676.0,8,7,8000.33,4,4,4,Champions
8677.0,194,1,347.03,1,1,1,Lost
8678.0,43,12,2468.75,3,4,4,Champions
8679.0,31,13,7145.46,3,4,4,Champions
8680.0,66,16,7276.2,2,4,4,At Risk (was frequent)
8681.0,90,5,967.85,2,3,2,At Risk (was frequent)
8683.0,288,1,81.53,1,1,1,Lost
8684.0,35,3,664.78,3,2,2,Loyal
8685.0,201,1,124.6,1,1,1,Lost
8686.0,289,1,110.27,1,1,1,Lost
8687.0,200,2,231.26000000000002,1,1,1,Lost
8688.0,17,7,5134.59,4,4,4,Champions
8689.0,67,3,741.99,2,2,2,Lost
8690.0,9,1,533.66,4,1,2,Developing
8691.0,31,14,8755.55,3,4,4,Champions
8693.0,268,8,1908.32,1,4,3,At Risk (was frequent)
8694.0,35,7,1577.59,3,4,3,Champions
8695.0,84,2,466.41,2,1,2,Lost
8696.0,28,6,1303.36,3,3,3,Champions
8697.0,39,9,3134.13,3,4,4,Champions
8698.0,55,5,972.5699999999999,3,3,2,Loyal
8699.0,18,7,1893.8799999999999,4,4,3,Champions
8700.0,124,1,21.3,2,1,1,Lost
8701.0,60,5,3669.79,3,3,4,Champions
8702.0,28,5,4323.6900000000005,3,3,4,Champions
8703.0,97,1,116.47,2,1,1,Lost
8704.0,114,4,292.82,2,2,1,Lost
8705.0,112,1,277.42,2,1,1,Lost
8706.0,39,7,1163.82,3,4,3,Champions
8707.0,108,3,944.94,2,2,2,Lost
8708.0,77,3,193.04,2,2,1,Lost
8709.0,2,13,1612.72,4,4,3,Champions
8710.0,59,1,30.46,3,1,1,Developing
8711.0,31,7,2198.84,3,4,3,Champions
8712.0,400,1,97.37,1,1,1,Lost
8713.0,13,5,1968.26,4,3,3,Champions
8714.0,71,4,412.21,2,2,1,Lost
8715.0,11,8,1139.08,4,4,3,Champions
8716.0,133,1,185.7,1,1,1,Lost
8718.0,48,5,777.61,3,3,2,Loyal
8719.0,36,1,65.09,3,1,1,Developing
8720.0,114,3,316.61,2,2,1,Lost
8721.0,38,4,1049.28,3,2,3,Loyal
8722.0,66,4,575.87,2,2,2,Lost
8723.0,49,4,846.35,3,2,2,Loyal
8724.0,92,3,1936.54,2,2,3,Lost
8725.0,18,7,3998.48,4,4,4,Champions
8726.0,2,1,40.66,4,1,1,Developing
8727.0,24,3,1318.97,4,2,3,Loyal
8728.0,1,9,4988.6,4,4,4,Champions
8729.0,85,4,1652.8600000000001,2,2,3,Lost
8730.0,84,6,2924.0,2,3,4,At Risk (was frequent)
8731.0,40,2,1612.16,3,1,3,Developing
8733.0,27,15,7064.9400000000005,3,4,4,Champions
8734.0,32,13,17165.57,3,4,4,Champions
8735.0,357,4,1134.24,1,2,3,Lost
8736.0,116,1,94.94,2,1,1,Lost
8737.0,113,4,296.84,2,2,1,Lost
8738.0,85,2,170.98,2,1,1,Lost
8739.0,4,9,1693.18,4,4,3,Champions
8740.0,332,2,322.34,1,1,1,Lost
8742.0,52,3,1252.22,3,2,3,Loyal
8743.0,78,6,2388.75,2,3,4,At Risk (was frequent)
8744.0,164,8,2245.96,1,4,4,At Risk (was frequent)
8745.0,98,6,2145.95,2,3,3,At Risk (was frequent)
8746.0,23,5,267.03,4,3,1,Loyal
8747.0,41,4,1190.73,3,3,3,Champions
8748.0,191,1,14.94,1,1,1,Lost
8749.0,147,7,559.26,1,4,2,At Risk (was frequent)
8750.0,253,6,2133.95,1,3,3,At Risk (was frequent)
8751.0,170,5,3237.7900000000004,1,3,4,At Risk (was frequent)
8752.0,247,1,135.22,1,1,1,Lost
8754.0,46,6,1971.8400000000001,3,3,3,Champions
8755.0,174,6,2213.6499999999996,1,3,4,At Risk (was frequent)
8756.0,18,4,771.62,4,3,2,Loyal
8757.0,123,1,8.16,2,1,1,Lost
8758.0,80,1,49.98,2,1,1,Lost
8759.0,77,7,3049.08,2,4,4,At Risk (was frequent)
8760.0,24,2,306.25,4,1,1,Developing
8761.0,5,3,255.04,4,2,1,Loyal
8763.0,50,13,2578.35,3,4,4,Champions
8764.0,76,2,567.9,2,1,2,Lost
8765.0,22,2,1028.6200000000001,4,1,3,Developing
8767.0,59,3,467.43,3,2,2,Loyal
8768.0,65,1,244.76,2,1,1,Lost
8769.0,10,8,4310.02,4,4,4,Champions
8770.0,143,4,1152.57,1,3,3,At Risk (was frequent)
8771.0,202,5,1628.3200000000002,1,3,3,At Risk (was frequent)
8772.0,341,2,1897.72,1,1,3,Lost
8773.0,90,3,518.62,2,2,2,Lost
8774.0,394,3,896.69,1,2,2,Lost
8775.0,174,3,842.37,1,2,2,Lost
8776.0,16,8,2101.34,4,4,3,Champions
8777.0,296,1,162.32,1,1,1,Lost
8778.0,56,6,1358.5100000000002,3,3,3,Champions
8779.0,53,1,369.1,3,1,1,Developing
8780.0,95,9,939.0400000000001,2,4,2,At Risk (was frequent)
8781.0,231,1,205.0,1,1,1,Lost
8782.0,20,6,4520.83,4,3,4,Champions
8783.0,32,13,6494.74,3,4,4,Champions
8784.0,15,6,1456.06,4,3,3,Champions
8785.0,87,5,1733.3,2,3,3,At Risk (was frequent)
8786.0,225,3,334.74,1,2,1,Lost
8787.0,154,4,393.95,1,3,1,At Risk (was frequent)
8788.0,250,4,2369.61,1,3,4,At Risk (was frequent)
8789.0,242,8,2022.0,1,4,3,At Risk (was frequent)
8790.0,73,14,6328.76,2,4,4,At Risk (was frequent)
8791.0,19,8,8755.74,4,4,4,Champions
8792.0,50,1,337.58,3,1,1,Developing
8793.0,89,3,403.21000000000004,2,2,1,Lost
8794.0,104,3,447.94,2,2,2,Lost
8795.0,132,3,1315.98,1,2,3,Lost
8796.0,77,6,521.89,2,3,2,At Risk (was frequent)
8797.0,55,6,943.3,3,3,2,Loyal
8798.0,9,6,3853.65,4,3,4,Champions
8799.0,7,3,1574.5,4,2,3,Loyal
8800.0,118,2,329.78000000000003,2,1,1,Lost
8801.0,95,4,568.26,2,3,2,At Risk (was frequent)
8802.0,227,4,386.03999999999996,1,3,1,At Risk (was frequent)
8803.0,21,8,5365.4400000000005,4,4,4,Champions
8805.0,46,10,2190.71,3,4,3,Champions
8806.0,4,13,14147.27,4,4,4,Champions
8807.0,9,3,579.61,4,2,2,Loyal
8808.0,24,2,335.85,4,1,1,Developing
8809.0,132,4,2550.6800000000003,1,3,4,At Risk (was frequent)
8810.0,39,2,362.83,3,1,1,Developing
8811.0,127,4,1135.32,2,3,3,At Risk (was frequent)
8812.0,39,4,667.14,3,3,2,Loyal
8813.0,80,1,488.12,2,1,2,Lost
8814.0,105,7,1862.63,2,4,3,At Risk (was frequent)
8815.0,39,2,193.1,3,1,1,Developing
8816.0,118,6,2733.63,2,3,4,At Risk (was frequent)
8817.0,243,2,122.92999999999999,1,1,1,Lost
8818.0,59,3,515.29,3,2,2,Loyal
8819.0,220,5,3026.95,1,3,4,At Risk (was frequent)
8820.0,8,4,855.35,4,3,2,Loyal
8821.0,50,5,635.17,3,3,2,Loyal
8822.0,72,3,296.96000000000004,2,2,1,Lost
8823.0,90,3,448.52,2,2,2,Lost
8824.0,160,1,16.31,1,1,1,Lost
8825.0,0,5,860.37,4,3,2,Loyal
8827.0,20,2,137.62,4,1,1,Developing
8828.0,69,2,455.7,2,1,2,Lost
8829.0,174,2,390.26,1,1,1,Lost
8830.0,59,1,10.13,3,1,1,Developing
8831.0,6,3,262.98,4,2,1,Loyal
8832.0,72,2,93.06,2,1,1,Lost
8833.0,154,5,582.29,1,3,2,At Risk (was frequent)
8834.0,1,4,140.82,4,3,1,Loyal
8835.0,66,12,2802.9700000000003,2,4,4,At Risk (was frequent)
8837.0,53,5,1399.31,3,3,3,Champions
8838.0,83,6,5018.74,2,3,4,At Risk (was frequent)
8839.0,110,11,5663.089999999999,2,4,4,At Risk (was frequent)
8840.0,51,2,159.43,3,1,1,Developing
8841.0,128,1,22.78,2,1,1,Lost
8842.0,54,5,591.91,3,3,2,Loyal
8843.0,25,13,9981.29,3,4,4,Champions
8844.0,420,4,1148.28,1,3,3,At Risk (was frequent)
8845.0,1,6,4046.8,4,3,4,Champions
8846.0,38,3,197.05,3,2,1,Loyal
8847.0,169,9,2075.38,1,4,3,At Risk (was frequent)
8848.0,10,10,7334.44,4,4,4,Champions
8849.0,50,8,1821.27,3,4,3,Champions
8850.0,97,3,429.71000000000004,2,2,1,Lost
8851.0,63,6,657.22,2,3,2,At Risk (was frequent)
8852.0,22,12,5738.64,4,4,4,Champions
8853.0,38,7,1690.5900000000001,3,4,3,Champions
8854.0,161,5,495.90999999999997,1,3,2,At Risk (was frequent)
8855.0,108,10,2000.6200000000001,2,4,3,At Risk (was frequent)
8856.0,72,7,2344.5299999999997,2,4,4,At Risk (was frequent)
8857.0,164,4,1188.5200000000002,1,3,3,At Risk (was frequent)
8858.0,54,1,3023.0,3,1,4,Developing
8859.0,47,4,791.21,3,3,2,Loyal
8861.0,85,1,72.42,2,1,1,Lost
8862.0,12,9,3012.42,4,4,4,Champions
8863.0,34,6,802.23,3,3,2,Loyal
8864.0,71,6,1633.71,2,3,3,At Risk (was frequent)
8865.0,188,6,1706.48,1,3,3,At Risk (was frequent)
8866.0,13,2,706.06,4,1,2,Developing
8867.0,12,11,7404.96,4,4,4,Champions
8868.0,112,2,141.22,2,1,1,Lost
8869.0,7,5,888.65,4,3,2,Loyal
8870.0,181,4,2144.9,1,3,3,At Risk (was frequent)
8871.0,199,4,682.2800000000001,1,3,2,At Risk (was frequent)
8872.0,44,7,3239.3399999999997,3,4,4,Champions
8873.0,167,3,1285.38,1,2,3,Lost
8874.0,152,4,232.67000000000002,1,3,1,At Risk (was frequent)
8875.0,141,6,1129.3200000000002,1,3,3,At Risk (was frequent)
8876.0,6,6,2053.27,4,3,3,Champions
8877.0,116,10,1097.39,2,4,3,At Risk (was frequent)
8878.0,49,5,549.82,3,3,2,Loyal
8879.0,102,1,28.86,2,1,1,Lost
8881.0,30,2,327.06,3,1,1,Developing
8882.0,1,2,774.3,4,1,2,Developing
8884.0,277,8,2151.3,1,4,3,At Risk (was frequent)
8885.0,299,1,287.44,1,1,1,Lost
8886.0,74,9,5422.73,2,4,4,At Risk (was frequent)
8887.0,244,7,2094.47,1,4,3,At Risk (was frequent)
8888.0,32,1,56.07,3,1,1,Developing
8889.0,63,4,865.5500000000001,2,3,2,At Risk (was frequent)
8890.0,9,2,413.36,4,1,1,Developing
8891.0,135,2,897.82,1,1,2,Lost
8892.0,74,2,992.56,2,1,3,Lost
8893.0,40,2,447.28999999999996,3,1,2,Developing
8894.0,146,4,590.46,1,3,2,At Risk (was frequent)
8895.0,159,8,3652.85,1,4,4,At Risk (was frequent)
8896.0,30,13,11299.58,3,4,4,Champions
8897.0,362,1,133.34,1,1,1,Lost
8898.0,24,6,1437.93,4,3,3,Champions
8899.0,141,3,704.85,1,2,2,Lost
8900.0,48,3,282.96000000000004,3,2,1,Loyal
8901.0,177,3,1698.67,1,2,3,Lost
8902.0,54,5,1084.07,3,3,3,Champions
8903.0,27,14,14400.31,3,4,4,Champions
8904.0,4,5,998.26,4,3,3,Champions
8905.0,64,8,910.5699999999999,2,4,2,At Risk (was frequent)
8907.0,233,2,1047.6,1,1,3,Lost
8908.0,8,3,1696.94,4,2,3,Loyal
8909.0,43,8,2428.95,3,4,4,Champions
8910.0,6,4,344.3,4,3,1,Loyal
8911.0,190,3,605.81,1,2,2,Lost
8912.0,131,5,819.97,1,3,2,At Risk (was frequent)
8913.0,20,8,4564.6,4,4,4,Champions
8914.0,35,3,2572.65,3,2,4,Loyal
8916.0,161,4,353.31,1,3,1,At Risk (was frequent)
8917.0,27,11,6034.87,3,4,4,Champions
8918.0,40,14,6645.39,3,4,4,Champions
8919.0,209,14,6413.86,1,4,4,At Risk (was frequent)
8920.0,117,2,151.22,2,1,1,Lost
8921.0,37,3,3619.8900000000003,3,2,4,Loyal
8923.0,24,5,1103.06,4,3,3,Champions
8924.0,245,7,2357.07,1,4,4,At Risk (was frequent)
8925.0,6,1,14.3,4,1,1,Developing
8926.0,117,5,2169.39,2,3,3,At Risk (was frequent)
8927.0,73,5,1110.98,2,3,3,At Risk (was frequent)
8928.0,32,4,223.65,3,3,1,Loyal
8929.0,68,5,518.29,2,3,2,At Risk (was frequent)
8932.0,169,1,96.1,1,1,1,Lost
8933.0,132,2,324.38,1,1,1,Lost
8934.0,251,6,2591.49,1,3,4,At Risk (was frequent)
8935.0,46,31,40104.72,3,4,4,Champions
8936.0,97,5,6720.88,2,3,4,At Risk (was frequent)
8937.0,33,3,1243.55,3,2,3,Loyal
8938.0,67,2,82.19,2,1,1,Lost
8939.0,12,7,3108.2,4,4,4,Champions
8940.0,20,5,741.14,4,3,2,Loyal
8941.0,60,5,598.0699999999999,3,3,2,Loyal
8942.0,56,3,1151.46,3,2,3,Loyal
8943.0,64,2,324.08,2,1,1,Lost
8944.0,9,6,8247.949999999999,4,3,4,Champions
8945.0,47,7,4100.88,3,4,4,Champions
8946.0,302,3,1072.78,1,2,3,Lost
8947.0,270,7,2064.5,1,4,3,At Risk (was frequent)
8948.0,121,5,1728.95,2,3,3,At Risk (was frequent)
8949.0,206,1,119.83,1,1,1,Lost
8950.0,131,3,202.13,1,2,1,Lost
8951.0,52,2,253.26,3,1,1,Developing
8952.0,3,3,527.92,4,2,2,Loyal
8953.0,25,6,5629.42,3,3,4,Champions
8954.0,3,3,1250.7199999999998,4,2,3,Loyal
8955.0,92,7,2099.0699999999997,2,4,3,At Risk (was frequent)
8956.0,21,6,5734.38,4,3,4,Champions
8957.0,74,8,6041.09,2,4,4,At Risk (was frequent)
8958.0,39,5,1645.0,3,3,3,Champions
8959.0,18,1,179.88,4,1,1,Developing
8960.0,378,1,642.26,1,1,2,Lost
8961.0,4,4,2869.83,4,3,4,Champions
8962.0,98,1,923.49,2,1,2,Lost
8963.0,85,7,796.04,2,4,2,At Risk (was frequent)
8964.0,439,3,770.87,1,2,2,Lost
8966.0,298,7,1095.7,1,4,3,At Risk (was frequent)
8967.0,28,6,1559.54,3,3,3,Champions
8968.0,35,2,1933.5,3,1,3,Developing
8969.0,248,6,364.08,1,3,1,At Risk (was frequent)
8970.0,65,6,2575.0099999999998,2,3,4,At Risk (was frequent)
8971.0,242,2,178.3,1,1,1,Lost
8972.0,161,1,30.9,1,1,1,Lost
8973.0,64,2,352.26,2,1,1,Lost
8974.0,204,1,34.37,1,1,1,Lost
8975.0,152,9,1388.06,1,4,3,At Risk (was frequent)
8976.0,48,2,966.65,3,1,2,Developing
8977.0,24,1,324.26,4,1,1,Developing
8978.0,59,3,277.35,3,2,1,Loyal
8979.0,16,5,561.67,4,3,2,Loyal
8980.0,53,9,1116.29,3,4,3,Champions
8981.0,154,1,64.15,1,1,1,Lost
8982.0,162,10,2577.94,1,4,4,At Risk (was frequent)
8983.0,86,5,1293.99,2,3,3,At Risk (was frequent)
8984.0,55,4,1245.81,3,3,3,Champions
8985.0,28,3,168.67999999999998,3,2,1,Loyal
8987.0,3,5,981.41,4,3,2,Loyal
8988.0,87,4,306.21999999999997,2,3,1,At Risk (was frequent)
8989.0,68,5,2063.83,2,3,3,At Risk (was frequent)
8990.0,38,16,5757.19,3,4,4,Champions
8991.0,2,2,651.76,4,1,2,Developing
8992.0,261,2,1295.29,1,1,3,Lost
8993.0,38,11,8833.93,3,4,4,Champions
8994.0,107,8,1323.55,2,4,3,At Risk (was frequent)
8995.0,11,4,1174.46,4,3,3,Champions
8996.0,1,2,242.57,4,1,1,Developing
8997.0,110,3,610.48,2,2,2,Lost
8998.0,75,5,2081.5699999999997,2,3,3,At Risk (was frequent)
8999.0,4,12,2198.37,4,4,3,Champions
9000.0,139,4,1185.34,1,3,3,At Risk (was frequent)
9001.0,108,8,5466.76,2,4,4,At Risk (was frequent)
9002.0,35,1,1041.56,3,1,3,Developing
9003.0,11,12,9027.31,4,4,4,Champions
9004.0,18,8,2188.19,4,4,3,Champions
9005.0,26,3,2643.8,3,2,4,Loyal
9006.0,1,7,3492.1499999999996,4,4,4,Champions
9007.0,31,9,3542.0,3,4,4,Champions
9008.0,6,5,724.99,4,3,2,Loyal
9009.0,186,8,1982.07,1,4,3,At Risk (was frequent)
9010.0,210,2,46.33,1,1,1,Lost
9011.0,64,1,171.95,2,1,1,Lost
9013.0,11,5,592.7499999999999,4,3,2,Loyal
9014.0,159,2,384.21000000000004,1,1,1,Lost
9015.0,28,7,1901.44,3,4,3,Champions
9016.0,17,5,1021.38,4,3,3,Champions
9017.0,72,8,1855.1599999999999,2,4,3,At Risk (was frequent)
9018.0,257,3,1569.47,1,2,3,Lost
9019.0,77,9,4346.12,2,4,4,At Risk (was frequent)
9020.0,74,1,85.24,2,1,1,Lost
9021.0,22,1,689.85,4,1,2,Developing
9022.0,119,6,570.75,2,3,2,At Risk (was frequent)
9023.0,109,4,2328.64,2,3,4,At Risk (was frequent)
9024.0,114,4,1274.1,2,3,3,At Risk (was frequent)
9025.0,33,3,433.15999999999997,3,2,2,Loyal
9026.0,0,6,723.62,4,3,2,Loyal
9027.0,17,7,2318.69,4,4,4,Champions
9028.0,69,5,2312.94,2,3,4,At Risk (was frequent)
9029.0,236,2,1253.88,1,1,3,Lost
9030.0,167,4,732.87,1,3,2,At Risk (was frequent)
9031.0,92,10,5088.87,2,4,4,At Risk (was frequent)
9032.0,16,19,9445.97,4,4,4,Champions
9033.0,26,6,2007.23,3,3,3,Champions
9034.0,14,13,13875.11,4,4,4,Champions
9035.0,72,3,698.46,2,2,2,Lost
9036.0,20,8,3355.66,4,4,4,Champions
9037.0,27,3,1149.49,3,2,3,Loyal
9038.0,24,6,3434.0699999999997,4,3,4,Champions
9039.0,55,4,1643.98,3,3,3,Champions
9040.0,48,2,396.83000000000004,3,1,1,Developing
9041.0,39,5,2161.42,3,3,3,Champions
9042.0,26,6,1787.15,3,3,3,Champions
9043.0,149,2,672.69,1,1,2,Lost
9044.0,123,12,17678.22,2,4,4,At Risk (was frequent)
9045.0,76,6,1092.78,2,3,3,At Risk (was frequent)
9046.0,27,23,10912.83,3,4,4,Champions
9047.0,119,1,186.0,2,1,1,Lost
9048.0,40,9,1489.35,3,4,3,Champions
9049.0,225,4,784.79,1,3,2,At Risk (was frequent)
9050.0,27,13,2719.1,3,4,4,Champions
9051.0,278,2,444.53,1,1,2,Lost
9052.0,239,1,48.06,1,1,1,Lost
9053.0,165,5,2738.4300000000003,1,3,4,At Risk (was frequent)
9054.0,22,5,1514.0400000000002,4,3,3,Champions
9055.0,233,3,487.13,1,2,2,Lost
9056.0,63,2,418.88,2,1,1,Lost
9057.0,62,9,3733.87,2,4,4,At Risk (was frequent)
9058.0,220,1,648.85,1,1,2,Lost
9059.0,41,3,821.1800000000001,3,2,2,Loyal
9060.0,97,12,7762.4800000000005,2,4,4,At Risk (was frequent)
9062.0,44,9,11303.28,3,4,4,Champions
9063.0,143,2,199.4,1,1,1,Lost
9064.0,23,14,9733.73,4,4,4,Champions
9065.0,85,3,504.85,2,2,2,Lost
9066.0,43,2,251.7,3,1,1,Developing
9067.0,34,6,2351.52,3,3,4,Champions
9069.0,256,3,1782.87,1,2,3,Lost
9070.0,125,12,5578.13,2,4,4,At Risk (was frequent)
9071.0,308,1,472.94,1,1,2,Lost
9072.0,97,2,1029.0,2,1,3,Lost
9073.0,270,1,214.02,1,1,1,Lost
9074.0,19,2,319.26,4,1,1,Developing
9076.0,10,5,257.39,4,3,1,Loyal
9077.0,185,3,1841.4,1,2,3,Lost
9079.0,1,2,756.58,4,1,2,Developing
9080.0,146,8,1147.53,1,4,3,At Risk (was frequent)
9082.0,10,9,5850.7300000000005,4,4,4,Champions
9083.0,109,5,1029.96,2,3,3,At Risk (was frequent)
9084.0,51,7,2379.5099999999998,3,4,4,Champions
9085.0,244,5,2133.0,1,3,3,At Risk (was frequent)
9086.0,120,1,11.25,2,1,1,Lost
9087.0,53,6,950.04,3,3,2,Loyal
9089.0,72,4,731.3299999999999,2,3,2,At Risk (was frequent)
9090.0,10,7,4080.18,4,4,4,Champions
9091.0,92,1,17.0,2,1,1,Lost
9092.0,12,1,66.16,4,1,1,Developing
9093.0,140,5,483.62,1,3,2,At Risk (was frequent)
9094.0,3,10,1951.38,4,4,3,Champions
9097.0,45,3,436.42,3,2,2,Loyal
9098.0,62,8,1320.55,2,4,3,At Risk (was frequent)
9099.0,17,1,8.16,4,1,1,Developing
9100.0,6,10,6540.05,4,4,4,Champions
9101.0,231,3,142.64999999999998,1,2,1,Lost
9102.0,19,2,628.8199999999999,4,1,2,Developing
9103.0,32,7,1933.71,3,4,3,Champions
9104.0,183,2,550.17,1,1,2,Lost
9105.0,138,3,1678.9099999999999,1,2,3,Lost
9106.0,201,3,1902.62,1,2,3,Lost
9107.0,106,3,1027.74,2,2,3,Lost
9108.0,47,3,237.39,3,2,1,Loyal
9109.0,151,3,1458.36,1,2,3,Lost
9110.0,289,1,269.48,1,1,1,Lost
9111.0,62,7,663.85,2,4,2,At Risk (was frequent)
9112.0,116,5,185.70999999999998,2,3,1,At Risk (was frequent)
9113.0,2,2,206.70999999999998,4,1,1,Developing
9114.0,177,2,232.65,1,1,1,Lost
9115.0,79,4,2283.2200000000003,2,3,4,At Risk (was frequent)
9116.0,87,6,1184.58,2,3,3,At Risk (was frequent)
9117.0,135,6,839.57,1,3,2,At Risk (was frequent)
9118.0,35,1,1059.84,3,1,3,Developing
9119.0,59,5,700.71,3,3,2,Loyal
9120.0,77,1,369.57,2,1,1,Lost
9121.0,93,12,6957.28,2,4,4,At Risk (was frequent)
9122.0,12,4,2002.93,4,3,3,Champions
9123.0,118,5,2356.79,2,3,4,At Risk (was frequent)
9124.0,66,1,154.95,2,1,1,Lost
9125.0,216,6,982.66,1,3,2,At Risk (was frequent)
9126.0,136,2,322.01,1,1,1,Lost
9127.0,327,2,1033.54,1,1,3,Lost
9128.0,196,4,458.28999999999996,1,3,2,At Risk (was frequent)
9129.0,116,1,366.94,2,1,1,Lost
9130.0,197,1,117.5,1,1,1,Lost
9131.0,259,8,1918.38,1,4,3,At Risk (was frequent)
9132.0,114,5,834.77,2,3,2,At Risk (was frequent)
9133.0,56,4,800.22,3,3,2,Loyal
9134.0,38,1,33.05,3,1,1,Developing
9135.0,18,3,170.01,4,2,1,Loyal
9136.0,80,6,1253.79,2,3,3,At Risk (was frequent)
9137.0,6,3,876.67,4,2,2,Loyal
9138.0,10,7,790.95,4,4,2,Loyal
9139.0,104,1,62.3,2,1,1,Lost
9140.0,383,1,14.98,1,1,1,Lost
9141.0,176,6,1450.93,1,3,3,At Risk (was frequent)
9142.0,115,2,244.35,2,1,1,Lost
9143.0,11,3,1858.34,4,2,3,Loyal
9144.0,195,4,668.23,1,3,2,At Risk (was frequent)
9145.0,102,6,7418.860000000001,2,3,4,At Risk (was frequent)
9146.0,97,1,354.84,2,1,1,Lost
9147.0,6,4,400.15000000000003,4,3,1,Loyal
9148.0,4,4,514.67,4,3,2,Loyal
9149.0,221,2,189.45999999999998,1,1,1,Lost
9150.0,274,2,712.29,1,1,2,Lost
9151.0,86,4,966.24,2,3,2,At Risk (was frequent)
9152.0,0,8,5840.09,4,4,4,Champions
9154.0,6,14,3439.48,4,4,4,Champions
9156.0,257,3,995.99,1,2,3,Lost
9157.0,176,2,880.3399999999999,1,1,2,Lost
9158.0,270,1,509.0,1,1,2,Lost
9159.0,109,3,342.38,2,2,1,Lost
9160.0,38,6,1203.22,3,3,3,Champions
9161.0,5,4,2010.81,4,3,3,Champions
9162.0,94,6,831.3999999999999,2,3,2,At Risk (was frequent)
9163.0,27,1,407.68,3,1,1,Developing
9164.0,41,1,176.06,3,1,1,Developing
9165.0,22,1,211.9,4,1,1,Developing
9166.0,72,5,893.6600000000001,2,3,2,At Risk (was frequent)
9167.0,80,3,1326.5500000000002,2,2,3,Lost
9168.0,20,22,25494.68,4,4,4,Champions
9169.0,42,1,776.27,3,1,2,Developing
9170.0,3,21,24431.52,4,4,4,Champions
9171.0,1,7,1506.3500000000001,4,4,3,Champions
9172.0,123,2,323.62,2,1,1,Lost
9173.0,255,2,117.3,1,1,1,Lost
9174.0,29,4,1710.5900000000001,3,3,3,Champions
9176.0,148,3,290.90000000000003,1,2,1,Lost
9177.0,84,6,1276.21,2,3,3,At Risk (was frequent)
9178.0,142,6,1745.1,1,3,3,At Risk (was frequent)
9179.0,22,3,557.95,4,2,2,Loyal
9182.0,21,5,6537.77,4,3,4,Champions
9183.0,149,6,1489.56,1,3,3,At Risk (was frequent)
9184.0,84,4,671.15,2,3,2,At Risk (was frequent)
9185.0,66,1,277.08,2,1,1,Lost
9186.0,27,10,9478.72,3,4,4,Champions
9188.0,104,4,1688.18,2,3,3,At Risk (was frequent)
9189.0,13,4,752.73,4,3,2,Loyal
9190.0,4,11,2177.66,4,4,3,Champions
9191.0,23,5,639.48,4,3,2,Loyal
9192.0,327,2,1605.71,1,1,3,Lost
9193.0,43,2,891.96,3,1,2,Developing
9194.0,91,1,90.32,2,1,1,Lost
9195.0,306,4,637.19,1,3,2,At Risk (was frequent)
9196.0,71,1,436.62,2,1,2,Lost
9198.0,54,2,243.86,3,1,1,Developing
9199.0,40,11,3835.55,3,4,4,Champions
9200.0,210,8,1140.54,1,4,3,At Risk (was frequent)
9201.0,604,2,507.17999999999995,1,1,2,Lost
9202.0,38,7,1025.97,3,4,3,Champions
9203.0,17,1,252.63,4,1,1,Developing
9204.0,131,7,772.22,1,4,2,At Risk (was frequent)
9205.0,79,4,423.85,2,3,1,At Risk (was frequent)
9207.0,35,3,1746.41,3,2,3,Loyal
9208.0,61,4,1216.26,3,3,3,Champions
9209.0,51,6,5867.27,3,3,4,Champions
9210.0,72,4,789.81,2,3,2,At Risk (was frequent)
9211.0,68,3,204.34,2,2,1,Lost
9212.0,112,10,2912.23,2,4,4,At Risk (was frequent)
9213.0,119,2,73.34,2,1,1,Lost
9214.0,182,7,1101.18,1,4,3,At Risk (was frequent)
9215.0,16,7,12744.82,4,4,4,Champions
9216.0,162,3,797.06,1,2,2,Lost
9217.0,129,8,2605.92,2,4,4,At Risk (was frequent)
9218.0,2,3,1051.47,4,2,3,Loyal
9219.0,55,4,875.27,3,3,2,Loyal
9220.0,69,2,195.43,2,1,1,Lost
9221.0,0,1,32.58,4,1,1,Developing
9222.0,130,4,1027.24,1,3,3,At Risk (was frequent)
9223.0,50,5,1759.27,3,3,3,Champions
9224.0,36,12,5548.59,3,4,4,Champions
9225.0,68,2,259.34000000000003,2,1,1,Lost
9227.0,49,8,1524.71,3,4,3,Champions
9228.0,28,3,1598.3700000000001,3,2,3,Loyal
9229.0,158,7,669.6,1,4,2,At Risk (was frequent)
9230.0,13,3,279.4,4,2,1,Loyal
9231.0,52,4,517.94,3,3,2,Loyal
9232.0,172,11,5473.37,1,4,4,At Risk (was frequent)
9233.0,13,2,533.69,4,1,2,Developing
9234.0,7,9,1570.92,4,4,3,Champions
9235.0,9,6,2825.14,4,3,4,Champions
9236.0,14,3,386.63,4,2,1,Loyal
9238.0,29,8,4415.4400000000005,3,4,4,Champions
9239.0,71,3,1733.4,2,2,3,Lost
9240.0,360,2,825.86,1,1,2,Lost
9241.0,108,3,2504.04,2,2,4,Lost
9242.0,101,7,2345.7799999999997,2,4,4,At Risk (was frequent)
9243.0,9,4,786.77,4,3,2,Loyal
9244.0,45,13,4688.07,3,4,4,Champions
9245.0,2,2,923.75,4,1,2,Developing
9246.0,10,1,260.22,4,1,1,Developing
9247.0,16,4,1202.14,4,3,3,Champions
9248.0,172,3,1300.6200000000001,1,2,3,Lost
9249.0,144,2,193.18,1,1,1,Lost
9250.0,64,9,2556.88,2,4,4,At Risk (was frequent)
9251.0,12,2,365.79999999999995,4,1,1,Developing
9252.0,146,7,1837.3,1,4,3,At Risk (was frequent)
9253.0,68,2,230.56,2,1,1,Lost
9254.0,62,8,957.29,2,4,2,At Risk (was frequent)
9255.0,56,2,1448.1599999999999,3,1,3,Developing
9256.0,184,10,8501.67,1,4,4,At Risk (was frequent)
9257.0,54,5,1054.86,3,3,3,Champions
9258.0,23,19,6278.55,4,4,4,Champions
9259.0,125,1,431.9,2,1,2,Lost
9260.0,116,10,2625.81,2,4,4,At Risk (was frequent)
9261.0,52,7,1955.3100000000002,3,4,3,Champions
9262.0,97,2,187.01999999999998,2,1,1,Lost
9263.0,50,3,524.0600000000001,3,2,2,Loyal
9264.0,21,4,1342.69,4,3,3,Champions
9266.0,84,5,1631.1699999999998,2,3,3,At Risk (was frequent)
9267.0,33,6,1760.08,3,3,3,Champions
9268.0,60,5,961.57,3,3,2,Loyal
9269.0,22,2,639.94,4,1,2,Developing
9270.0,22,2,408.32,4,1,1,Developing
9271.0,4,7,3683.78,4,4,4,Champions
9272.0,59,1,147.05,3,1,1,Developing
9273.0,3,7,543.29,4,4,2,Loyal
9274.0,153,2,470.86,1,1,2,Lost
9275.0,122,3,495.1,2,2,2,Lost
9277.0,224,3,430.26,1,2,1,Lost
9278.0,106,4,958.4200000000001,2,3,2,At Risk (was frequent)
9279.0,227,6,2874.55,1,3,4,At Risk (was frequent)
9280.0,118,3,610.01,2,2,2,Lost
9281.0,139,3,329.8,1,2,1,Lost
9282.0,174,2,693.78,1,1,2,Lost
9283.0,147,8,1451.69,1,4,3,At Risk (was frequent)
9284.0,37,5,582.98,3,3,2,Loyal
9285.0,7,2,587.24,4,1,2,Developing
9286.0,91,23,21077.82,2,4,4,At Risk (was frequent)
9287.0,72,8,1290.18,2,4,3,At Risk (was frequent)
9288.0,16,6,2693.46,4,3,4,Champions
9289.0,9,1,1353.34,4,1,3,Developing
9290.0,148,2,1963.99,1,1,3,Lost
9291.0,17,14,6108.99,4,4,4,Champions
9292.0,13,2,364.68,4,1,1,Developing
9293.0,49,2,571.54,3,1,2,Developing
9294.0,172,10,1003.66,1,4,3,At Risk (was frequent)
9295.0,30,5,4325.27,3,3,4,Champions
9296.0,71,6,2896.08,2,3,4,At Risk (was frequent)
9297.0,57,2,340.12,3,1,1,Developing
9298.0,54,3,1446.58,3,2,3,Loyal
9299.0,37,3,398.74,3,2,1,Loyal
9300.0,107,6,1047.54,2,3,3,At Risk (was frequent)
9301.0,31,21,24502.13,3,4,4,Champions
9302.0,19,7,8634.81,4,4,4,Champions
9303.0,101,2,347.73,2,1,1,Lost
9304.0,118,3,1695.26,2,2,3,Lost
9305.0,36,5,2012.99,3,3,3,Champions
9306.0,243,4,1211.31,1,3,3,At Risk (was frequent)
9307.0,92,10,10357.41,2,4,4,At Risk (was frequent)
9308.0,24,7,2243.7,4,4,4,Champions
9309.0,62,3,306.35,2,2,1,Lost
9310.0,40,2,160.04,3,1,1,Developing
9311.0,34,2,383.09000000000003,3,1,1,Developing
9312.0,1,7,9195.91,4,4,4,Champions
9313.0,21,1,6.46,4,1,1,Developing
9314.0,460,2,248.49,1,1,1,Lost
9315.0,56,1,716.94,3,1,2,Developing
9317.0,129,1,159.73,2,1,1,Lost
9318.0,91,6,544.2,2,3,2,At Risk (was frequent)
9319.0,14,14,10221.83,4,4,4,Champions
9320.0,270,2,345.71000000000004,1,1,1,Lost
9321.0,47,11,7673.05,3,4,4,Champions
9322.0,6,16,22965.12,4,4,4,Champions
9323.0,4,4,644.0999999999999,4,3,2,Loyal
9324.0,98,2,88.91,2,1,1,Lost
9325.0,183,7,2634.09,1,4,4,At Risk (was frequent)
9326.0,26,13,8821.26,3,4,4,Champions
9328.0,64,10,5645.97,2,4,4,At Risk (was frequent)
9329.0,45,1,217.16,3,1,1,Developing
9330.0,77,1,215.95,2,1,1,Lost
9331.0,55,4,495.6,3,3,2,Loyal
9332.0,162,4,366.26,1,3,1,At Risk (was frequent)
9333.0,0,2,1183.82,4,1,3,Developing
9334.0,153,2,382.04,1,1,1,Lost
9335.0,66,1,26.79,2,1,1,Lost
9336.0,67,1,47.87,2,1,1,Lost
9337.0,2,2,400.59999999999997,4,1,1,Developing
9338.0,185,3,255.63,1,2,1,Lost
9339.0,10,4,776.1099999999999,4,3,2,Loyal
9340.0,9,5,807.1800000000001,4,3,2,Loyal
9341.0,212,4,839.8499999999999,1,3,2,At Risk (was frequent)
9342.0,12,3,236.51000000000002,4,2,1,Loyal
9343.0,194,2,871.95,1,1,2,Lost
9344.0,22,6,1063.74,4,3,3,Champions
9345.0,88,9,2836.9700000000003,2,4,4,At Risk (was frequent)
9346.0,39,8,775.66,3,4,2,Loyal
9347.0,82,3,1771.52,2,2,3,Lost
9348.0,21,16,6517.18,4,4,4,Champions
9349.0,17,3,417.25,4,2,1,Loyal
9350.0,62,9,3194.0,2,4,4,At Risk (was frequent)
9351.0,51,4,1201.57,3,3,3,Champions
9352.0,50,7,4968.89,3,4,4,Champions
9353.0,27,9,1666.5,3,4,3,Champions
9354.0,16,13,5974.17,4,4,4,Champions
9355.0,20,1,683.51,4,1,2,Developing
9356.0,67,2,229.63000000000002,2,1,1,Lost
9357.0,92,10,4923.54,2,4,4,At Risk (was frequent)
9358.0,38,2,701.94,3,1,2,Developing
9359.0,48,4,703.1600000000001,3,3,2,Loyal
9360.0,60,2,72.28,3,1,1,Developing
9361.0,180,8,3109.24,1,4,4,At Risk (was frequent)
9362.0,16,14,4505.2,4,4,4,Champions
9363.0,2,2,3863.9500000000003,4,1,4,Developing
9364.0,117,2,143.95000000000002,2,1,1,Lost
9365.0,11,17,14723.11,4,4,4,Champions
9366.0,48,3,2336.3300000000004,3,2,4,Loyal
9367.0,477,1,140.12,1,1,1,Lost
9369.0,165,9,1568.6399999999999,1,4,3,At Risk (was frequent)
9370.0,116,3,1395.24,2,2,3,Lost
9373.0,88,3,278.31,2,2,1,Lost
9374.0,25,2,570.04,3,1,2,Developing
9375.0,70,5,258.65999999999997,2,3,1,At Risk (was frequent)
9376.0,3,2,5735.950000000001,4,1,4,Developing
9377.0,84,2,732.76,2,1,2,Lost
9378.0,31,8,2266.77,3,4,4,Champions
9379.0,152,5,5414.69,1,3,4,At Risk (was frequent)
9380.0,56,6,1172.47,3,3,3,Champions
9382.0,16,3,1368.6999999999998,4,2,3,Loyal
9383.0,132,2,1343.86,1,1,3,Lost
9384.0,17,9,3556.99,4,4,4,Champions
9385.0,13,10,5933.86,4,4,4,Champions
9386.0,8,1,38.96,4,1,1,Developing
9387.0,17,2,275.07,4,1,1,Developing
9388.0,81,5,1098.07,2,3,3,At Risk (was frequent)
9389.0,41,13,17475.46,3,4,4,Champions
9390.0,472,7,1170.23,1,4,3,At Risk (was frequent)
9391.0,14,8,4333.84,4,4,4,Champions
9392.0,36,3,1190.95,3,2,3,Loyal
9393.0,199,5,1953.6399999999999,1,3,3,At Risk (was frequent)
9394.0,5,10,4375.360000000001,4,4,4,Champions
9395.0,46,14,13357.35,3,4,4,Champions
9396.0,65,3,408.24,2,2,1,Lost
9397.0,35,4,2247.16,3,3,4,Champions
9398.0,9,17,11396.77,4,4,4,Champions
9399.0,11,3,617.66,4,2,2,Loyal
9400.0,265,2,268.74,1,1,1,Lost
9401.0,102,5,1053.41,2,3,3,At Risk (was frequent)
9402.0,35,6,6821.67,3,3,4,Champions
9403.0,5,14,15224.84,4,4,4,Champions
9404.0,429,3,526.86,1,2,2,Lost
9405.0,12,12,4392.27,4,4,4,Champions
9406.0,8,7,982.77,4,4,2,Loyal
9407.0,36,2,257.0,3,1,1,Developing
9408.0,16,7,3004.45,4,4,4,Champions
9409.0,490,2,607.36,1,1,2,Lost
9410.0,10,9,2579.57,4,4,4,Champions
9411.0,114,2,417.45,2,1,1,Lost
9413.0,130,2,176.14,1,1,1,Lost
9414.0,14,11,10671.420000000002,4,4,4,Champions
9415.0,32,1,114.4,3,1,1,Developing
9416.0,0,8,3970.79,4,4,4,Champions
9417.0,13,2,239.29000000000002,4,1,1,Developing
9418.0,38,1,1091.56,3,1,3,Developing
9419.0,20,12,2463.38,4,4,4,Champions
9420.0,7,9,10946.699999999999,4,4,4,Champions
9421.0,136,3,1732.74,1,2,3,Lost
9422.0,170,5,1658.8100000000002,1,3,3,At Risk (was frequent)
9423.0,4,4,363.81,4,3,1,Loyal
9424.0,307,6,1275.82,1,3,3,At Risk (was frequent)
9425.0,199,6,688.88,1,3,2,At Risk (was frequent)
9427.0,10,5,501.70000000000005,4,3,2,Loyal
9428.0,18,5,2976.72,4,3,4,Champions
9429.0,94,7,1193.9,2,4,3,At Risk (was frequent)
9430.0,48,4,501.47,3,3,2,Loyal
9431.0,32,13,4802.6,3,4,4,Champions
9432.0,78,5,402.85,2,3,1,At Risk (was frequent)
9433.0,0,9,9157.52,4,4,4,Champions
9434.0,22,3,1888.52,4,2,3,Loyal
9435.0,63,6,1038.62,2,3,3,At Risk (was frequent)
9436.0,49,5,626.98,3,3,2,Loyal
9438.0,18,17,15706.449999999999,4,4,4,Champions
9439.0,2,6,1568.1999999999998,4,3,3,Champions
9440.0,38,3,807.1099999999999,3,2,2,Loyal
9441.0,73,14,7024.280000000001,2,4,4,At Risk (was frequent)
9442.0,23,11,2219.59,4,4,4,Champions
9444.0,171,4,1294.69,1,3,3,At Risk (was frequent)
9445.0,72,6,3431.02,2,3,4,At Risk (was frequent)
9446.0,30,3,273.36,3,2,1,Loyal
9447.0,15,3,371.91,4,2,1,Loyal
9448.0,172,3,455.47,1,2,2,Lost
9449.0,105,4,1094.19,2,3,3,At Risk (was frequent)
9450.0,222,2,1591.77,1,1,3,Lost
9451.0,68,2,381.87,2,1,1,Lost
9452.0,20,6,2877.72,4,3,4,Champions
9453.0,23,2,114.63,4,1,1,Developing
9454.0,45,22,14261.45,3,4,4,Champions
9455.0,55,4,6965.81,3,3,4,Champions
9456.0,119,1,38.71,2,1,1,Lost
9457.0,115,8,2168.23,2,4,3,At Risk (was frequent)
9458.0,77,7,1763.46,2,4,3,At Risk (was frequent)
9459.0,22,4,565.08,4,3,2,Loyal
9460.0,81,9,5106.13,2,4,4,At Risk (was frequent)
9461.0,65,2,162.98000000000002,2,1,1,Lost
9462.0,59,7,1377.91,3,4,3,Champions
9463.0,126,7,1459.1799999999998,2,4,3,At Risk (was frequent)
9464.0,94,9,2083.36,2,4,3,At Risk (was frequent)
9465.0,98,1,85.02,2,1,1,Lost
9466.0,137,9,855.08,1,4,2,At Risk (was frequent)
9467.0,140,5,2449.48,1,3,4,At Risk (was frequent)
9468.0,112,18,21467.579999999998,2,4,4,At Risk (was frequent)
9469.0,58,6,1291.03,3,3,3,Champions
9470.0,11,6,1661.1,4,3,3,Champions
9471.0,45,8,3626.35,3,4,4,Champions
9472.0,92,1,53.95,2,1,1,Lost
9473.0,156,4,1865.1000000000001,1,3,3,At Risk (was frequent)
9474.0,179,2,680.24,1,1,2,Lost
9475.0,178,2,379.82,1,1,1,Lost
9476.0,30,1,1271.64,3,1,3,Developing
9477.0,293,1,54.75,1,1,1,Lost
9478.0,184,4,987.9,1,3,2,At Risk (was frequent)
9479.0,5,3,2413.35,4,2,4,Loyal
9480.0,235,12,3982.82,1,4,4,At Risk (was frequent)
9481.0,15,17,4365.95,4,4,4,Champions
9482.0,7,10,7042.37,4,4,4,Champions
9484.0,10,3,301.63,4,2,1,Loyal
9485.0,50,13,3338.48,3,4,4,Champions
9486.0,167,3,325.28,1,2,1,Lost
9487.0,34,5,1913.1200000000001,3,3,3,Champions
9488.0,70,2,1020.84,2,1,3,Lost
9489.0,25,11,7356.81,3,4,4,Champions
9490.0,79,2,716.39,2,1,2,Lost
9491.0,172,5,1208.25,1,3,3,At Risk (was frequent)
9492.0,374,3,462.21999999999997,1,2,2,Lost
9493.0,46,4,412.6,3,3,1,Loyal
9495.0,50,6,937.5600000000001,3,3,2,Loyal
9496.0,159,13,5693.04,1,4,4,At Risk (was frequent)
9497.0,44,9,2428.0,3,4,4,Champions
9498.0,1,9,2015.36,4,4,3,Champions
9499.0,24,13,8364.92,4,4,4,Champions
9500.0,150,4,342.83,1,3,1,At Risk (was frequent)
9501.0,79,13,7595.65,2,4,4,At Risk (was frequent)
9502.0,125,4,111.59,2,3,1,At Risk (was frequent)
9503.0,31,12,7222.71,3,4,4,Champions
9504.0,61,5,509.96,3,3,2,Loyal
9505.0,131,5,605.12,1,3,2,At Risk (was frequent)
9506.0,96,5,714.88,2,3,2,At Risk (was frequent)
9507.0,69,2,84.24000000000001,2,1,1,Lost
9508.0,18,3,458.91999999999996,4,2,2,Loyal
9509.0,139,4,1416.1999999999998,1,3,3,At Risk (was frequent)
9510.0,48,3,370.46000000000004,3,2,1,Loyal
9511.0,47,2,225.65,3,1,1,Developing
9512.0,22,16,6995.95,4,4,4,Champions
9513.0,119,8,2615.77,2,4,4,At Risk (was frequent)
9514.0,11,7,10166.89,4,4,4,Champions
9515.0,119,3,257.43,2,2,1,Lost
9517.0,132,5,2676.77,1,3,4,At Risk (was frequent)
9518.0,56,8,1564.53,3,4,3,Champions
9520.0,192,7,676.82,1,4,2,At Risk (was frequent)
9521.0,34,10,1864.3400000000001,3,4,3,Champions
9522.0,21,8,3121.12,4,4,4,Champions
9523.0,54,7,1173.73,3,4,3,Champions
9526.0,145,2,290.85,1,1,1,Lost
9527.0,61,2,1346.86,3,1,3,Developing
9528.0,224,4,722.8299999999999,1,3,2,At Risk (was frequent)
9529.0,112,11,5975.17,2,4,4,At Risk (was frequent)
9530.0,86,6,1296.96,2,3,3,At Risk (was frequent)
9531.0,13,5,946.45,4,3,2,Loyal
9532.0,104,1,122.73,2,1,1,Lost
9533.0,99,3,348.12,2,2,1,Lost
9534.0,16,5,2656.03,4,3,4,Champions
9535.0,257,1,1181.08,1,1,3,Lost
9536.0,92,5,1079.39,2,3,3,At Risk (was frequent)
9537.0,31,3,323.62,3,2,1,Loyal
9539.0,63,2,563.48,2,1,2,Lost
9540.0,38,27,35259.17,3,4,4,Champions
9541.0,223,9,1539.11,1,4,3,At Risk (was frequent)
9542.0,101,3,122.25,2,2,1,Lost
9543.0,204,1,45.15,1,1,1,Lost
9545.0,88,3,109.07000000000001,2,2,1,Lost
9546.0,71,3,423.72,2,2,1,Lost
9547.0,5,11,5852.43,4,4,4,Champions
9548.0,3,3,3450.46,4,2,4,Loyal
9549.0,51,6,705.56,3,3,2,Loyal
9550.0,127,1,1388.98,2,1,3,Lost
9551.0,11,2,1337.1999999999998,4,1,3,Developing
9552.0,119,3,701.8,2,2,2,Lost
9553.0,81,6,1315.6200000000001,2,3,3,At Risk (was frequent)
9554.0,112,15,2645.35,2,4,4,At Risk (was frequent)
9555.0,60,4,1164.66,3,3,3,Champions
9557.0,2,4,2064.58,4,3,3,Champions
9558.0,32,3,2126.11,3,2,3,Loyal
9559.0,56,8,4912.56,3,4,4,Champions
9560.0,0,5,1886.78,4,3,3,Champions
9561.0,40,3,743.18,3,2,2,Loyal
9562.0,70,3,753.49,2,2,2,Lost
9563.0,59,5,1911.87,3,3,3,Champions
9564.0,28,11,4921.83,3,4,4,Champions
9565.0,104,3,1241.94,2,2,3,Lost
9566.0,135,4,412.24000000000007,1,3,1,At Risk (was frequent)
9567.0,255,3,212.59,1,2,1,Lost
9568.0,24,2,39.46,4,1,1,Developing
9569.0,83,9,1636.12,2,4,3,At Risk (was frequent)
9570.0,60,7,2353.29,3,4,4,Champions
9571.0,37,19,10994.89,3,4,4,Champions
9572.0,118,1,27.24,2,1,1,Lost
9573.0,155,7,2037.35,1,4,3,At Risk (was frequent)
9575.0,60,10,1321.48,3,4,3,Champions
9576.0,17,3,412.04,4,2,1,Loyal
9577.0,300,1,31.44,1,1,1,Lost
9578.0,301,4,380.31,1,3,1,At Risk (was frequent)
9579.0,232,4,1170.64,1,3,3,At Risk (was frequent)
9580.0,76,3,486.24,2,2,2,Lost
9581.0,51,4,346.73,3,3,1,Loyal
9582.0,154,1,13.58,1,1,1,Lost
9583.0,409,4,2501.2799999999997,1,3,4,At Risk (was frequent)
9584.0,47,10,3278.09,3,4,4,Champions
9585.0,80,7,1932.1899999999998,2,4,3,At Risk (was frequent)
9586.0,49,9,2908.62,3,4,4,Champions
9587.0,273,2,925.6999999999999,1,1,2,Lost
9588.0,212,3,700.6199999999999,1,2,2,Lost
9589.0,30,4,2485.69,3,3,4,Champions
9590.0,24,1,144.89,4,1,1,Developing
9591.0,79,4,616.64,2,3,2,At Risk (was frequent)
9593.0,89,9,6264.23,2,4,4,At Risk (was frequent)
9594.0,70,1,670.4,2,1,2,Lost
9595.0,220,2,132.09,1,1,1,Lost
9596.0,15,6,2370.3900000000003,4,3,4,Champions
9597.0,10,10,2590.01,4,4,4,Champions
9598.0,54,5,3443.64,3,3,4,Champions
9599.0,22,9,2900.81,4,4,4,Champions
9600.0,26,3,1460.8500000000001,3,2,3,Loyal
9602.0,61,6,6285.5599999999995,3,3,4,Champions
9603.0,73,3,1170.08,2,2,3,Lost
9604.0,37,2,1823.63,3,1,3,Developing
9605.0,82,4,1377.77,2,3,3,At Risk (was frequent)
9606.0,131,12,7098.280000000001,1,4,4,At Risk (was frequent)
9607.0,12,1,121.74,4,1,1,Developing
9608.0,41,7,6281.82,3,4,4,Champions
9609.0,51,5,1439.98,3,3,3,Champions
9610.0,56,3,834.9,3,2,2,Loyal
9611.0,125,4,938.8,2,3,2,At Risk (was frequent)
9612.0,26,2,315.25,3,1,1,Developing
9613.0,237,3,193.69,1,2,1,Lost
9614.0,18,4,445.66,4,3,2,Loyal
9615.0,191,5,1040.3400000000001,1,3,3,At Risk (was frequent)
9616.0,159,1,297.12,1,1,1,Lost
9618.0,271,10,4422.22,1,4,4,At Risk (was frequent)
9619.0,93,4,503.74,2,3,2,At Risk (was frequent)
9620.0,117,3,506.52,2,2,2,Lost
9621.0,1,6,2967.15,4,3,4,Champions
9622.0,181,4,1142.82,1,3,3,At Risk (was frequent)
9623.0,167,8,1717.29,1,4,3,At Risk (was frequent)
9625.0,73,12,6660.35,2,4,4,At Risk (was frequent)
9626.0,12,11,6573.7,4,4,4,Champions
9627.0,29,8,2440.69,3,4,4,Champions
9628.0,193,5,1096.85,1,3,3,At Risk (was frequent)
9629.0,54,13,7288.57,3,4,4,Champions
9630.0,37,2,4019.84,3,1,4,Developing
9631.0,206,2,429.29999999999995,1,1,1,Lost
9632.0,60,12,15478.86,3,4,4,Champions
9633.0,59,2,153.76,3,1,1,Developing
9634.0,38,4,5310.12,3,3,4,Champions
9635.0,265,7,1210.48,1,4,3,At Risk (was frequent)
9637.0,6,5,884.38,4,3,2,Loyal
9638.0,58,6,2323.63,3,3,4,Champions
9639.0,119,2,307.06,2,1,1,Lost
9640.0,76,5,1407.04,2,3,3,At Risk (was frequent)
9641.0,163,6,809.19,1,3,2,At Risk (was frequent)
9642.0,125,13,7301.0599999999995,2,4,4,At Risk (was frequent)
9644.0,27,3,372.71000000000004,3,2,1,Loyal
9645.0,51,1,130.47,3,1,1,Developing
9646.0,3,7,1651.13,4,4,3,Champions
9648.0,42,3,398.26,3,2,1,Loyal
9649.0,55,3,370.68,3,2,1,Loyal
9650.0,27,8,2339.7400000000002,3,4,4,Champions
9652.0,408,3,545.17,1,2,2,Lost
9653.0,45,4,669.49,3,3,2,Loyal
9654.0,228,3,520.06,1,2,2,Lost
9655.0,225,5,1441.1,1,3,3,At Risk (was frequent)
9656.0,1,3,5111.97,4,2,4,Loyal
9657.0,38,2,78.58,3,1,1,Developing
9658.0,32,5,3283.9700000000003,3,3,4,Champions
9659.0,58,9,9105.6,3,4,4,Champions
9660.0,287,1,706.09,1,1,2,Lost
9661.0,172,1,136.41,1,1,1,Lost
9662.0,111,14,6538.05,2,4,4,At Risk (was frequent)
9663.0,153,5,876.55,1,3,2,At Risk (was frequent)
9664.0,336,1,149.96,1,1,1,Lost
9665.0,86,8,2569.49,2,4,4,At Risk (was frequent)
9666.0,2,6,1533.79,4,3,3,Champions
9667.0,191,5,2434.26,1,3,4,At Risk (was frequent)
9669.0,40,10,2031.7,3,4,3,Champions
9670.0,89,5,2878.94,2,3,4,At Risk (was frequent)
9671.0,123,6,1498.26,2,3,3,At Risk (was frequent)
9672.0,129,2,291.75,2,1,1,Lost
9673.0,56,16,32405.01,3,4,4,Champions
9674.0,30,5,693.01,3,3,2,Loyal
9675.0,10,2,556.1999999999999,4,1,2,Developing
9676.0,0,15,14351.47,4,4,4,Champions
9678.0,8,7,1140.33,4,4,3,Champions
9679.0,13,9,4797.9,4,4,4,Champions
9680.0,284,4,480.29,1,3,2,At Risk (was frequent)
9681.0,216,2,1159.32,1,1,3,Lost
9682.0,54,2,429.27,3,1,1,Developing
9683.0,331,8,2444.16,1,4,4,At Risk (was frequent)
9684.0,109,7,2346.1,2,4,4,At Risk (was frequent)
9685.0,143,7,3412.9500000000003,1,4,4,At Risk (was frequent)
9686.0,32,3,300.19,3,2,1,Loyal
9687.0,43,2,400.57,3,1,1,Developing
9688.0,51,2,1288.0700000000002,3,1,3,Developing
9689.0,120,3,921.11,2,2,2,Lost
9690.0,82,3,1609.6100000000001,2,2,3,Lost
9691.0,22,1,1271.0,4,1,3,Developing
9692.0,138,2,180.22,1,1,1,Lost
9693.0,14,5,661.39,4,3,2,Loyal
9694.0,209,2,301.83000000000004,1,1,1,Lost
9695.0,62,9,6723.84,2,4,4,At Risk (was frequent)
9696.0,135,5,661.71,1,3,2,At Risk (was frequent)
9697.0,161,6,643.29,1,3,2,At Risk (was frequent)
9698.0,0,20,19240.73,4,4,4,Champions
9699.0,329,5,565.95,1,3,2,At Risk (was frequent)
9700.0,71,9,4382.04,2,4,4,At Risk (was frequent)
9701.0,37,13,10673.73,3,4,4,Champions
9702.0,15,13,3474.52,4,4,4,Champions
9703.0,344,1,15.79,1,1,1,Lost
9704.0,395,2,139.71,1,1,1,Lost
9705.0,82,5,942.5,2,3,2,At Risk (was frequent)
9706.0,11,2,456.14,4,1,2,Developing
9707.0,57,7,1017.69,3,4,3,Champions
9708.0,100,4,1266.24,2,3,3,At Risk (was frequent)
9709.0,9,15,11572.69,4,4,4,Champions
9710.0,113,8,2887.01,2,4,4,At Risk (was frequent)
9711.0,208,4,1756.8,1,3,3,At Risk (was frequent)
9713.0,82,3,909.0,2,2,2,Lost
9714.0,204,5,1212.56,1,3,3,At Risk (was frequent)
9715.0,291,1,330.36,1,1,1,Lost
9716.0,10,3,1488.88,4,2,3,Loyal
9717.0,24,11,3542.69,4,4,4,Champions
9718.0,85,4,1701.5600000000002,2,3,3,At Risk (was frequent)
9719.0,19,2,312.96000000000004,4,1,1,Developing
9720.0,249,8,3343.85,1,4,4,At Risk (was frequent)
9721.0,348,3,410.24,1,2,1,Lost
9722.0,23,1,320.0,4,1,1,Developing
9723.0,91,7,881.48,2,4,2,At Risk (was frequent)
9724.0,1,3,229.63,4,2,1,Loyal
9725.0,11,8,1965.8,4,4,3,Champions
9726.0,59,7,2530.21,3,4,4,Champions
9727.0,323,6,581.75,1,3,2,At Risk (was frequent)
9729.0,408,2,207.32,1,1,1,Lost
9730.0,169,13,4968.12,1,4,4,At Risk (was frequent)
9731.0,30,1,142.95,3,1,1,Developing
9732.0,59,10,4836.12,3,4,4,Champions
9733.0,3,3,624.76,4,2,2,Loyal
9734.0,27,8,3446.15,3,4,4,Champions
9735.0,104,3,307.22,2,2,1,Lost
9736.0,98,1,223.55,2,1,1,Lost
9737.0,95,3,675.16,2,2,2,Lost
9738.0,1,16,9488.34,4,4,4,Champions
9740.0,48,1,238.86,3,1,1,Developing
9741.0,135,1,508.9,1,1,2,Lost
9742.0,144,2,1157.9799999999998,1,1,3,Lost
9743.0,173,3,115.74,1,2,1,Lost
9744.0,5,11,14705.24,4,4,4,Champions
9745.0,414,2,382.1,1,1,1,Lost
9746.0,33,2,209.68,3,1,1,Developing
9747.0,295,1,33.7,1,1,1,Lost
9748.0,16,2,456.17999999999995,4,1,2,Developing
9750.0,229,7,982.8100000000001,1,4,2,At Risk (was frequent)
9751.0,61,3,2604.91,3,2,4,Loyal
9752.0,25,6,762.4100000000001,3,3,2,Loyal
9753.0,105,1,318.12,2,1,1,Lost
9754.0,237,2,1485.73,1,1,3,Lost
9755.0,273,10,2643.69,1,4,4,At Risk (was frequent)
9756.0,25,11,3140.68,3,4,4,Champions
9757.0,39,2,701.04,3,1,2,Developing
9758.0,107,6,2304.1,2,3,4,At Risk (was frequent)
9759.0,34,3,782.34,3,2,2,Loyal
9760.0,29,7,2993.5299999999997,3,4,4,Champions
9761.0,402,5,524.9,1,3,2,At Risk (was frequent)
9762.0,4,5,1034.17,4,3,3,Champions
9763.0,4,6,2554.18,4,3,4,Champions
9764.0,45,1,208.59,3,1,1,Developing
9765.0,47,1,289.44,3,1,1,Developing
9766.0,22,3,1090.98,4,2,3,Loyal
9767.0,37,3,792.98,3,2,2,Loyal
9768.0,39,7,2364.69,3,4,4,Champions
9769.0,11,5,1723.21,4,3,3,Champions
9771.0,509,1,1122.62,1,1,3,Lost
9772.0,27,1,99.68,3,1,1,Developing
9773.0,19,9,2112.5,4,4,3,Champions
9774.0,365,6,923.04,1,3,2,At Risk (was frequent)
9775.0,65,7,3577.96,2,4,4,At Risk (was frequent)
9777.0,4,8,3218.64,4,4,4,Champions
9778.0,138,1,8.12,1,1,1,Lost
9779.0,115,7,952.6700000000001,2,4,2,At Risk (was frequent)
9780.0,20,3,534.9499999999999,4,2,2,Loyal
9781.0,131,4,849.1500000000001,1,3,2,At Risk (was frequent)
9782.0,112,3,335.76,2,2,1,Lost
9783.0,23,2,152.93,4,1,1,Developing
9784.0,72,3,54.84,2,2,1,Lost
9785.0,334,3,102.81,1,2,1,Lost
9786.0,294,5,764.5,1,3,2,At Risk (was frequent)
9787.0,54,3,496.45000000000005,3,2,2,Loyal
9788.0,60,1,1720.74,3,1,3,Developing
9789.0,172,1,15.34,1,1,1,Lost
9791.0,39,10,5988.88,3,4,4,Champions
9792.0,198,1,7.14,1,1,1,Lost
9793.0,155,5,1522.73,1,3,3,At Risk (was frequent)
9794.0,183,2,356.32,1,1,1,Lost
9795.0,8,6,1382.93,4,3,3,Champions
9796.0,242,2,244.94,1,1,1,Lost
9797.0,10,8,3174.5,4,4,4,Champions
9798.0,176,3,2123.09,1,2,3,Lost
9799.0,6,2,353.38,4,1,1,Developing
9800.0,26,8,4662.62,3,4,4,Champions
9801.0,68,16,11471.66,2,4,4,At Risk (was frequent)
9802.0,73,1,379.5,2,1,1,Lost
9803.0,355,3,199.32,1,2,1,Lost
9804.0,80,7,2007.92,2,4,3,At Risk (was frequent)
9805.0,34,2,108.6,3,1,1,Developing
9807.0,113,1,160.56,2,1,1,Lost
9808.0,78,2,831.27,2,1,2,Lost
9809.0,54,2,533.09,3,1,2,Developing
9810.0,419,3,589.37,1,2,2,Lost
9811.0,62,7,889.49,2,4,2,At Risk (was frequent)
9813.0,116,3,92.94,2,2,1,Lost
9814.0,51,5,1807.1100000000001,3,3,3,Champions
9815.0,324,3,1300.52,1,2,3,Lost
9816.0,147,5,1099.6000000000001,1,3,3,At Risk (was frequent)
9817.0,344,4,1803.06,1,3,3,At Risk (was frequent)
9818.0,33,2,1035.6100000000001,3,1,3,Developing
9819.0,29,12,2665.31,3,4,4,Champions
9820.0,88,9,2472.6,2,4,4,At Risk (was frequent)
9821.0,91,1,129.02,2,1,1,Lost
9822.0,11,4,1741.19,4,3,3,Champions
9823.0,0,6,973.0699999999999,4,3,2,Loyal
9824.0,260,3,398.36,1,2,1,Lost
9825.0,26,9,3914.04,3,4,4,Champions
9826.0,46,3,411.91999999999996,3,2,1,Loyal
9827.0,46,16,6944.62,3,4,4,Champions
9828.0,116,6,818.02,2,3,2,At Risk (was frequent)
9829.0,1,10,2247.81,4,4,4,Champions
9830.0,29,4,1304.33,3,3,3,Champions
9831.0,497,5,2430.2799999999997,1,3,4,At Risk (was frequent)
9832.0,0,3,788.5999999999999,4,2,2,Loyal
9833.0,100,7,1135.6299999999999,2,4,3,At Risk (was frequent)
9834.0,120,5,1916.72,2,3,3,At Risk (was frequent)
9835.0,0,4,2677.11,4,3,4,Champions
9836.0,0,13,6356.74,4,4,4,Champions
9837.0,75,6,3121.07,2,3,4,At Risk (was frequent)
9838.0,3,4,1922.8600000000001,4,3,3,Champions
9840.0,5,11,2596.86,4,4,4,Champions
9841.0,67,4,1708.98,2,3,3,At Risk (was frequent)
9842.0,66,1,375.06,2,1,1,Lost
9843.0,196,6,1959.7500000000002,1,3,3,At Risk (was frequent)
9844.0,122,6,1354.72,2,3,3,At Risk (was frequent)
9845.0,192,19,4682.96,1,4,4,At Risk (was frequent)
9846.0,31,2,383.3,3,1,1,Developing
9847.0,75,7,654.37,2,4,2,At Risk (was frequent)
9848.0,5,6,900.4000000000001,4,3,2,Loyal
9849.0,327,2,300.9,1,1,1,Lost
9851.0,70,5,698.9200000000001,2,3,2,At Risk (was frequent)
9852.0,58,15,6680.87,3,4,4,Champions
9853.0,143,4,1821.42,1,3,3,At Risk (was frequent)
9854.0,75,3,123.92,2,2,1,Lost
9855.0,75,3,333.43,2,2,1,Lost
9856.0,95,1,16.43,2,1,1,Lost
9857.0,45,9,2461.4900000000002,3,4,4,Champions
9858.0,98,2,1472.0800000000002,2,1,3,Lost
9859.0,15,4,198.33999999999997,4,3,1,Loyal
9860.0,36,11,9372.94,3,4,4,Champions
9861.0,235,1,605.98,1,1,2,Lost
9863.0,177,5,1120.6499999999999,1,3,3,At Risk (was frequent)
9864.0,18,6,2119.64,4,3,3,Champions
9865.0,59,15,8035.389999999999,3,4,4,Champions
9866.0,37,13,9508.58,3,4,4,Champions
9867.0,48,4,1554.27,3,3,3,Champions
9868.0,209,1,131.16,1,1,1,Lost
9869.0,40,6,1056.81,3,3,3,Champions
9871.0,164,1,373.6,1,1,1,Lost
9872.0,120,3,1273.2900000000002,2,2,3,Lost
9873.0,5,6,5821.55,4,3,4,Champions
9874.0,247,5,2059.2200000000003,1,3,3,At Risk (was frequent)
9875.0,21,4,774.9,4,3,2,Loyal
9876.0,127,5,1187.61,2,3,3,At Risk (was frequent)
9877.0,116,2,135.99,2,1,1,Lost
9878.0,5,5,1150.35,4,3,3,Champions
9879.0,312,5,2227.56,1,3,4,At Risk (was frequent)
9880.0,56,1,161.99,3,1,1,Developing
9881.0,3,13,7809.86,4,4,4,Champions
9882.0,185,1,85.24,1,1,1,Lost
9883.0,182,10,7511.03,1,4,4,At Risk (was frequent)
9884.0,163,2,494.86,1,1,2,Lost
9885.0,74,4,1709.1200000000001,2,3,3,At Risk (was frequent)
9886.0,121,3,114.83,2,2,1,Lost
9887.0,338,9,4241.84,1,4,4,At Risk (was frequent)
9888.0,25,10,2037.8,3,4,3,Champions
9889.0,403,4,2332.29,1,3,4,At Risk (was frequent)
9890.0,230,1,72.27,1,1,1,Lost
9891.0,14,7,5687.25,4,4,4,Champions
9892.0,79,6,1280.42,2,3,3,At Risk (was frequent)
9893.0,114,6,1043.85,2,3,3,At Risk (was frequent)
9894.0,360,5,1058.58,1,3,3,At Risk (was frequent)
9896.0,56,6,1709.25,3,3,3,Champions
9897.0,124,6,1373.65,2,3,3,At Risk (was frequent)
9898.0,16,8,2151.1400000000003,4,4,3,Champions
9899.0,95,14,1415.49,2,4,3,At Risk (was frequent)
9900.0,154,1,112.32,1,1,1,Lost
9901.0,362,3,380.79,1,2,1,Lost
9902.0,46,2,502.52,3,1,2,Developing
9903.0,103,8,1115.49,2,4,3,At Risk (was frequent)
9904.0,121,3,124.63999999999999,2,2,1,Lost
9905.0,55,3,1824.9099999999999,3,2,3,Loyal
9906.0,14,4,855.8700000000001,4,3,2,Loyal
9907.0,67,5,642.15,2,3,2,At Risk (was frequent)
9908.0,39,1,19.32,3,1,1,Developing
9909.0,83,7,3994.69,2,4,4,At Risk (was frequent)
9910.0,3,4,1063.06,4,3,3,Champions
9911.0,246,3,859.62,1,2,2,Lost
9912.0,250,7,868.88,1,4,2,At Risk (was frequent)
9913.0,105,2,210.81,2,1,1,Lost
9914.0,396,4,274.57,1,3,1,At Risk (was frequent)
9915.0,52,8,2529.39,3,4,4,Champions
9916.0,71,6,1904.15,2,3,3,At Risk (was frequent)
9917.0,15,13,3194.5699999999997,4,4,4,Champions
9918.0,60,8,11965.890000000001,3,4,4,Champions
9919.0,136,2,686.23,1,1,2,Lost
9920.0,47,7,3007.91,3,4,4,Champions
9921.0,51,6,8332.369999999999,3,3,4,Champions
9922.0,374,5,1151.8700000000001,1,3,3,At Risk (was frequent)
9923.0,9,12,8406.36,4,4,4,Champions
9924.0,196,4,528.82,1,3,2,At Risk (was frequent)
9926.0,148,1,129.98,1,1,1,Lost
9927.0,21,5,1489.16,4,3,3,Champions
9928.0,30,1,32.98,3,1,1,Developing
9929.0,31,4,1018.9599999999999,3,3,3,Champions
9930.0,108,6,2072.45,2,3,3,At Risk (was frequent)
9931.0,53,4,332.97,3,3,1,Loyal
9932.0,15,21,16507.13,4,4,4,Champions
9933.0,130,7,2059.7999999999997,1,4,3,At Risk (was frequent)
9934.0,234,3,617.08,1,2,2,Lost
9935.0,388,1,688.88,1,1,2,Lost
9936.0,178,2,1245.25,1,1,3,Lost
9937.0,56,5,1931.61,3,3,3,Champions
9938.0,423,1,47.62,1,1,1,Lost
9939.0,110,3,570.18,2,2,2,Lost
9940.0,53,13,15446.359999999999,3,4,4,Champions
9941.0,102,3,794.28,2,2,2,Lost
9942.0,3,11,6631.64,4,4,4,Champions
9943.0,3,9,5099.95,4,4,4,Champions
9944.0,36,4,2475.04,3,3,4,Champions
9945.0,13,9,5365.13,4,4,4,Champions
9946.0,1,12,3679.45,4,4,4,Champions
9947.0,124,5,840.13,2,3,2,At Risk (was frequent)
9948.0,14,4,513.1,4,3,2,Loyal
9949.0,47,6,1324.0,3,3,3,Champions
9950.0,4,3,803.97,4,2,2,Loyal
9951.0,124,9,2496.6800000000003,2,4,4,At Risk (was frequent)
9952.0,19,5,1287.2,4,3,3,Champions
9953.0,237,4,1027.27,1,3,3,At Risk (was frequent)
9955.0,75,1,132.16,2,1,1,Lost
9956.0,2,1,108.52,4,1,1,Developing
9957.0,79,1,47.68,2,1,1,Lost
9958.0,86,8,3494.73,2,4,4,At Risk (was frequent)
9959.0,47,3,206.95999999999998,3,2,1,Loyal
9960.0,43,4,1026.52,3,3,3,Champions
9961.0,39,4,466.14,3,3,2,Loyal
9962.0,27,6,1606.6399999999999,3,3,3,Champions
9963.0,414,3,2233.39,1,2,4,Lost
9964.0,106,1,39.92,2,1,1,Lost
9965.0,2,6,2611.38,4,3,4,Champions
9966.0,39,1,105.97,3,1,1,Developing
9967.0,9,19,6992.0,4,4,4,Champions
9968.0,109,10,5192.26,2,4,4,At Risk (was frequent)
9969.0,119,4,1511.32,2,3,3,At Risk (was frequent)
9970.0,1,7,925.5,4,4,2,Loyal
9971.0,401,1,405.16,1,1,1,Lost
9972.0,148,5,1240.08,1,3,3,At Risk (was frequent)
9973.0,97,6,2524.02,2,3,4,At Risk (was frequent)
9974.0,218,7,4880.3099999999995,1,4,4,At Risk (was frequent)
9975.0,120,3,1038.6000000000001,2,2,3,Lost
9976.0,75,1,206.3,2,1,1,Lost
9977.0,56,3,518.66,3,2,2,Loyal
9978.0,35,7,2446.29,3,4,4,Champions
9979.0,73,4,920.4300000000001,2,3,2,At Risk (was frequent)
9980.0,22,17,10726.26,4,4,4,Champions
9981.0,5,10,8945.08,4,4,4,Champions
9982.0,346,2,277.68,1,1,1,Lost
9983.0,26,8,1618.76,3,4,3,Champions
9985.0,228,1,133.56,1,1,1,Lost
9986.0,15,8,2881.73,4,4,4,Champions
9987.0,339,3,717.4499999999999,1,2,2,Lost
9988.0,12,2,927.2,4,1,2,Developing
9989.0,201,4,834.72,1,3,2,At Risk (was frequent)
9990.0,64,9,6925.4,2,4,4,At Risk (was frequent)
9992.0,7,4,382.62,4,3,1,Loyal
9993.0,54,5,940.0,3,3,2,Loyal
9994.0,64,5,1311.25,2,3,3,At Risk (was frequent)
9995.0,46,5,161.51999999999998,3,3,1,Loyal
9996.0,1,4,520.46,4,3,2,Loyal
9997.0,18,1,146.05,4,1,1,Developing
9998.0,16,11,3445.81,4,4,4,Champions
9999.0,411,3,1492.8,1,2,3,Lost
10000.0,30,8,3363.2400000000002,3,4,4,Champions
10001.0,16,5,1089.8200000000002,4,3,3,Champions
10002.0,264,2,1077.7,1,1,3,Lost
10003.0,26,5,1150.8500000000001,3,3,3,Champions
10005.0,28,3,361.16,3,2,1,Loyal
10006.0,16,2,692.48,4,1,2,Developing
10007.0,14,5,1182.36,4,3,3,Champions
10008.0,98,2,76.5,2,1,1,Lost
10009.0,9,4,1941.9699999999998,4,3,3,Champions
10010.0,86,2,244.38,2,1,1,Lost
10011.0,68,3,1364.81,2,2,3,Lost
10012.0,16,7,3463.75,4,4,4,Champions
10013.0,35,3,468.05999999999995,3,2,2,Loyal
10014.0,381,6,1106.91,1,3,3,At Risk (was frequent)
10015.0,133,9,685.24,1,4,2,At Risk (was frequent)
10016.0,35,3,145.05,3,2,1,Loyal
10017.0,10,4,1775.3999999999999,4,3,3,Champions
10019.0,180,6,2447.17,1,3,4,At Risk (was frequent)
10020.0,40,3,274.21000000000004,3,2,1,Loyal
10021.0,18,6,1417.6,4,3,3,Champions
10022.0,35,6,467.32,3,3,2,Loyal
10023.0,96,1,709.4,2,1,2,Lost
10024.0,56,3,1787.28,3,2,3,Loyal
10025.0,10,2,1638.62,4,1,3,Developing
10026.0,241,1,291.91,1,1,1,Lost
10027.0,84,7,4231.6900000000005,2,4,4,At Risk (was frequent)
10028.0,122,2,57.42,2,1,1,Lost
10029.0,10,14,5558.89,4,4,4,Champions
10030.0,130,8,1670.62,1,4,3,At Risk (was frequent)
10031.0,186,5,2100.25,1,3,3,At Risk (was frequent)
10032.0,58,8,3758.24,3,4,4,Champions
10033.0,57,4,143.89,3,3,1,Loyal
10034.0,23,1,28.06,4,1,1,Developing
10035.0,25,5,2096.12,3,3,3,Champions
10036.0,217,2,208.95999999999998,1,1,1,Lost
10037.0,36,4,1234.64,3,3,3,Champions
10038.0,181,20,22182.7,1,4,4,At Risk (was frequent)
10039.0,110,5,948.29,2,3,2,At Risk (was frequent)
10040.0,2,4,2713.0699999999997,4,3,4,Champions
10041.0,280,3,443.01,1,2,2,Lost
10042.0,86,1,407.68,2,1,1,Lost
10043.0,74,5,2910.21,2,3,4,At Risk (was frequent)
10044.0,227,2,82.44999999999999,1,1,1,Lost
10045.0,65,5,1082.78,2,3,3,At Risk (was frequent)
10046.0,41,2,420.4,3,1,1,Developing
10047.0,53,8,885.37,3,4,2,Loyal
10048.0,32,3,399.74,3,2,1,Loyal
10049.0,133,5,964.9200000000001,1,3,2,At Risk (was frequent)
10050.0,219,2,1754.16,1,1,3,Lost
10051.0,54,4,723.56,3,3,2,Loyal
10052.0,120,3,690.51,2,2,2,Lost
10053.0,39,10,6931.6,3,4,4,Champions
10054.0,4,10,8925.75,4,4,4,Champions
10055.0,147,7,3266.5899999999997,1,4,4,At Risk (was frequent)
10056.0,228,4,581.84,1,3,2,At Risk (was frequent)
10057.0,159,2,284.86,1,1,1,Lost
10058.0,202,3,1295.8200000000002,1,2,3,Lost
10059.0,305,1,128.68,1,1,1,Lost
10060.0,153,2,1048.7,1,1,3,Lost
10061.0,24,9,2817.4300000000003,4,4,4,Champions
10062.0,89,1,245.68,2,1,1,Lost
10063.0,25,11,8869.83,3,4,4,Champions
10064.0,37,4,496.11,3,3,2,Loyal
10065.0,227,1,48.22,1,1,1,Lost
10066.0,197,2,760.18,1,1,2,Lost
10067.0,46,5,2183.5099999999998,3,3,3,Champions
10068.0,70,6,1175.84,2,3,3,At Risk (was frequent)
10069.0,95,4,2084.51,2,3,3,At Risk (was frequent)
10070.0,14,8,3316.27,4,4,4,Champions
10071.0,4,2,767.91,4,1,2,Developing
10072.0,217,3,153.28,1,2,1,Lost
10073.0,88,1,203.42,2,1,1,Lost
10075.0,58,8,2413.87,3,4,4,Champions
10076.0,46,7,2027.47,3,4,3,Champions
10077.0,61,9,4258.04,3,4,4,Champions
10078.0,22,15,7007.38,4,4,4,Champions
10079.0,46,2,616.9200000000001,3,1,2,Developing
10080.0,17,2,257.22,4,1,1,Developing
10081.0,205,2,2073.41,1,1,3,Lost
10082.0,171,3,385.52000000000004,1,2,1,Lost
10083.0,80,3,121.83,2,2,1,Lost
10084.0,208,6,1014.6700000000001,1,3,3,At Risk (was frequent)
10085.0,129,2,776.8199999999999,2,1,2,Lost
10086.0,164,3,623.85,1,2,2,Lost
10087.0,28,9,2825.9399999999996,3,4,4,Champions
10088.0,6,4,4158.35,4,3,4,Champions
10089.0,128,5,1208.73,2,3,3,At Risk (was frequent)
10090.0,16,5,1242.75,4,3,3,Champions
10091.0,7,2,873.52,4,1,2,Developing
10092.0,0,1,44.08,4,1,1,Developing
10093.0,31,5,1256.94,3,3,3,Champions
10094.0,5,8,1813.52,4,4,3,Champions
10095.0,17,3,591.52,4,2,2,Loyal
10096.0,112,1,286.53,2,1,1,Lost
10097.0,136,4,402.84000000000003,1,3,1,At Risk (was frequent)
10098.0,117,8,879.16,2,4,2,At Risk (was frequent)
10099.0,6,5,1650.8300000000002,4,3,3,Champions
10100.0,68,3,859.74,2,2,2,Lost
10101.0,9,6,1233.29,4,3,3,Champions
10102.0,210,4,228.01,1,3,1,At Risk (was frequent)
10103.0,1,8,9141.84,4,4,4,Champions
10104.0,19,1,382.43,4,1,1,Developing
10105.0,159,1,194.48,1,1,1,Lost
10106.0,1,4,549.15,4,3,2,Loyal
10107.0,16,4,880.3199999999999,4,3,2,Loyal
10108.0,70,5,1968.1000000000001,2,3,3,At Risk (was frequent)
10109.0,34,7,1062.65,3,4,3,Champions
10110.0,104,10,6453.79,2,4,4,At Risk (was frequent)
10111.0,47,1,99.94,3,1,1,Developing
10112.0,23,7,7507.72,4,4,4,Champions
10113.0,125,3,434.27,2,2,2,Lost
10114.0,184,7,658.59,1,4,2,At Risk (was frequent)
10115.0,112,4,2240.54,2,3,4,At Risk (was frequent)
10116.0,37,9,2943.5499999999997,3,4,4,Champions
10117.0,9,7,4356.32,4,4,4,Champions
10118.0,26,7,2599.11,3,4,4,Champions
10119.0,13,3,608.05,4,2,2,Loyal
10120.0,70,2,528.36,2,1,2,Lost
10121.0,135,6,1090.4,1,3,3,At Risk (was frequent)
10122.0,142,8,2588.14,1,4,4,At Risk (was frequent)
10123.0,84,19,8662.56,2,4,4,At Risk (was frequent)
10124.0,26,2,444.44,3,1,2,Developing
10125.0,17,3,1406.48,4,2,3,Loyal
10126.0,48,5,638.15,3,3,2,Loyal
10127.0,72,5,261.73,2,3,1,At Risk (was frequent)
10128.0,15,7,558.93,4,4,2,Loyal
10129.0,59,3,98.50999999999999,3,2,1,Loyal
10130.0,68,6,2108.28,2,3,3,At Risk (was frequent)
10131.0,9,27,14650.07,4,4,4,Champions
10132.0,96,2,987.48,2,1,2,Lost
10133.0,59,4,775.7,3,3,2,Loyal
10134.0,5,5,4053.75,4,3,4,Champions
10135.0,52,15,3290.33,3,4,4,Champions
10136.0,39,3,1038.3,3,2,3,Loyal
10137.0,35,6,841.72,3,3,2,Loyal
10138.0,80,4,1653.83,2,3,3,At Risk (was frequent)
10139.0,60,2,245.58,3,1,1,Developing
10140.0,8,1,1962.73,4,1,3,Developing
10141.0,22,7,2338.9300000000003,4,4,4,Champions
10142.0,32,6,3828.42,3,3,4,Champions
10143.0,0,2,190.18,4,1,1,Developing
10144.0,220,3,411.22,1,2,1,Lost
10145.0,60,14,11257.31,3,4,4,Champions
10148.0,146,3,485.83000000000004,1,2,2,Lost
10149.0,4,8,2428.2,4,4,4,Champions
10150.0,33,5,2587.57,3,3,4,Champions
10151.0,134,4,3155.29,1,3,4,At Risk (was frequent)
10152.0,89,8,1029.35,2,4,3,At Risk (was frequent)
10153.0,32,8,1097.65,3,4,3,Champions
10154.0,18,10,4356.96,4,4,4,Champions
10155.0,11,3,389.43,4,2,1,Loyal
10156.0,60,1,82.6,3,1,1,Developing
10157.0,217,1,62.44,1,1,1,Lost
10158.0,16,4,786.8499999999999,4,3,2,Loyal
10159.0,28,3,361.01,3,2,1,Loyal
10161.0,147,2,464.86,1,1,2,Lost
10162.0,296,4,2446.56,1,3,4,At Risk (was frequent)
10163.0,31,7,2168.83,3,4,3,Champions
10164.0,33,6,5502.34,3,3,4,Champions
10165.0,6,1,9.44,4,1,1,Developing
10166.0,104,5,514.4499999999999,2,3,2,At Risk (was frequent)
10167.0,40,10,1386.72,3,4,3,Champions
10168.0,56,3,1765.8600000000001,3,2,3,Loyal
10169.0,202,5,1035.5700000000002,1,3,3,At Risk (was frequent)
10170.0,15,2,74.02000000000001,4,1,1,Developing
10171.0,36,5,2807.84,3,3,4,Champions
10172.0,57,4,749.26,3,3,2,Loyal
10173.0,213,5,2041.08,1,3,3,At Risk (was frequent)
10174.0,87,10,7099.849999999999,2,4,4,At Risk (was frequent)
10175.0,70,2,208.09,2,1,1,Lost
10176.0,90,7,754.0,2,4,2,At Risk (was frequent)
10177.0,125,3,457.12,2,2,2,Lost
10178.0,78,5,1223.47,2,3,3,At Risk (was frequent)
10179.0,61,5,1465.68,3,3,3,Champions
10180.0,253,5,724.02,1,3,2,At Risk (was frequent)
10181.0,113,1,651.63,2,1,2,Lost
10182.0,128,3,472.20000000000005,2,2,2,Lost
10183.0,29,4,240.29,3,3,1,Loyal
10186.0,101,3,657.87,2,2,2,Lost
10187.0,21,3,718.99,4,2,2,Loyal
10188.0,40,5,2889.36,3,3,4,Champions
10189.0,59,6,392.90000000000003,3,3,1,Loyal
10190.0,36,4,1074.5,3,3,3,Champions
10191.0,100,5,2439.23,2,3,4,At Risk (was frequent)
10192.0,23,6,6765.86,4,3,4,Champions
10194.0,3,2,195.88,4,1,1,Developing
10195.0,45,8,1701.01,3,4,3,Champions
10196.0,57,4,875.94,3,3,2,Loyal
10197.0,49,4,995.15,3,3,3,Champions
10198.0,137,3,1478.85,1,2,3,Lost
10201.0,85,6,652.5,2,3,2,At Risk (was frequent)
10202.0,1,3,1541.3400000000001,4,2,3,Loyal
10203.0,178,2,585.4200000000001,1,1,2,Lost
10204.0,12,5,363.49,4,3,1,Loyal
10205.0,306,3,516.98,1,2,2,Lost
10206.0,16,14,6553.5,4,4,4,Champions
10207.0,187,9,1674.72,1,4,3,At Risk (was frequent)
10208.0,31,1,183.49,3,1,1,Developing
10210.0,88,6,5253.0,2,3,4,At Risk (was frequent)
10211.0,47,6,1775.22,3,3,3,Champions
10212.0,131,8,1198.58,1,4,3,At Risk (was frequent)
10213.0,6,14,4280.31,4,4,4,Champions
10214.0,46,4,3731.8,3,3,4,Champions
10215.0,17,6,1578.78,4,3,3,Champions
10216.0,150,1,77.42,1,1,1,Lost
10217.0,69,4,1912.92,2,3,3,At Risk (was frequent)
10218.0,45,4,853.11,3,3,2,Loyal
10220.0,23,4,244.98000000000002,4,3,1,Loyal
10221.0,35,6,711.11,3,3,2,Loyal
10222.0,16,6,487.48,4,3,2,Loyal
10223.0,200,2,822.43,1,1,2,Lost
10224.0,21,1,614.04,4,1,2,Developing
10225.0,69,4,1091.11,2,3,3,At Risk (was frequent)
10226.0,125,3,189.18,2,2,1,Lost
10227.0,3,11,3420.7400000000002,4,4,4,Champions
10228.0,172,3,844.4200000000001,1,2,2,Lost
10229.0,79,2,898.14,2,1,2,Lost
10230.0,106,6,1165.08,2,3,3,At Risk (was frequent)
10232.0,167,4,725.37,1,3,2,At Risk (was frequent)
10233.0,15,26,20902.84,4,4,4,Champions
10234.0,115,3,2462.7200000000003,2,2,4,Lost
10235.0,178,1,125.51,1,1,1,Lost
10236.0,401,2,87.09,1,1,1,Lost
10237.0,18,7,4538.43,4,4,4,Champions
10238.0,19,5,2133.53,4,3,3,Champions
10239.0,40,4,842.0899999999999,3,3,2,Loyal
10240.0,102,3,105.56,2,2,1,Lost
10241.0,32,4,1046.0600000000002,3,3,3,Champions
10242.0,28,3,2520.46,3,2,4,Loyal
10244.0,44,1,136.44,3,1,1,Developing
10245.0,4,1,36.34,4,1,1,Developing
10246.0,60,6,995.15,3,3,3,Champions
10247.0,21,3,757.45,4,2,2,Loyal
10249.0,54,11,5328.610000000001,3,4,4,Champions
10250.0,82,3,392.25,2,2,1,Lost
10251.0,192,3,361.89,1,2,1,Lost
10252.0,116,3,414.1,2,2,1,Lost
10253.0,232,3,1178.8400000000001,1,2,3,Lost
10254.0,39,6,1773.86,3,3,3,Champions
10255.0,44,1,450.93,3,1,2,Developing
10256.0,54,7,1755.65,3,4,3,Champions
10257.0,17,3,718.29,4,2,2,Loyal
10258.0,124,10,2387.21,2,4,4,At Risk (was frequent)
10259.0,28,2,753.4799999999999,3,1,2,Developing
10260.0,116,2,1500.1599999999999,2,1,3,Lost
10261.0,29,4,707.3199999999999,3,3,2,Loyal
10262.0,39,14,5184.839999999999,3,4,4,Champions
10263.0,64,1,72.66,2,1,1,Lost
10264.0,57,1,222.4,3,1,1,Developing
10265.0,71,2,712.97,2,1,2,Lost
10266.0,134,3,384.76,1,2,1,Lost
10267.0,19,2,378.27,4,1,1,Developing
10268.0,60,8,1097.8,3,4,3,Champions
10269.0,6,1,26.72,4,1,1,Developing
10270.0,159,5,1161.19,1,3,3,At Risk (was frequent)
10271.0,65,6,2608.56,2,3,4,At Risk (was frequent)
10272.0,6,4,2676.0,4,3,4,Champions
10273.0,48,1,102.3,3,1,1,Developing
10274.0,69,1,129.29,2,1,1,Lost
10275.0,9,5,1176.16,4,3,3,Champions
10276.0,5,9,6345.18,4,4,4,Champions
10277.0,36,7,1240.18,3,4,3,Champions
10278.0,15,8,7974.52,4,4,4,Champions
10279.0,128,1,109.82,2,1,1,Lost
10280.0,10,8,6458.169999999999,4,4,4,Champions
10281.0,21,3,147.91,4,2,1,Loyal
10282.0,113,5,1323.9199999999998,2,3,3,At Risk (was frequent)
10283.0,65,9,2274.2,2,4,4,At Risk (was frequent)
10284.0,73,5,1080.92,2,3,3,At Risk (was frequent)
10285.0,28,8,4141.27,3,4,4,Champions
10286.0,78,6,756.47,2,3,2,At Risk (was frequent)
10287.0,18,3,490.08,4,2,2,Loyal
10288.0,252,2,194.45999999999998,1,1,1,Lost
10289.0,289,3,485.58,1,2,2,Lost
10290.0,2,5,2519.33,4,3,4,Champions
10291.0,74,5,1169.06,2,3,3,At Risk (was frequent)
10293.0,200,7,1685.29,1,4,3,At Risk (was frequent)
10294.0,27,5,3090.7699999999995,3,3,4,Champions
10295.0,26,16,8098.25,3,4,4,Champions
10296.0,11,4,3806.9300000000003,4,3,4,Champions
10297.0,121,2,395.44000000000005,2,1,1,Lost
10298.0,15,8,5736.67,4,4,4,Champions
10299.0,20,5,1155.9,4,3,3,Champions
10300.0,88,5,1741.7800000000002,2,3,3,At Risk (was frequent)
10301.0,62,6,1756.51,2,3,3,At Risk (was frequent)
10302.0,51,11,7913.150000000001,3,4,4,Champions
10303.0,227,4,510.12,1,3,2,At Risk (was frequent)
10304.0,45,3,4184.22,3,2,4,Loyal
10305.0,22,2,814.75,4,1,2,Developing
10306.0,83,3,448.75,2,2,2,Lost
10307.0,31,2,578.12,3,1,2,Developing
10308.0,44,2,64.51,3,1,1,Developing
10309.0,427,2,189.43,1,1,1,Lost
10310.0,109,6,661.0799999999999,2,3,2,At Risk (was frequent)
10311.0,65,13,7894.25,2,4,4,At Risk (was frequent)
10312.0,109,1,102.98,2,1,1,Lost
10313.0,52,2,317.75,3,1,1,Developing
10314.0,40,1,16.04,3,1,1,Developing
10315.0,119,14,5728.62,2,4,4,At Risk (was frequent)
10316.0,11,9,3420.7599999999998,4,4,4,Champions
10317.0,24,2,460.24,4,1,2,Developing
10318.0,100,7,1488.25,2,4,3,At Risk (was frequent)
10319.0,37,7,3500.92,3,4,4,Champions
10320.0,74,6,3666.83,2,3,4,At Risk (was frequent)
10321.0,72,9,10813.79,2,4,4,At Risk (was frequent)
10322.0,15,2,155.47,4,1,1,Developing
10323.0,69,3,1189.63,2,2,3,Lost
10324.0,25,3,1799.72,3,2,3,Loyal
10325.0,278,2,532.74,1,1,2,Lost
10326.0,73,2,151.74,2,1,1,Lost
10327.0,24,2,191.48000000000002,4,1,1,Developing
10328.0,131,1,306.2,1,1,1,Lost
10329.0,135,4,938.1700000000001,1,3,2,At Risk (was frequent)
10330.0,86,1,35.96,2,1,1,Lost
10331.0,66,6,799.4200000000001,2,3,2,At Risk (was frequent)
10332.0,125,8,1390.11,2,4,3,At Risk (was frequent)
10333.0,13,1,143.56,4,1,1,Developing
10334.0,88,5,759.29,2,3,2,At Risk (was frequent)
10335.0,68,16,19607.57,2,4,4,At Risk (was frequent)
10336.0,83,2,111.38,2,1,1,Lost
10337.0,44,1,16.6,3,1,1,Developing
10338.0,31,17,18053.78,3,4,4,Champions
10339.0,232,4,923.33,1,3,2,At Risk (was frequent)
10340.0,77,3,313.93,2,2,1,Lost
10341.0,29,1,118.19,3,1,1,Developing
10342.0,5,1,113.34,4,1,1,Developing
10343.0,39,2,564.08,3,1,2,Developing
10344.0,43,9,5711.58,3,4,4,Champions
10345.0,95,10,10203.6,2,4,4,At Risk (was frequent)
10346.0,98,2,204.11,2,1,1,Lost
10347.0,3,3,206.06,4,2,1,Loyal
10348.0,15,2,605.2,4,1,2,Developing
10349.0,7,5,1049.25,4,3,3,Champions
10350.0,35,3,328.8,3,2,1,Loyal
10351.0,78,2,1780.81,2,1,3,Lost
10352.0,95,1,233.68,2,1,1,Lost
10353.0,256,1,311.92,1,1,1,Lost
10354.0,80,5,636.62,2,3,2,At Risk (was frequent)
10355.0,82,5,268.15,2,3,1,At Risk (was frequent)
10356.0,103,4,1001.01,2,3,3,At Risk (was frequent)
10358.0,11,6,1063.6399999999999,4,3,3,Champions
10359.0,210,4,233.38,1,3,1,At Risk (was frequent)
10360.0,134,11,2348.95,1,4,4,At Risk (was frequent)
10361.0,10,4,752.66,4,3,2,Loyal
10362.0,12,7,6063.99,4,4,4,Champions
10363.0,47,8,8605.71,3,4,4,Champions
10364.0,192,3,459.64,1,2,2,Lost
10365.0,16,6,3253.58,4,3,4,Champions
10366.0,37,4,787.21,3,3,2,Loyal
10367.0,13,2,369.29,4,1,1,Developing
10368.0,59,1,349.45,3,1,1,Developing
10369.0,26,6,1628.67,3,3,3,Champions
10370.0,22,4,744.45,4,3,2,Loyal
10371.0,98,6,2028.18,2,3,3,At Risk (was frequent)
10372.0,193,9,1475.4,1,4,3,At Risk (was frequent)
10373.0,136,5,1282.47,1,3,3,At Risk (was frequent)
10374.0,81,13,9363.59,2,4,4,At Risk (was frequent)
10375.0,43,3,371.15,3,2,1,Loyal
10376.0,2,4,1021.2,4,3,3,Champions
10377.0,32,13,9037.77,3,4,4,Champions
10378.0,80,3,754.21,2,2,2,Lost
10379.0,114,1,15.36,2,1,1,Lost
10380.0,21,9,3560.43,4,4,4,Champions
10381.0,14,1,107.64,4,1,1,Developing
10382.0,7,2,568.76,4,1,2,Developing
10383.0,188,8,2912.2400000000002,1,4,4,At Risk (was frequent)
10384.0,37,6,3070.3199999999997,3,3,4,Champions
10385.0,18,3,537.21,4,2,2,Loyal
10386.0,21,2,588.08,4,1,2,Developing
10387.0,12,5,1973.23,4,3,3,Champions
10388.0,147,2,529.41,1,1,2,Lost
10389.0,63,3,442.57000000000005,2,2,2,Lost
10390.0,61,4,2254.9500000000003,2,3,4,At Risk (was frequent)
10392.0,26,3,167.45999999999998,3,2,1,Loyal
10393.0,295,2,474.93,1,1,2,Lost
10395.0,34,2,223.92,3,1,1,Developing
10396.0,4,13,12501.02,4,4,4,Champions
10397.0,35,7,2784.72,3,4,4,Champions
10398.0,324,8,6379.53,1,4,4,At Risk (was frequent)
10399.0,259,1,76.95,1,1,1,Lost
10400.0,33,9,1949.03,3,4,3,Champions
10401.0,15,6,1186.83,4,3,3,Champions
10402.0,70,4,809.92,2,3,2,At Risk (was frequent)
10403.0,209,1,644.49,1,1,2,Lost
10404.0,120,2,2608.05,2,1,4,Lost
10405.0,101,3,1000.55,2,2,3,Lost
10406.0,219,6,1821.6100000000001,1,3,3,At Risk (was frequent)
10407.0,100,3,329.11,2,2,1,Lost
10408.0,28,3,526.3100000000001,3,2,2,Loyal
10409.0,32,9,3599.33,3,4,4,Champions
10410.0,40,5,1077.08,3,3,3,Champions
10412.0,205,3,238.86,1,2,1,Lost
10413.0,113,3,641.36,2,2,2,Lost
10414.0,311,2,777.58,1,1,2,Lost
10415.0,39,4,565.73,3,3,2,Loyal
10416.0,118,5,683.37,2,3,2,At Risk (was frequent)
10417.0,126,2,212.17000000000002,2,1,1,Lost
10418.0,11,5,597.3900000000001,4,3,2,Loyal
10419.0,63,1,62.14,2,1,1,Lost
10420.0,133,3,437.09,1,2,2,Lost
10421.0,13,3,241.68,4,2,1,Loyal
10423.0,5,9,1915.08,4,4,3,Champions
10424.0,58,8,9378.67,3,4,4,Champions
10425.0,243,5,1551.98,1,3,3,At Risk (was frequent)
10426.0,17,5,3328.06,4,3,4,Champions
10427.0,11,11,1598.91,4,4,3,Champions
10428.0,24,10,2703.7799999999997,4,4,4,Champions
10431.0,35,4,1128.42,3,3,3,Champions
10432.0,122,2,828.23,2,1,2,Lost
10434.0,54,1,52.24,3,1,1,Developing
10435.0,49,2,381.32,3,1,1,Developing
10436.0,10,8,2051.47,4,4,3,Champions
10437.0,173,1,70.62,1,1,1,Lost
10439.0,86,4,409.91999999999996,2,3,1,At Risk (was frequent)
10440.0,334,2,953.53,1,1,2,Lost
10441.0,339,3,478.58,1,2,2,Lost
10442.0,79,8,3034.39,2,4,4,At Risk (was frequent)
10443.0,99,7,1458.5700000000002,2,4,3,At Risk (was frequent)
10444.0,262,2,189.87,1,1,1,Lost
10445.0,6,1,177.98,4,1,1,Developing
10446.0,48,3,141.09,3,2,1,Loyal
10447.0,129,8,1496.78,2,4,3,At Risk (was frequent)
10448.0,120,1,80.71,2,1,1,Lost
10449.0,149,2,419.69,1,1,1,Lost
10450.0,66,7,2833.25,2,4,4,At Risk (was frequent)
10451.0,9,5,2799.7799999999997,4,3,4,Champions
10452.0,41,3,312.21,3,2,1,Loyal
10453.0,14,7,1315.5,4,4,3,Champions
10454.0,76,10,3303.9999999999995,2,4,4,At Risk (was frequent)
10455.0,432,1,302.7,1,1,1,Lost
10456.0,25,6,3481.73,3,3,4,Champions
10457.0,130,2,51.120000000000005,1,1,1,Lost
10458.0,186,6,1836.6200000000001,1,3,3,At Risk (was frequent)
10459.0,7,2,1289.1200000000001,4,1,3,Developing
10460.0,125,3,140.24,2,2,1,Lost
10461.0,33,4,957.0,3,3,2,Loyal
10462.0,46,5,2432.56,3,3,4,Champions
10463.0,59,1,32.06,3,1,1,Developing
10464.0,8,3,1556.3,4,2,3,Loyal
10465.0,455,5,3023.67,1,3,4,At Risk (was frequent)
10466.0,82,3,2536.6400000000003,2,2,4,Lost
10467.0,30,8,1876.62,3,4,3,Champions
10468.0,0,1,160.16,4,1,1,Developing
10469.0,30,4,553.76,3,3,2,Loyal
10470.0,94,9,4759.02,2,4,4,At Risk (was frequent)
10471.0,0,16,5461.31,4,4,4,Champions
10472.0,2,8,1059.53,4,4,3,Champions
10473.0,49,3,1569.45,3,2,3,Loyal
10474.0,39,3,700.45,3,2,2,Loyal
10475.0,30,9,2312.1099999999997,3,4,4,Champions
10476.0,264,6,823.6099999999999,1,3,2,At Risk (was frequent)
10477.0,84,5,786.34,2,3,2,At Risk (was frequent)
10478.0,119,4,687.24,2,3,2,At Risk (was frequent)
10479.0,95,4,930.69,2,3,2,At Risk (was frequent)
10480.0,132,5,425.03999999999996,1,3,1,At Risk (was frequent)
10481.0,12,3,329.28999999999996,4,2,1,Loyal
10482.0,81,6,3750.94,2,3,4,At Risk (was frequent)
10483.0,56,7,4987.610000000001,3,4,4,Champions
10484.0,0,3,176.38,4,2,1,Loyal
10485.0,34,4,934.74,3,3,2,Loyal
10486.0,46,3,852.76,3,2,2,Loyal
10487.0,47,3,366.13,3,2,1,Loyal
10488.0,21,13,3294.59,4,4,4,Champions
10489.0,22,1,43.0,4,1,1,Developing
10491.0,137,6,1544.67,1,3,3,At Risk (was frequent)
10492.0,156,9,2105.17,1,4,3,At Risk (was frequent)
10493.0,29,6,652.35,3,3,2,Loyal
10494.0,2,13,7365.8,4,4,4,Champions
10495.0,122,1,166.79,2,1,1,Lost
10496.0,148,1,107.0,1,1,1,Lost
10497.0,71,6,7407.29,2,3,4,At Risk (was frequent)
10498.0,8,3,848.7,4,2,2,Loyal
10499.0,75,11,6831.39,2,4,4,At Risk (was frequent)
10500.0,118,3,421.94,2,2,1,Lost
10501.0,8,10,13053.66,4,4,4,Champions
10502.0,20,5,3066.7000000000003,4,3,4,Champions
10503.0,61,4,443.64000000000004,2,3,2,At Risk (was frequent)
10505.0,36,9,1947.6299999999999,3,4,3,Champions
10506.0,109,6,3301.04,2,3,4,At Risk (was frequent)
10507.0,7,11,7427.8099999999995,4,4,4,Champions
10508.0,22,9,2305.0699999999997,4,4,4,Champions
10509.0,119,3,119.96,2,2,1,Lost
10510.0,42,4,525.1,3,3,2,Loyal
10511.0,91,6,1026.4299999999998,2,3,3,At Risk (was frequent)
10512.0,2,4,523.73,4,3,2,Loyal
10513.0,13,10,3823.11,4,4,4,Champions
10514.0,33,3,383.01,3,2,1,Loyal
10515.0,84,4,1112.53,2,3,3,At Risk (was frequent)
10516.0,144,3,335.37,1,2,1,Lost
10517.0,18,7,661.86,4,4,2,Loyal
10518.0,5,6,3601.32,4,3,4,Champions
10519.0,59,6,566.9399999999999,3,3,2,Loyal
10520.0,34,8,2082.33,3,4,3,Champions
10521.0,24,2,794.38,4,1,2,Developing
10522.0,22,3,260.76,4,2,1,Loyal
10523.0,337,6,1347.55,1,3,3,At Risk (was frequent)
10524.0,217,1,78.36,1,1,1,Lost
10525.0,3,1,81.37,4,1,1,Developing
10526.0,76,7,1906.62,2,4,3,At Risk (was frequent)
10527.0,241,2,1130.62,1,1,3,Lost
10529.0,43,4,1471.3600000000001,3,3,3,Champions
10530.0,69,2,1450.4099999999999,2,1,3,Lost
10531.0,42,3,780.1700000000001,3,2,2,Loyal
10532.0,8,11,7611.15,4,4,4,Champions
10533.0,47,3,104.22999999999999,3,2,1,Loyal
10534.0,51,9,4370.8099999999995,3,4,4,Champions
10535.0,23,3,5542.5599999999995,4,2,4,Loyal
10536.0,438,4,442.01000000000005,1,3,2,At Risk (was frequent)
10537.0,24,4,818.04,4,3,2,Loyal
10539.0,72,3,206.45000000000002,2,2,1,Lost
10540.0,11,14,9595.26,4,4,4,Champions
10541.0,373,3,856.29,1,2,2,Lost
10542.0,206,2,707.2,1,1,2,Lost
10543.0,13,13,3749.9900000000002,4,4,4,Champions
10544.0,179,2,410.53999999999996,1,1,1,Lost
10545.0,56,1,435.86,3,1,2,Developing
10546.0,278,3,1948.87,1,2,3,Lost
10547.0,36,5,924.3499999999999,3,3,2,Loyal
10548.0,52,2,358.18,3,1,1,Developing
10549.0,29,8,2671.7999999999997,3,4,4,Champions
10551.0,270,1,19.52,1,1,1,Lost
10552.0,20,6,627.79,4,3,2,Loyal
10553.0,221,1,253.7,1,1,1,Lost
10554.0,223,3,101.12,1,2,1,Lost
10555.0,12,7,955.0899999999999,4,4,2,Loyal
10556.0,32,7,3445.17,3,4,4,Champions
10557.0,29,6,3231.56,3,3,4,Champions
10558.0,24,3,992.6300000000001,4,2,3,Loyal
10559.0,115,2,1005.67,2,1,3,Lost
10560.0,29,9,5431.74,3,4,4,Champions
10561.0,239,2,125.9,1,1,1,Lost
10562.0,244,2,332.03,1,1,1,Lost
10563.0,80,6,1403.06,2,3,3,At Risk (was frequent)
10564.0,24,6,2742.59,4,3,4,Champions
10565.0,38,8,4038.64,3,4,4,Champions
10566.0,5,3,387.23,4,2,1,Loyal
10567.0,22,4,1314.79,4,3,3,Champions
10568.0,219,3,845.04,1,2,2,Lost
10569.0,92,12,5686.82,2,4,4,At Risk (was frequent)
10570.0,103,3,191.23000000000002,2,2,1,Lost
10571.0,331,7,848.72,1,4,2,At Risk (was frequent)
10572.0,189,12,5061.55,1,4,4,At Risk (was frequent)
10573.0,169,2,627.99,1,1,2,Lost
10574.0,23,1,30.28,4,1,1,Developing
10575.0,354,2,1381.54,1,1,3,Lost
10576.0,21,12,7179.69,4,4,4,Champions
10577.0,0,2,287.76,4,1,1,Developing
10578.0,96,6,3146.36,2,3,4,At Risk (was frequent)
10579.0,9,1,127.02,4,1,1,Developing
10580.0,115,2,250.89,2,1,1,Lost
10581.0,16,6,1121.36,4,3,3,Champions
10582.0,45,1,297.52,3,1,1,Developing
10583.0,1,4,845.04,4,3,2,Loyal
10584.0,32,3,1007.02,3,2,3,Loyal
10585.0,14,13,6634.48,4,4,4,Champions
10586.0,54,2,929.21,3,1,2,Developing
10587.0,17,1,1065.0,4,1,3,Developing
10588.0,181,1,155.22,1,1,1,Lost
10589.0,87,2,514.6,2,1,2,Lost
10590.0,76,11,4593.0599999999995,2,4,4,At Risk (was frequent)
10591.0,16,10,7997.68,4,4,4,Champions
10592.0,68,1,70.95,2,1,1,Lost
10593.0,17,7,7382.59,4,4,4,Champions
10594.0,48,8,1601.4,3,4,3,Champions
10595.0,312,8,2560.6,1,4,4,At Risk (was frequent)
10596.0,271,2,375.30999999999995,1,1,1,Lost
10598.0,30,11,15727.279999999999,3,4,4,Champions
10599.0,33,4,511.33000000000004,3,3,2,Loyal
10601.0,6,5,1353.68,4,3,3,Champions
10602.0,8,6,880.1400000000001,4,3,2,Loyal
10603.0,21,10,2329.83,4,4,4,Champions
10604.0,47,2,77.28,3,1,1,Developing
10605.0,134,10,1865.47,1,4,3,At Risk (was frequent)
10606.0,54,5,613.05,3,3,2,Loyal
10607.0,275,2,704.86,1,1,2,Lost
10608.0,188,3,241.16,1,2,1,Lost
10609.0,64,6,1525.97,2,3,3,At Risk (was frequent)
10610.0,42,6,4654.5,3,3,4,Champions
10611.0,34,3,1416.69,3,2,3,Loyal
10612.0,160,10,2425.93,1,4,4,At Risk (was frequent)
10613.0,40,1,241.86,3,1,1,Developing
10614.0,8,2,887.5500000000001,4,1,2,Developing
10615.0,147,2,120.92,1,1,1,Lost
10616.0,13,3,223.31,4,2,1,Loyal
10617.0,165,3,961.26,1,2,2,Lost
10618.0,139,1,139.2,1,1,1,Lost
10619.0,6,2,1270.6599999999999,4,1,3,Developing
10620.0,60,1,57.07,3,1,1,Developing
10621.0,61,5,890.99,2,3,2,At Risk (was frequent)
10622.0,0,8,5942.7,4,4,4,Champions
10623.0,16,3,946.4100000000001,4,2,2,Loyal
10624.0,53,8,3064.79,3,4,4,Champions
10625.0,78,2,182.91,2,1,1,Lost
10626.0,0,7,1820.8899999999999,4,4,3,Champions
10627.0,137,1,313.7,1,1,1,Lost
10628.0,16,5,1300.1899999999998,4,3,3,Champions
10629.0,38,10,3852.91,3,4,4,Champions
10630.0,73,4,511.94,2,3,2,At Risk (was frequent)
10631.0,24,3,476.23,4,2,2,Loyal
10632.0,143,1,219.3,1,1,1,Lost
10633.0,44,1,109.98,3,1,1,Developing
10634.0,88,8,2811.05,2,4,4,At Risk (was frequent)
10635.0,51,7,1043.1,3,4,3,Champions
10636.0,30,4,1410.71,3,3,3,Champions
10637.0,29,6,1092.99,3,3,3,Champions
10638.0,197,3,1467.2,1,2,3,Lost
10639.0,148,7,2499.27,1,4,4,At Risk (was frequent)
10640.0,66,21,34644.22,2,4,4,At Risk (was frequent)
10641.0,94,2,451.84000000000003,2,1,2,Lost
10642.0,248,2,136.31,1,1,1,Lost
10643.0,27,15,23460.1,3,4,4,Champions
10645.0,125,3,235.99,2,2,1,Lost
10647.0,11,4,1349.73,4,3,3,Champions
10648.0,28,11,6855.5,3,4,4,Champions
10649.0,81,2,672.95,2,1,2,Lost
10652.0,12,6,2858.43,4,3,4,Champions
10653.0,153,2,171.32999999999998,1,1,1,Lost
10654.0,99,11,5835.91,2,4,4,At Risk (was frequent)
10655.0,49,5,2276.9500000000003,3,3,4,Champions
10656.0,63,4,8397.59,2,3,4,At Risk (was frequent)
10657.0,70,5,604.81,2,3,2,At Risk (was frequent)
10658.0,4,4,1635.02,4,3,3,Champions
10659.0,35,2,65.89,3,1,1,Developing
10662.0,12,5,2885.74,4,3,4,Champions
10663.0,79,5,838.58,2,3,2,At Risk (was frequent)
10664.0,36,1,22.18,3,1,1,Developing
10665.0,228,5,605.38,1,3,2,At Risk (was frequent)
10666.0,10,16,6147.01,4,4,4,Champions
10667.0,95,1,80.95,2,1,1,Lost
10668.0,181,3,359.51,1,2,1,Lost
10669.0,45,3,129.37,3,2,1,Loyal
10670.0,121,8,2348.11,2,4,4,At Risk (was frequent)
10671.0,89,3,402.11,2,2,1,Lost
10672.0,15,1,19.33,4,1,1,Developing
10673.0,8,12,5638.570000000001,4,4,4,Champions
10674.0,5,3,1041.32,4,2,3,Loyal
10675.0,415,1,30.94,1,1,1,Lost
10676.0,42,5,951.0600000000001,3,3,2,Loyal
10677.0,80,2,88.46000000000001,2,1,1,Lost
10678.0,38,6,2481.28,3,3,4,Champions
10679.0,20,5,1108.83,4,3,3,Champions
10680.0,1,11,7886.35,4,4,4,Champions
10681.0,324,2,497.5,1,1,2,Lost
10682.0,30,10,5865.71,3,4,4,Champions
10683.0,41,6,8812.93,3,3,4,Champions
10684.0,89,8,4101.73,2,4,4,At Risk (was frequent)
10685.0,90,5,1802.37,2,3,3,At Risk (was frequent)
10686.0,203,6,1604.87,1,3,3,At Risk (was frequent)
10687.0,11,7,2596.3,4,4,4,Champions
10688.0,50,7,4848.76,3,4,4,Champions
10689.0,26,6,1481.68,3,3,3,Champions
10690.0,81,12,4584.66,2,4,4,At Risk (was frequent)
10691.0,125,13,7870.65,2,4,4,At Risk (was frequent)
10692.0,17,1,499.23,4,1,2,Developing
10693.0,66,4,778.79,2,3,2,At Risk (was frequent)
10694.0,58,2,151.25,3,1,1,Developing
10695.0,263,2,195.7,1,1,1,Lost
10697.0,83,5,3327.94,2,3,4,At Risk (was frequent)
10698.0,88,4,536.0799999999999,2,3,2,At Risk (was frequent)
10699.0,51,4,1028.1399999999999,3,3,3,Champions
10700.0,39,2,1146.56,3,1,3,Developing
10701.0,174,6,1822.94,1,3,3,At Risk (was frequent)
10702.0,21,3,352.87,4,2,1,Loyal
10703.0,210,5,2312.8500000000004,1,3,4,At Risk (was frequent)
10704.0,5,3,322.03000000000003,4,2,1,Loyal
10705.0,102,2,727.29,2,1,2,Lost
10706.0,93,10,1452.9,2,4,3,At Risk (was frequent)
10707.0,14,2,1459.27,4,1,3,Developing
10710.0,242,5,1789.51,1,3,3,At Risk (was frequent)
10712.0,40,1,151.82,3,1,1,Developing
10713.0,6,5,1516.98,4,3,3,Champions
10714.0,82,3,488.79,2,2,2,Lost
10715.0,13,8,12284.66,4,4,4,Champions
10716.0,22,3,85.32000000000001,4,2,1,Loyal
10717.0,26,5,2574.62,3,3,4,Champions
10718.0,16,8,2190.71,4,4,3,Champions
10719.0,92,1,250.5,2,1,1,Lost
10720.0,21,5,394.15999999999997,4,3,1,Loyal
10721.0,9,8,3248.7200000000003,4,4,4,Champions
10722.0,182,2,253.36,1,1,1,Lost
10723.0,92,2,107.87,2,1,1,Lost
10724.0,31,2,345.99,3,1,1,Developing
10725.0,6,6,2652.65,4,3,4,Champions
10727.0,26,1,38.06,3,1,1,Developing
10728.0,24,1,442.05,4,1,2,Developing
10729.0,2,6,1304.4,4,3,3,Champions
10730.0,28,6,1610.1499999999999,3,3,3,Champions
10731.0,19,13,5179.95,4,4,4,Champions
10732.0,71,1,68.16,2,1,1,Lost
10733.0,64,1,309.12,2,1,1,Lost
10735.0,115,7,2479.79,2,4,4,At Risk (was frequent)
10736.0,70,7,4048.06,2,4,4,At Risk (was frequent)
10738.0,13,2,75.12,4,1,1,Developing
10739.0,28,4,365.24,3,3,1,Loyal
10740.0,176,1,65.72,1,1,1,Lost
10741.0,151,3,430.73,1,2,2,Lost
10742.0,64,5,2973.56,2,3,4,At Risk (was frequent)
10743.0,234,3,1493.56,1,2,3,Lost
10744.0,42,2,732.79,3,1,2,Developing
10746.0,92,6,465.96,2,3,2,At Risk (was frequent)
10747.0,237,1,44.16,1,1,1,Lost
10748.0,175,3,567.7,1,2,2,Lost
10749.0,30,3,168.32999999999998,3,2,1,Loyal
10750.0,11,5,520.1,4,3,2,Loyal
10751.0,92,1,305.34,2,1,1,Lost
10752.0,34,3,398.32,3,2,1,Loyal
10753.0,52,2,769.4499999999999,3,1,2,Developing
10754.0,178,4,1746.41,1,3,3,At Risk (was frequent)
10755.0,189,9,3393.4300000000003,1,4,4,At Risk (was frequent)
10756.0,128,3,1641.77,2,2,3,Lost
10757.0,22,5,4234.17,4,3,4,Champions
10758.0,182,3,1477.46,1,2,3,Lost
10759.0,487,1,21.02,1,1,1,Lost
10760.0,57,5,836.5600000000001,3,3,2,Loyal
10761.0,7,8,3104.75,4,4,4,Champions
10762.0,373,6,1142.1599999999999,1,3,3,At Risk (was frequent)
10763.0,0,2,278.88,4,1,1,Developing
10764.0,135,8,1566.48,1,4,3,At Risk (was frequent)
10765.0,149,5,658.8299999999999,1,3,2,At Risk (was frequent)
10766.0,31,4,381.98,3,3,1,Loyal
10767.0,70,4,418.11,2,3,1,At Risk (was frequent)
10768.0,257,7,1604.8200000000002,1,4,3,At Risk (was frequent)
10769.0,17,5,831.9200000000001,4,3,2,Loyal
10770.0,9,9,3977.19,4,4,4,Champions
10772.0,18,4,403.84000000000003,4,3,1,Loyal
10773.0,8,6,8611.9,4,3,4,Champions
10774.0,42,5,1631.68,3,3,3,Champions
10776.0,97,5,2312.32,2,3,4,At Risk (was frequent)
10777.0,56,1,50.74,3,1,1,Developing
10778.0,8,8,2078.55,4,4,3,Champions
10780.0,0,5,758.4300000000001,4,3,2,Loyal
10781.0,545,2,338.84999999999997,1,1,1,Lost
10782.0,389,1,132.3,1,1,1,Lost
10783.0,1,4,1538.29,4,3,3,Champions
10784.0,29,1,77.1,3,1,1,Developing
10785.0,25,3,1424.6200000000001,3,2,3,Loyal
10786.0,20,5,7722.83,4,3,4,Champions
10787.0,68,2,177.82,2,1,1,Lost
10788.0,255,1,335.91,1,1,1,Lost
10789.0,68,11,5813.97,2,4,4,At Risk (was frequent)
10791.0,212,1,32.0,1,1,1,Lost
10792.0,71,10,9779.99,2,4,4,At Risk (was frequent)
10793.0,116,2,251.4,2,1,1,Lost
10794.0,130,1,29.07,1,1,1,Lost
10795.0,41,2,824.01,3,1,2,Developing
10796.0,49,5,3361.63,3,3,4,Champions
10797.0,28,3,157.37,3,2,1,Loyal
10798.0,123,2,175.54,2,1,1,Lost
10799.0,91,7,583.84,2,4,2,At Risk (was frequent)
10800.0,208,1,8.12,1,1,1,Lost
10801.0,59,7,1002.57,3,4,3,Champions
10802.0,88,2,387.27,2,1,1,Lost
10803.0,34,9,1187.05,3,4,3,Champions
10804.0,146,2,1502.8600000000001,1,1,3,Lost
10805.0,111,2,226.51999999999998,2,1,1,Lost
10806.0,27,10,5296.2699999999995,3,4,4,Champions
10808.0,163,2,282.42,1,1,1,Lost
10810.0,3,8,1292.6,4,4,3,Champions
10811.0,156,3,256.05,1,2,1,Lost
10812.0,287,2,386.18,1,1,1,Lost
10813.0,105,3,594.96,2,2,2,Lost
10814.0,217,4,1199.6,1,3,3,At Risk (was frequent)
10815.0,46,3,1006.16,3,2,3,Loyal
10816.0,43,5,1312.0299999999997,3,3,3,Champions
10817.0,144,10,2059.71,1,4,3,At Risk (was frequent)
10818.0,412,3,340.57,1,2,1,Lost
10819.0,21,1,313.82,4,1,1,Developing
10820.0,119,3,362.49,2,2,1,Lost
10821.0,38,9,1712.9099999999999,3,4,3,Champions
10822.0,57,7,846.03,3,4,2,Loyal
10823.0,28,5,736.61,3,3,2,Loyal
10826.0,71,2,72.6,2,1,1,Lost
10827.0,284,1,364.32,1,1,1,Lost
10828.0,8,18,12000.11,4,4,4,Champions
10829.0,65,2,231.57999999999998,2,1,1,Lost
10830.0,64,5,2030.25,2,3,3,At Risk (was frequent)
10831.0,135,4,478.07,1,3,2,At Risk (was frequent)
10832.0,39,8,5041.080000000001,3,4,4,Champions
10833.0,28,9,624.18,3,4,2,Loyal
10834.0,17,5,2377.0699999999997,4,3,4,Champions
10835.0,226,5,2465.32,1,3,4,At Risk (was frequent)
10836.0,0,6,2566.0299999999997,4,3,4,Champions
10837.0,262,11,5201.83,1,4,4,At Risk (was frequent)
10839.0,138,8,3706.38,1,4,4,At Risk (was frequent)
10840.0,114,3,272.88,2,2,1,Lost
10841.0,57,3,1112.88,3,2,3,Loyal
10842.0,37,5,910.99,3,3,2,Loyal
10843.0,55,2,181.57999999999998,3,1,1,Developing
10844.0,89,8,5049.66,2,4,4,At Risk (was frequent)
10845.0,19,9,3876.03,4,4,4,Champions
10846.0,260,2,121.55,1,1,1,Lost
10847.0,28,4,2143.04,3,3,3,Champions
10848.0,132,8,1264.82,1,4,3,At Risk (was frequent)
10849.0,103,10,1884.31,2,4,3,At Risk (was frequent)
10850.0,10,2,245.48000000000002,4,1,1,Developing
10851.0,70,3,327.84,2,2,1,Lost
10852.0,21,12,6733.89,4,4,4,Champions
10853.0,23,12,3894.31,4,4,4,Champions
10854.0,142,2,2772.66,1,1,4,Lost
10855.0,5,7,2413.84,4,4,4,Champions
10856.0,0,7,3270.67,4,4,4,Champions
10857.0,126,6,1622.8799999999999,2,3,3,At Risk (was frequent)
10858.0,59,5,1840.1100000000001,3,3,3,Champions
10859.0,406,5,836.9200000000001,1,3,2,At Risk (was frequent)
10860.0,446,3,846.32,1,2,2,Lost
10861.0,5,4,1492.22,4,3,3,Champions
10863.0,95,12,4857.98,2,4,4,At Risk (was frequent)
10864.0,223,5,549.77,1,3,2,At Risk (was frequent)
10865.0,19,1,352.24,4,1,1,Developing
10866.0,37,3,429.53999999999996,3,2,1,Loyal
10867.0,21,3,355.68,4,2,1,Loyal
10868.0,62,2,1376.72,2,1,3,Lost
10869.0,197,1,14.09,1,1,1,Lost
10870.0,192,2,91.26,1,1,1,Lost
10871.0,75,9,1741.27,2,4,3,At Risk (was frequent)
10872.0,48,3,566.18,3,2,2,Loyal
10873.0,0,4,1222.96,4,3,3,Champions
10874.0,49,2,355.53,3,1,1,Developing
10875.0,249,12,4740.36,1,4,4,At Risk (was frequent)
10876.0,7,2,1592.34,4,1,3,Developing
10877.0,0,1,37.32,4,1,1,Developing
10878.0,66,1,1498.36,2,1,3,Lost
10879.0,146,4,1306.3200000000002,1,3,3,At Risk (was frequent)
10880.0,231,6,4073.58,1,3,4,At Risk (was frequent)
10881.0,65,4,975.66,2,3,2,At Risk (was frequent)
10882.0,86,4,586.84,2,3,2,At Risk (was frequent)
10883.0,25,2,366.66,3,1,1,Developing
10884.0,40,2,142.88,3,1,1,Developing
10885.0,388,2,302.82,1,1,1,Lost
10886.0,95,9,3505.4700000000003,2,4,4,At Risk (was frequent)
10887.0,18,7,2733.64,4,4,4,Champions
10888.0,83,5,4585.79,2,3,4,At Risk (was frequent)
10889.0,83,9,2159.45,2,4,3,At Risk (was frequent)
10890.0,19,5,677.2,4,3,2,Loyal
10891.0,11,2,81.88,4,1,1,Developing
10892.0,143,2,337.72,1,1,1,Lost
10893.0,77,11,5081.2699999999995,2,4,4,At Risk (was frequent)
10894.0,144,3,1099.22,1,2,3,Lost
10895.0,213,4,1171.16,1,3,3,At Risk (was frequent)
10896.0,48,10,2927.08,3,4,4,Champions
10897.0,63,3,2384.3100000000004,2,2,4,Lost
10898.0,41,4,1481.15,3,3,3,Champions
10899.0,142,6,1474.73,1,3,3,At Risk (was frequent)
10900.0,62,3,440.93,2,2,2,Lost
10901.0,281,3,441.64,1,2,2,Lost
10902.0,235,6,1082.96,1,3,3,At Risk (was frequent)
10903.0,236,8,7355.73,1,4,4,At Risk (was frequent)
10904.0,59,8,2505.84,3,4,4,Champions
10905.0,16,3,1252.3899999999999,4,2,3,Loyal
10906.0,374,4,703.1,1,3,2,At Risk (was frequent)
10907.0,193,1,1358.52,1,1,3,Lost
10908.0,173,2,1206.84,1,1,3,Lost
10909.0,400,5,802.2,1,3,2,At Risk (was frequent)
10910.0,64,5,733.99,2,3,2,At Risk (was frequent)
10911.0,59,5,620.83,3,3,2,Loyal
10912.0,47,5,1866.5,3,3,3,Champions
10913.0,37,3,744.39,3,2,2,Loyal
10914.0,68,6,727.49,2,3,2,At Risk (was frequent)
10915.0,175,4,2025.21,1,3,3,At Risk (was frequent)
10916.0,67,3,293.58,2,2,1,Lost
10917.0,155,4,1240.51,1,3,3,At Risk (was frequent)
10918.0,208,8,3113.9,1,4,4,At Risk (was frequent)
10919.0,19,7,872.15,4,4,2,Loyal
10920.0,121,3,481.38,2,2,2,Lost
10922.0,217,4,480.94,1,3,2,At Risk (was frequent)
10923.0,155,3,587.54,1,2,2,Lost
10924.0,28,2,448.85999999999996,3,1,2,Developing
10926.0,105,2,76.49,2,1,1,Lost
10927.0,197,10,1975.2,1,4,3,At Risk (was frequent)
10928.0,64,4,1004.0400000000001,2,3,3,At Risk (was frequent)
10929.0,261,9,2965.79,1,4,4,At Risk (was frequent)
10930.0,116,6,2914.3,2,3,4,At Risk (was frequent)
10931.0,37,6,1288.93,3,3,3,Champions
10932.0,37,4,1558.6100000000001,3,3,3,Champions
10933.0,140,3,407.86,1,2,1,Lost
10934.0,68,2,222.93,2,1,1,Lost
10935.0,127,8,649.0400000000001,2,4,2,At Risk (was frequent)
10937.0,67,12,3286.79,2,4,4,At Risk (was frequent)
10938.0,174,1,121.9,1,1,1,Lost
10939.0,40,2,694.0500000000001,3,1,2,Developing
10941.0,14,3,885.61,4,2,2,Loyal
10942.0,188,1,23.26,1,1,1,Lost
10944.0,246,5,715.79,1,3,2,At Risk (was frequent)
10945.0,22,3,178.92000000000002,4,2,1,Loyal
10946.0,0,17,16354.31,4,4,4,Champions
10947.0,211,2,318.5,1,1,1,Lost
10948.0,320,1,343.41,1,1,1,Lost
10949.0,56,2,1089.6,3,1,3,Developing
10950.0,88,9,8438.79,2,4,4,At Risk (was frequent)
10951.0,14,4,1420.02,4,3,3,Champions
10952.0,111,4,156.67,2,3,1,At Risk (was frequent)
10953.0,203,7,5534.68,1,4,4,At Risk (was frequent)
10954.0,46,4,647.3,3,3,2,Loyal
10955.0,205,4,583.2,1,3,2,At Risk (was frequent)
10956.0,15,6,3392.9300000000003,4,3,4,Champions
10957.0,105,5,537.29,2,3,2,At Risk (was frequent)
10958.0,116,5,639.12,2,3,2,At Risk (was frequent)
10959.0,66,11,8603.23,2,4,4,At Risk (was frequent)
10960.0,60,10,3973.76,3,4,4,Champions
10961.0,159,6,452.78,1,3,2,At Risk (was frequent)
10962.0,23,11,3961.65,4,4,4,Champions
10963.0,134,5,2270.4900000000002,1,3,4,At Risk (was frequent)
10964.0,44,6,2021.93,3,3,3,Champions
10965.0,61,3,319.88,2,2,1,Lost
10966.0,177,2,417.02,1,1,1,Lost
10967.0,63,4,829.3,2,3,2,At Risk (was frequent)
10968.0,176,3,121.09,1,2,1,Lost
10969.0,59,17,16532.53,3,4,4,Champions
10970.0,358,5,1536.85,1,3,3,At Risk (was frequent)
10971.0,65,7,2147.12,2,4,3,At Risk (was frequent)
10972.0,85,5,1288.4499999999998,2,3,3,At Risk (was frequent)
10973.0,83,4,647.5699999999999,2,3,2,At Risk (was frequent)
10974.0,139,6,928.27,1,3,2,At Risk (was frequent)
10975.0,72,9,3506.56,2,4,4,At Risk (was frequent)
10976.0,469,1,153.55,1,1,1,Lost
10977.0,102,1,33.92,2,1,1,Lost
10978.0,82,13,4341.81,2,4,4,At Risk (was frequent)
10979.0,55,9,2389.25,3,4,4,Champions
10980.0,107,2,263.33,2,1,1,Lost
10981.0,27,9,2148.73,3,4,3,Champions
10982.0,26,19,14323.24,3,4,4,Champions
10983.0,508,1,293.96,1,1,1,Lost
10984.0,57,9,1951.5,3,4,3,Champions
10985.0,31,17,20985.66,3,4,4,Champions
10986.0,12,10,7302.98,4,4,4,Champions
10987.0,371,2,188.37,1,1,1,Lost
10988.0,40,15,3851.89,3,4,4,Champions
10989.0,8,1,64.0,4,1,1,Developing
10990.0,19,6,669.48,4,3,2,Loyal
10991.0,88,2,478.44,2,1,2,Lost
10992.0,14,2,415.62,4,1,1,Developing
10993.0,102,6,2171.1099999999997,2,3,3,At Risk (was frequent)
10994.0,51,4,1215.28,3,3,3,Champions
10995.0,93,6,1901.9199999999998,2,3,3,At Risk (was frequent)
10996.0,18,10,6249.2699999999995,4,4,4,Champions
10997.0,37,8,1170.03,3,4,3,Champions
10998.0,37,8,3139.25,3,4,4,Champions
10999.0,22,2,95.47999999999999,4,1,1,Developing
11000.0,81,2,1410.67,2,1,3,Lost
11001.0,89,3,2138.89,2,2,3,Lost
11002.0,157,2,188.26,1,1,1,Lost
11003.0,18,4,446.36,4,3,2,Loyal
11004.0,6,7,3218.5099999999998,4,4,4,Champions
11005.0,106,2,1519.16,2,1,3,Lost
11006.0,4,1,433.38,4,1,2,Developing
11007.0,10,3,813.92,4,2,2,Loyal
11008.0,47,4,2492.8,3,3,4,Champions
11009.0,269,1,119.03,1,1,1,Lost
11010.0,215,3,1075.46,1,2,3,Lost
11011.0,27,3,217.53,3,2,1,Loyal
11012.0,17,1,55.9,4,1,1,Developing
11013.0,140,20,8397.869999999999,1,4,4,At Risk (was frequent)
11014.0,14,3,287.7,4,2,1,Loyal
11015.0,20,5,1131.06,4,3,3,Champions
11016.0,116,2,916.5999999999999,2,1,2,Lost
11017.0,12,6,1351.77,4,3,3,Champions
11018.0,27,18,14896.91,3,4,4,Champions
11019.0,292,4,1092.88,1,3,3,At Risk (was frequent)
11020.0,57,22,12084.63,3,4,4,Champions
11021.0,1,4,2009.67,4,3,3,Champions
11022.0,251,7,651.18,1,4,2,At Risk (was frequent)
11023.0,18,4,562.99,4,3,2,Loyal
11024.0,4,14,3132.12,4,4,4,Champions
11025.0,75,8,2721.1099999999997,2,4,4,At Risk (was frequent)
11026.0,35,4,1259.8700000000001,3,3,3,Champions
11027.0,57,3,249.45999999999998,3,2,1,Loyal
11028.0,131,4,986.8399999999999,1,3,2,At Risk (was frequent)
11029.0,52,9,1284.02,3,4,3,Champions
11030.0,365,4,772.27,1,3,2,At Risk (was frequent)
11031.0,11,4,538.99,4,3,2,Loyal
11032.0,298,3,294.0,1,2,1,Lost
11035.0,66,4,2030.78,2,3,3,At Risk (was frequent)
11037.0,352,5,1234.64,1,3,3,At Risk (was frequent)
11038.0,285,4,1749.48,1,3,3,At Risk (was frequent)
11039.0,95,8,4260.54,2,4,4,At Risk (was frequent)
11040.0,44,4,2117.48,3,3,3,Champions
11041.0,1,7,2792.31,4,4,4,Champions
11042.0,98,2,283.23,2,1,1,Lost
11043.0,22,3,641.35,4,2,2,Loyal
11044.0,98,8,6982.530000000001,2,4,4,At Risk (was frequent)
11045.0,85,5,1167.24,2,3,3,At Risk (was frequent)
11046.0,400,6,1534.75,1,3,3,At Risk (was frequent)
11047.0,238,6,2000.37,1,3,3,At Risk (was frequent)
11048.0,10,13,5221.63,4,4,4,Champions
11049.0,222,2,195.88,1,1,1,Lost
11050.0,38,4,418.33,3,3,1,Loyal
11051.0,89,3,358.62,2,2,1,Lost
11052.0,194,4,561.24,1,3,2,At Risk (was frequent)
11053.0,110,3,579.68,2,2,2,Lost
11054.0,0,4,1628.0500000000002,4,3,3,Champions
11055.0,239,3,2245.99,1,2,4,Lost
11056.0,62,8,4605.21,2,4,4,At Risk (was frequent)
11057.0,94,9,4984.9400000000005,2,4,4,At Risk (was frequent)
11058.0,13,11,2578.39,4,4,4,Champions
11059.0,90,6,1632.25,2,3,3,At Risk (was frequent)
11060.0,201,8,826.98,1,4,2,At Risk (was frequent)
11061.0,26,7,4622.03,3,4,4,Champions
11062.0,62,1,165.54,2,1,1,Lost
11063.0,22,14,11227.88,4,4,4,Champions
11064.0,0,5,394.37,4,3,1,Loyal
11065.0,53,3,1236.79,3,2,3,Loyal
11066.0,180,3,596.97,1,2,2,Lost
11067.0,162,2,762.56,1,1,2,Lost
11068.0,2,5,767.34,4,3,2,Loyal
11069.0,35,2,156.01,3,1,1,Developing
11071.0,456,7,3860.5099999999998,1,4,4,At Risk (was frequent)
11072.0,29,4,952.7900000000001,3,3,2,Loyal
11073.0,6,4,923.12,4,3,2,Loyal
11074.0,25,2,339.5,3,1,1,Developing
11075.0,4,17,9977.61,4,4,4,Champions
11076.0,29,12,4865.0,3,4,4,Champions
11077.0,94,6,825.47,2,3,2,At Risk (was frequent)
11078.0,52,4,2290.04,3,3,4,Champions
11079.0,123,4,1036.46,2,3,3,At Risk (was frequent)
11080.0,32,8,1407.8700000000001,3,4,3,Champions
11081.0,44,1,37.3,3,1,1,Developing
11082.0,321,2,181.54999999999998,1,1,1,Lost
11083.0,108,4,1052.46,2,3,3,At Risk (was frequent)
11084.0,43,5,2092.8199999999997,3,3,3,Champions
11085.0,21,6,8850.07,4,3,4,Champions
11086.0,172,5,574.4,1,3,2,At Risk (was frequent)
11087.0,99,9,1984.79,2,4,3,At Risk (was frequent)
11088.0,52,9,3365.3,3,4,4,Champions
11089.0,324,4,779.79,1,3,2,At Risk (was frequent)
11090.0,19,4,595.9,4,3,2,Loyal
11091.0,16,17,15255.65,4,4,4,Champions
11092.0,230,3,736.18,1,2,2,Lost
11093.0,216,3,776.2,1,2,2,Lost
11094.0,29,6,809.66,3,3,2,Loyal
11095.0,65,5,1528.3200000000002,2,3,3,At Risk (was frequent)
11096.0,34,7,855.52,3,4,2,Loyal
11097.0,154,4,128.56,1,3,1,At Risk (was frequent)
11098.0,37,15,19111.95,3,4,4,Champions
11099.0,17,1,75.6,4,1,1,Developing
11100.0,65,3,635.25,2,2,2,Lost
11101.0,1,5,790.4,4,3,2,Loyal
11102.0,127,1,22.97,2,1,1,Lost
11103.0,36,11,1930.1899999999998,3,4,3,Champions
11104.0,14,3,5443.55,4,2,4,Loyal
11105.0,53,3,243.89999999999998,3,2,1,Loyal
11106.0,282,1,45.06,1,1,1,Lost
11107.0,24,7,1520.85,4,4,3,Champions
11108.0,130,5,706.3199999999999,1,3,2,At Risk (was frequent)
11109.0,10,6,2140.48,4,3,3,Champions
11110.0,92,5,1271.3,2,3,3,At Risk (was frequent)
11111.0,137,2,333.58,1,1,1,Lost
11113.0,172,2,91.65,1,1,1,Lost
11114.0,335,3,2055.0,1,2,3,Lost
11115.0,41,5,510.78999999999996,3,3,2,Loyal
11116.0,1,8,1884.8,4,4,3,Champions
11118.0,175,4,795.12,1,3,2,At Risk (was frequent)
11120.0,17,4,1034.44,4,3,3,Champions
11121.0,36,2,217.12,3,1,1,Developing
11122.0,65,3,114.09,2,2,1,Lost
11123.0,115,2,294.49,2,1,1,Lost
11125.0,2,2,1729.04,4,1,3,Developing
11126.0,170,10,5659.29,1,4,4,At Risk (was frequent)
11127.0,80,3,3475.09,2,2,4,Lost
11128.0,166,7,1244.85,1,4,3,At Risk (was frequent)
11129.0,95,9,2318.04,2,4,4,At Risk (was frequent)
11130.0,13,16,9004.140000000001,4,4,4,Champions
11132.0,93,8,1963.78,2,4,3,At Risk (was frequent)
11133.0,90,13,6143.75,2,4,4,At Risk (was frequent)
11134.0,18,5,1429.82,4,3,3,Champions
11135.0,42,8,1156.18,3,4,3,Champions
11136.0,68,5,1141.42,2,3,3,At Risk (was frequent)
11137.0,202,2,380.78,1,1,1,Lost
11138.0,31,1,204.0,3,1,1,Developing
11139.0,1,8,6300.71,4,4,4,Champions
11141.0,20,9,3350.74,4,4,4,Champions
11142.0,44,8,3399.49,3,4,4,Champions
11143.0,61,2,77.57,2,1,1,Lost
11144.0,146,3,1482.9099999999999,1,2,3,Lost
11145.0,164,4,1210.6200000000001,1,3,3,At Risk (was frequent)
11146.0,3,9,4051.25,4,4,4,Champions
11147.0,46,20,12527.470000000001,3,4,4,Champions
11148.0,9,14,8460.79,4,4,4,Champions
11149.0,44,9,4794.1900000000005,3,4,4,Champions
11150.0,98,8,2112.4,2,4,3,At Risk (was frequent)
11151.0,42,3,399.32,3,2,1,Loyal
11152.0,241,4,1784.78,1,3,3,At Risk (was frequent)
11153.0,46,4,1898.3799999999999,3,3,3,Champions
11154.0,152,2,216.38,1,1,1,Lost
11155.0,7,3,345.9,4,2,1,Loyal
11156.0,2,1,22.78,4,1,1,Developing
11157.0,255,3,302.83,1,2,1,Lost
11158.0,166,4,1661.09,1,3,3,At Risk (was frequent)
11159.0,101,4,3666.75,2,3,4,At Risk (was frequent)
11160.0,13,9,2885.2200000000003,4,4,4,Champions
11161.0,41,16,15840.529999999999,3,4,4,Champions
11162.0,215,5,1645.44,1,3,3,At Risk (was frequent)
11163.0,20,1,42.35,4,1,1,Developing
11164.0,165,10,3095.9900000000002,1,4,4,At Risk (was frequent)
11165.0,11,13,18246.4,4,4,4,Champions
11166.0,31,14,12663.08,3,4,4,Champions
11167.0,145,3,246.72,1,2,1,Lost
11168.0,127,2,763.47,2,1,2,Lost
11169.0,50,4,1010.2199999999999,3,3,3,Champions
11170.0,80,3,791.61,2,2,2,Lost
11171.0,10,2,190.49,4,1,1,Developing
11172.0,49,6,3523.58,3,3,4,Champions
11173.0,39,2,533.26,3,1,2,Developing
11174.0,39,2,289.68,3,1,1,Developing
11175.0,143,1,34.01,1,1,1,Lost
11176.0,8,7,1390.99,4,4,3,Champions
11177.0,119,9,1975.8600000000001,2,4,3,At Risk (was frequent)
11178.0,84,12,8616.89,2,4,4,At Risk (was frequent)
11179.0,204,4,455.02,1,3,2,At Risk (was frequent)
11180.0,32,12,5345.26,3,4,4,Champions
11181.0,212,6,1398.15,1,3,3,At Risk (was frequent)
11182.0,107,1,29.18,2,1,1,Lost
11183.0,92,4,1330.46,2,3,3,At Risk (was frequent)
11184.0,55,3,1014.64,3,2,3,Loyal
11185.0,27,5,1282.85,3,3,3,Champions
11186.0,12,4,641.06,4,3,2,Loyal
11187.0,445,3,403.28,1,2,1,Lost
11188.0,50,3,392.73,3,2,1,Loyal
11189.0,316,3,1667.09,1,2,3,Lost
11190.0,86,11,3681.81,2,4,4,At Risk (was frequent)
11192.0,163,1,138.0,1,1,1,Lost
11193.0,397,5,634.28,1,3,2,At Risk (was frequent)
11194.0,28,3,1329.51,3,2,3,Loyal
11195.0,77,8,1887.67,2,4,3,At Risk (was frequent)
11196.0,25,14,4685.94,3,4,4,Champions
11197.0,64,22,31187.41,2,4,4,At Risk (was frequent)
11198.0,124,6,600.56,2,3,2,At Risk (was frequent)
11199.0,180,3,559.5999999999999,1,2,2,Lost
11200.0,203,2,656.6,1,1,2,Lost
11201.0,7,7,2977.87,4,4,4,Champions
11202.0,58,1,27.05,3,1,1,Developing
11203.0,49,2,162.45,3,1,1,Developing
11204.0,94,8,3930.6099999999997,2,4,4,At Risk (was frequent)
11205.0,176,2,106.09,1,1,1,Lost
11206.0,98,2,193.92,2,1,1,Lost
11207.0,20,5,1485.24,4,3,3,Champions
11208.0,149,5,1813.23,1,3,3,At Risk (was frequent)
11209.0,63,5,710.24,2,3,2,At Risk (was frequent)
11210.0,78,5,1948.4299999999998,2,3,3,At Risk (was frequent)
11211.0,146,6,932.43,1,3,2,At Risk (was frequent)
11212.0,45,8,1596.82,3,4,3,Champions
11213.0,110,2,103.41,2,1,1,Lost
11214.0,267,5,491.0,1,3,2,At Risk (was frequent)
11215.0,123,4,969.26,2,3,2,At Risk (was frequent)
11217.0,2,5,4181.07,4,3,4,Champions
11218.0,55,6,1536.97,3,3,3,Champions
11219.0,25,5,1781.8400000000001,3,3,3,Champions
11220.0,75,4,395.62,2,3,1,At Risk (was frequent)
11222.0,105,4,552.4,2,3,2,At Risk (was frequent)
11223.0,119,4,1266.53,2,3,3,At Risk (was frequent)
11224.0,30,2,211.15999999999997,3,2,1,Loyal
11225.0,18,12,6451.63,4,4,4,Champions
11226.0,5,17,24823.76,4,4,4,Champions
11227.0,69,3,1478.54,2,2,3,Lost
11228.0,107,8,928.93,2,4,2,At Risk (was frequent)
11231.0,2,17,11982.92,4,4,4,Champions
11232.0,126,1,658.76,2,1,2,Lost
11233.0,40,5,1808.75,3,3,3,Champions
11234.0,229,2,581.64,1,2,2,Lost
11235.0,190,2,305.85,1,2,1,Lost
11236.0,4,4,841.94,4,3,2,Loyal
11237.0,6,8,3144.45,4,4,4,Champions
11238.0,46,3,444.88,3,2,2,Loyal
11239.0,13,11,3681.32,4,4,4,Champions
11240.0,253,6,1154.75,1,3,3,At Risk (was frequent)
11241.0,280,4,194.9,1,3,1,At Risk (was frequent)
11242.0,79,4,1378.87,2,3,3,At Risk (was frequent)
11243.0,42,4,2555.92,3,3,4,Champions
11244.0,1,5,15458.92,4,3,4,Champions
11245.0,68,5,1883.27,2,3,3,At Risk (was frequent)
11246.0,40,10,6735.09,3,4,4,Champions
11247.0,41,5,1167.79,3,3,3,Champions
11248.0,48,2,634.1,3,2,2,Loyal
11249.0,132,2,829.78,1,2,2,Lost
11250.0,24,10,5732.61,4,4,4,Champions
11251.0,68,4,854.71,2,3,2,At Risk (was frequent)
11252.0,240,8,1262.01,1,4,3,At Risk (was frequent)
11253.0,110,9,2296.9700000000003,2,4,4,At Risk (was frequent)
11254.0,132,3,682.16,1,2,2,Lost
11255.0,2,10,2278.91,4,4,4,Champions
11256.0,6,3,1117.22,4,2,3,Loyal
11257.0,6,9,4594.860000000001,4,4,4,Champions
11258.0,39,19,14169.58,3,4,4,Champions
11259.0,79,1,175.35,2,1,1,Lost
11260.0,37,9,3197.72,3,4,4,Champions
11261.0,2,8,4673.51,4,4,4,Champions
11262.0,40,3,663.55,3,2,2,Loyal
11263.0,284,1,150.79,1,1,1,Lost
11264.0,143,2,2253.12,1,2,4,Lost
11265.0,53,1,388.74,3,1,1,Developing
11266.0,123,6,1856.1599999999999,2,3,3,At Risk (was frequent)
11267.0,6,5,2008.6399999999999,4,3,3,Champions
11268.0,130,9,848.4300000000001,1,4,2,At Risk (was frequent)
11269.0,60,7,2025.95,3,4,3,Champions
11270.0,54,6,1466.68,3,3,3,Champions
11271.0,107,5,1763.3300000000002,2,3,3,At Risk (was frequent)
11272.0,122,3,871.0899999999999,2,2,2,Lost
11273.0,129,5,950.3499999999999,2,3,2,At Risk (was frequent)
11274.0,59,5,3502.0299999999997,3,3,4,Champions
11275.0,57,2,587.75,3,2,2,Loyal
11277.0,273,3,485.09999999999997,1,2,2,Lost
11278.0,72,1,448.88,2,1,2,Lost
11279.0,95,2,228.68,2,2,1,Lost
11280.0,74,5,806.16,2,3,2,At Risk (was frequent)
11281.0,32,4,707.27,3,3,2,Loyal
11282.0,186,1,264.6,1,1,1,Lost
11283.0,272,1,306.32,1,1,1,Lost
11284.0,10,3,2274.9,4,2,4,Loyal
11285.0,67,9,4720.98,2,4,4,At Risk (was frequent)
11286.0,35,5,4214.63,3,3,4,Champions
11287.0,14,9,800.9,4,4,2,Loyal
11288.0,193,5,2248.3,1,3,4,At Risk (was frequent)
11290.0,52,1,32.3,3,1,1,Developing
11291.0,47,9,6548.22,3,4,4,Champions
11292.0,1,5,1961.97,4,3,3,Champions
11293.0,23,9,1720.3,4,4,3,Champions
11294.0,149,2,417.88,1,2,1,Lost
11295.0,58,8,3026.95,3,4,4,Champions
11296.0,104,4,751.94,2,3,2,At Risk (was frequent)
11297.0,6,1,341.98,4,1,1,Developing
11298.0,17,1,36.85,4,1,1,Developing
11299.0,120,4,700.01,2,3,2,At Risk (was frequent)
11300.0,28,4,1795.63,3,3,3,Champions
11301.0,8,6,1960.95,4,3,3,Champions
11302.0,197,2,287.97,1,2,1,Lost
11303.0,192,3,912.73,1,2,2,Lost
11304.0,13,11,2345.8,4,4,4,Champions
11306.0,117,8,2583.27,2,4,4,At Risk (was frequent)
11307.0,41,7,1193.5,3,4,3,Champions
11308.0,32,1,187.47,3,1,1,Developing
11309.0,14,20,11711.56,4,4,4,Champions
11310.0,31,3,431.2,3,2,2,Loyal
11311.0,88,3,549.46,2,2,2,Lost
11312.0,27,4,2820.69,3,3,4,Champions
11313.0,148,6,1076.65,1,3,3,At Risk (was frequent)
11314.0,29,23,9821.62,3,4,4,Champions
11315.0,5,9,1724.92,4,4,3,Champions
11316.0,22,3,788.79,4,2,2,Loyal
11317.0,117,12,10849.22,2,4,4,At Risk (was frequent)
11318.0,150,2,1537.46,1,2,3,Lost
11319.0,121,4,1444.64,2,3,3,At Risk (was frequent)
11320.0,96,7,1607.37,2,4,3,At Risk (was frequent)
11321.0,122,3,171.47,2,2,1,Lost
11322.0,98,6,2326.71,2,3,4,At Risk (was frequent)
11323.0,297,1,260.94,1,1,1,Lost
11324.0,154,7,5095.73,1,4,4,At Risk (was frequent)
11326.0,23,5,1918.9,4,3,3,Champions
11327.0,147,1,15.84,1,1,1,Lost
11328.0,55,8,1451.32,3,4,3,Champions
11329.0,119,3,511.52,2,2,2,Lost
11330.0,80,8,1240.51,2,4,3,At Risk (was frequent)
11331.0,78,7,1859.7,2,4,3,At Risk (was frequent)
11333.0,0,18,21151.03,4,4,4,Champions
11334.0,83,4,2161.89,2,3,3,At Risk (was frequent)
11335.0,225,3,99.39999999999999,1,2,1,Lost
11336.0,125,8,1671.1200000000001,2,4,3,At Risk (was frequent)
11337.0,151,3,595.22,1,2,2,Lost
11338.0,348,6,355.01,1,3,1,At Risk (was frequent)
11339.0,424,1,630.54,1,1,2,Lost
11340.0,125,6,773.9,2,3,2,At Risk (was frequent)
11341.0,82,3,457.57000000000005,2,2,2,Lost
11342.0,77,5,989.53,2,3,2,At Risk (was frequent)
11344.0,78,2,3027.44,2,2,4,Lost
11345.0,36,1,121.57,3,1,1,Developing
11346.0,19,8,1005.29,4,4,3,Champions
11347.0,38,5,767.5,3,3,2,Loyal
11348.0,7,3,516.1800000000001,4,2,2,Loyal
11349.0,50,7,5472.37,3,4,4,Champions
11350.0,149,13,6220.23,1,4,4,At Risk (was frequent)
11351.0,83,2,332.36,2,2,1,Lost
11352.0,59,3,1417.37,3,2,3,Loyal
11353.0,130,3,289.78000000000003,1,2,1,Lost
11354.0,82,3,1160.83,2,2,3,Lost
11355.0,26,6,981.74,3,3,2,Loyal
11356.0,249,3,419.25,1,2,1,Lost
11357.0,34,5,234.04,3,3,1,Loyal
11358.0,2,4,2244.84,4,3,4,Champions
11359.0,22,11,5517.12,4,4,4,Champions
11360.0,154,5,1497.18,1,3,3,At Risk (was frequent)
11361.0,166,4,1402.97,1,3,3,At Risk (was frequent)
11362.0,192,1,110.33,1,1,1,Lost
11363.0,91,5,2226.18,2,3,4,At Risk (was frequent)
11365.0,28,3,1620.02,3,2,3,Loyal
11366.0,63,5,460.6,2,3,2,At Risk (was frequent)
11367.0,18,13,5811.83,4,4,4,Champions
11368.0,107,2,219.60000000000002,2,2,1,Lost
11369.0,113,2,499.28,2,2,2,Lost
11370.0,126,5,1287.45,2,3,3,At Risk (was frequent)
11371.0,91,1,1020.52,2,1,3,Lost
11372.0,39,3,274.8,3,2,1,Loyal
11373.0,18,16,20403.18,4,4,4,Champions
11374.0,132,1,103.8,1,1,1,Lost
11375.0,69,6,1607.37,2,3,3,At Risk (was frequent)
11376.0,28,1,36.7,3,1,1,Developing
11377.0,26,5,1542.03,3,3,3,Champions
11378.0,22,3,981.7,4,2,2,Loyal
11379.0,52,6,728.2,3,3,2,Loyal
11380.0,298,7,1707.2800000000002,1,4,3,At Risk (was frequent)
11381.0,33,4,1480.31,3,3,3,Champions
11383.0,20,2,1009.68,4,2,3,Loyal
11384.0,165,9,3041.98,1,4,4,At Risk (was frequent)
11385.0,45,8,2676.0099999999998,3,4,4,Champions
11386.0,69,9,3480.54,2,4,4,At Risk (was frequent)
11387.0,78,1,156.72,2,1,1,Lost
11388.0,87,1,386.26,2,1,1,Lost
11390.0,104,1,42.35,2,1,1,Lost
11391.0,58,6,2520.5600000000004,3,3,4,Champions
11392.0,117,6,2641.58,2,3,4,At Risk (was frequent)
11394.0,11,1,18.74,4,1,1,Developing
11395.0,1,7,2123.67,4,4,3,Champions
11396.0,5,7,8453.64,4,4,4,Champions
11397.0,60,7,952.63,3,4,2,Loyal
11398.0,125,7,1418.5,2,4,3,At Risk (was frequent)
11399.0,15,3,448.09000000000003,4,2,2,Loyal
11400.0,95,4,2617.26,2,3,4,At Risk (was frequent)
11401.0,10,2,196.04999999999998,4,2,1,Loyal
11402.0,48,13,9700.0,3,4,4,Champions
11403.0,177,6,1726.54,1,3,3,At Risk (was frequent)
11404.0,31,2,118.76,3,2,1,Loyal
11405.0,15,2,179.38,4,2,1,Loyal
11406.0,33,3,596.23,3,2,2,Loyal
11407.0,57,7,6640.28,3,4,4,Champions
11409.0,136,5,728.06,1,3,2,At Risk (was frequent)
11410.0,49,3,321.88,3,2,1,Loyal
11411.0,80,6,1312.3100000000002,2,3,3,At Risk (was frequent)
11412.0,63,23,28700.53,2,4,4,At Risk (was frequent)
11413.0,8,3,453.08,4,2,2,Loyal
11414.0,115,4,501.68,2,3,2,At Risk (was frequent)
11415.0,83,4,1292.7,2,3,3,At Risk (was frequent)
11416.0,153,7,1034.52,1,4,3,At Risk (was frequent)
11417.0,24,15,7006.53,4,4,4,Champions
11418.0,79,10,1911.44,2,4,3,At Risk (was frequent)
11419.0,160,1,40.74,1,1,1,Lost
11420.0,86,2,94.46,2,2,1,Lost
11421.0,23,4,369.17,4,3,1,Loyal
11422.0,107,2,278.43,2,2,1,Lost
11423.0,127,5,673.54,2,3,2,At Risk (was frequent)
11425.0,17,6,1442.04,4,3,3,Champions
11426.0,7,6,1203.48,4,3,3,Champions
11427.0,11,3,1860.25,4,2,3,Loyal
11428.0,3,6,1861.43,4,3,3,Champions
11429.0,56,6,443.78,3,3,2,Loyal
11430.0,6,7,1639.69,4,4,3,Champions
11431.0,17,4,1598.3600000000001,4,3,3,Champions
11432.0,38,1,494.74,3,1,2,Developing
11433.0,86,9,16719.91,2,4,4,At Risk (was frequent)
11434.0,108,3,328.4,2,2,1,Lost
11435.0,110,1,62.72,2,1,1,Lost
11436.0,11,5,6201.76,4,3,4,Champions
11437.0,35,1,246.32,3,1,1,Developing
11438.0,52,6,2705.4399999999996,3,3,4,Champions
11439.0,167,1,16.11,1,1,1,Lost
11441.0,26,5,4078.12,3,3,4,Champions
11442.0,28,7,3791.85,3,4,4,Champions
11443.0,73,10,8181.87,2,4,4,At Risk (was frequent)
11444.0,98,6,1681.98,2,3,3,At Risk (was frequent)
11445.0,238,1,28.16,1,1,1,Lost
11446.0,224,5,1000.36,1,3,3,At Risk (was frequent)
11447.0,5,1,114.58,4,1,1,Developing
11448.0,2,9,5667.9400000000005,4,4,4,Champions
11449.0,7,8,5250.28,4,4,4,Champions
11451.0,24,5,635.78,4,3,2,Loyal
11452.0,305,2,215.77,1,2,1,Lost
11453.0,15,4,489.12,4,3,2,Loyal
11454.0,41,5,8776.66,3,3,4,Champions
11455.0,150,2,380.90000000000003,1,2,1,Lost
11456.0,373,3,401.12,1,2,1,Lost
11457.0,147,3,685.6500000000001,1,2,2,Lost
11458.0,122,4,833.3,2,3,2,At Risk (was frequent)
11459.0,198,2,188.91,1,2,1,Lost
11460.0,19,8,2682.32,4,4,4,Champions
11463.0,48,3,1532.21,3,2,3,Loyal
11465.0,53,4,847.61,3,3,2,Loyal
11466.0,81,1,111.8,2,1,1,Lost
11467.0,34,20,5679.860000000001,3,4,4,Champions
11468.0,428,1,62.8,1,1,1,Lost
11469.0,1,1,254.06,4,1,1,Developing
11470.0,91,6,844.52,2,3,2,At Risk (was frequent)
11471.0,62,4,494.34,2,3,2,At Risk (was frequent)
11472.0,55,2,87.28,3,2,1,Loyal
11473.0,150,5,419.88,1,3,1,At Risk (was frequent)
11474.0,191,5,596.67,1,3,2,At Risk (was frequent)
11475.0,8,5,1720.6499999999999,4,3,3,Champions
11476.0,63,5,3527.76,2,3,4,At Risk (was frequent)
11477.0,115,6,2075.65,2,3,3,At Risk (was frequent)
11478.0,23,6,3075.43,4,3,4,Champions
11479.0,108,7,2320.51,2,4,4,At Risk (was frequent)
11480.0,2,22,9080.35,4,4,4,Champions
11481.0,21,14,5499.07,4,4,4,Champions
11482.0,66,8,2666.26,2,4,4,At Risk (was frequent)
11483.0,49,5,1310.97,3,3,3,Champions
11484.0,77,2,726.95,2,2,2,Lost
11485.0,259,5,2033.34,1,3,3,At Risk (was frequent)
11486.0,190,5,1004.74,1,3,3,At Risk (was frequent)
11487.0,92,2,542.81,2,2,2,Lost
11488.0,37,6,3185.15,3,3,4,Champions
11489.0,28,1,230.43,3,1,1,Developing
11490.0,215,9,2570.32,1,4,4,At Risk (was frequent)
11491.0,126,6,5480.349999999999,2,3,4,At Risk (was frequent)
11492.0,42,6,1362.52,3,3,3,Champions
11493.0,8,2,111.73,4,2,1,Loyal
11494.0,54,5,1467.03,3,3,3,Champions
11495.0,2,6,1343.7,4,3,3,Champions
11496.0,35,5,851.09,3,3,2,Loyal
11497.0,247,1,200.99,1,1,1,Lost
11498.0,25,11,3157.81,3,4,4,Champions
11499.0,49,3,388.65,3,2,1,Loyal
11500.0,174,1,303.94,1,1,1,Lost
11501.0,37,6,2252.09,3,3,4,Champions
11502.0,162,9,2599.3,1,4,4,At Risk (was frequent)
11503.0,33,8,1960.39,3,4,3,Champions
11504.0,66,5,617.4200000000001,2,3,2,At Risk (was frequent)
11505.0,273,1,397.76,1,1,1,Lost
11506.0,58,5,1505.34,3,3,3,Champions
11507.0,5,6,1325.07,4,3,3,Champions
11508.0,3,5,519.36,4,3,2,Loyal
11509.0,18,2,49.85,4,2,1,Loyal
11510.0,188,2,188.06,1,2,1,Lost
11511.0,11,7,564.94,4,4,2,Loyal
11512.0,79,8,2994.28,2,4,4,At Risk (was frequent)
11513.0,226,5,1389.98,1,3,3,At Risk (was frequent)
11514.0,147,1,863.88,1,1,2,Lost
11516.0,110,5,1078.48,2,3,3,At Risk (was frequent)
11517.0,43,5,783.6100000000001,3,3,2,Loyal
11519.0,127,2,251.14,2,2,1,Lost
11520.0,33,5,561.83,3,3,2,Loyal
11521.0,25,4,496.83000000000004,3,3,2,Loyal
11522.0,173,5,651.54,1,3,2,At Risk (was frequent)
11523.0,76,12,9320.35,2,4,4,At Risk (was frequent)
11524.0,17,7,2597.46,4,4,4,Champions
11525.0,77,1,24.92,2,1,1,Lost
11526.0,0,2,470.07,4,2,2,Loyal
11527.0,53,5,537.76,3,3,2,Loyal
11528.0,29,2,401.74,3,2,1,Loyal
11530.0,128,8,1837.43,2,4,3,At Risk (was frequent)
11531.0,6,7,640.7800000000001,4,4,2,Loyal
11532.0,44,7,443.22,3,4,2,Loyal
11533.0,11,4,444.22,4,3,2,Loyal
11534.0,9,21,11132.5,4,4,4,Champions
11535.0,126,3,1625.86,2,2,3,Lost
11536.0,152,3,484.53,1,2,2,Lost
11537.0,82,2,479.93,2,2,2,Lost
11538.0,17,5,1301.43,4,3,3,Champions
11539.0,88,2,405.94000000000005,2,2,1,Lost
11540.0,42,5,541.63,3,3,2,Loyal
11541.0,65,2,100.91,2,2,1,Lost
11542.0,2,3,530.95,4,2,2,Loyal
11544.0,374,12,2404.82,1,4,4,At Risk (was frequent)
11545.0,13,4,3061.4300000000003,4,3,4,Champions
11546.0,64,3,814.9000000000001,2,2,2,Lost
11547.0,6,2,453.28000000000003,4,2,2,Loyal
11548.0,183,5,805.5799999999999,1,3,2,At Risk (was frequent)
11549.0,134,5,1365.18,1,3,3,At Risk (was frequent)
11550.0,13,16,9166.2,4,4,4,Champions
11552.0,12,4,1457.28,4,3,3,Champions
11553.0,416,3,200.45,1,2,1,Lost
11554.0,124,11,12226.19,2,4,4,At Risk (was frequent)
11555.0,18,7,1650.84,4,4,3,Champions
11556.0,174,5,1623.7200000000003,1,3,3,At Risk (was frequent)
11557.0,51,4,144.06,3,3,1,Loyal
11558.0,46,1,332.3,3,1,1,Developing
11559.0,252,3,390.0,1,2,1,Lost
11561.0,35,2,78.17999999999999,3,2,1,Loyal
11562.0,57,4,1336.88,3,3,3,Champions
11563.0,72,3,2125.23,2,2,3,Lost
11564.0,290,4,1676.5900000000001,1,3,3,At Risk (was frequent)
11565.0,56,2,1809.42,3,2,3,Loyal
11567.0,131,2,647.92,1,2,2,Lost
11568.0,235,2,893.6999999999999,1,2,2,Lost
11569.0,41,4,1048.0,3,3,3,Champions
11570.0,56,4,377.17,3,3,1,Loyal
11571.0,28,8,4468.46,3,4,4,Champions
11572.0,13,2,142.57999999999998,4,2,1,Loyal
11573.0,28,6,1555.62,3,3,3,Champions
11574.0,32,12,2819.88,3,4,4,Champions
11575.0,94,9,3679.25,2,4,4,At Risk (was frequent)
11576.0,3,5,2669.06,4,3,4,Champions
11577.0,106,6,4301.63,2,3,4,At Risk (was frequent)
11578.0,174,6,967.2,1,3,2,At Risk (was frequent)
11579.0,37,7,1564.3500000000001,3,4,3,Champions
11580.0,23,8,3188.76,4,4,4,Champions
11581.0,248,1,73.84,1,1,1,Lost
11582.0,114,11,1689.85,2,4,3,At Risk (was frequent)
11583.0,6,6,1467.92,4,3,3,Champions
11584.0,18,4,1087.51,4,3,3,Champions
11585.0,25,7,13199.7,3,4,4,Champions
11586.0,10,2,876.52,4,2,2,Loyal
11587.0,64,2,412.8,2,2,1,Lost
11588.0,7,1,22.53,4,1,1,Developing
11589.0,302,3,850.49,1,2,2,Lost
11590.0,24,15,20212.59,4,4,4,Champions
11591.0,44,1,194.97,3,1,1,Developing
11592.0,67,4,1966.38,2,3,3,At Risk (was frequent)
11593.0,112,3,326.38,2,2,1,Lost
11594.0,56,13,1336.79,3,4,3,Champions
11595.0,13,4,1047.8000000000002,4,3,3,Champions
11596.0,4,9,1120.49,4,4,3,Champions
11597.0,23,7,1517.35,4,4,3,Champions
11598.0,142,1,7.18,1,1,1,Lost
11599.0,144,5,2051.23,1,3,3,At Risk (was frequent)
11600.0,104,5,2779.48,2,3,4,At Risk (was frequent)
11601.0,30,3,528.3199999999999,3,2,2,Loyal
11603.0,37,4,2535.35,3,3,4,Champions
11605.0,3,17,17819.07,4,4,4,Champions
11606.0,32,6,2258.5,3,3,4,Champions
11607.0,8,10,9246.59,4,4,4,Champions
11608.0,93,6,407.86,2,3,1,At Risk (was frequent)
11609.0,56,7,2878.41,3,4,4,Champions
11610.0,97,1,68.4,2,1,1,Lost
11611.0,21,8,8408.59,4,4,4,Champions
11612.0,32,4,1453.37,3,3,3,Champions
11613.0,92,6,1180.87,2,3,3,At Risk (was frequent)
11614.0,94,6,793.11,2,3,2,At Risk (was frequent)
11615.0,136,2,863.3399999999999,1,2,2,Lost
11616.0,210,1,213.82,1,1,1,Lost
11617.0,123,1,278.18,2,1,1,Lost
11618.0,39,12,10835.64,3,4,4,Champions
11619.0,7,2,1179.18,4,2,3,Loyal
11621.0,213,1,258.18,1,1,1,Lost
11623.0,11,1,549.12,4,1,2,Developing
11624.0,83,5,3570.04,2,3,4,At Risk (was frequent)
11626.0,140,5,941.0799999999999,1,3,2,At Risk (was frequent)
11627.0,12,2,53.26,4,2,1,Loyal
11628.0,147,1,136.7,1,1,1,Lost
11629.0,0,16,8733.64,4,4,4,Champions
11630.0,13,4,782.0999999999999,4,3,2,Loyal
11631.0,116,5,1458.97,2,3,3,At Risk (was frequent)
11632.0,21,4,3880.5899999999997,4,3,4,Champions
11633.0,61,1,104.07,2,1,1,Lost
11634.0,107,2,214.57000000000002,2,2,1,Lost
11635.0,49,6,2031.07,3,3,3,Champions
11636.0,4,3,2078.88,4,2,3,Loyal
11637.0,111,7,1131.29,2,4,3,At Risk (was frequent)
11638.0,50,3,948.2,3,2,2,Loyal
11639.0,54,3,91.25,3,2,1,Loyal
11640.0,240,2,215.93,1,2,1,Lost
11641.0,21,3,164.38,4,2,1,Loyal
11643.0,7,19,23259.29,4,4,4,Champions
11644.0,169,1,586.68,1,1,2,Lost
11645.0,51,5,1119.81,3,3,3,Champions
11646.0,61,3,4186.09,2,2,4,Lost
11647.0,169,8,3796.76,1,4,4,At Risk (was frequent)
11648.0,11,6,6814.13,4,3,4,Champions
11649.0,278,2,515.62,1,2,2,Lost
11650.0,8,3,409.7,4,2,1,Loyal
11651.0,305,4,1716.28,1,3,3,At Risk (was frequent)
11652.0,125,4,1396.23,2,3,3,At Risk (was frequent)
11653.0,35,5,987.5700000000002,3,3,2,Loyal
11654.0,6,5,572.23,4,3,2,Loyal
11655.0,23,2,2064.65,4,2,3,Loyal
11656.0,25,3,1002.4200000000001,3,2,3,Loyal
11657.0,184,3,609.62,1,2,2,Lost
11659.0,62,4,2107.15,2,3,3,At Risk (was frequent)
11660.0,11,6,3684.24,4,3,4,Champions
11661.0,105,3,656.96,2,2,2,Lost
11662.0,366,4,1050.84,1,3,3,At Risk (was frequent)
11663.0,5,4,2210.68,4,3,4,Champions
11664.0,11,5,1448.38,4,3,3,Champions
11665.0,240,2,329.48,1,2,1,Lost
11667.0,207,2,266.25,1,2,1,Lost
11668.0,247,6,501.34999999999997,1,3,2,At Risk (was frequent)
11669.0,68,10,1662.45,2,4,3,At Risk (was frequent)
11670.0,41,5,838.8799999999999,3,3,2,Loyal
11671.0,12,9,7806.02,4,4,4,Champions
11672.0,7,8,1774.8100000000002,4,4,3,Champions
11673.0,28,6,2000.05,3,3,3,Champions
11674.0,379,1,127.74,1,1,1,Lost
11675.0,159,3,281.68,1,2,1,Lost
11676.0,51,12,12445.61,3,4,4,Champions
11677.0,32,1,163.22,3,1,1,Developing
11678.0,91,8,1687.45,2,4,3,At Risk (was frequent)
11679.0,119,11,2139.22,2,4,3,At Risk (was frequent)
11680.0,276,4,414.23,1,3,1,At Risk (was frequent)
11681.0,14,12,5322.84,4,4,4,Champions
11682.0,26,8,3364.7000000000003,3,4,4,Champions
11683.0,62,6,1825.13,2,3,3,At Risk (was frequent)
11684.0,50,4,1742.27,3,3,3,Champions
11685.0,61,2,160.01999999999998,2,2,1,Lost
11686.0,12,14,8912.92,4,4,4,Champions
11687.0,259,5,1207.98,1,3,3,At Risk (was frequent)
11688.0,147,4,409.34000000000003,1,3,1,At Risk (was frequent)
11689.0,75,5,1729.8100000000002,2,3,3,At Risk (was frequent)
11690.0,6,6,1155.39,4,3,3,Champions
11691.0,242,6,748.0799999999999,1,3,2,At Risk (was frequent)
11692.0,65,5,941.59,2,3,2,At Risk (was frequent)
11693.0,16,3,1020.64,4,2,3,Loyal
11694.0,89,2,113.07,2,2,1,Lost
11696.0,43,3,410.47,3,2,1,Loyal
11697.0,44,3,593.93,3,2,2,Loyal
11698.0,152,3,322.22999999999996,1,2,1,Lost
11699.0,19,9,1613.1399999999999,4,4,3,Champions
11700.0,32,9,4554.259999999999,3,4,4,Champions
11701.0,9,11,2645.15,4,4,4,Champions
11702.0,92,4,1097.0300000000002,2,3,3,At Risk (was frequent)
11703.0,50,2,125.47,3,2,1,Loyal
11704.0,32,5,457.02,3,3,2,Loyal
11705.0,210,6,1330.83,1,3,3,At Risk (was frequent)
11706.0,71,4,773.53,2,3,2,At Risk (was frequent)
11707.0,93,8,3812.26,2,4,4,At Risk (was frequent)
11709.0,24,6,2038.22,4,3,3,Champions
11710.0,84,5,829.5,2,3,2,At Risk (was frequent)
11711.0,42,18,15966.310000000001,3,4,4,Champions
11712.0,14,4,3183.01,4,3,4,Champions
11714.0,194,3,635.7,1,2,2,Lost
11715.0,40,1,11.07,3,1,1,Developing
11716.0,140,14,14164.37,1,4,4,At Risk (was frequent)
11717.0,87,3,549.36,2,2,2,Lost
11718.0,26,12,2387.21,3,4,4,Champions
11719.0,18,10,13133.84,4,4,4,Champions
11720.0,32,5,1281.16,3,3,3,Champions
11721.0,19,1,172.64,4,1,1,Developing
11723.0,118,3,502.93,2,2,2,Lost
11724.0,27,5,1263.71,3,3,3,Champions
11725.0,143,4,2618.46,1,3,4,At Risk (was frequent)
11726.0,193,3,474.82000000000005,1,2,2,Lost
11727.0,55,6,2395.25,3,3,4,Champions
11728.0,77,14,4670.82,2,4,4,At Risk (was frequent)
11729.0,102,3,263.07,2,2,1,Lost
11730.0,129,4,462.53000000000003,2,3,2,At Risk (was frequent)
11732.0,105,4,856.97,2,3,2,At Risk (was frequent)
11733.0,181,5,954.0300000000001,1,3,2,At Risk (was frequent)
11734.0,78,9,4344.88,2,4,4,At Risk (was frequent)
11735.0,30,8,917.3,3,4,2,Loyal
11736.0,39,3,235.5,3,2,1,Loyal
11737.0,4,6,4447.42,4,3,4,Champions
11738.0,26,6,1684.05,3,3,3,Champions
11739.0,297,2,193.73000000000002,1,2,1,Lost
11740.0,73,1,421.82,2,1,1,Lost
11741.0,66,3,1780.77,2,2,3,Lost
11742.0,40,6,1041.76,3,3,3,Champions
11743.0,166,2,471.9,1,2,2,Lost
11744.0,173,3,434.74,1,2,2,Lost
11745.0,176,8,3635.1,1,4,4,At Risk (was frequent)
11746.0,118,2,650.98,2,2,2,Lost
11748.0,12,9,3315.2200000000003,4,4,4,Champions
11749.0,220,9,3619.0299999999997,1,4,4,At Risk (was frequent)
11750.0,5,2,633.3199999999999,4,2,2,Loyal
11751.0,11,2,204.68,4,2,1,Loyal
11752.0,211,3,791.3199999999999,1,2,2,Lost
11753.0,327,1,67.0,1,1,1,Lost
11754.0,209,2,600.7900000000001,1,2,2,Lost
11755.0,31,14,25292.72,3,4,4,Champions
11756.0,5,18,16329.62,4,4,4,Champions
11757.0,7,16,15210.53,4,4,4,Champions
11758.0,36,7,3465.88,3,4,4,Champions
11759.0,16,2,242.61,4,2,1,Loyal
11760.0,94,3,523.21,2,2,2,Lost
11761.0,53,15,20971.41,3,4,4,Champions
11762.0,63,2,679.1800000000001,2,2,2,Lost
11763.0,95,7,957.02,2,4,2,At Risk (was frequent)
11764.0,11,7,560.51,4,4,2,Loyal
11765.0,124,10,6105.89,2,4,4,At Risk (was frequent)
11766.0,200,5,864.99,1,3,2,At Risk (was frequent)
11767.0,87,2,799.79,2,2,2,Lost
11769.0,36,3,252.26,3,2,1,Loyal
11770.0,45,7,9262.99,3,4,4,Champions
11771.0,49,15,3958.04,3,4,4,Champions
11773.0,342,7,1979.49,1,4,3,At Risk (was frequent)
11774.0,10,3,55.57,4,2,1,Loyal
11775.0,27,4,608.5600000000001,3,3,2,Loyal
11776.0,233,4,836.8900000000001,1,3,2,At Risk (was frequent)
11777.0,20,7,7105.86,4,4,4,Champions
11778.0,41,10,1646.26,3,4,3,Champions
11779.0,72,2,574.54,2,2,2,Lost
11781.0,37,4,286.74,3,3,1,Loyal
11783.0,44,7,2339.01,3,4,4,Champions
11784.0,121,9,7459.33,2,4,4,At Risk (was frequent)
11785.0,11,8,2187.89,4,4,3,Champions
11786.0,194,1,239.64,1,1,1,Lost
11787.0,134,9,5941.570000000001,1,4,4,At Risk (was frequent)
11788.0,62,3,335.74,2,2,1,Lost
11789.0,61,3,1471.68,2,2,3,Lost
11790.0,26,5,4257.41,3,3,4,Champions
11791.0,69,4,416.62999999999994,2,3,1,At Risk (was frequent)
11792.0,4,19,14106.82,4,4,4,Champions
11793.0,187,6,768.38,1,3,2,At Risk (was frequent)
11794.0,8,6,8808.28,4,3,4,Champions
11795.0,41,3,770.91,3,2,2,Loyal
11796.0,53,5,607.52,3,3,2,Loyal
11797.0,54,2,172.22,3,2,1,Loyal
11798.0,66,3,2854.36,2,2,4,Lost
11799.0,29,7,1350.06,3,4,3,Champions
11800.0,246,1,6.66,1,1,1,Lost
11801.0,147,11,9646.92,1,4,4,At Risk (was frequent)
11802.0,67,4,992.75,2,3,3,At Risk (was frequent)
11804.0,210,3,136.52,1,2,1,Lost
11805.0,19,6,5368.57,4,3,4,Champions
11806.0,34,4,1604.1399999999999,3,3,3,Champions
11807.0,173,10,1940.02,1,4,3,At Risk (was frequent)
11808.0,163,2,91.57,1,2,1,Lost
11809.0,58,2,442.52,3,2,2,Loyal
11810.0,47,2,96.97,3,2,1,Loyal
11811.0,21,7,1978.79,4,4,3,Champions
11812.0,173,7,4879.32,1,4,4,At Risk (was frequent)
11813.0,126,3,2225.36,2,2,4,Lost
11814.0,442,5,459.89,1,3,2,At Risk (was frequent)
11815.0,181,2,107.94,1,2,1,Lost
11816.0,26,4,985.7,3,3,2,Loyal
11817.0,149,3,757.08,1,2,2,Lost
11818.0,111,4,253.92,2,3,1,At Risk (was frequent)
11819.0,200,3,3186.06,1,2,4,Lost
11820.0,155,3,373.68,1,2,1,Lost
11821.0,83,7,1712.51,2,4,3,At Risk (was frequent)
11822.0,95,3,280.03999999999996,2,2,1,Lost
11823.0,193,4,817.12,1,3,2,At Risk (was frequent)
11824.0,153,8,6625.98,1,4,4,At Risk (was frequent)
11825.0,232,3,1805.2,1,2,3,Lost
11827.0,117,16,17717.22,2,4,4,At Risk (was frequent)
11828.0,62,2,1048.52,2,2,3,Lost
11831.0,1,3,1250.15,4,2,3,Loyal
11832.0,6,7,2086.45,4,4,3,Champions
11833.0,0,10,1708.63,4,4,3,Champions
11834.0,124,2,174.01,2,2,1,Lost
11835.0,114,4,609.56,2,3,2,At Risk (was frequent)
11836.0,178,17,6922.780000000001,1,4,4,At Risk (was frequent)
11837.0,110,14,7162.05,2,4,4,At Risk (was frequent)
11838.0,107,1,30.16,2,1,1,Lost
11839.0,88,2,68.99000000000001,2,2,1,Lost
11840.0,47,2,129.68,3,2,1,Loyal
11841.0,24,4,501.78,4,3,2,Loyal
11842.0,294,1,7.18,1,1,1,Lost
11843.0,1,6,1298.53,4,3,3,Champions
11844.0,66,3,868.9100000000001,2,2,2,Lost
11845.0,146,7,1864.67,1,4,3,At Risk (was frequent)
11846.0,59,7,4627.84,3,4,4,Champions
11847.0,60,3,1151.8500000000001,3,2,3,Loyal
11848.0,26,7,1249.27,3,4,3,Champions
11849.0,21,16,10647.95,4,4,4,Champions
11850.0,12,9,3412.5499999999997,4,4,4,Champions
11851.0,46,1,16.82,3,1,1,Developing
11852.0,44,3,376.19,3,2,1,Loyal
11853.0,18,8,4035.41,4,4,4,Champions
11854.0,63,4,362.69000000000005,2,3,1,At Risk (was frequent)
11855.0,97,7,1023.1700000000001,2,4,3,At Risk (was frequent)
11856.0,159,1,288.22,1,1,1,Lost
11857.0,9,5,1639.42,4,3,3,Champions
11858.0,137,4,638.02,1,3,2,At Risk (was frequent)
11859.0,311,2,224.41000000000003,1,2,1,Lost
11860.0,27,14,6110.629999999999,3,4,4,Champions
11862.0,42,4,2311.51,3,3,4,Champions
11863.0,47,16,14533.99,3,4,4,Champions
11865.0,173,6,1924.46,1,3,3,At Risk (was frequent)
11866.0,117,4,1001.73,2,3,3,At Risk (was frequent)
11867.0,39,7,1139.69,3,4,3,Champions
11868.0,12,1,675.8,4,1,2,Developing
11869.0,185,5,856.6,1,3,2,At Risk (was frequent)
11870.0,102,10,3865.6099999999997,2,4,4,At Risk (was frequent)
11871.0,414,2,148.3,1,2,1,Lost
11872.0,23,2,492.88,4,2,2,Loyal
11873.0,142,4,561.92,1,3,2,At Risk (was frequent)
11874.0,187,4,897.3199999999999,1,3,2,At Risk (was frequent)
11875.0,46,7,3906.6400000000003,3,4,4,Champions
11876.0,38,2,68.07,3,2,1,Loyal
11877.0,39,2,141.68,3,2,1,Loyal
11878.0,139,6,727.3299999999999,1,3,2,At Risk (was frequent)
11879.0,10,2,2052.65,4,2,3,Loyal
11880.0,139,6,1112.28,1,3,3,At Risk (was frequent)
11881.0,57,5,1224.4399999999998,3,3,3,Champions
11882.0,63,2,105.44,2,2,1,Lost
11883.0,29,12,18630.19,3,4,4,Champions
11884.0,222,5,575.3199999999999,1,3,2,At Risk (was frequent)
11885.0,202,4,178.57,1,3,1,At Risk (was frequent)
11887.0,73,1,1309.1,2,1,3,Lost
11888.0,11,4,878.0600000000001,4,3,2,Loyal
11889.0,32,7,2027.1799999999998,3,4,3,Champions
11890.0,3,4,1274.2,4,3,3,Champions
11891.0,120,11,4814.66,2,4,4,At Risk (was frequent)
11892.0,14,7,3115.3599999999997,4,4,4,Champions
11893.0,6,3,1678.99,4,2,3,Loyal
11894.0,81,7,1681.78,2,4,3,At Risk (was frequent)
11895.0,1,2,413.71000000000004,4,2,1,Loyal
11896.0,152,14,9399.07,1,4,4,At Risk (was frequent)
11897.0,10,13,2989.33,4,4,4,Champions
11898.0,52,9,4884.35,3,4,4,Champions
11899.0,40,12,2593.12,3,4,4,Champions
11900.0,229,3,184.86,1,2,1,Lost
11901.0,85,13,2711.98,2,4,4,At Risk (was frequent)
11902.0,29,5,823.01,3,3,2,Loyal
11903.0,307,2,467.99,1,2,2,Lost
11904.0,66,6,2273.5200000000004,2,3,4,At Risk (was frequent)
11905.0,151,1,35.08,1,1,1,Lost
11906.0,33,2,419.37,3,2,1,Loyal
11907.0,30,2,285.1,3,2,1,Loyal
11908.0,31,4,4143.110000000001,3,3,4,Champions
11909.0,10,6,1604.9099999999999,4,3,3,Champions
11910.0,163,4,3618.8900000000003,1,3,4,At Risk (was frequent)
11911.0,6,5,699.9599999999999,4,3,2,Loyal
11912.0,92,8,3240.46,2,4,4,At Risk (was frequent)
11913.0,102,10,6085.48,2,4,4,At Risk (was frequent)
11914.0,212,4,558.72,1,3,2,At Risk (was frequent)
11915.0,29,5,1566.52,3,3,3,Champions
11916.0,14,13,3285.22,4,4,4,Champions
11917.0,2,5,1038.46,4,3,3,Champions
11918.0,69,5,1474.78,2,3,3,At Risk (was frequent)
11919.0,99,3,597.71,2,2,2,Lost
11920.0,3,9,1285.53,4,4,3,Champions
11921.0,5,3,1207.52,4,2,3,Loyal
11922.0,82,15,22350.71,2,4,4,At Risk (was frequent)
11924.0,75,8,3528.55,2,4,4,At Risk (was frequent)
11925.0,26,5,1122.17,3,3,3,Champions
11926.0,281,1,31.82,1,1,1,Lost
11928.0,306,1,355.12,1,1,1,Lost
11929.0,282,4,218.69,1,3,1,At Risk (was frequent)
11930.0,70,5,730.37,2,3,2,At Risk (was frequent)
11931.0,226,9,3641.73,1,4,4,At Risk (was frequent)
11932.0,55,9,1120.9,3,4,3,Champions
11933.0,69,5,786.85,2,3,2,At Risk (was frequent)
11934.0,5,4,1356.53,4,3,3,Champions
11935.0,243,4,509.70000000000005,1,3,2,At Risk (was frequent)
11936.0,93,1,531.26,2,1,2,Lost
11937.0,12,4,1128.72,4,3,3,Champions
11938.0,108,10,1887.64,2,4,3,At Risk (was frequent)
11939.0,4,3,372.5,4,2,1,Loyal
11940.0,161,1,193.6,1,1,1,Lost
11941.0,10,4,1503.8000000000002,4,3,3,Champions
11942.0,11,13,7883.94,4,4,4,Champions
11944.0,38,4,669.37,3,3,2,Loyal
11945.0,4,7,3836.62,4,4,4,Champions
11946.0,42,9,4212.28,3,4,4,Champions
11947.0,67,4,1229.8100000000002,2,3,3,At Risk (was frequent)
11948.0,6,3,1019.0400000000001,4,2,3,Loyal
11949.0,13,2,235.93,4,2,1,Loyal
11950.0,54,3,1969.72,3,2,3,Loyal
11951.0,20,4,167.74,4,3,1,Loyal
11952.0,19,4,981.28,4,3,2,Loyal
11953.0,72,7,1091.44,2,4,3,At Risk (was frequent)
11954.0,15,4,997.82,4,3,3,Champions
11955.0,10,7,1580.33,4,4,3,Champions
11956.0,248,5,1303.0,1,3,3,At Risk (was frequent)
11957.0,127,5,1661.8,2,3,3,At Risk (was frequent)
11958.0,15,17,7113.38,4,4,4,Champions
11959.0,217,8,2180.35,1,4,3,At Risk (was frequent)
11960.0,73,3,978.1800000000001,2,2,2,Lost
11961.0,120,2,120.22,2,2,1,Lost
11962.0,260,9,1483.35,1,4,3,At Risk (was frequent)
11963.0,6,5,621.11,4,3,2,Loyal
11964.0,87,5,7492.82,2,3,4,At Risk (was frequent)
11965.0,103,6,514.15,2,3,2,At Risk (was frequent)
11966.0,147,2,180.18,1,2,1,Lost
11967.0,187,1,301.42,1,1,1,Lost
11968.0,15,11,5746.2,4,4,4,Champions
11970.0,17,8,3827.08,4,4,4,Champions
11971.0,226,8,4390.42,1,4,4,At Risk (was frequent)
11972.0,83,13,8013.49,2,4,4,At Risk (was frequent)
11973.0,49,19,13386.26,3,4,4,Champions
11974.0,313,8,2339.71,1,4,4,At Risk (was frequent)
11976.0,84,4,1379.67,2,3,3,At Risk (was frequent)
11977.0,34,4,1771.65,3,3,3,Champions
11978.0,246,5,1964.04,1,3,3,At Risk (was frequent)
11980.0,14,3,348.51,4,2,1,Loyal
11982.0,56,4,1439.98,3,3,3,Champions
11983.0,239,2,116.12,1,2,1,Lost
11984.0,158,3,224.64,1,2,1,Lost
11985.0,236,6,2235.4300000000003,1,3,4,At Risk (was frequent)
11986.0,86,2,225.4,2,2,1,Lost
11987.0,21,3,650.9399999999999,4,2,2,Loyal
11988.0,85,8,2351.16,2,4,4,At Risk (was frequent)
11989.0,41,3,1806.5600000000002,3,2,3,Loyal
11990.0,44,12,7032.64,3,4,4,Champions
11991.0,158,3,253.69000000000003,1,2,1,Lost
11992.0,103,5,4376.7300000000005,2,3,4,At Risk (was frequent)
11993.0,20,1,1990.65,4,1,3,Developing
11994.0,41,11,3958.87,3,4,4,Champions
11995.0,36,7,15028.380000000001,3,4,4,Champions
11996.0,120,1,161.5,2,1,1,Lost
11997.0,35,13,5727.49,3,4,4,Champions
11998.0,25,3,2022.83,3,2,3,Loyal
12000.0,183,1,581.88,1,1,2,Lost
